,EPI_ISL_17427629,EPI_ISL_17427630,EPI_ISL_17427623,EPI_ISL_17427622,EPI_ISL_17427613,EPI_ISL_17427635,EPI_ISL_17427627,EPI_ISL_18875619,EPI_ISL_18875617,EPI_ISL_18875618,EPI_ISL_18875620,EPI_ISL_16299755,EPI_ISL_17427615,EPI_ISL_14584144,EPI_ISL_14584133,EPI_ISL_14584110,EPI_ISL_14584112,EPI_ISL_14584082,EPI_ISL_14584073,EPI_ISL_15270521,EPI_ISL_15270508,EPI_ISL_17989125,EPI_ISL_14593745,EPI_ISL_14594253,EPI_ISL_14594254,EPI_ISL_14594263,EPI_ISL_14594264,EPI_ISL_14594265,EPI_ISL_14594266,EPI_ISL_14594267,EPI_ISL_14594269,EPI_ISL_14594272,EPI_ISL_14594273,EPI_ISL_14594274,EPI_ISL_14594275,EPI_ISL_14593730,EPI_ISL_14593733,EPI_ISL_14593735,EPI_ISL_14593736,EPI_ISL_14593741,EPI_ISL_14593744,EPI_ISL_14594235,EPI_ISL_14594242,EPI_ISL_14594243,EPI_ISL_14594244,EPI_ISL_14594245,EPI_ISL_14594247,EPI_ISL_14594249,EPI_ISL_14594251,EPI_ISL_14594252,EPI_ISL_17989126,EPI_ISL_9047399,EPI_ISL_9047397,EPI_ISL_9047365,EPI_ISL_8205821,EPI_ISL_8205828,EPI_ISL_8205820,EPI_ISL_8205826,EPI_ISL_8205814,EPI_ISL_6011751,EPI_ISL_6011750,EPI_ISL_6011749,EPI_ISL_6011748,EPI_ISL_6011746,EPI_ISL_6011744,EPI_ISL_6011743,EPI_ISL_6011741,EPI_ISL_6011745,EPI_ISL_6011752,EPI_ISL_6011762,EPI_ISL_6011759,EPI_ISL_6011758,EPI_ISL_6011757,EPI_ISL_6011756,EPI_ISL_6011742,EPI_ISL_6011753,EPI_ISL_6011761,EPI_ISL_6011760,EPI_ISL_6011754,EPI_ISL_6011766,EPI_ISL_6011769,EPI_ISL_6011774,EPI_ISL_6011773,EPI_ISL_6011772,EPI_ISL_6011768,EPI_ISL_6011767,EPI_ISL_6011763,EPI_ISL_6011764,EPI_ISL_6011771,EPI_ISL_6011765,EPI_ISL_6011755,EPI_ISL_6011775,EPI_ISL_6011770,EPI_ISL_6011784,EPI_ISL_6011792,EPI_ISL_6011790,EPI_ISL_6011789,EPI_ISL_6011787,EPI_ISL_6011785,EPI_ISL_6011783,EPI_ISL_6011782,EPI_ISL_6011781,EPI_ISL_6011780,EPI_ISL_6011779,EPI_ISL_6011778,EPI_ISL_6011786,EPI_ISL_6011777,EPI_ISL_6011776,EPI_ISL_6011791,EPI_ISL_6011793,EPI_ISL_6011805,EPI_ISL_6011810,EPI_ISL_6011809,EPI_ISL_6011808,EPI_ISL_6011807,EPI_ISL_6011806,EPI_ISL_6011803,EPI_ISL_8205813,EPI_ISL_6011788,EPI_ISL_6011801,EPI_ISL_6011802,EPI_ISL_6011799,EPI_ISL_6011795,EPI_ISL_6011814,EPI_ISL_6011812,EPI_ISL_6011811,EPI_ISL_6011800,EPI_ISL_6011797,EPI_ISL_6011798,EPI_ISL_6011794,EPI_ISL_6011813,EPI_ISL_8215713,EPI_ISL_8215712,EPI_ISL_8215711,EPI_ISL_8215710,EPI_ISL_8215708,EPI_ISL_8215706,EPI_ISL_8215705,EPI_ISL_8215691,EPI_ISL_8215703,EPI_ISL_8215700,EPI_ISL_8215701,EPI_ISL_8215699,EPI_ISL_8215697,EPI_ISL_8215696,EPI_ISL_8215695,EPI_ISL_8215694,EPI_ISL_4748283,EPI_ISL_8215692,EPI_ISL_8215721,EPI_ISL_2566506,EPI_ISL_2566474,EPI_ISL_2566473,EPI_ISL_8215720,EPI_ISL_2566521,EPI_ISL_2566482,EPI_ISL_2566480,EPI_ISL_2566511,EPI_ISL_2566514,EPI_ISL_2566485,EPI_ISL_2566510,EPI_ISL_2566481,EPI_ISL_2566490,EPI_ISL_2566486,EPI_ISL_2566487,EPI_ISL_8215718,EPI_ISL_2566509,EPI_ISL_2566508,EPI_ISL_2566530,EPI_ISL_2566512,EPI_ISL_8215719,EPI_ISL_2566529,EPI_ISL_2566513,EPI_ISL_2566483,EPI_ISL_2566479,EPI_ISL_2566523,EPI_ISL_2566478,EPI_ISL_2566488,EPI_ISL_2566476,EPI_ISL_2566515,EPI_ISL_2566475,EPI_ISL_2566489,EPI_ISL_2566477,EPI_ISL_2566507,EPI_ISL_1936144,EPI_ISL_1936116,EPI_ISL_1936130,EPI_ISL_1936134,EPI_ISL_1936145,EPI_ISL_1936141,EPI_ISL_1936135,EPI_ISL_1936111,EPI_ISL_1936104,EPI_ISL_1936103,EPI_ISL_1936102,EPI_ISL_1936127,EPI_ISL_1936132,EPI_ISL_1936107,EPI_ISL_2566470,EPI_ISL_2566469,EPI_ISL_2566468,EPI_ISL_2566467,EPI_ISL_2510688,EPI_ISL_1936244,EPI_ISL_1936251,EPI_ISL_1936255,EPI_ISL_1936259,EPI_ISL_1936252,EPI_ISL_1936257,EPI_ISL_2955336,EPI_ISL_1936274,EPI_ISL_1936275,EPI_ISL_1936273,EPI_ISL_1936276,EPI_ISL_3274165,EPI_ISL_2566500,EPI_ISL_2566493,EPI_ISL_2566503,EPI_ISL_2566496,EPI_ISL_2566525,EPI_ISL_2566517,EPI_ISL_2566527,EPI_ISL_2566502,EPI_ISL_2566505,EPI_ISL_2566495,EPI_ISL_2566491,EPI_ISL_2566492,EPI_ISL_2566494,EPI_ISL_2566472,EPI_ISL_2566524,EPI_ISL_2566501,EPI_ISL_2566526,EPI_ISL_2566497,EPI_ISL_3274161,EPI_ISL_2566504,EPI_ISL_2566498,EPI_ISL_2566471,EPI_ISL_2566499,EPI_ISL_2566516,EPI_ISL_1936358,EPI_ISL_1936344,EPI_ISL_3274158,EPI_ISL_8215716,EPI_ISL_890230,EPI_ISL_890224,EPI_ISL_890222,EPI_ISL_890220,EPI_ISL_890219,EPI_ISL_890216,EPI_ISL_890197,EPI_ISL_890196,EPI_ISL_890195,EPI_ISL_3274160,EPI_ISL_862788,EPI_ISL_862797,EPI_ISL_907114,EPI_ISL_862806,EPI_ISL_862799,EPI_ISL_862796,EPI_ISL_862787,EPI_ISL_857341,EPI_ISL_857330,EPI_ISL_17424328,EPI_ISL_17424307,EPI_ISL_17424313,EPI_ISL_17424316,EPI_ISL_17424317,EPI_ISL_17424319,EPI_ISL_17424320,EPI_ISL_17424322,EPI_ISL_17424324,EPI_ISL_17424325,EPI_ISL_17424327,EPI_ISL_17424331,EPI_ISL_17424332,EPI_ISL_17424333,EPI_ISL_17424334,EPI_ISL_17424335,EPI_ISL_17424336,EPI_ISL_17424338,EPI_ISL_17424339,EPI_ISL_17424341,EPI_ISL_17424342,EPI_ISL_17424344,EPI_ISL_17424358,EPI_ISL_17424359,EPI_ISL_17424360,EPI_ISL_8189344,EPI_ISL_3274163,EPI_ISL_794634,EPI_ISL_1165079,EPI_ISL_1109484,EPI_ISL_1165080,EPI_ISL_1109485,EPI_ISL_2232352,EPI_ISL_2232306,EPI_ISL_2232354,EPI_ISL_2232353,EPI_ISL_2232355,EPI_ISL_2232269,EPI_ISL_2232331,EPI_ISL_2232330,EPI_ISL_2232332,EPI_ISL_2232351,EPI_ISL_2232305,EPI_ISL_2232304,EPI_ISL_2232361,EPI_ISL_2232360,EPI_ISL_2232307,EPI_ISL_2232275,EPI_ISL_2232357,EPI_ISL_2232333,EPI_ISL_812857,EPI_ISL_528386,EPI_ISL_2232310,EPI_ISL_2232367,EPI_ISL_2232368,EPI_ISL_812812,EPI_ISL_812851,EPI_ISL_2232308,EPI_ISL_812852,EPI_ISL_812834,EPI_ISL_812819,EPI_ISL_812865,EPI_ISL_812844,EPI_ISL_812846,EPI_ISL_812830,EPI_ISL_812814,EPI_ISL_812810,EPI_ISL_812802,EPI_ISL_812807,EPI_ISL_812869,EPI_ISL_812867,EPI_ISL_812843,EPI_ISL_812821,EPI_ISL_812805,EPI_ISL_2232276,EPI_ISL_8189308,EPI_ISL_812835,EPI_ISL_812823,EPI_ISL_812841,EPI_ISL_812870,EPI_ISL_812831,EPI_ISL_8189307,EPI_ISL_812811,EPI_ISL_529142,EPI_ISL_529141,EPI_ISL_1109624,EPI_ISL_812845,EPI_ISL_812871,EPI_ISL_812849,EPI_ISL_812825,EPI_ISL_812809,EPI_ISL_812859,EPI_ISL_812864,EPI_ISL_812861,EPI_ISL_812816,EPI_ISL_812824,EPI_ISL_812808,EPI_ISL_1098839,EPI_ISL_812837,EPI_ISL_2232369,EPI_ISL_812855,EPI_ISL_812803,EPI_ISL_2232372,EPI_ISL_812866,EPI_ISL_812798,EPI_ISL_812797,EPI_ISL_2232335,EPI_ISL_812804,EPI_ISL_812796,EPI_ISL_812840,EPI_ISL_1165087,EPI_ISL_1109625,EPI_ISL_812822,EPI_ISL_812842,EPI_ISL_812860,EPI_ISL_2232381,EPI_ISL_812868,EPI_ISL_812863,EPI_ISL_812848,EPI_ISL_812820,EPI_ISL_812829,EPI_ISL_812813,EPI_ISL_812839,EPI_ISL_812838,EPI_ISL_1165078,EPI_ISL_1109626,EPI_ISL_2232383,EPI_ISL_2232297,EPI_ISL_812872,EPI_ISL_812856,EPI_ISL_812847,EPI_ISL_2232272,EPI_ISL_2232384,EPI_ISL_2232285,EPI_ISL_2232387,EPI_ISL_2232386,EPI_ISL_2232385,EPI_ISL_2232318,EPI_ISL_2232294,EPI_ISL_2232286,EPI_ISL_2232266,EPI_ISL_2232265,EPI_ISL_2232288,EPI_ISL_2232339,EPI_ISL_2232295,EPI_ISL_812854,EPI_ISL_812858,EPI_ISL_812818,EPI_ISL_2232389,EPI_ISL_529032,EPI_ISL_812826,EPI_ISL_812850,EPI_ISL_2232301,EPI_ISL_2232395,EPI_ISL_2232296,EPI_ISL_2232267,EPI_ISL_2232397,EPI_ISL_2232268,EPI_ISL_2232400,EPI_ISL_2232340,EPI_ISL_2232291,EPI_ISL_2232398,EPI_ISL_2232341,EPI_ISL_8189549,EPI_ISL_1109627,EPI_ISL_812833,EPI_ISL_812817,EPI_ISL_812853,EPI_ISL_812836,EPI_ISL_812795,EPI_ISL_1141525,EPI_ISL_1109628,EPI_ISL_812788,EPI_ISL_2232313,EPI_ISL_2232315,EPI_ISL_2232314,EPI_ISL_2232292,EPI_ISL_2232376,EPI_ISL_1109630,EPI_ISL_1109629,EPI_ISL_2232378,EPI_ISL_2232317,EPI_ISL_8189546,EPI_ISL_8189346,EPI_ISL_477161,EPI_ISL_479727,EPI_ISL_479694,EPI_ISL_479692,EPI_ISL_479698,EPI_ISL_479695,EPI_ISL_479714,EPI_ISL_479706,EPI_ISL_479704,EPI_ISL_479697,EPI_ISL_479696,EPI_ISL_479693,EPI_ISL_479690,EPI_ISL_479689,EPI_ISL_479688,EPI_ISL_479686,EPI_ISL_479703,EPI_ISL_478672,EPI_ISL_479721,EPI_ISL_8189544,EPI_ISL_2232406,EPI_ISL_2232325,EPI_ISL_2232302,EPI_ISL_812787,EPI_ISL_2232349,EPI_ISL_2232348,EPI_ISL_2232346,EPI_ISL_2232328,EPI_ISL_812801,EPI_ISL_8189550,EPI_ISL_812800,EPI_ISL_812786,EPI_ISL_812783,EPI_ISL_1109486,EPI_ISL_812799,EPI_ISL_812794,EPI_ISL_529031,EPI_ISL_812784,EPI_ISL_812791,EPI_ISL_812790,EPI_ISL_812785,EPI_ISL_482774,EPI_ISL_482773,EPI_ISL_812789,EPI_ISL_1165083,EPI_ISL_482764,EPI_ISL_469275,EPI_ISL_468060,EPI_ISL_1273103,EPI_ISL_1165082,EPI_ISL_482759,EPI_ISL_483035,EPI_ISL_812793,EPI_ISL_1315065,EPI_ISL_2232407,EPI_ISL_794604,EPI_ISL_605780
EPI_ISL_17427629,0,16,20,17,20,64,50,83,74,82,79,73,71,85,86,96,83,85,98,70,78,170,177,162,163,180,180,157,157,158,180,160,158,158,160,150,138,155,156,163,162,157,164,164,140,159,162,158,168,168,167,147,137,161,163,172,169,164,164,158,160,160,157,160,159,162,163,161,159,161,159,164,156,159,158,161,162,160,155,158,159,160,160,152,161,166,160,155,162,164,154,158,159,158,155,162,156,158,160,154,164,151,164,152,163,159,163,163,163,154,162,159,160,160,164,157,170,164,160,156,158,166,153,160,155,155,164,162,158,156,163,164,158,173,163,161,164,166,164,159,162,164,158,160,162,160,163,162,157,192,150,152,154,156,177,128,150,149,150,159,151,155,152,155,153,160,156,150,173,152,150,179,151,154,154,171,152,156,160,149,148,155,148,149,141,143,150,141,146,139,152,139,144,148,145,142,127,138,152,151,148,151,158,146,147,148,153,138,148,138,142,149,143,143,155,150,147,155,154,172,148,174,148,147,153,157,147,152,154,179,151,171,151,141,148,150,156,156,145,139,147,136,147,136,141,136,144,153,150,142,146,139,157,139,143,139,141,143,150,139,144,148,141,142,137,140,135,136,137,139,132,146,140,135,137,136,137,142,143,143,147,142,144,136,135,140,138,204,137,130,200,137,163,148,137,145,134,136,135,142,134,138,137,132,136,132,131,132,128,146,130,136,143,126,135,136,135,132,134,131,133,137,136,129,134,136,135,128,129,129,137,128,128,131,144,132,136,141,132,135,130,130,130,139,130,137,131,136,130,131,133,133,131,128,138,130,138,138,135,137,129,129,135,135,131,134,131,132,130,128,131,128,368,132,130,129,133,131,128,136,140,139,139,133,130,129,142,133,133,135,135,132,136,134,135,141,132,136,135,128,131,136,137,136,136,130,132,137,124,132,138,132,130,130,121,133,133,135,142,134,133,130,137,132,131,133,130,135,136,131,131,132,133,133,131,132,130,132,133,128,133,131,131,129,130,130,129,139,130,137,128,132,128,131,132,129,129,133,128,127,128,131,130,130,132,132,136,132,137,134,138,132,132,132,130,133,132,128,131,129,132,127,131,131,129,130,128,127,124,127,185,125,132,130,131,167,126,133,126,127,131,127,128
EPI_ISL_17427630,16,0,18,13,16,60,52,83,74,82,79,71,67,83,84,94,81,83,96,68,76,165,172,157,158,175,175,152,152,153,175,155,153,153,155,148,136,153,154,158,157,155,159,159,138,157,160,156,163,163,162,145,135,156,158,167,164,159,159,156,158,158,155,158,157,160,161,159,157,159,157,162,154,157,156,159,160,158,153,156,157,158,158,150,159,164,158,153,160,162,152,156,157,156,153,160,154,156,158,152,161,149,162,150,161,157,161,161,161,152,160,157,158,158,162,155,170,159,158,154,156,164,151,158,153,153,162,160,156,154,161,159,153,171,158,156,159,161,159,154,157,159,153,155,157,155,158,157,152,190,148,150,152,154,175,126,148,147,148,157,149,153,150,153,151,158,154,148,171,150,150,177,149,152,152,169,150,154,158,147,146,153,146,147,139,141,148,139,144,137,150,137,142,146,143,140,125,136,150,149,146,149,156,144,145,146,151,136,146,136,139,147,141,141,153,148,145,153,152,170,146,172,146,145,151,153,145,150,152,177,149,169,149,139,146,148,154,154,143,137,145,134,145,134,139,134,142,151,148,140,144,137,155,137,141,137,139,141,148,137,142,146,139,139,135,137,133,134,135,137,130,144,138,133,135,133,135,140,141,141,145,140,142,134,132,138,136,202,135,128,198,135,161,146,135,143,132,134,133,140,132,136,135,130,134,130,129,130,126,144,128,134,141,124,133,134,133,130,132,129,131,135,134,127,132,134,133,126,127,127,135,126,126,129,142,130,134,139,130,133,128,128,128,137,128,135,129,134,128,129,131,131,129,126,136,128,136,136,133,135,127,127,133,133,129,132,129,130,128,126,128,126,366,129,128,127,131,129,126,134,137,137,137,131,128,127,140,131,131,133,133,130,134,132,133,139,130,134,133,126,129,134,135,134,134,128,130,135,122,130,136,130,128,128,119,131,131,133,140,132,131,128,135,130,129,131,128,133,134,129,129,130,131,131,129,130,128,130,131,126,131,129,129,127,128,128,127,137,128,135,126,130,126,129,129,127,127,131,126,125,126,129,128,128,130,130,134,130,135,132,136,130,130,130,128,131,130,126,129,127,130,125,129,129,127,128,126,125,122,125,183,123,130,128,129,165,124,131,124,125,129,125,126
EPI_ISL_17427623,20,18,0,13,16,58,50,81,72,80,77,67,63,79,80,90,77,79,92,64,72,168,175,160,161,178,178,155,155,156,178,158,156,156,158,148,136,153,154,161,160,155,162,162,138,157,160,156,166,166,165,145,135,159,161,170,167,162,162,156,158,158,155,158,157,160,161,159,157,159,157,162,154,157,156,159,160,158,153,156,157,158,158,150,159,164,158,153,160,162,152,156,157,156,153,160,154,156,158,152,162,149,162,150,161,157,161,161,161,152,160,157,158,158,162,155,170,162,158,154,156,164,151,158,153,153,162,160,156,154,161,162,156,171,161,159,162,164,162,157,160,162,156,158,160,158,161,160,155,190,148,150,152,154,175,126,148,147,148,157,149,153,150,153,151,158,154,148,171,150,150,177,149,152,152,169,150,154,158,147,146,153,146,147,139,141,148,139,144,137,150,137,142,146,143,140,125,136,150,149,146,149,156,144,145,146,151,136,146,136,140,147,141,141,153,148,145,153,152,170,146,172,146,145,151,153,145,150,152,177,149,169,149,139,146,148,154,154,143,137,145,134,145,134,139,134,142,151,148,140,144,137,155,137,141,137,139,141,148,137,142,146,139,140,135,138,133,134,135,137,130,144,138,133,135,134,135,140,141,141,145,140,142,134,133,138,136,202,135,128,198,135,161,146,135,143,132,134,133,140,132,136,135,130,134,130,129,130,126,144,128,134,141,124,133,134,133,130,132,129,131,135,134,127,132,134,133,126,127,127,135,126,126,129,142,130,134,139,130,133,128,128,128,137,128,135,129,134,128,129,131,131,129,126,136,128,136,136,133,135,127,127,133,133,129,132,129,130,128,126,129,126,366,130,128,127,131,129,126,134,138,137,137,131,128,127,140,131,131,133,133,130,134,132,133,139,130,134,133,126,129,134,135,134,134,128,130,135,121,130,136,130,128,128,119,131,131,133,140,132,131,128,135,130,129,131,128,133,134,129,129,130,131,131,129,130,128,130,131,126,131,129,129,127,128,128,127,137,128,135,126,130,126,129,130,127,127,131,126,125,126,129,128,128,130,130,134,130,133,132,136,130,130,130,128,131,130,126,129,127,130,125,129,129,127,128,126,125,122,125,183,123,130,128,129,165,124,131,124,125,129,125,126
EPI_ISL_17427622,17,13,13,0,11,57,47,78,69,77,74,66,62,78,79,89,76,78,91,63,71,165,172,157,158,175,175,152,152,153,175,155,153,153,155,145,133,150,151,158,157,152,159,159,135,154,157,153,163,163,162,142,132,156,158,167,164,159,159,153,155,155,152,155,154,157,158,156,154,156,154,159,151,154,153,156,157,155,150,153,154,155,155,147,156,161,155,150,157,159,149,153,154,153,150,157,151,153,155,149,159,146,159,147,158,154,158,158,158,149,157,154,155,155,159,152,167,159,155,151,153,161,148,155,150,150,159,157,153,151,158,159,153,168,158,156,159,161,159,154,157,159,153,155,157,155,158,157,152,187,145,147,149,151,172,123,145,144,145,154,146,150,147,150,148,155,151,145,168,147,147,174,146,149,149,166,147,151,155,144,143,150,143,144,136,138,145,136,141,134,147,134,139,143,140,137,122,133,147,146,143,146,153,141,142,143,148,133,143,133,137,144,138,138,150,145,142,150,149,167,143,169,143,142,148,150,142,147,149,174,146,166,146,136,143,145,151,151,140,134,142,131,142,131,136,131,139,148,145,137,141,134,152,134,138,134,136,138,145,134,139,143,136,137,132,135,130,131,132,134,127,141,135,130,132,131,132,137,138,138,142,137,139,131,130,135,133,199,132,125,195,132,158,143,132,140,129,131,130,137,129,133,132,127,131,127,126,127,123,141,125,131,138,121,130,131,130,127,129,126,128,132,131,124,129,131,130,123,124,124,132,123,123,126,139,127,131,136,127,130,125,125,125,134,125,132,126,131,125,126,128,128,126,123,133,125,133,133,130,132,124,124,130,130,126,129,126,127,125,123,126,123,363,127,125,124,128,126,123,131,135,134,134,128,125,124,137,128,128,130,130,127,131,129,130,136,127,131,130,123,126,131,132,131,131,125,127,132,119,127,133,127,125,125,116,128,128,130,137,129,128,125,132,127,126,128,125,130,131,126,126,127,128,128,126,127,125,127,128,123,128,126,126,124,125,125,124,134,125,132,123,127,123,126,127,124,124,128,123,122,123,126,125,125,127,127,131,127,132,129,133,127,127,127,125,128,127,123,126,124,127,122,126,126,124,125,123,122,119,122,180,120,127,125,126,162,121,128,121,122,126,122,123
EPI_ISL_17427613,20,16,16,11,0,56,46,77,68,76,73,66,62,78,78,88,76,78,90,62,70,164,171,156,157,174,174,151,151,152,174,154,152,152,154,144,132,149,150,157,156,151,158,158,134,153,156,152,162,162,161,141,131,155,157,166,163,158,158,152,154,154,151,154,153,156,157,155,153,155,153,158,150,153,152,155,156,154,149,152,153,154,154,146,155,160,154,149,156,158,148,152,153,152,149,156,150,152,154,148,158,145,158,146,157,153,157,157,157,148,156,153,154,154,158,151,166,158,154,150,152,160,147,154,149,149,158,156,152,150,157,158,152,167,157,155,158,160,158,153,156,158,152,154,156,154,157,156,151,186,144,146,148,150,171,122,144,143,144,153,145,149,146,149,147,154,150,144,167,146,146,173,145,148,148,165,146,150,154,143,142,149,142,143,135,137,144,135,140,133,146,133,138,142,139,136,121,132,146,145,142,145,152,140,141,142,147,132,142,132,136,143,137,137,149,144,141,149,148,166,142,168,142,141,147,149,141,146,148,173,145,165,145,135,142,144,150,150,139,133,141,130,141,130,135,130,138,147,144,136,140,133,151,133,137,133,135,137,144,133,138,142,135,136,131,134,129,130,131,133,126,140,134,129,131,130,131,136,137,137,141,136,138,130,129,134,132,198,131,124,194,131,157,142,131,139,128,130,129,136,128,132,131,126,130,126,125,126,122,140,124,130,137,120,129,130,129,126,128,125,127,131,130,123,128,130,129,122,123,123,131,122,122,125,138,126,130,135,126,129,124,124,124,133,124,131,125,130,124,125,127,127,125,122,132,124,132,132,129,131,123,123,129,129,125,128,125,126,124,122,125,122,362,126,124,123,127,125,122,130,134,133,133,127,124,123,136,127,127,129,129,126,130,128,129,135,126,130,129,122,125,130,131,130,130,124,126,131,118,126,132,126,124,124,115,127,127,129,136,128,127,124,131,126,125,127,124,129,130,125,125,126,127,127,125,126,124,126,127,122,127,125,125,123,124,124,123,133,124,131,122,126,122,125,126,123,123,127,122,121,122,125,124,124,126,126,130,126,131,128,132,126,126,126,124,127,126,122,125,123,126,121,125,125,123,124,122,121,118,121,179,119,126,124,125,161,120,127,120,121,125,121,122
EPI_ISL_17427635,64,60,58,57,56,0,55,51,42,50,47,23,43,55,53,61,57,55,65,49,53,115,120,105,106,123,123,100,100,101,123,103,101,101,103,90,78,95,96,106,106,97,107,107,80,99,102,98,112,112,112,87,83,104,108,117,114,109,109,101,103,103,101,103,102,105,106,104,102,106,102,107,99,102,101,104,107,105,98,103,104,103,105,97,106,111,105,100,107,109,97,103,102,101,99,105,99,101,103,97,107,95,109,97,108,102,108,108,108,97,105,104,103,103,109,100,117,109,103,101,101,109,98,105,100,100,107,105,101,99,106,109,103,113,108,106,111,111,109,104,107,109,109,105,107,105,108,105,102,138,90,92,94,96,119,68,90,89,90,99,91,95,92,95,93,100,96,90,113,92,92,121,91,94,94,111,92,96,100,89,88,95,88,89,81,83,90,81,86,79,92,79,84,88,85,82,67,78,92,91,88,91,98,86,89,88,93,78,88,84,82,89,83,83,95,90,87,97,94,112,88,116,88,87,93,95,87,92,94,119,91,111,91,81,88,90,96,96,85,79,87,76,87,77,81,76,84,93,90,82,86,79,97,79,83,79,81,83,90,79,84,88,81,82,77,80,75,76,77,79,72,86,80,75,77,76,77,82,83,89,87,82,84,76,75,82,78,144,77,70,140,77,103,88,77,85,74,76,75,82,74,78,77,72,76,72,71,72,68,86,72,76,83,66,75,76,75,72,74,71,73,77,76,69,74,76,75,68,69,69,77,68,68,71,84,72,76,81,72,75,70,70,70,79,70,77,71,76,70,71,73,73,71,68,78,70,78,78,75,77,69,69,75,75,71,74,71,72,70,68,71,68,308,72,70,69,73,71,68,76,80,79,79,73,70,69,82,73,73,75,75,72,76,74,75,81,72,76,75,68,71,76,77,76,76,70,74,77,64,72,78,72,70,70,67,73,73,75,82,74,73,70,77,74,71,73,70,75,76,71,71,72,73,73,71,72,70,72,73,68,73,71,71,69,70,70,69,79,70,77,68,72,68,71,72,69,69,73,68,67,68,71,70,70,72,72,76,72,77,74,78,72,72,72,70,73,72,68,71,69,72,67,71,71,69,70,68,67,64,67,125,65,72,70,71,107,66,73,66,67,71,67,68
EPI_ISL_17427627,50,52,50,47,46,55,0,74,65,73,70,64,62,76,76,84,80,76,86,60,68,160,167,152,153,170,170,147,147,148,170,150,148,148,150,140,129,145,146,153,152,147,154,154,131,149,152,148,158,158,157,138,134,149,153,162,159,154,154,149,151,151,148,151,150,153,154,152,150,152,150,155,147,150,149,152,153,151,146,149,150,151,151,143,152,157,151,146,153,155,145,149,150,149,146,151,147,149,151,145,155,142,155,143,154,150,154,154,154,145,153,150,151,151,155,148,163,154,151,147,149,157,144,151,146,146,155,153,149,147,154,154,148,163,153,151,154,156,154,149,152,154,154,150,152,150,153,152,147,189,140,143,144,146,165,119,140,140,140,149,141,145,142,145,143,150,146,140,163,143,143,169,141,145,145,161,142,146,148,140,138,145,139,140,132,134,141,132,137,130,142,130,135,139,136,132,118,129,142,141,138,141,149,136,138,139,144,129,139,135,133,139,134,134,146,140,138,146,144,162,138,164,139,138,143,145,137,142,145,169,142,162,141,132,139,140,146,146,136,130,138,127,138,127,132,127,135,144,141,133,137,130,147,130,134,130,132,134,141,130,135,139,132,133,128,131,126,127,128,130,123,137,131,126,128,127,128,133,134,140,138,133,135,127,126,133,129,195,128,121,191,128,154,139,128,136,125,127,126,133,125,129,128,123,127,123,122,123,119,137,121,127,134,117,126,127,126,123,125,122,124,128,127,120,125,127,126,119,120,120,128,119,119,122,135,123,127,132,123,126,121,121,121,130,121,128,122,127,121,122,124,124,122,119,129,121,129,129,126,128,120,120,126,126,122,125,122,123,121,119,122,119,358,123,121,120,124,122,119,127,131,130,130,124,121,120,133,124,124,126,126,123,127,125,126,132,123,127,126,119,122,127,128,127,127,121,123,128,115,123,129,123,121,121,118,124,124,126,133,125,124,121,128,123,122,124,121,126,127,122,122,123,124,124,122,123,121,123,124,119,124,122,122,120,121,121,120,130,121,128,119,123,119,122,123,120,120,124,119,118,119,122,121,121,123,123,127,123,128,125,129,123,123,123,121,124,123,119,122,120,123,118,122,122,120,121,119,118,115,118,176,116,123,121,122,158,117,124,117,118,122,118,119
EPI_ISL_18875619,83,83,81,78,77,51,74,0,11,1,4,62,64,66,68,66,70,66,64,72,76,123,130,115,116,133,133,110,110,111,133,113,111,111,113,99,87,104,105,116,115,106,117,117,89,108,111,107,121,121,120,96,94,114,114,125,122,117,117,111,111,113,110,113,112,115,116,114,112,114,112,115,109,112,111,112,117,113,108,113,114,113,115,107,116,121,115,110,115,119,107,111,112,111,108,115,109,111,113,107,117,102,119,107,116,108,116,116,118,107,115,114,113,113,119,110,127,117,113,111,111,119,108,115,110,110,117,115,111,109,116,117,111,122,116,114,119,119,117,110,115,117,115,113,115,113,116,115,110,149,99,101,103,105,126,75,99,98,99,108,100,104,101,104,102,109,105,99,122,103,101,130,100,105,105,120,99,105,107,98,97,104,99,98,90,92,95,90,95,88,101,90,93,97,94,91,74,87,101,100,97,100,109,95,96,97,102,87,93,95,89,98,92,94,102,99,96,108,101,121,97,125,97,98,102,104,96,101,101,126,100,122,100,90,97,99,105,105,96,88,96,85,96,85,90,85,93,102,99,91,95,88,106,88,92,88,90,92,99,88,93,97,90,91,86,89,84,85,88,88,83,95,89,84,86,85,86,91,92,98,96,93,93,85,84,91,87,153,86,79,149,86,112,97,86,94,83,85,84,91,83,87,86,81,85,81,80,81,77,95,81,85,92,75,84,85,84,79,83,80,82,86,85,78,83,85,84,77,78,76,86,77,75,78,91,79,85,89,81,84,77,77,77,87,77,84,80,85,77,78,82,82,80,75,87,77,87,87,84,86,76,78,84,84,80,81,80,81,79,75,80,75,317,81,79,78,80,80,77,85,89,86,86,80,77,76,91,82,82,84,82,81,85,83,84,90,81,85,84,77,80,85,86,85,85,79,83,86,73,81,87,81,79,79,76,82,82,84,91,83,82,79,86,83,80,82,79,82,85,80,78,81,82,82,80,81,79,81,82,77,82,80,80,78,79,79,78,86,79,86,77,81,77,80,81,78,78,82,77,76,77,80,79,79,81,81,85,81,86,83,87,81,81,81,79,82,81,77,80,78,81,76,80,80,78,79,77,76,73,76,134,74,81,79,80,116,75,80,73,76,80,76,77
EPI_ISL_18875617,74,74,72,69,68,42,65,11,0,10,7,57,55,59,61,59,63,59,57,63,67,115,122,107,108,125,125,102,102,103,125,105,103,103,105,91,79,95,97,108,107,97,109,109,81,100,103,98,113,113,112,88,86,106,106,117,114,109,109,102,102,104,101,104,103,106,107,105,103,105,103,106,100,105,102,103,108,104,99,104,105,104,106,98,107,112,106,103,106,110,98,102,103,102,99,106,100,102,104,98,108,93,110,100,107,99,109,109,109,98,106,105,104,104,110,101,118,109,104,102,102,110,99,106,101,101,108,106,102,100,107,109,103,114,108,106,111,111,109,102,107,109,107,105,107,105,108,107,102,141,90,92,94,97,117,66,90,89,90,99,91,95,92,95,93,101,96,90,113,96,93,121,91,96,96,111,90,96,98,89,88,95,90,89,81,83,88,81,86,79,92,81,84,88,85,82,65,78,92,91,88,91,100,86,87,88,93,78,86,87,80,89,83,85,93,90,87,99,92,112,88,116,88,89,93,95,89,92,92,117,91,113,91,81,88,92,96,96,87,79,87,76,87,76,81,76,84,93,90,82,86,79,98,79,83,79,81,83,90,79,84,88,81,82,77,80,75,76,79,79,74,87,80,75,77,76,77,82,83,89,88,84,84,76,75,82,78,144,77,70,140,77,103,88,77,85,74,76,75,82,74,78,77,72,76,72,71,72,68,86,72,76,83,66,75,76,75,70,74,71,73,77,76,69,74,76,75,68,69,67,77,68,66,69,82,70,76,80,72,75,68,68,68,78,68,75,71,76,68,69,73,73,71,66,78,68,78,78,75,77,67,69,75,75,71,72,71,72,70,66,71,66,308,72,70,69,71,71,68,76,80,77,77,71,68,67,82,73,73,75,73,72,76,74,75,81,72,76,75,68,71,76,77,76,76,70,74,77,64,72,78,72,70,70,67,73,73,75,82,74,73,70,77,74,71,73,70,73,76,71,69,72,73,73,71,72,70,72,73,68,73,71,71,69,70,70,69,77,70,77,68,72,68,71,72,69,69,73,68,67,68,71,70,70,72,72,76,72,77,74,78,72,72,72,70,73,72,68,71,69,72,67,71,71,69,70,68,67,64,67,125,65,72,70,71,107,66,71,64,67,71,67,68
EPI_ISL_18875618,82,82,80,77,76,50,73,1,10,0,3,61,63,65,67,65,69,65,63,71,75,122,129,114,115,132,132,109,109,110,132,112,110,110,112,98,86,103,104,115,114,105,116,116,88,107,110,106,120,120,119,95,93,113,113,124,121,116,116,110,110,112,109,112,111,114,115,113,111,113,111,114,108,111,110,111,116,112,107,112,113,112,114,106,115,120,114,109,114,118,106,110,111,110,107,114,108,110,112,106,116,101,118,106,115,107,115,115,117,106,114,113,112,112,118,109,126,116,112,110,110,118,107,114,109,109,116,114,110,108,115,116,110,121,115,113,118,118,116,109,114,116,114,112,114,112,115,114,109,148,98,100,102,104,125,74,98,97,98,107,99,103,100,103,101,108,104,98,121,102,100,129,99,104,104,119,98,104,106,97,96,103,98,97,89,91,94,89,94,87,100,89,92,96,93,90,73,86,100,99,96,99,108,94,95,96,101,86,92,94,88,97,91,93,101,98,95,107,100,120,96,124,96,97,101,103,95,100,100,125,99,121,99,89,96,98,104,104,95,87,95,84,95,84,89,84,92,101,98,90,94,87,105,87,91,87,89,91,98,87,92,96,89,90,85,88,83,84,87,87,82,94,88,83,85,84,85,90,91,97,95,92,92,84,83,90,86,152,85,78,148,85,111,96,85,93,82,84,83,90,82,86,85,80,84,80,79,80,76,94,80,84,91,74,83,84,83,78,82,79,81,85,84,77,82,84,83,76,77,75,85,76,74,77,90,78,84,88,80,83,76,76,76,86,76,83,79,84,76,77,81,81,79,74,86,76,86,86,83,85,75,77,83,83,79,80,79,80,78,74,79,74,316,80,78,77,79,79,76,84,88,85,85,79,76,75,90,81,81,83,81,80,84,82,83,89,80,84,83,76,79,84,85,84,84,78,82,85,72,80,86,80,78,78,75,81,81,83,90,82,81,78,85,82,79,81,78,81,84,79,77,80,81,81,79,80,78,80,81,76,81,79,79,77,78,78,77,85,78,85,76,80,76,79,80,77,77,81,76,75,76,79,78,78,80,80,84,80,85,82,86,80,80,80,78,81,80,76,79,77,80,75,79,79,77,78,76,75,72,75,133,73,80,78,79,115,74,79,72,75,79,75,76
EPI_ISL_18875620,79,79,77,74,73,47,70,4,7,3,0,58,60,62,64,62,66,62,60,68,72,119,126,111,112,129,129,106,106,107,129,109,107,107,109,95,83,100,101,112,111,102,113,113,85,104,107,103,117,117,116,92,90,110,110,121,118,113,113,107,107,109,106,109,108,111,112,110,108,110,108,111,105,108,107,108,113,109,104,109,110,109,111,103,112,117,111,106,111,115,103,107,108,107,104,111,105,107,109,103,113,98,115,103,112,104,112,112,114,103,111,110,109,109,115,106,123,113,109,107,107,115,104,111,106,106,113,111,107,105,112,113,107,118,112,110,115,115,113,106,111,113,111,109,111,109,112,111,106,145,95,97,99,101,122,71,95,94,95,104,96,100,97,100,98,105,101,95,118,99,97,126,96,101,101,116,95,101,103,94,93,100,95,94,86,88,91,86,91,84,97,86,89,93,90,87,70,83,97,96,93,96,105,91,92,93,98,83,89,91,85,94,88,90,98,95,92,104,97,117,93,121,93,94,98,100,92,97,97,122,96,118,96,86,93,95,101,101,92,84,92,81,92,81,86,81,89,98,95,87,91,84,102,84,88,84,86,88,95,84,89,93,86,87,82,85,80,81,84,84,79,91,85,80,82,81,82,87,88,94,92,89,89,81,80,87,83,149,82,75,145,82,108,93,82,90,79,81,80,87,79,83,82,77,81,77,76,77,73,91,77,81,88,71,80,81,80,75,79,76,78,82,81,74,79,81,80,73,74,72,82,73,71,74,87,75,81,85,77,80,73,73,73,83,73,80,76,81,73,74,78,78,76,71,83,73,83,83,80,82,72,74,80,80,76,77,76,77,75,71,76,71,313,77,75,74,76,76,73,81,85,82,82,76,73,72,87,78,78,80,78,77,81,79,80,86,77,81,80,73,76,81,82,81,81,75,79,82,69,77,83,77,75,75,72,78,78,80,87,79,78,75,82,79,76,78,75,78,81,76,74,77,78,78,76,77,75,77,78,73,78,76,76,74,75,75,74,82,75,82,73,77,73,76,77,74,74,78,73,72,73,76,75,75,77,77,81,77,82,79,83,77,77,77,75,78,77,73,76,74,77,72,76,76,74,75,73,72,69,72,130,70,77,75,76,112,71,76,69,72,76,72,73
EPI_ISL_16299755,73,71,67,66,66,23,64,62,57,61,58,0,36,44,50,54,48,46,58,58,62,126,133,118,119,136,136,113,113,114,136,116,114,114,116,91,91,96,97,119,119,98,120,120,93,100,103,99,125,125,123,100,86,117,119,128,125,120,120,114,116,116,114,116,115,118,119,117,115,119,115,120,112,115,114,117,120,118,111,116,117,116,118,110,119,124,118,113,120,122,110,116,115,114,112,118,112,114,116,110,120,110,122,110,121,113,121,121,121,110,118,117,116,116,120,113,130,120,114,114,114,122,111,118,113,113,120,118,114,112,119,120,114,114,119,117,122,122,120,115,118,120,120,116,118,116,119,118,113,141,105,107,109,97,132,83,103,102,103,112,104,108,105,110,106,101,109,105,126,107,105,136,106,109,109,124,107,109,113,104,103,108,103,104,94,96,105,94,99,94,105,94,99,101,98,95,82,93,107,106,103,106,113,99,104,101,106,93,103,87,97,102,96,98,98,103,102,112,107,125,103,129,103,102,106,108,100,105,109,132,106,126,106,96,103,105,109,111,100,94,102,91,102,92,96,91,99,108,105,97,101,94,98,94,98,94,96,98,105,94,99,103,98,97,94,95,92,93,92,94,89,99,95,90,92,91,92,97,98,104,100,97,99,91,90,97,93,159,92,85,155,92,118,103,92,100,89,91,90,97,89,93,92,87,89,87,86,87,83,99,87,91,98,81,88,91,90,87,89,86,88,92,91,84,89,91,90,83,84,84,92,83,83,86,99,87,91,96,87,90,85,85,85,94,85,91,86,91,85,86,88,88,86,83,93,85,93,93,90,92,84,84,90,90,86,89,86,87,85,83,86,83,323,87,85,84,88,86,83,91,95,94,94,88,85,84,97,88,88,90,90,87,91,89,90,96,87,91,90,83,86,91,92,91,91,85,89,92,79,87,93,87,85,85,82,88,88,90,97,89,88,85,92,89,86,88,85,90,91,86,86,87,88,88,86,87,85,87,88,83,88,86,86,84,85,85,84,94,85,92,83,87,83,86,87,84,84,88,83,82,83,86,85,85,87,87,91,87,92,89,93,87,87,87,85,88,87,83,86,84,87,82,86,86,84,85,83,82,79,82,140,80,87,85,84,122,81,88,81,80,86,82,83
EPI_ISL_17427615,71,67,63,62,62,43,62,64,55,63,60,36,0,42,50,54,46,42,56,60,66,153,160,145,146,163,163,140,140,141,163,143,141,141,143,119,119,124,125,146,145,126,147,147,121,128,131,127,151,151,150,128,114,144,146,155,152,147,147,141,143,143,140,143,142,145,146,144,142,146,142,147,139,142,141,144,147,145,138,143,144,143,145,137,146,151,145,140,147,149,137,143,142,141,138,145,139,141,143,137,147,138,149,137,148,140,148,148,148,137,145,144,143,143,149,140,157,147,143,141,141,149,138,145,140,140,147,145,141,139,146,147,141,142,146,144,147,149,147,142,145,147,147,143,145,143,146,145,140,168,133,135,137,125,160,111,131,130,131,140,132,136,133,138,134,129,137,133,154,135,133,162,134,137,137,152,135,137,141,132,131,136,131,132,122,124,133,122,127,122,133,122,127,129,126,123,110,121,135,134,131,134,141,127,132,129,134,121,131,115,125,130,124,126,126,131,130,140,135,153,131,157,131,130,134,136,128,133,137,160,134,154,134,124,131,133,137,139,128,121,130,119,128,119,124,119,127,136,133,125,129,122,126,122,126,122,124,126,133,122,127,131,124,125,120,123,118,119,120,122,115,127,123,118,120,119,120,125,126,132,128,125,127,119,118,125,121,186,120,113,183,120,146,131,120,128,117,119,118,125,117,121,120,115,119,115,114,115,111,129,115,119,126,109,118,119,118,115,117,114,116,120,119,112,117,119,118,111,112,112,120,111,111,114,127,115,119,123,115,118,113,113,113,121,113,119,114,119,113,114,116,116,114,111,121,113,121,121,118,120,112,112,118,118,114,117,114,115,113,111,114,111,351,115,113,112,116,114,111,119,123,122,122,116,113,112,125,116,116,118,118,115,119,117,118,124,115,119,118,111,114,119,120,119,119,113,117,120,106,115,121,115,113,113,110,116,116,118,125,117,116,113,120,117,114,116,113,118,119,114,114,115,116,116,114,115,113,115,116,111,116,114,114,112,113,113,112,122,113,120,111,115,111,114,115,112,112,116,111,110,111,114,113,113,115,115,119,115,102,117,121,115,115,115,113,116,115,111,114,112,115,110,114,114,112,113,111,110,107,110,168,108,115,113,114,150,109,116,109,110,114,110,111
EPI_ISL_14584144,85,83,79,78,78,55,76,66,59,65,62,44,42,0,14,22,6,10,18,32,38,137,144,129,130,147,147,126,126,127,147,127,125,125,127,95,99,100,99,130,129,102,131,131,101,102,105,103,135,135,134,106,116,128,130,139,136,131,131,125,127,127,124,127,126,129,130,128,126,130,126,131,123,126,125,128,131,129,122,127,128,127,129,121,130,135,129,124,131,133,121,127,126,125,122,129,123,125,127,121,131,122,133,121,132,124,132,132,132,121,129,128,127,127,133,124,141,131,127,125,125,133,122,129,124,124,131,129,125,123,130,131,125,116,130,128,131,133,131,126,129,131,131,127,129,127,130,129,124,171,109,120,111,101,136,95,105,108,105,112,108,112,107,112,110,105,111,109,128,119,111,138,110,117,121,128,111,111,117,116,105,110,115,110,100,102,117,100,105,106,109,106,111,111,104,99,94,105,111,108,107,108,139,103,116,107,112,103,115,117,105,104,102,110,110,107,108,122,111,129,107,131,109,115,110,112,102,109,115,136,112,138,108,106,109,109,111,111,108,104,114,101,112,103,108,103,111,120,117,109,113,106,102,106,110,106,108,110,116,106,111,115,108,107,102,105,100,101,102,104,99,105,105,100,104,101,102,109,110,116,106,107,109,101,101,107,105,171,102,97,165,102,128,115,104,110,101,103,102,109,99,103,102,99,101,99,98,99,95,111,99,101,110,93,100,101,100,99,101,96,100,102,103,96,99,103,100,95,96,96,102,93,95,98,111,99,101,107,97,100,97,97,97,105,97,103,98,101,97,98,100,98,98,95,103,97,103,105,100,102,96,94,102,102,96,99,98,97,95,95,96,95,335,97,95,94,100,96,95,103,107,106,106,100,95,96,107,98,98,102,102,99,101,101,102,108,99,103,102,95,96,103,102,101,103,97,101,104,91,99,105,97,97,97,94,100,100,100,107,101,100,97,104,101,98,100,97,102,101,98,98,97,98,100,98,97,97,97,98,95,98,98,98,96,97,95,96,106,97,104,95,99,95,98,99,96,96,100,95,94,95,98,97,97,99,99,103,97,104,97,103,97,97,97,97,98,99,95,96,94,97,94,98,98,96,97,95,94,91,94,153,92,99,97,98,134,93,100,93,94,96,94,95
EPI_ISL_14584133,86,84,80,79,78,53,76,68,61,67,64,50,50,14,0,26,16,16,20,28,34,137,144,129,130,147,147,126,126,127,147,127,125,125,127,95,99,100,99,130,129,102,131,131,101,102,105,103,135,135,134,106,116,130,130,139,136,131,129,125,127,127,124,127,126,129,130,128,126,130,126,131,123,126,125,128,131,129,122,127,128,127,129,121,130,137,129,124,131,133,121,127,126,125,122,129,123,125,127,121,131,122,133,121,132,126,132,132,134,121,129,128,127,127,133,124,141,131,127,125,125,133,122,129,124,124,131,129,125,123,130,131,125,116,130,128,131,133,131,126,129,131,131,127,129,127,130,129,126,171,109,120,109,101,136,95,107,110,107,112,110,114,107,110,110,105,111,109,128,119,111,136,110,117,121,128,109,113,119,114,105,110,113,108,100,102,117,100,105,106,109,106,109,111,104,99,94,105,109,106,105,106,139,103,116,107,114,103,115,117,105,104,102,110,110,107,106,122,113,129,107,131,109,115,110,114,104,111,115,136,112,138,108,106,109,107,113,111,108,104,114,101,112,103,108,103,111,120,117,109,113,106,102,106,110,106,108,110,116,106,111,115,108,107,102,105,100,101,102,104,99,105,105,100,104,101,102,109,110,116,106,107,109,101,101,107,105,171,102,97,165,102,128,115,104,110,101,103,102,109,99,103,102,99,101,99,98,99,95,111,99,101,110,93,100,101,100,99,101,96,100,102,103,96,101,103,100,95,96,96,102,93,95,98,111,99,101,108,97,100,97,97,97,106,97,103,98,101,97,98,100,98,98,95,103,97,103,105,100,102,96,94,102,102,96,99,98,97,95,95,96,95,335,97,95,94,100,96,95,103,107,106,106,100,95,96,107,98,98,102,102,99,101,101,102,108,99,103,102,95,96,103,102,101,103,97,101,104,91,99,105,97,97,97,94,100,100,100,107,101,100,97,104,101,98,100,97,102,101,98,98,97,98,100,98,97,97,97,98,95,98,98,98,96,97,95,96,106,97,104,95,99,95,98,99,96,96,100,95,94,95,98,97,97,99,99,103,97,104,99,103,97,97,97,97,98,99,95,96,94,97,94,98,98,96,97,95,94,91,94,153,92,99,97,98,134,93,100,93,94,96,94,95
EPI_ISL_14584110,96,94,90,89,88,61,84,66,59,65,62,54,54,22,26,0,24,28,10,34,34,127,134,119,120,137,137,116,116,117,137,117,115,115,117,79,83,84,83,120,119,86,121,121,85,86,89,87,125,125,124,88,108,120,120,129,126,121,121,115,117,117,114,117,116,119,120,118,116,120,116,121,113,116,115,118,121,119,112,117,118,117,119,111,120,127,119,114,121,123,111,117,116,115,112,119,113,115,117,111,121,112,123,111,122,114,122,122,124,111,119,118,117,117,123,114,131,121,117,115,115,123,112,119,114,114,121,119,115,113,120,121,115,98,120,118,123,123,121,116,119,121,121,117,119,117,120,119,116,163,93,110,93,83,118,85,89,92,89,94,92,96,89,94,92,87,93,93,110,111,93,120,94,109,113,110,93,95,101,104,89,92,103,92,82,84,107,82,87,96,91,98,99,95,88,81,84,95,93,90,89,90,131,87,106,91,98,93,105,109,95,86,86,102,100,89,90,114,95,111,91,113,93,107,92,96,86,93,99,118,96,130,92,94,93,91,95,95,100,92,104,89,102,93,98,93,101,109,106,99,103,96,84,96,100,96,98,100,106,96,101,105,98,95,90,93,88,89,90,92,89,87,91,88,94,89,90,99,100,106,88,95,97,89,89,93,95,161,88,87,153,90,116,105,94,98,91,93,92,99,87,91,90,89,89,89,88,89,85,99,89,87,100,83,88,89,88,89,91,84,90,88,93,86,91,93,86,85,86,86,88,83,85,88,101,89,89,97,83,88,87,87,87,95,87,93,88,89,87,88,90,86,86,85,89,87,91,93,88,88,84,82,92,90,84,89,88,83,83,85,84,85,325,85,83,84,90,84,85,91,95,96,96,90,85,86,95,84,86,92,92,89,89,91,92,98,89,93,92,85,84,93,90,89,93,87,91,94,81,89,95,83,87,87,84,90,90,88,95,91,90,87,94,91,88,90,87,92,89,88,88,87,84,90,88,85,87,85,86,85,86,88,88,86,87,83,86,96,87,94,85,89,85,88,89,86,86,90,85,84,85,88,87,87,89,89,93,83,94,87,91,85,85,85,87,86,89,83,82,82,83,84,88,88,86,87,85,84,81,84,143,82,89,87,88,124,83,90,83,84,84,84,85
EPI_ISL_14584112,83,81,77,76,76,57,80,70,63,69,66,48,46,6,16,24,0,14,20,34,40,139,146,131,132,149,149,128,128,129,149,129,127,127,129,97,101,102,101,132,131,104,133,133,103,104,107,105,137,137,136,108,112,130,132,141,138,133,133,127,129,129,126,129,128,131,132,130,128,132,128,133,125,128,127,130,133,131,124,129,130,129,131,123,132,137,131,126,133,135,123,129,128,127,124,131,125,127,129,123,133,122,135,123,134,124,134,134,134,123,131,130,129,129,135,126,143,133,129,127,127,135,124,131,126,126,133,131,127,125,132,133,127,118,132,130,133,135,133,128,131,133,127,129,131,129,132,131,126,167,111,122,113,103,138,95,107,110,107,114,110,114,109,114,112,107,113,111,130,121,113,140,112,119,123,130,113,113,119,118,107,112,117,112,102,104,117,102,107,108,111,108,113,113,106,101,94,107,113,110,109,110,141,105,116,109,112,105,115,113,107,106,104,112,110,109,110,124,113,131,109,133,111,117,112,114,104,111,117,138,114,140,110,108,111,111,113,113,110,106,116,103,114,105,110,105,113,122,119,111,115,108,104,108,112,108,110,112,118,108,113,117,110,109,104,107,102,103,104,106,101,107,107,102,106,103,104,111,112,110,108,109,111,103,103,109,107,173,104,99,167,104,130,117,106,112,103,105,104,111,101,105,104,101,103,101,100,101,97,113,101,103,112,95,102,103,102,101,103,98,102,104,105,96,99,105,100,97,96,96,104,95,95,98,111,99,103,109,99,102,97,97,97,107,97,103,100,103,97,98,102,98,100,95,105,97,105,105,102,104,98,96,102,102,98,99,100,99,97,95,98,95,337,99,97,94,100,98,97,105,109,106,106,100,95,96,109,100,100,104,104,101,103,103,104,110,101,105,104,97,98,105,104,103,105,99,103,106,93,101,107,99,99,97,90,102,102,102,109,103,102,99,106,103,100,102,99,102,103,98,98,99,100,102,98,99,99,99,100,97,100,100,100,98,99,97,98,106,99,106,97,101,97,100,101,98,98,102,97,96,97,100,99,99,101,101,105,99,106,99,105,99,99,99,99,100,99,97,98,96,99,96,100,100,98,97,95,96,93,96,155,94,101,99,100,136,95,100,93,96,98,96,97
EPI_ISL_14584082,85,83,79,78,78,55,76,66,59,65,62,46,42,10,16,28,14,0,22,38,44,141,148,133,134,151,151,130,130,131,151,131,129,129,131,101,105,106,105,134,133,108,135,135,107,108,111,109,139,139,138,112,120,132,134,143,140,135,135,129,131,131,128,131,130,133,134,132,130,134,130,135,127,130,129,132,135,133,126,131,132,131,133,125,134,139,133,128,135,137,125,131,130,129,126,133,127,129,131,125,135,126,137,125,136,128,136,136,136,125,133,132,131,131,137,128,145,135,131,129,129,137,126,133,128,128,135,133,129,127,134,135,129,122,134,132,135,137,135,130,133,135,135,131,133,131,134,133,128,174,115,124,117,107,142,99,111,114,111,118,114,118,113,118,116,109,117,115,134,123,117,142,116,121,125,134,117,117,123,120,111,116,119,116,106,108,121,106,111,110,115,110,115,115,110,105,98,109,117,114,113,114,143,109,120,113,118,107,119,121,109,110,108,114,114,113,114,126,117,135,113,137,115,119,116,118,108,115,121,142,118,142,114,110,115,115,117,117,112,108,118,105,114,107,112,107,115,124,121,113,117,110,108,110,114,110,112,114,120,110,115,119,112,111,106,109,104,105,106,108,103,111,109,104,108,105,106,113,114,120,112,111,113,105,105,111,109,174,106,101,169,106,132,119,108,114,105,107,106,113,103,107,106,103,105,103,102,103,99,115,103,105,114,97,104,105,104,103,105,100,104,106,107,100,105,107,104,99,100,100,106,97,99,102,115,103,105,111,101,104,101,101,101,109,101,107,102,105,101,102,104,102,102,99,107,101,107,109,104,106,100,98,106,106,100,103,102,101,99,99,100,99,339,101,99,98,104,100,99,107,111,110,110,104,99,100,111,102,102,106,106,103,105,105,106,112,103,107,106,99,100,107,106,105,107,101,105,108,95,103,109,101,101,101,98,104,104,104,111,105,104,101,108,105,102,104,101,106,105,102,102,101,102,104,102,101,101,101,102,99,102,102,102,100,101,99,100,110,101,108,99,103,99,102,103,100,100,104,99,98,99,102,101,101,103,103,107,101,108,103,107,101,101,101,101,102,103,99,100,98,101,98,102,102,100,101,99,98,95,98,157,96,103,101,102,138,97,104,97,98,100,98,99
EPI_ISL_14584073,98,96,92,91,90,65,86,64,57,63,60,58,56,18,20,10,20,22,0,36,38,131,138,123,124,141,141,120,120,121,141,121,119,119,121,83,87,88,87,124,123,90,125,125,89,90,93,91,129,129,128,92,112,124,124,133,130,125,125,119,121,121,118,121,120,123,124,122,120,124,120,125,117,120,119,122,125,123,116,121,122,121,123,115,124,131,123,118,125,127,115,121,120,119,116,123,117,119,121,115,125,116,127,115,126,118,126,126,128,115,123,122,121,121,127,118,135,125,121,119,119,127,116,123,118,118,125,123,119,117,124,125,119,102,124,122,125,127,125,120,123,125,125,121,123,121,124,123,120,167,97,114,97,87,122,89,93,96,93,98,96,100,93,98,96,91,97,97,114,115,97,124,98,113,117,114,97,99,105,108,93,96,107,96,86,88,111,86,91,100,95,102,103,99,92,85,88,99,97,94,93,94,135,91,110,95,102,97,109,113,97,90,90,106,104,93,94,118,99,115,95,117,97,111,96,100,90,97,103,122,100,134,96,98,97,95,99,99,104,96,108,93,104,97,102,97,105,113,110,103,107,100,88,100,104,100,102,104,110,100,105,109,102,99,94,97,92,93,94,96,93,91,95,92,98,93,94,103,104,110,92,99,101,93,93,97,99,165,92,91,157,94,120,109,98,102,95,97,96,103,91,95,94,93,93,93,92,93,89,103,93,91,104,87,92,93,92,93,95,88,94,92,97,90,95,97,90,89,90,90,92,87,89,92,105,93,93,101,87,92,91,91,91,99,91,97,92,93,91,92,94,90,90,89,93,91,95,97,92,92,88,86,96,94,88,93,92,87,87,89,88,89,329,89,87,88,94,88,89,95,99,100,100,94,89,90,99,88,90,96,96,93,93,95,96,102,93,97,96,89,88,97,94,93,97,91,95,98,85,93,99,87,91,91,88,94,94,92,99,95,94,91,98,95,92,94,91,96,93,92,92,91,88,94,92,89,91,89,90,89,90,92,92,90,91,87,90,100,91,98,89,93,89,92,93,90,90,94,89,88,89,92,91,91,93,93,97,87,98,91,95,89,89,89,91,90,93,87,86,86,87,88,92,92,90,91,89,88,85,88,147,86,93,91,92,128,87,94,87,88,88,88,89
EPI_ISL_15270521,70,68,64,63,62,49,60,72,63,71,68,58,60,32,28,34,34,38,36,0,12,129,136,121,122,139,139,118,118,119,139,119,117,117,119,97,89,102,101,122,121,104,123,123,91,104,107,105,127,127,126,94,120,122,122,131,128,123,123,117,119,119,116,117,118,121,122,120,118,120,118,123,115,118,117,120,121,119,114,117,118,119,119,111,120,127,119,114,121,123,113,117,118,117,114,121,115,115,117,113,123,112,123,111,122,118,122,122,124,113,121,118,119,119,123,116,131,123,119,115,117,125,112,119,114,114,123,121,117,113,122,123,117,116,122,120,123,125,123,118,121,123,123,119,121,119,122,121,118,175,97,112,97,101,122,87,95,98,95,100,98,102,95,98,98,105,99,97,116,111,99,124,98,109,113,116,97,101,107,106,93,98,105,96,88,90,109,88,93,98,97,98,101,101,94,87,86,97,97,94,93,94,131,93,106,97,104,95,107,121,97,92,90,102,114,95,94,114,101,117,95,117,97,107,98,102,92,99,103,124,100,130,96,96,97,95,101,99,100,94,106,91,106,95,100,95,103,111,108,101,105,98,102,98,102,98,100,102,108,98,103,107,100,97,92,95,90,91,92,94,91,93,95,90,96,91,92,101,102,108,94,97,99,91,91,97,97,163,92,89,155,92,118,105,96,100,93,95,94,101,89,93,92,91,91,91,90,91,87,101,89,91,102,85,90,91,90,91,93,86,92,92,95,88,93,95,90,87,88,88,92,85,87,90,103,91,91,100,87,90,89,89,89,98,89,96,90,91,89,90,92,88,88,87,93,89,93,95,90,92,86,84,94,92,86,91,90,87,85,87,86,87,327,87,85,86,92,86,87,93,97,98,98,92,87,88,97,88,88,94,94,91,91,93,94,100,91,95,94,87,86,95,92,91,95,89,91,96,83,91,97,87,89,89,86,92,92,90,97,93,92,89,96,91,90,92,89,94,91,90,90,89,88,92,90,87,89,87,88,87,88,90,90,88,89,85,88,98,89,96,87,91,87,90,91,88,88,92,87,86,87,90,89,89,91,91,95,87,96,89,93,87,87,87,89,88,91,85,86,84,87,86,90,90,88,89,87,86,83,86,145,84,91,89,90,126,85,92,85,86,86,86,87
EPI_ISL_15270508,78,76,72,71,70,53,68,76,67,75,72,62,66,38,34,34,40,44,38,12,0,129,136,121,122,139,139,118,118,119,139,119,117,117,119,95,87,98,97,122,121,100,123,123,89,100,103,101,127,127,126,90,120,122,122,131,128,123,123,117,119,119,116,119,118,121,122,120,118,120,118,123,115,118,117,120,121,119,114,117,118,117,119,111,120,127,119,114,121,123,113,117,116,117,114,121,115,117,119,113,123,112,123,111,122,118,122,122,124,113,121,118,119,119,123,116,131,123,119,115,117,125,112,119,114,114,123,121,117,115,122,123,117,112,122,120,125,125,123,118,121,123,123,119,121,119,122,121,118,175,95,112,95,97,120,87,93,96,93,96,96,98,93,94,94,101,95,95,114,111,95,120,94,109,113,114,95,95,103,104,91,94,103,92,86,88,109,86,91,98,95,98,99,99,90,85,86,97,93,92,89,90,131,91,106,95,102,95,107,121,97,88,90,102,114,91,90,114,97,115,93,115,95,107,94,98,90,95,101,122,96,130,94,94,95,93,97,95,100,92,106,89,106,95,100,95,103,111,107,101,105,98,98,98,102,97,100,102,108,98,103,107,100,95,90,93,88,89,88,92,91,89,91,88,96,89,90,101,102,106,90,93,97,89,89,93,97,163,88,89,153,90,116,107,96,98,93,95,94,101,87,91,90,91,89,91,90,91,87,99,89,87,102,85,88,89,88,91,93,84,92,88,95,88,91,93,88,87,88,88,88,85,87,90,103,91,89,100,83,90,89,89,89,98,89,96,90,89,89,90,92,88,88,87,91,89,91,93,90,88,86,82,94,90,84,89,90,83,83,87,84,87,327,85,83,86,90,84,87,93,95,98,98,90,87,88,95,84,86,94,94,91,89,93,94,100,91,95,94,87,84,95,90,89,95,89,91,96,83,91,97,83,89,89,86,92,92,88,95,93,92,89,96,91,90,92,89,94,89,90,90,87,84,92,90,85,89,85,86,87,86,90,90,88,89,83,88,98,89,96,87,91,87,90,91,88,88,92,87,86,87,90,89,89,91,91,95,83,96,87,91,85,85,85,89,86,91,85,82,84,83,86,90,90,88,89,87,86,83,86,145,84,91,89,90,126,85,92,85,86,84,86,87
EPI_ISL_17989125,170,165,168,165,164,115,160,123,115,122,119,126,153,137,137,127,139,141,131,129,129,0,37,34,35,40,40,31,31,32,40,32,30,30,32,84,72,90,90,37,37,92,38,38,74,93,96,93,43,43,35,81,102,49,31,40,37,32,32,53,53,55,53,57,54,57,56,56,40,58,52,57,49,55,51,56,59,55,50,57,56,55,57,51,58,81,57,53,57,64,49,55,54,53,49,59,39,51,57,49,58,73,59,50,60,77,59,59,78,49,57,56,55,53,61,52,69,32,57,53,53,61,54,60,54,54,59,57,53,53,58,8,26,107,31,17,10,10,32,27,30,32,32,28,18,28,31,34,47,157,87,93,89,88,112,61,85,86,85,92,86,90,85,89,86,92,89,87,106,95,86,116,88,96,96,104,87,91,95,88,85,88,87,84,76,78,86,76,81,75,83,81,81,83,80,75,61,72,87,86,83,86,118,77,85,82,85,77,84,103,80,82,78,85,91,83,84,99,89,103,85,109,86,90,86,92,83,87,93,110,90,113,88,79,87,86,91,93,87,78,81,74,79,71,75,70,78,87,84,76,80,73,89,71,77,73,75,77,84,73,78,82,82,80,78,78,76,77,78,77,75,80,78,74,71,74,73,76,81,83,81,83,82,72,74,79,72,138,76,64,141,76,102,80,71,84,68,70,69,76,73,77,76,66,75,66,65,66,62,85,66,75,77,60,74,75,74,66,68,70,67,76,70,63,68,70,74,67,63,63,76,67,62,65,78,66,75,75,71,69,64,64,64,73,64,71,65,77,64,65,67,72,70,62,77,64,77,77,74,76,68,68,69,69,70,75,65,71,69,62,69,62,302,70,71,68,67,70,67,75,73,73,75,67,64,63,81,72,72,69,69,66,75,68,69,75,66,70,69,67,70,70,76,75,70,64,68,71,63,71,72,71,64,64,66,67,67,74,81,68,67,64,71,68,65,67,64,69,75,65,65,71,72,67,65,71,69,71,72,67,72,65,65,63,69,69,63,73,64,71,62,66,62,65,65,63,63,67,62,61,62,65,64,64,66,66,70,71,76,73,77,71,71,71,64,70,71,67,70,68,71,61,65,65,63,64,62,61,63,61,120,59,66,64,65,101,60,67,65,61,70,61,62
EPI_ISL_14593745,177,172,175,172,171,120,167,130,122,129,126,133,160,144,144,134,146,148,138,136,136,37,0,33,34,3,3,30,30,31,3,31,29,29,31,87,77,95,95,38,36,97,39,39,79,98,101,98,42,42,44,86,107,58,40,49,46,41,41,62,60,62,60,62,63,64,65,63,49,65,59,64,58,64,60,63,66,62,57,66,65,62,63,60,65,90,64,60,64,70,58,62,61,60,56,66,48,58,62,57,67,80,66,57,67,84,66,66,87,58,63,63,62,64,70,59,76,43,64,60,62,68,62,69,63,63,68,64,62,60,65,31,35,112,42,28,33,33,41,36,41,43,41,39,29,37,42,35,58,162,94,98,96,95,119,66,92,91,92,99,93,97,92,96,93,99,96,94,113,100,91,123,95,101,101,111,94,98,102,93,92,95,94,91,81,83,91,81,86,80,90,86,88,88,85,82,66,77,94,93,90,93,123,84,90,87,90,82,89,108,84,89,83,90,96,90,89,104,96,110,92,116,91,95,93,99,90,94,98,117,95,118,95,84,92,93,98,100,92,83,86,79,86,76,80,75,83,92,89,81,83,78,96,78,82,78,80,82,87,78,83,85,87,85,83,83,81,82,83,82,80,85,83,79,76,79,80,81,86,88,86,88,87,79,79,84,77,143,81,69,146,81,107,85,76,89,73,75,74,81,78,82,81,71,80,71,70,71,67,90,71,80,82,65,79,80,79,71,73,75,72,81,75,68,73,75,79,72,68,68,81,72,67,70,85,71,80,80,76,74,69,69,69,78,69,76,70,82,69,70,72,77,75,67,82,69,82,82,79,81,73,73,74,74,75,80,70,76,74,67,74,67,307,75,76,73,72,75,72,80,78,78,80,72,69,68,86,77,77,74,74,71,80,73,74,80,71,75,74,72,75,75,81,80,75,69,73,76,68,76,77,76,69,69,71,72,72,79,86,73,72,69,76,73,70,70,69,74,80,70,70,76,77,72,70,76,74,76,77,72,77,70,70,68,74,74,68,78,69,76,67,71,67,70,70,68,68,72,67,66,67,70,69,69,71,71,75,76,81,78,82,76,76,76,69,75,76,72,75,73,76,66,70,70,68,69,67,66,68,66,125,64,71,69,70,106,65,72,70,66,75,66,67
EPI_ISL_14594253,162,157,160,157,156,105,152,115,107,114,111,118,145,129,129,119,131,133,123,121,121,34,33,0,9,36,36,9,9,8,36,8,8,8,10,72,62,80,80,25,23,82,26,26,64,83,86,83,29,29,31,71,92,43,27,36,33,28,28,47,47,47,47,49,48,51,52,50,46,52,46,51,43,49,45,50,53,49,44,51,50,49,51,45,52,75,51,47,51,58,43,49,48,47,45,53,45,45,49,43,52,65,53,44,54,69,53,53,72,43,51,50,49,49,55,46,63,28,49,47,47,55,48,54,48,48,53,51,47,47,52,28,22,99,27,25,30,30,28,23,26,28,28,24,26,24,27,20,43,147,79,83,81,80,104,51,77,76,77,84,78,82,77,82,78,84,81,79,98,85,76,108,80,86,86,96,79,83,87,80,77,80,79,76,66,68,76,66,71,65,77,71,73,73,70,67,51,62,79,78,75,78,108,71,75,72,75,67,74,93,70,74,68,75,81,75,74,89,81,97,77,101,77,80,78,84,75,79,83,104,80,103,80,69,77,78,83,85,77,68,71,64,71,61,65,60,68,77,74,66,70,63,81,63,67,63,65,67,74,63,68,72,72,70,68,68,66,67,68,67,65,70,69,64,61,64,65,66,72,73,71,73,72,64,64,69,62,128,66,54,131,66,92,70,61,74,58,60,59,66,63,67,66,56,65,56,55,56,52,75,56,65,67,50,64,65,64,56,58,60,57,66,60,53,58,60,64,57,53,53,66,57,52,55,70,56,65,65,61,59,54,54,54,63,54,61,55,67,54,55,57,62,60,52,67,54,67,67,64,66,58,58,59,59,60,65,55,61,59,52,59,52,292,60,61,58,57,60,57,65,63,63,65,57,54,53,71,62,62,59,59,56,65,58,59,65,56,60,59,57,60,60,66,65,60,54,58,61,53,61,62,61,54,54,56,57,57,64,71,58,57,54,61,58,55,57,54,59,65,55,55,61,62,57,55,61,59,61,62,57,62,55,55,53,59,59,53,63,54,61,52,56,52,55,55,53,53,57,52,51,52,55,54,54,56,56,60,61,66,63,67,61,61,61,54,60,61,57,60,58,61,51,55,55,53,54,52,51,53,51,110,49,56,54,55,91,50,57,55,51,60,51,52
EPI_ISL_14594254,163,158,161,158,157,106,153,116,108,115,112,119,146,130,130,120,132,134,124,122,122,35,34,9,0,37,37,10,10,11,37,10,9,9,11,73,63,81,81,26,24,83,27,27,65,84,87,84,30,30,32,72,93,44,28,37,34,29,29,48,48,48,48,50,49,52,53,51,47,53,47,52,44,50,46,51,54,50,45,52,51,50,52,46,53,76,52,48,52,59,44,50,49,48,46,54,46,46,50,44,53,66,54,45,55,70,54,54,73,44,52,51,50,50,56,47,64,29,50,48,48,56,49,55,49,49,54,52,48,48,53,29,23,100,28,26,31,31,29,24,27,29,29,25,27,25,28,21,44,148,80,84,82,81,105,52,78,77,78,85,79,83,78,83,79,85,82,80,99,86,77,109,81,87,87,97,80,84,88,81,78,81,80,77,67,69,77,67,72,66,78,72,74,74,71,68,52,63,80,79,76,79,109,72,76,73,76,68,75,94,71,75,69,76,82,76,75,90,82,98,78,102,78,81,79,85,76,80,84,105,81,104,81,70,78,79,84,86,78,69,72,65,72,62,66,61,69,78,75,67,71,64,82,64,68,64,66,68,75,64,69,73,73,71,69,69,67,68,69,68,66,71,70,65,62,65,66,67,73,74,72,74,73,65,65,70,63,129,67,55,132,67,93,71,62,75,59,61,60,67,64,68,67,57,66,57,56,57,53,76,57,66,68,51,65,66,65,57,59,61,58,67,61,54,59,61,65,58,54,54,67,58,53,56,71,57,66,66,62,60,55,55,55,64,55,62,56,68,55,56,58,63,61,53,68,55,68,68,65,67,59,59,60,60,61,66,56,62,60,53,60,53,293,61,62,59,58,61,58,66,64,64,66,58,55,54,72,63,63,60,60,57,66,59,60,66,57,61,60,58,61,61,67,66,61,55,59,62,54,62,63,62,55,55,57,58,58,65,72,59,58,55,62,59,56,58,55,60,66,56,56,62,63,58,56,62,60,62,63,58,63,56,56,54,60,60,54,64,55,62,53,57,53,56,56,54,54,58,53,52,53,56,55,55,57,57,61,62,67,64,68,62,62,62,55,61,62,58,61,59,62,52,56,56,54,55,53,52,54,52,111,50,57,55,56,92,51,58,56,52,61,52,53
EPI_ISL_14594263,180,175,178,175,174,123,170,133,125,132,129,136,163,147,147,137,149,151,141,139,139,40,3,36,37,0,4,33,33,34,4,34,32,32,34,90,80,98,98,41,39,100,42,42,82,101,104,101,45,45,47,89,110,61,43,52,49,44,44,65,63,65,63,65,66,67,68,66,52,68,62,67,61,67,63,66,69,65,60,69,68,65,66,63,68,93,67,63,67,73,61,65,64,63,59,69,51,61,65,60,70,83,69,60,70,87,69,69,90,61,66,66,65,67,73,62,79,46,67,63,65,71,65,72,66,66,71,67,65,63,68,34,38,115,45,31,36,36,44,39,44,46,44,42,32,40,45,38,61,165,97,101,99,98,122,69,95,94,95,102,96,100,95,99,96,102,99,97,116,103,94,126,98,104,104,114,97,101,105,96,95,98,97,94,84,86,94,84,89,83,93,89,91,91,88,85,69,80,97,96,93,96,126,87,93,90,93,85,92,111,87,92,86,93,99,93,92,107,99,113,95,119,94,98,96,102,93,97,101,120,98,121,98,87,95,96,101,103,95,86,89,82,89,79,83,78,86,95,92,84,86,81,99,81,85,81,83,85,90,81,86,88,90,88,86,86,84,85,86,85,83,88,86,82,79,82,83,84,89,91,89,91,90,82,82,87,80,146,84,72,149,84,110,88,79,92,76,78,77,84,81,85,84,74,83,74,73,74,70,93,74,83,85,68,82,83,82,74,76,78,75,84,78,71,76,78,82,75,71,71,84,75,70,73,88,74,83,83,79,77,72,72,72,81,72,79,73,85,72,73,75,80,78,70,85,72,85,85,82,84,76,76,77,77,78,83,73,79,77,70,77,70,310,78,79,76,75,78,75,83,81,81,83,75,72,71,89,80,80,77,77,74,83,76,77,83,74,78,77,75,78,78,84,83,78,72,76,79,71,79,80,79,72,72,74,75,75,82,89,76,75,72,79,76,73,73,72,77,83,73,73,79,80,75,73,79,77,79,80,75,80,73,73,71,77,77,71,81,72,79,70,74,70,73,73,71,71,75,70,69,70,73,72,72,74,74,78,79,84,81,85,79,79,79,72,78,79,75,78,76,79,69,73,73,71,72,70,69,71,69,128,67,74,72,73,109,68,75,73,69,78,69,70
EPI_ISL_14594264,180,175,178,175,174,123,170,133,125,132,129,136,163,147,147,137,149,151,141,139,139,40,3,36,37,4,0,33,31,32,6,34,32,32,34,90,80,98,98,41,39,100,42,42,82,101,104,101,45,45,47,89,110,61,43,52,49,44,44,65,63,65,63,65,66,67,68,66,52,68,62,67,61,67,63,66,69,65,60,69,68,65,66,63,68,93,67,63,67,73,61,65,64,63,59,69,51,61,65,60,70,83,69,60,70,87,69,69,90,61,66,66,65,67,73,62,79,46,67,63,65,71,65,72,66,66,71,67,65,63,68,34,38,115,45,31,36,36,44,39,44,46,44,42,32,40,45,38,61,165,97,101,99,98,122,69,95,94,95,102,96,100,95,99,96,102,99,97,116,103,94,126,98,104,104,114,97,101,105,96,95,98,97,94,84,86,94,84,89,83,93,89,91,91,88,85,69,80,97,96,93,96,126,87,93,90,93,85,92,111,87,92,86,93,99,93,92,107,99,113,95,119,94,98,96,102,93,97,101,120,98,121,98,87,95,96,101,103,95,86,89,82,89,79,83,78,86,95,92,84,86,81,99,81,85,81,83,85,90,81,86,88,90,88,86,86,84,85,86,85,83,88,86,82,79,82,83,84,89,91,89,91,90,82,82,87,80,146,84,72,149,84,110,88,79,92,76,78,77,84,81,85,84,74,83,74,73,74,70,93,74,83,85,68,82,83,82,74,76,78,75,84,78,71,76,78,82,75,71,71,84,75,70,73,88,74,83,83,79,77,72,72,72,81,72,79,73,85,72,73,75,80,78,70,85,72,85,85,82,84,76,76,77,77,78,83,73,79,77,70,77,70,310,78,79,76,75,78,75,83,81,81,83,75,72,71,89,80,80,77,77,74,83,76,77,83,74,78,77,75,78,78,84,83,78,72,76,79,71,79,80,79,72,72,74,75,75,82,89,76,75,72,79,76,73,73,72,77,83,73,73,79,80,75,73,79,77,79,80,75,80,73,73,71,77,77,71,81,72,79,70,74,70,73,73,71,71,75,70,69,70,73,72,72,74,74,78,79,84,81,85,79,79,79,72,78,79,75,78,76,79,69,73,73,71,72,70,69,71,69,128,67,74,72,73,109,68,75,73,69,78,69,70
EPI_ISL_14594265,157,152,155,152,151,100,147,110,102,109,106,113,140,126,126,116,128,130,120,118,118,31,30,9,10,33,33,0,2,5,33,7,5,5,5,69,59,77,77,22,20,79,23,23,61,80,83,80,26,26,28,68,87,40,24,33,30,25,25,44,44,44,44,46,45,48,49,47,43,49,43,48,40,46,42,47,50,46,41,48,47,46,48,42,49,72,48,44,48,55,40,46,45,44,42,50,42,42,46,40,49,62,50,41,51,66,50,50,69,40,48,47,46,46,52,43,60,25,46,44,44,52,45,51,45,45,50,48,44,44,49,25,19,96,24,22,27,27,25,20,23,25,25,21,23,21,24,17,40,142,76,80,78,77,101,48,74,73,74,81,75,79,74,79,75,81,78,76,95,82,73,105,77,83,83,93,76,80,84,77,74,77,76,73,63,65,73,63,68,62,74,68,70,70,67,64,48,59,76,75,72,75,103,68,72,69,72,64,71,88,67,71,65,72,78,72,71,86,78,94,74,98,74,77,75,81,71,76,80,101,77,100,77,66,74,75,80,82,74,65,68,61,68,58,62,57,65,74,71,63,67,60,78,60,64,60,62,64,71,60,65,69,69,67,65,65,63,64,65,64,62,67,66,61,58,61,62,63,69,70,68,70,69,61,61,66,59,125,63,51,128,63,89,67,58,71,55,57,56,63,60,64,63,53,62,53,52,53,49,72,53,62,64,47,61,62,61,53,55,57,54,63,57,50,55,57,61,54,50,50,63,54,49,52,67,53,62,62,58,56,51,51,51,60,51,58,52,64,51,52,54,59,57,49,64,51,64,64,61,63,55,55,56,56,57,62,52,58,56,49,56,49,289,57,58,55,54,57,54,62,60,60,62,54,51,50,68,59,59,56,56,53,62,55,56,62,53,57,56,54,57,57,63,62,57,51,55,58,50,58,59,58,51,51,53,54,54,61,68,55,54,51,58,55,52,54,51,56,62,52,52,58,59,54,52,58,56,58,59,54,59,52,52,50,56,56,50,60,51,58,49,53,49,52,52,50,50,54,49,48,49,52,51,51,53,53,57,58,63,60,64,58,58,58,51,57,58,54,57,55,58,48,52,52,50,51,49,48,50,48,107,46,53,51,52,88,47,54,52,48,57,48,49
EPI_ISL_14594266,157,152,155,152,151,100,147,110,102,109,106,113,140,126,126,116,128,130,120,118,118,31,30,9,10,33,31,2,0,3,33,7,5,5,7,69,59,77,77,22,20,79,23,23,61,80,83,80,26,26,28,68,87,40,24,33,30,25,25,44,44,44,44,46,45,48,49,47,43,49,43,48,40,46,42,47,50,46,41,48,47,46,48,42,49,72,48,44,48,55,40,46,45,44,42,50,42,42,46,40,49,62,50,41,51,66,50,50,69,40,48,47,46,46,52,43,60,25,46,44,44,52,45,51,45,45,50,48,44,44,49,25,19,96,24,22,27,27,25,20,23,25,25,21,23,21,24,17,40,142,76,80,78,77,101,48,74,73,74,81,75,79,74,79,75,81,78,76,95,82,73,105,77,83,83,93,76,80,84,77,74,77,76,73,63,65,73,63,68,62,74,68,70,70,67,64,48,59,76,75,72,75,103,68,72,69,72,64,71,88,67,71,65,72,78,72,71,86,78,94,74,98,74,77,75,81,72,76,80,101,77,100,77,66,74,75,80,82,74,65,68,61,68,58,62,57,65,74,71,63,67,60,78,60,64,60,62,64,71,60,65,69,69,67,65,65,63,64,65,64,62,67,66,61,58,61,62,63,69,70,68,70,69,61,61,66,59,125,63,51,128,63,89,67,58,71,55,57,56,63,60,64,63,53,62,53,52,53,49,72,53,62,64,47,61,62,61,53,55,57,54,63,57,50,55,57,61,54,50,50,63,54,49,52,67,53,62,62,58,56,51,51,51,60,51,58,52,64,51,52,54,59,57,49,64,51,64,64,61,63,55,55,56,56,57,62,52,58,56,49,56,49,289,57,58,55,54,57,54,62,60,60,62,54,51,50,68,59,59,56,56,53,62,55,56,62,53,57,56,54,57,57,63,62,57,51,55,58,50,58,59,58,51,51,53,54,54,61,68,55,54,51,58,55,52,54,51,56,62,52,52,58,59,54,52,58,56,58,59,54,59,52,52,50,56,56,50,60,51,58,49,53,49,52,52,50,50,54,49,48,49,52,51,51,53,53,57,58,63,60,64,58,58,58,51,57,58,54,57,55,58,48,52,52,50,51,49,48,50,48,107,46,53,51,52,88,47,54,52,48,57,48,49
EPI_ISL_14594267,158,153,156,153,152,101,148,111,103,110,107,114,141,127,127,117,129,131,121,119,119,32,31,8,11,34,32,5,3,0,34,6,6,6,8,70,60,78,78,23,21,80,24,24,62,81,84,81,27,27,29,69,88,41,25,34,31,26,26,45,45,45,45,47,46,49,50,48,44,50,44,49,41,47,43,48,51,47,42,49,48,47,49,43,50,73,49,45,49,56,41,47,46,45,43,51,43,43,47,41,50,63,51,42,52,67,51,51,70,41,49,48,47,47,53,44,61,26,47,45,45,53,46,52,46,46,51,49,45,45,50,26,20,97,25,23,28,28,26,21,24,26,26,22,24,22,25,18,41,143,77,81,79,78,102,49,75,74,75,82,76,80,75,80,76,82,79,77,96,83,74,106,78,84,84,94,77,81,85,78,75,78,77,74,64,66,74,64,69,63,75,69,71,71,68,65,49,60,77,76,73,76,104,69,73,70,73,65,72,89,68,72,66,73,79,73,72,87,79,95,75,99,75,78,76,82,73,77,81,102,78,101,78,67,75,76,81,83,75,66,69,62,69,59,63,58,66,75,72,64,68,61,79,61,65,61,63,65,72,61,66,70,70,68,66,66,64,65,66,65,63,68,67,62,59,62,63,64,70,71,69,71,70,62,62,67,60,126,64,52,129,64,90,68,59,72,56,58,57,64,61,65,64,54,63,54,53,54,50,73,54,63,65,48,62,63,62,54,56,58,55,64,58,51,56,58,62,55,51,51,64,55,50,53,68,54,63,63,59,57,52,52,52,61,52,59,53,65,52,53,55,60,58,50,65,52,65,65,62,64,56,56,57,57,58,63,53,59,57,50,57,50,290,58,59,56,55,58,55,63,61,61,63,55,52,51,69,60,60,57,57,54,63,56,57,63,54,58,57,55,58,58,64,63,58,52,56,59,51,59,60,59,52,52,54,55,55,62,69,56,55,52,59,56,53,55,52,57,63,53,53,59,60,55,53,59,57,59,60,55,60,53,53,51,57,57,51,61,52,59,50,54,50,53,53,51,51,55,50,49,50,53,52,52,54,54,58,59,64,61,65,59,59,59,52,58,59,55,58,56,59,49,53,53,51,52,50,49,51,49,108,47,54,52,53,89,48,55,53,49,58,49,50
EPI_ISL_14594269,180,175,178,175,174,123,170,133,125,132,129,136,163,147,147,137,149,151,141,139,139,40,3,36,37,4,6,33,33,34,0,34,32,32,34,90,80,98,98,41,39,100,42,42,82,101,104,101,45,45,47,89,110,61,43,52,49,44,44,65,63,65,63,65,66,67,68,66,52,68,62,67,61,67,63,66,69,65,60,69,68,65,66,63,68,93,67,63,67,73,61,65,64,63,59,69,51,61,65,60,70,83,69,60,70,87,69,69,90,61,66,66,65,67,73,62,79,46,67,63,65,71,65,72,66,66,71,67,65,63,68,34,38,115,45,31,36,36,44,39,44,46,44,42,32,40,45,38,61,165,97,101,99,98,122,69,95,94,95,102,96,100,95,99,96,102,99,97,116,103,94,126,98,104,104,114,97,101,105,96,95,98,97,94,84,86,94,84,89,83,93,89,91,91,88,85,69,80,97,96,93,96,126,87,93,90,93,85,92,111,87,92,86,93,99,93,92,107,99,113,95,119,94,98,96,102,93,97,101,120,98,121,98,87,95,96,101,103,95,86,89,82,89,79,83,78,86,95,92,84,86,81,99,81,85,81,83,85,90,81,86,88,90,88,86,86,84,85,86,85,83,88,86,82,79,82,83,84,89,91,89,91,90,82,82,87,80,146,84,72,149,84,110,88,79,92,76,78,77,84,81,85,84,74,83,74,73,74,70,93,74,83,85,68,82,83,82,74,76,78,75,84,78,71,76,78,82,75,71,71,84,75,70,73,88,74,83,83,79,77,72,72,72,81,72,79,73,85,72,73,75,80,78,70,85,72,85,85,82,84,76,76,77,77,78,83,73,79,77,70,77,70,310,78,79,76,75,78,75,83,81,81,83,75,72,71,89,80,80,77,77,74,83,76,77,83,74,78,77,75,78,78,84,83,78,72,76,79,71,79,80,79,72,72,74,75,75,82,89,76,75,72,79,76,73,73,72,77,83,73,73,79,80,75,73,79,77,79,80,75,80,73,73,71,77,77,71,81,72,79,70,74,70,73,73,71,71,75,70,69,70,73,72,72,74,74,78,79,84,81,85,79,79,79,72,78,79,75,78,76,79,69,73,73,71,72,70,69,71,69,128,67,74,72,73,109,68,75,73,69,78,69,70
EPI_ISL_14594272,160,155,158,155,154,103,150,113,105,112,109,116,143,127,127,117,129,131,121,119,119,32,31,8,10,34,34,7,7,6,34,0,6,6,8,70,60,78,78,23,21,80,24,24,62,81,84,81,27,27,29,69,90,41,25,34,31,26,26,45,45,45,45,47,46,49,50,48,44,50,44,49,41,47,43,48,51,47,42,49,48,47,49,43,50,73,49,45,49,56,41,47,46,45,43,51,43,43,47,41,49,63,51,42,52,67,51,51,70,41,49,48,47,47,53,44,61,26,47,45,45,53,46,52,46,46,51,49,45,45,50,26,20,97,25,23,28,28,26,21,24,26,26,22,24,22,25,18,41,145,77,81,79,78,102,49,75,74,75,82,76,80,75,80,76,82,79,77,96,83,74,106,78,84,84,94,77,81,85,78,75,78,77,74,64,66,74,64,69,63,75,69,71,71,68,65,49,60,77,76,73,76,106,69,73,70,73,65,72,91,68,72,66,73,79,73,72,87,79,95,75,99,75,78,76,82,73,77,81,102,78,101,78,67,75,76,81,83,75,66,69,62,69,59,63,58,66,75,72,64,68,61,79,61,65,61,63,65,72,61,66,70,70,68,66,66,64,65,66,65,63,68,67,62,59,62,63,64,70,71,69,71,70,62,62,67,60,126,64,52,129,64,90,68,59,72,56,58,57,64,61,65,64,54,63,54,53,54,50,73,54,63,65,48,62,63,62,54,56,58,55,64,58,51,56,58,62,55,51,51,64,55,50,53,68,54,63,63,59,57,52,52,52,61,52,59,53,65,52,53,55,60,58,50,65,52,65,65,62,64,56,56,57,57,58,63,53,59,57,50,57,50,290,58,59,56,55,58,55,63,61,61,63,55,52,51,69,60,60,57,57,54,63,56,57,63,54,58,57,55,58,58,64,63,58,52,56,59,51,59,60,59,52,52,54,55,55,62,69,56,55,52,59,56,53,55,52,57,63,53,53,59,60,55,53,59,57,59,60,55,60,53,53,51,57,57,51,61,52,59,50,54,50,53,53,51,51,55,50,49,50,53,52,52,54,54,58,59,64,61,65,59,59,59,52,58,59,55,58,56,59,49,53,53,51,52,50,49,51,49,108,47,54,52,53,89,48,55,53,49,58,49,50
EPI_ISL_14594273,158,153,156,153,152,101,148,111,103,110,107,114,141,125,125,115,127,129,119,117,117,30,29,8,9,32,32,5,5,6,32,6,0,4,6,68,58,76,76,21,19,78,22,22,60,79,82,79,25,25,27,67,88,39,23,32,29,24,24,43,43,43,43,45,44,47,48,46,42,48,42,47,39,45,41,46,49,45,40,47,46,45,47,41,48,71,47,43,47,54,39,45,44,43,41,49,41,41,45,39,48,61,49,40,50,65,49,49,68,39,47,46,45,45,51,42,59,24,45,43,43,51,44,50,44,44,49,47,43,43,48,24,18,95,23,21,26,26,24,19,22,24,24,20,22,20,23,16,39,143,75,79,77,76,100,47,73,72,73,80,74,78,73,78,74,80,77,75,94,81,72,104,76,82,82,92,75,79,83,76,73,76,75,72,62,64,72,62,67,61,73,67,69,69,66,63,47,58,75,74,71,74,104,67,71,68,71,63,70,89,66,70,64,71,77,71,70,85,77,93,73,97,73,76,74,80,71,75,79,100,76,99,76,65,73,74,79,81,73,64,67,60,67,57,61,56,64,73,70,62,66,59,77,59,63,59,61,63,70,59,64,68,68,66,64,64,62,63,64,63,61,66,65,60,57,60,61,62,68,69,67,69,68,60,60,65,58,124,62,50,127,62,88,66,57,70,54,56,55,62,59,63,62,52,61,52,51,52,48,71,52,61,63,46,60,61,60,52,54,56,53,62,56,49,54,56,60,53,49,49,62,53,48,51,66,52,61,61,57,55,50,50,50,59,50,57,51,63,50,51,53,58,56,48,63,50,63,63,60,62,54,54,55,55,56,61,51,57,55,48,55,48,288,56,57,54,53,56,53,61,59,59,61,53,50,49,67,58,58,55,55,52,61,54,55,61,52,56,55,53,56,56,62,61,56,50,54,57,49,57,58,57,50,50,52,53,53,60,67,54,53,50,57,54,51,53,50,55,61,51,51,57,58,53,51,57,55,57,58,53,58,51,51,49,55,55,49,59,50,57,48,52,48,51,51,49,49,53,48,47,48,51,50,50,52,52,56,57,62,59,63,57,57,57,50,56,57,53,56,54,57,47,51,51,49,50,48,47,49,47,106,45,52,50,51,87,46,53,51,47,56,47,48
EPI_ISL_14594274,158,153,156,153,152,101,148,111,103,110,107,114,141,125,125,115,127,129,119,117,117,30,29,8,9,32,32,5,5,6,32,6,4,0,6,68,58,76,76,21,19,78,22,22,60,79,82,79,25,25,27,67,88,39,23,32,29,24,24,43,43,43,43,45,44,47,48,46,42,48,42,47,39,45,41,46,49,45,40,47,46,45,47,41,48,71,47,43,47,54,39,45,44,43,41,49,41,41,45,39,48,61,49,40,50,65,49,49,68,39,47,46,45,45,51,42,59,24,45,43,43,51,44,50,44,44,49,47,43,43,48,24,18,95,23,21,26,26,24,19,22,24,24,20,22,20,23,16,39,143,75,79,77,76,100,47,73,72,73,80,74,78,73,78,74,80,77,75,94,81,72,104,76,82,82,92,75,79,83,76,73,76,75,72,62,64,72,62,67,61,73,67,69,69,66,63,47,58,75,74,71,74,104,67,71,68,71,63,70,89,66,70,64,71,77,71,70,85,77,93,73,97,73,76,74,80,71,75,79,100,76,99,76,65,73,74,79,81,73,64,67,60,67,57,61,56,64,73,70,62,66,59,77,59,63,59,61,63,70,59,64,68,68,66,64,64,62,63,64,63,61,66,65,60,57,60,61,62,68,69,67,69,68,60,60,65,58,124,62,50,127,62,88,66,57,70,54,56,55,62,59,63,62,52,61,52,51,52,48,71,52,61,63,46,60,61,60,52,54,56,53,62,56,49,54,56,60,53,49,49,62,53,48,51,66,52,61,61,57,55,50,50,50,59,50,57,51,63,50,51,53,58,56,48,63,50,63,63,60,62,54,54,55,55,56,61,51,57,55,48,55,48,288,56,57,54,53,56,53,61,59,59,61,53,50,49,67,58,58,55,55,52,61,54,55,61,52,56,55,53,56,56,62,61,56,50,54,57,49,57,58,57,50,50,52,53,53,60,67,54,53,50,57,54,51,53,50,55,61,51,51,57,58,53,51,57,55,57,58,53,58,51,51,49,55,55,49,59,50,57,48,52,48,51,51,49,49,53,48,47,48,51,50,50,52,52,56,57,62,59,63,57,57,57,50,56,57,53,56,54,57,47,51,51,49,50,48,47,49,47,106,45,52,50,51,87,46,53,51,47,56,47,48
EPI_ISL_14594275,160,155,158,155,154,103,150,113,105,112,109,116,143,127,127,117,129,131,121,119,119,32,31,10,11,34,34,5,7,8,34,8,6,6,0,70,60,78,78,23,21,80,24,24,62,81,84,81,27,27,29,69,90,41,25,34,31,26,26,45,45,45,45,47,46,49,50,48,44,50,44,49,41,47,43,48,51,47,42,49,48,47,49,43,50,73,49,45,49,56,41,47,46,45,43,51,43,43,47,41,50,63,51,42,52,67,51,51,70,41,49,48,47,47,53,44,61,26,47,45,45,53,46,52,46,46,51,49,45,45,50,26,20,97,25,23,28,28,26,21,24,26,26,22,24,22,25,18,41,145,77,81,79,78,102,49,75,74,75,82,76,80,75,80,76,82,79,77,96,83,74,106,78,84,84,94,77,81,85,78,75,78,77,74,64,66,74,64,69,63,75,69,71,71,68,65,49,60,77,76,73,76,106,69,73,70,73,65,72,91,68,72,66,73,79,73,72,87,79,95,75,99,75,78,76,82,72,77,81,102,78,101,78,67,75,76,81,83,75,66,69,62,69,59,63,58,66,75,72,64,68,61,79,61,65,61,63,65,72,61,66,70,70,68,66,66,64,65,66,65,63,68,67,62,59,62,63,64,70,71,69,71,70,62,62,67,60,126,64,52,129,64,90,68,59,72,56,58,57,64,61,65,64,54,63,54,53,54,50,73,54,63,65,48,62,63,62,54,56,58,55,64,58,51,56,58,62,55,51,51,64,55,50,53,68,54,63,63,59,57,52,52,52,61,52,59,53,65,52,53,55,60,58,50,65,52,65,65,62,64,56,56,57,57,58,63,53,59,57,50,57,50,290,58,59,56,55,58,55,63,61,61,63,55,52,51,69,60,60,57,57,54,63,56,57,63,54,58,57,55,58,58,64,63,58,52,56,59,51,59,60,59,52,52,54,55,55,62,69,56,55,52,59,56,53,55,52,57,63,53,53,59,60,55,53,59,57,59,60,55,60,53,53,51,57,57,51,61,52,59,50,54,50,53,53,51,51,55,50,49,50,53,52,52,54,54,58,59,64,61,65,59,59,59,52,58,59,55,58,56,59,49,53,53,51,52,50,49,51,49,108,47,54,52,53,89,48,55,53,49,58,49,50
EPI_ISL_14593730,150,148,148,145,144,90,140,99,91,98,95,91,119,95,95,79,97,101,83,97,95,84,87,72,73,90,90,69,69,70,90,70,68,68,70,0,26,8,14,75,73,10,76,76,28,17,20,11,79,79,81,29,61,73,77,86,83,78,78,71,73,73,71,73,72,75,76,74,72,76,72,77,69,73,71,74,77,75,68,73,74,73,75,67,76,81,75,71,77,78,67,73,72,71,69,73,69,71,73,67,77,62,79,68,78,70,79,79,78,67,75,74,73,73,79,70,87,78,73,71,71,79,68,74,70,70,77,75,71,69,76,78,72,33,77,75,80,80,78,73,76,78,78,74,76,74,77,72,71,116,23,64,27,12,48,37,23,34,23,30,24,26,23,28,22,20,25,25,44,66,34,54,26,63,67,42,23,29,31,54,23,26,53,30,26,28,61,26,29,50,23,52,47,35,28,17,36,47,23,24,21,26,83,19,60,33,40,41,59,62,39,20,28,56,54,19,32,68,27,41,21,47,35,61,22,28,21,23,41,50,38,84,26,39,35,22,29,31,54,36,56,36,56,46,50,45,52,60,55,50,55,46,15,48,52,46,50,52,58,48,51,57,50,39,36,37,34,35,32,37,45,28,33,32,46,33,35,51,52,58,29,35,42,34,33,35,47,113,30,39,99,34,60,57,46,42,43,45,44,51,31,35,34,41,33,41,40,41,37,43,41,29,52,35,32,33,30,41,41,28,42,30,45,38,39,41,36,35,36,38,30,29,37,40,55,35,33,50,25,38,39,39,39,48,39,45,40,35,39,40,42,36,32,37,31,39,35,39,34,30,34,28,44,38,28,43,40,25,29,37,28,37,277,29,29,34,36,30,37,37,39,48,50,40,37,38,39,26,32,44,44,41,33,43,44,50,41,45,44,37,26,45,32,31,45,39,43,44,33,41,47,25,39,39,36,42,42,32,39,43,42,39,46,43,40,42,39,44,33,40,36,31,26,42,40,29,39,29,30,37,30,40,40,38,39,27,38,48,39,46,37,41,37,40,41,38,38,42,37,36,37,40,39,39,41,41,45,25,46,31,35,29,29,29,39,30,41,29,24,28,25,36,40,40,38,39,37,36,33,36,95,34,41,39,40,76,33,40,35,36,30,36,37
EPI_ISL_14593733,138,136,136,133,132,78,129,87,79,86,83,91,119,99,99,83,101,105,87,89,87,72,77,62,63,80,80,59,59,60,80,60,58,58,60,26,0,32,32,63,63,34,64,64,2,35,38,35,69,69,69,15,61,61,65,74,71,66,66,59,61,61,59,61,60,63,64,62,60,64,60,65,57,61,59,62,65,63,56,61,62,61,63,55,64,69,63,59,65,66,55,61,60,59,57,63,57,59,61,55,65,52,67,56,66,58,67,67,66,55,63,62,61,61,67,58,75,66,61,59,59,67,56,62,58,58,65,63,59,57,64,66,60,51,65,63,68,68,66,61,64,66,66,62,64,62,65,62,59,116,31,52,33,32,56,25,29,18,29,36,30,34,29,34,30,38,33,31,50,54,20,60,32,55,55,50,31,35,39,44,29,32,43,20,8,12,49,12,15,38,29,40,37,19,16,19,24,35,31,30,29,32,75,23,48,21,30,31,47,62,31,26,14,44,54,27,18,58,33,49,29,53,19,49,30,36,27,31,27,56,24,72,32,31,21,30,35,37,46,28,44,26,44,34,38,33,41,49,44,38,43,34,33,36,40,34,38,40,46,36,41,45,40,31,28,29,26,27,24,29,33,14,25,24,34,25,27,39,40,46,15,29,34,26,25,27,35,101,22,27,91,26,52,45,34,34,31,33,32,39,23,27,26,29,25,29,28,29,25,35,29,21,40,23,24,25,22,29,31,20,30,22,33,26,31,31,24,23,26,26,22,19,25,28,43,25,25,36,17,28,27,27,27,34,27,34,28,27,27,28,30,26,22,25,23,27,27,29,24,22,24,18,32,28,20,31,28,17,19,25,20,25,265,21,21,24,26,20,25,27,31,36,38,28,25,26,31,18,22,32,32,29,25,31,32,38,29,33,32,25,18,33,24,23,33,27,31,34,21,29,35,17,27,27,24,30,30,24,31,31,30,27,34,31,28,30,27,32,25,28,26,23,18,30,28,21,27,21,22,25,22,28,28,26,27,19,26,36,27,34,25,29,25,28,29,26,26,30,25,24,25,28,27,27,29,29,33,17,34,23,27,21,21,21,27,22,29,19,16,18,17,24,28,28,26,27,25,24,21,24,83,22,29,27,28,64,21,30,23,24,20,24,25
EPI_ISL_14593735,155,153,153,150,149,95,145,104,95,103,100,96,124,100,100,84,102,106,88,102,98,90,95,80,81,98,98,77,77,78,98,78,76,76,78,8,32,0,18,81,81,2,82,82,34,21,24,3,87,87,87,33,67,79,83,92,89,84,84,75,77,77,75,77,76,79,80,78,76,80,76,81,73,78,75,78,81,79,72,77,78,75,79,71,80,85,79,76,81,82,71,77,74,75,73,77,73,75,77,71,81,66,83,73,82,74,84,84,82,71,79,78,77,77,83,74,91,84,77,75,75,83,72,78,74,74,81,79,75,73,80,84,78,37,83,81,86,86,84,79,82,84,84,80,82,80,83,80,77,122,27,68,31,16,52,41,27,38,27,32,28,28,27,30,24,24,27,29,48,71,38,56,28,67,71,46,27,31,33,58,27,30,57,32,30,32,65,30,33,54,27,56,51,39,30,21,40,51,25,28,23,28,87,23,64,37,44,45,63,68,43,22,32,60,58,21,34,72,29,45,25,51,39,65,24,30,26,25,45,54,40,88,30,43,39,27,33,33,58,38,60,40,60,50,54,49,56,64,59,54,59,50,19,52,56,49,54,56,62,52,55,61,54,41,38,39,36,37,34,39,49,32,35,34,50,35,39,55,56,62,33,37,46,38,35,37,51,117,32,43,101,36,62,61,50,44,47,49,48,55,33,37,36,45,35,45,44,45,41,45,45,31,56,39,34,35,32,45,45,30,46,32,49,42,41,43,40,39,40,42,32,33,41,44,59,39,35,54,27,42,43,43,43,52,43,49,44,37,43,44,46,40,36,41,35,43,37,41,38,32,38,30,48,40,30,45,44,27,31,41,30,41,281,31,31,38,38,32,41,41,41,52,54,42,41,42,41,28,34,48,48,45,35,47,48,54,45,49,48,41,28,49,34,33,49,43,47,48,37,45,51,27,43,43,40,46,46,34,41,47,46,43,50,47,44,46,43,48,35,44,40,33,28,46,44,31,43,31,32,41,32,44,44,42,43,29,42,52,43,50,41,45,41,44,45,42,42,46,41,40,41,44,43,43,45,45,49,27,50,33,37,31,31,31,43,32,45,33,26,32,27,40,44,44,42,43,41,40,37,40,99,38,45,43,44,80,37,44,39,40,32,40,41
EPI_ISL_14593736,156,154,154,151,150,96,146,105,97,104,101,97,125,99,99,83,101,105,87,101,97,90,95,80,81,98,98,77,77,78,98,78,76,76,78,14,32,18,0,81,81,20,82,82,34,3,6,21,87,87,87,33,67,79,83,92,89,84,84,77,79,79,77,79,78,81,82,80,78,82,78,83,75,79,77,80,83,81,74,79,80,77,81,73,82,87,81,77,83,84,73,79,76,77,75,79,75,77,79,73,83,68,85,74,84,76,85,85,84,73,81,80,79,79,85,74,93,84,79,77,77,85,74,80,76,76,83,81,77,75,82,84,78,35,83,81,86,86,84,79,82,84,84,80,82,80,83,80,77,122,31,70,31,18,56,43,25,40,27,32,30,32,27,30,28,22,29,31,48,72,38,56,30,69,73,50,31,31,37,60,27,30,59,34,32,34,67,32,35,56,29,58,53,41,32,23,42,53,29,28,27,28,89,25,66,39,46,47,65,68,45,22,34,62,60,25,36,74,31,49,29,51,41,67,28,34,25,29,47,56,42,90,30,47,41,30,33,33,60,40,62,42,62,52,56,51,58,66,61,56,61,52,19,54,58,51,56,58,64,54,59,63,56,43,40,41,38,39,36,41,51,32,37,36,52,37,43,57,58,64,33,41,50,42,37,39,53,119,34,45,103,38,64,63,52,46,49,51,50,57,35,39,38,47,37,47,46,47,43,47,47,33,58,41,36,37,34,47,47,32,48,34,51,44,43,45,42,43,42,44,34,35,43,46,61,41,37,56,29,44,45,45,45,54,45,51,46,39,45,46,48,42,38,43,37,45,39,43,40,34,40,32,50,42,32,47,46,29,33,43,32,43,283,33,33,40,40,34,43,43,43,54,56,44,43,44,43,30,36,50,50,47,37,49,50,56,47,51,50,43,30,51,36,35,51,45,49,50,39,47,53,29,45,45,42,48,48,36,43,49,48,45,52,49,46,48,45,50,37,46,42,35,30,48,46,33,45,33,34,43,34,46,46,44,45,31,44,54,45,52,43,47,43,46,47,44,44,48,43,42,43,46,45,45,47,47,51,29,52,35,39,33,33,33,45,34,47,35,28,34,29,42,46,46,44,45,43,42,39,42,101,40,47,45,46,82,39,46,41,42,34,42,43
EPI_ISL_14593741,163,158,161,158,157,106,153,116,108,115,112,119,146,130,130,120,132,134,124,122,122,37,38,25,26,41,41,22,22,23,41,23,21,21,23,75,63,81,81,0,24,83,1,1,65,84,87,84,30,30,32,72,93,44,28,37,34,29,29,48,48,49,46,48,49,40,53,49,49,51,47,52,46,50,48,49,40,50,43,52,51,48,50,46,51,76,50,46,52,57,44,48,47,46,44,52,46,46,48,44,53,66,54,43,53,70,54,54,73,44,50,49,48,50,56,45,62,31,50,46,48,54,48,55,49,49,54,50,48,46,51,31,23,98,30,28,33,33,29,24,29,31,29,27,29,25,30,25,44,148,80,84,82,81,105,52,78,77,78,85,79,81,78,83,79,85,82,80,99,86,77,109,81,87,87,95,80,84,88,81,78,81,80,77,67,69,77,67,72,66,78,72,74,74,71,68,52,63,80,79,76,79,109,72,76,73,76,68,75,94,71,75,69,76,82,76,75,90,82,98,78,101,78,81,79,85,76,80,84,104,81,104,81,70,78,79,84,86,78,69,72,65,72,62,66,61,69,78,75,67,69,64,82,64,68,64,66,68,73,64,69,71,73,71,69,69,67,68,69,68,66,71,70,65,62,65,66,67,73,74,72,74,73,65,65,70,63,129,67,55,132,67,93,71,62,75,59,61,60,67,64,68,67,57,66,57,56,57,53,76,57,66,68,51,65,66,65,57,59,61,58,67,61,54,59,61,65,58,54,54,67,58,53,56,71,57,66,66,62,60,55,55,55,64,55,62,56,68,55,56,58,63,61,53,66,55,68,68,65,67,59,59,60,60,61,66,56,62,60,53,60,53,293,61,62,59,58,61,58,66,64,64,66,58,55,54,72,63,63,60,60,57,66,59,60,66,57,61,60,58,61,61,67,66,61,55,59,62,54,62,63,62,55,55,57,58,58,65,72,59,58,55,62,59,56,56,55,60,66,56,56,62,63,58,56,62,60,62,63,58,63,56,56,54,58,60,54,64,55,61,53,57,53,56,56,54,54,58,53,52,53,56,55,55,57,57,61,62,67,64,68,62,62,62,55,61,62,56,61,59,62,52,56,56,54,55,53,52,54,52,111,50,57,55,56,92,51,58,56,52,61,52,53
EPI_ISL_14593744,162,157,160,157,156,106,152,115,107,114,111,119,145,129,129,119,131,133,123,121,121,37,36,23,24,39,39,20,20,21,39,21,19,19,21,73,63,81,81,24,0,83,25,25,65,84,87,84,6,6,32,72,93,44,28,37,34,29,29,48,48,50,40,48,49,50,53,49,49,51,47,52,46,50,48,49,52,50,43,52,51,48,50,46,51,76,50,46,52,57,44,48,47,46,38,52,46,46,48,44,53,66,54,43,53,70,54,54,73,44,50,49,48,50,56,45,62,31,50,46,48,54,49,55,49,49,54,50,48,46,51,31,21,98,30,28,33,33,29,24,29,31,29,26,29,25,30,21,44,148,80,84,82,81,105,52,78,77,78,85,79,83,78,83,79,85,80,80,99,86,77,109,81,87,87,97,80,84,88,81,78,81,78,77,67,69,75,67,72,66,78,72,74,74,71,68,52,63,80,79,76,79,109,72,76,73,76,68,75,94,71,75,68,76,82,76,75,90,82,98,78,102,78,81,79,85,76,80,84,105,81,104,81,70,78,79,84,86,78,69,72,65,72,62,66,61,69,78,75,67,69,64,82,64,68,64,66,68,73,64,69,71,73,71,69,69,67,68,69,68,66,71,70,65,62,65,66,67,72,74,72,74,73,65,65,68,63,129,67,55,132,67,93,71,62,75,59,61,60,67,64,68,67,57,66,57,56,57,53,76,57,66,68,51,65,66,65,57,59,61,58,67,61,54,59,61,65,58,54,54,67,58,53,56,71,57,66,66,62,60,55,55,55,64,55,62,56,68,55,56,58,63,61,53,68,55,68,68,65,67,59,59,60,60,61,66,56,62,60,53,60,53,293,61,62,59,58,61,58,66,64,64,66,58,55,54,72,63,63,60,60,57,66,59,60,66,57,61,60,58,61,61,67,66,61,55,59,62,54,62,63,62,55,55,57,58,58,65,72,59,58,55,62,59,56,56,55,60,66,56,56,62,63,58,56,62,60,62,63,58,63,56,56,54,60,60,54,64,55,62,53,57,53,56,56,54,54,58,53,52,53,56,55,55,56,57,61,62,67,64,68,62,62,62,55,61,62,58,61,59,62,52,56,56,54,55,53,52,54,52,111,50,57,55,56,92,51,58,56,52,61,52,53
EPI_ISL_14594235,157,155,155,152,151,97,147,106,97,105,102,98,126,102,102,86,104,108,90,104,100,92,97,82,83,100,100,79,79,80,100,80,78,78,80,10,34,2,20,83,83,0,84,84,36,23,26,5,89,87,89,35,69,81,85,94,91,86,86,77,79,79,77,79,78,81,82,80,78,82,78,83,75,80,77,80,83,81,74,79,80,77,81,73,82,87,81,78,83,84,73,79,76,77,75,79,75,77,79,73,83,68,85,75,84,76,86,86,84,73,81,80,79,79,85,76,93,86,79,77,77,85,74,80,76,76,83,81,77,75,82,86,80,39,85,83,88,88,86,81,84,86,86,82,84,82,85,82,79,124,29,70,33,18,54,43,29,40,29,34,30,30,29,32,26,26,29,31,50,73,40,58,30,69,73,48,29,33,35,60,29,32,59,34,32,34,67,32,35,56,29,58,53,41,32,23,42,53,27,30,25,30,89,25,66,39,46,47,65,70,45,24,34,62,60,23,36,74,31,47,27,53,41,67,26,32,28,27,47,56,42,90,32,45,41,29,35,35,60,40,62,42,62,52,56,51,58,66,61,56,61,52,21,54,58,51,56,58,64,54,57,63,56,43,40,41,38,39,36,41,51,34,37,36,52,37,41,57,58,64,35,39,48,40,37,39,53,119,34,45,103,38,64,63,52,46,49,51,50,57,35,39,38,47,37,47,46,47,43,47,47,33,58,41,36,37,34,47,47,32,48,34,51,44,43,45,42,41,42,44,34,35,43,46,61,41,37,56,29,44,45,45,45,54,45,51,46,39,45,46,48,42,38,43,37,45,39,43,40,34,40,32,50,42,32,47,46,29,33,43,32,43,283,33,33,40,40,34,43,43,43,54,56,44,43,44,43,30,36,50,50,47,37,49,50,56,47,51,50,43,30,51,36,35,51,45,49,50,39,47,53,29,45,45,42,48,48,36,43,49,48,45,52,49,46,48,45,50,37,46,42,35,30,48,46,33,45,33,34,43,34,46,46,44,45,31,44,54,45,52,43,47,43,46,47,44,44,48,43,42,43,46,45,45,47,47,51,29,52,35,39,33,33,33,45,34,47,35,28,34,29,42,46,46,44,45,43,42,39,42,101,40,47,45,46,82,39,46,41,42,34,42,43
EPI_ISL_14594242,164,159,162,159,158,107,154,117,109,116,113,120,147,131,131,121,133,135,125,123,123,38,39,26,27,42,42,23,23,24,42,24,22,22,24,76,64,82,82,1,25,84,0,2,66,85,88,85,31,31,33,73,94,45,29,38,35,30,30,49,49,50,47,49,50,41,54,50,50,52,48,53,47,51,49,50,41,51,44,53,52,49,51,47,52,77,51,47,53,58,45,49,48,47,45,53,47,47,49,45,54,67,55,44,54,71,55,55,74,45,51,50,49,51,57,46,63,32,51,47,49,55,49,56,50,50,55,51,49,47,52,32,24,99,31,29,34,34,30,25,30,32,30,28,30,26,31,26,45,149,81,85,83,82,106,53,79,78,79,86,80,82,79,84,80,86,83,81,100,87,78,110,82,88,88,96,81,85,89,82,79,82,81,78,68,70,78,68,73,67,79,73,75,75,72,69,53,64,81,80,77,80,110,73,77,74,77,69,76,95,72,76,70,77,83,77,76,91,83,99,79,102,79,82,80,86,77,81,85,105,82,105,82,71,79,80,85,87,79,70,73,66,73,63,67,62,70,79,76,68,70,65,83,65,69,65,67,69,74,65,70,72,74,72,70,70,68,69,70,69,67,72,71,66,63,66,67,68,74,75,73,75,74,66,66,71,64,130,68,56,133,68,94,72,63,76,60,62,61,68,65,69,68,58,67,58,57,58,54,77,58,67,69,52,66,67,66,58,60,62,59,68,62,55,60,62,66,59,55,55,68,59,54,57,72,58,67,67,63,61,56,56,56,65,56,63,57,69,56,57,59,64,62,54,67,56,69,69,66,68,60,60,61,61,62,67,57,63,61,54,61,54,294,62,63,60,59,62,59,67,65,65,67,59,56,55,73,64,64,61,61,58,67,60,61,67,58,62,61,59,62,62,68,67,62,56,60,63,55,63,64,63,56,56,58,59,59,66,73,60,59,56,63,60,57,57,56,61,67,57,57,63,64,59,57,63,61,63,64,59,64,57,57,55,59,61,55,65,56,62,54,58,54,57,57,55,55,59,54,53,54,57,56,56,58,58,62,63,68,65,69,63,63,63,56,62,63,57,62,60,63,53,57,57,55,56,54,53,55,53,112,51,58,56,57,93,52,59,57,53,62,53,54
EPI_ISL_14594243,164,159,162,159,158,107,154,117,109,116,113,120,147,131,131,121,133,135,125,123,123,38,39,26,27,42,42,23,23,24,42,24,22,22,24,76,64,82,82,1,25,84,2,0,66,85,88,85,31,31,33,73,94,45,29,38,35,30,30,49,49,50,47,49,50,41,54,50,50,52,48,53,47,51,49,50,41,51,44,53,52,49,51,47,52,77,51,47,53,58,45,49,48,47,45,53,47,47,49,45,54,67,55,44,54,71,55,55,74,45,51,50,49,51,57,46,63,32,51,47,49,55,49,56,50,50,55,51,49,47,52,32,24,99,31,29,34,34,30,25,30,32,30,28,30,26,31,26,45,149,81,85,83,82,106,53,79,78,79,86,80,82,79,84,80,86,83,81,100,87,78,110,82,88,88,96,81,85,89,82,79,82,81,78,68,70,78,68,73,67,79,73,75,75,72,69,53,64,81,80,77,80,110,73,77,74,77,69,76,95,72,76,70,77,83,77,76,91,83,99,79,102,79,82,80,86,77,81,85,105,82,105,82,71,79,80,85,87,79,70,73,66,73,63,67,62,70,79,76,68,70,65,83,65,69,65,67,69,74,65,70,72,74,72,70,70,68,69,70,69,67,72,71,66,63,66,67,68,74,75,73,75,74,66,66,71,64,130,68,56,133,68,94,72,63,76,60,62,61,68,65,69,68,58,67,58,57,58,54,77,58,67,69,52,66,67,66,58,60,62,59,68,62,55,60,62,66,59,55,55,68,59,54,57,72,58,67,67,63,61,56,56,56,65,56,63,57,69,56,57,59,64,62,54,67,56,69,69,66,68,60,60,61,61,62,67,57,63,61,54,61,54,294,62,63,60,59,62,59,67,65,65,67,59,56,55,73,64,64,61,61,58,67,60,61,67,58,62,61,59,62,62,68,67,62,56,60,63,55,63,64,63,56,56,58,59,59,66,73,60,59,56,63,60,57,57,56,61,67,57,57,63,64,59,57,63,61,63,64,59,64,57,57,55,59,61,55,65,56,62,54,58,54,57,57,55,55,59,54,53,54,57,56,56,58,58,62,63,68,65,69,63,63,63,56,62,63,57,62,60,63,53,57,57,55,56,54,53,55,53,112,51,58,56,57,93,52,59,57,53,62,53,54
EPI_ISL_14594244,140,138,138,135,134,80,131,89,81,88,85,93,121,101,101,85,103,107,89,91,89,74,79,64,65,82,82,61,61,62,82,62,60,60,62,28,2,34,34,65,65,36,66,66,0,37,40,37,71,71,71,17,63,63,67,76,73,68,68,61,63,63,61,63,62,65,66,64,62,66,62,67,59,63,61,64,67,65,58,63,64,63,65,57,66,71,65,61,67,68,57,63,62,61,59,65,59,61,63,57,67,54,69,58,68,60,69,69,68,57,65,64,63,63,69,60,77,68,63,61,61,69,58,64,60,60,67,65,61,59,66,68,62,53,67,65,70,70,68,63,66,68,68,64,66,64,67,64,61,118,33,54,35,34,58,27,31,20,31,38,32,36,31,36,32,40,35,33,52,56,22,62,34,57,57,52,33,37,41,46,31,34,45,22,10,14,51,14,17,40,31,42,39,21,18,21,26,37,33,32,31,34,77,25,50,23,32,33,49,64,33,28,16,46,56,29,20,60,35,51,31,55,21,51,32,38,29,33,29,58,26,74,34,33,23,32,37,39,48,30,46,28,46,36,40,35,43,51,46,40,45,36,35,38,42,36,40,42,48,38,43,47,42,33,30,31,28,29,26,31,35,16,27,26,36,27,29,41,42,48,17,31,36,28,27,29,37,103,24,29,93,28,54,47,36,36,33,35,34,41,25,29,28,31,27,31,30,31,27,37,31,23,42,25,26,27,24,31,33,22,32,24,35,28,33,33,26,25,28,28,24,21,27,30,45,27,27,38,19,30,29,29,29,36,29,36,30,29,29,30,32,28,24,27,25,29,29,31,26,24,26,20,34,30,22,33,30,19,21,27,22,27,267,23,23,26,28,22,27,29,33,38,40,30,27,28,33,20,24,34,34,31,27,33,34,40,31,35,34,27,20,35,26,25,35,29,33,36,23,31,37,19,29,29,26,32,32,26,33,33,32,29,36,33,30,32,29,34,27,30,28,25,20,32,30,23,29,23,24,27,24,30,30,28,29,21,28,38,29,36,27,31,27,30,31,28,28,32,27,26,27,30,29,29,31,31,35,19,36,25,29,23,23,23,29,24,31,21,18,20,19,26,30,30,28,29,27,26,23,26,85,24,31,29,30,66,23,32,25,26,22,26,27
EPI_ISL_14594245,159,157,157,154,153,99,149,108,100,107,104,100,128,102,102,86,104,108,90,104,100,93,98,83,84,101,101,80,80,81,101,81,79,79,81,17,35,21,3,84,84,23,85,85,37,0,9,24,90,90,90,36,70,82,86,95,92,87,87,80,82,82,80,82,81,84,85,83,81,85,81,86,78,82,80,83,86,84,77,82,83,80,84,76,85,90,84,80,86,87,76,82,79,80,78,82,78,80,82,76,86,71,88,77,87,79,88,88,87,76,84,83,82,82,88,77,96,87,82,80,80,88,77,83,79,79,86,84,80,78,85,87,81,38,86,84,89,89,87,82,85,87,87,83,85,83,86,83,80,125,34,73,34,21,59,46,28,43,30,35,33,35,30,33,31,25,32,34,51,75,41,59,33,72,76,53,34,34,40,63,30,33,62,37,35,37,70,35,38,59,32,61,56,44,35,26,45,56,32,31,30,31,92,28,69,42,49,50,68,71,48,25,37,65,63,28,39,77,34,52,32,54,44,70,31,37,28,32,50,59,45,93,33,50,44,33,36,36,63,43,65,45,65,55,59,54,61,69,64,59,64,55,22,57,61,54,59,61,67,57,62,66,59,46,43,44,41,42,39,44,54,35,40,39,55,40,46,60,61,67,36,44,53,45,40,42,56,122,37,48,106,41,67,66,55,49,52,54,53,60,38,42,41,50,40,50,49,50,46,50,50,36,61,44,39,40,37,50,50,35,51,37,54,47,46,48,45,46,45,47,37,38,46,49,64,44,40,59,32,47,48,48,48,57,48,54,49,42,48,49,51,45,41,46,40,48,42,46,43,37,43,35,53,45,35,50,49,32,36,46,35,46,286,36,36,43,43,37,46,46,46,57,59,47,46,47,46,33,39,53,53,50,40,52,53,59,50,54,53,46,33,54,39,38,54,48,52,53,42,50,56,32,48,48,45,51,51,39,46,52,51,48,55,52,49,51,48,53,40,49,45,38,33,51,49,36,48,36,37,46,37,49,49,47,48,34,47,57,48,55,46,50,46,49,50,47,47,51,46,45,46,49,48,48,50,50,54,32,55,38,42,36,36,36,48,37,50,38,31,37,32,45,49,49,47,48,46,45,42,45,104,43,50,48,49,85,42,49,44,45,37,45,46
EPI_ISL_14594247,162,160,160,157,156,102,152,111,103,110,107,103,131,105,105,89,107,111,93,107,103,96,101,86,87,104,104,83,83,84,104,84,82,82,84,20,38,24,6,87,87,26,88,88,40,9,0,27,93,93,93,39,73,85,89,98,95,90,90,83,85,85,83,85,84,87,88,86,84,88,84,89,81,85,83,86,89,87,80,85,86,83,87,79,88,93,87,83,89,90,79,85,82,83,81,85,81,83,85,79,89,74,91,80,90,82,91,91,90,79,87,86,85,85,91,80,99,90,85,83,83,91,80,86,82,82,89,87,83,81,88,90,84,41,89,87,92,92,90,85,88,90,90,86,88,86,89,86,83,128,37,76,37,24,62,49,31,46,33,38,36,38,33,36,34,28,35,37,54,78,44,62,36,75,79,56,37,37,43,66,33,36,65,40,38,40,73,38,41,62,35,64,59,47,38,29,48,59,35,34,33,34,95,31,72,45,52,53,71,74,51,28,40,68,66,31,42,80,37,55,35,57,47,73,34,40,31,35,53,62,48,96,36,53,47,36,39,39,66,46,68,48,68,58,62,57,64,72,67,62,67,58,25,60,64,57,62,64,70,60,65,69,62,49,46,47,44,45,42,47,57,38,43,42,58,43,49,63,64,70,39,47,56,48,43,45,59,125,40,51,109,44,70,69,58,52,55,57,56,63,41,45,44,53,43,53,52,53,49,53,53,39,64,47,42,43,40,53,53,38,54,40,57,50,49,51,48,49,48,50,40,41,49,52,67,47,43,62,35,50,51,51,51,60,51,57,52,45,51,52,54,48,44,49,43,51,45,49,46,40,46,38,56,48,38,53,52,35,39,49,38,49,289,39,39,46,46,40,49,49,49,60,62,50,49,50,49,36,42,56,56,53,43,55,56,62,53,57,56,49,36,57,42,41,57,51,55,56,45,53,59,35,51,51,48,54,54,42,49,55,54,51,58,55,52,54,51,56,43,52,48,41,36,54,52,39,51,39,40,49,40,52,52,50,51,37,50,60,51,58,49,53,49,52,53,50,50,54,49,48,49,52,51,51,53,53,57,35,58,41,45,39,39,38,51,40,53,41,34,40,35,48,52,52,50,51,49,48,45,48,107,46,53,51,52,88,45,52,47,48,40,48,49
EPI_ISL_14594249,158,156,156,153,152,98,148,107,98,106,103,99,127,103,103,87,105,109,91,105,101,93,98,83,84,101,101,80,80,81,101,81,79,79,81,11,35,3,21,84,84,5,85,85,37,24,27,0,90,90,90,36,70,82,86,95,92,87,87,78,80,80,78,80,79,82,83,81,79,83,79,84,76,81,78,81,84,82,75,80,81,78,82,74,83,88,82,79,84,85,74,80,77,78,76,80,76,78,80,74,84,69,86,76,85,77,87,87,85,74,82,81,80,80,86,77,94,87,80,78,78,86,75,81,77,77,84,82,78,76,83,87,81,40,86,84,89,89,87,82,85,87,87,83,85,83,86,83,80,125,30,71,34,19,55,44,30,41,30,35,31,31,30,33,27,27,30,32,51,74,41,59,31,70,74,49,30,34,36,61,30,33,60,35,33,35,68,33,36,57,30,59,54,42,33,24,43,54,28,31,26,31,90,26,67,40,47,48,66,71,46,25,35,63,61,24,37,75,32,48,28,54,42,68,27,33,29,28,48,57,43,91,33,46,42,30,36,36,61,41,63,43,63,53,57,52,59,67,62,57,62,53,22,55,59,52,57,59,65,55,58,64,57,44,41,42,39,40,37,42,52,35,38,37,53,38,42,58,59,65,36,40,49,41,38,40,54,120,35,46,104,39,65,64,53,47,50,52,51,58,36,40,39,48,38,48,47,48,44,48,48,34,59,42,37,38,35,48,48,33,49,35,52,45,44,46,43,42,43,45,35,36,44,47,62,42,38,57,30,45,46,46,46,55,46,52,47,40,46,47,49,43,39,44,38,46,40,44,41,35,41,33,51,43,33,48,47,30,34,44,33,44,284,34,34,41,41,35,44,44,44,55,57,45,44,45,44,31,37,51,51,48,38,50,51,57,48,52,51,44,31,52,37,36,52,46,50,51,40,48,54,30,46,46,43,49,49,37,44,50,49,46,53,50,47,49,46,51,38,47,43,36,31,49,47,34,46,34,35,44,35,47,47,45,46,32,45,55,46,53,44,48,44,47,48,45,45,49,44,43,44,47,46,46,48,48,52,30,53,36,40,34,34,34,46,35,48,36,29,35,30,43,47,47,45,46,44,43,40,43,102,41,48,46,47,83,40,47,42,43,35,43,44
EPI_ISL_14594251,168,163,166,163,162,112,158,121,113,120,117,125,151,135,135,125,137,139,129,127,127,43,42,29,30,45,45,26,26,27,45,27,25,25,27,79,69,87,87,30,6,89,31,31,71,90,93,90,0,8,38,78,99,50,34,43,40,35,35,54,54,56,46,54,55,56,59,55,55,57,53,58,52,56,54,55,58,56,49,58,57,54,56,52,57,82,56,52,58,63,50,54,53,52,44,58,52,52,54,50,59,72,60,49,59,76,60,60,79,50,56,55,54,56,62,51,68,37,56,52,54,60,55,61,55,55,60,56,54,52,57,37,27,104,36,34,39,39,35,30,35,37,35,32,35,31,36,27,50,154,86,90,88,87,111,58,84,83,84,91,85,89,84,89,85,91,86,86,105,92,83,115,87,93,93,103,86,90,94,87,84,87,84,83,73,75,81,73,78,72,84,78,80,80,77,74,58,69,86,85,82,85,115,78,82,79,82,74,81,100,77,81,74,82,88,82,81,96,88,104,84,108,84,87,85,91,82,86,90,111,87,110,87,76,84,85,90,92,84,75,78,71,78,68,72,67,75,84,81,73,75,70,88,70,74,70,72,74,79,70,75,77,79,77,75,75,73,74,75,74,72,77,76,71,68,71,72,73,78,80,78,80,79,71,71,74,69,135,73,61,138,73,99,77,68,81,65,67,66,73,70,74,73,63,72,63,62,63,59,82,63,72,74,57,71,72,71,63,65,67,64,73,67,60,65,67,71,64,60,60,73,64,59,62,77,63,72,72,68,66,61,61,61,70,61,68,62,74,61,62,64,69,67,59,74,61,74,74,71,73,65,65,66,66,67,72,62,68,66,59,66,59,299,67,68,65,64,67,64,72,70,70,72,64,61,60,78,69,69,66,66,63,72,65,66,72,63,67,66,64,67,67,73,72,67,61,65,68,60,68,69,68,61,61,63,64,64,71,78,65,64,61,68,65,62,62,61,66,72,62,62,68,69,64,62,68,66,68,69,64,69,62,62,60,66,66,60,70,61,68,59,63,59,62,62,60,60,64,59,58,59,62,61,61,62,63,67,68,73,70,74,68,68,68,61,67,68,64,67,65,68,58,62,62,60,61,59,58,60,58,117,56,63,61,62,98,57,64,62,58,67,58,59
EPI_ISL_14594252,168,163,166,163,162,112,158,121,113,120,117,125,151,135,135,125,137,139,129,127,127,43,42,29,30,45,45,26,26,27,45,27,25,25,27,79,69,87,87,30,6,87,31,31,71,90,93,90,8,0,38,78,99,50,34,43,40,35,35,54,54,56,46,54,55,56,59,55,55,57,53,58,52,56,54,55,58,56,49,58,57,54,56,52,57,82,56,52,58,63,50,54,53,52,44,58,52,52,54,50,59,72,60,49,59,76,60,60,79,50,56,55,54,56,62,51,68,37,56,52,54,60,55,61,55,55,60,56,54,52,57,37,27,104,36,34,39,39,35,30,35,37,35,32,35,31,36,27,50,154,86,90,88,87,111,58,84,83,84,91,85,89,84,89,85,91,86,86,105,92,83,115,87,93,93,103,86,90,94,87,84,87,84,83,73,75,81,73,78,72,84,78,80,80,77,74,58,69,86,85,82,85,115,78,82,79,82,74,81,100,77,81,74,82,88,82,81,96,88,104,84,108,84,87,85,91,82,86,90,111,87,110,87,76,84,85,90,92,84,75,78,71,78,68,72,67,75,84,81,73,75,70,88,70,74,70,72,74,79,70,75,77,79,77,75,75,73,74,75,74,72,77,76,71,68,71,72,73,78,80,78,80,79,71,71,74,69,135,73,61,138,73,99,77,68,81,65,67,66,73,70,74,73,63,72,63,62,63,59,82,63,72,74,57,71,72,71,63,65,67,64,73,67,60,65,67,71,64,60,60,73,64,59,62,77,63,72,72,68,66,61,61,61,70,61,68,62,74,61,62,64,69,67,59,74,61,74,74,71,73,65,65,66,66,67,72,62,68,66,59,66,59,299,67,68,65,64,67,64,72,70,70,72,64,61,60,78,69,69,66,66,63,72,65,66,72,63,67,66,64,67,67,73,72,67,61,65,68,60,68,69,68,61,61,63,64,64,71,78,65,64,61,68,65,62,62,61,66,72,62,62,68,69,64,62,68,66,68,69,64,69,62,62,60,66,66,60,70,61,68,59,63,59,62,62,60,60,64,59,58,59,62,61,61,62,63,67,68,73,70,74,68,68,68,61,67,68,64,67,65,68,58,62,62,60,61,59,58,60,58,117,56,63,61,62,98,57,64,62,58,67,58,59
EPI_ISL_17989126,167,162,165,162,161,112,157,120,112,119,116,123,150,134,134,124,136,138,128,126,126,35,44,31,32,47,47,28,28,29,47,29,27,27,29,81,69,87,87,32,32,89,33,33,71,90,93,90,38,38,0,78,99,46,26,35,32,27,19,50,48,52,48,52,51,52,55,51,49,53,47,52,46,52,48,51,54,50,45,54,53,50,52,48,53,78,52,48,52,59,46,50,49,48,46,54,48,46,52,46,55,70,54,45,55,74,54,54,75,46,52,51,50,52,58,47,64,29,54,48,50,56,51,57,51,51,56,52,50,48,53,29,21,102,28,26,31,31,27,22,27,29,27,25,27,23,28,31,44,154,84,90,86,85,109,58,82,83,82,89,83,87,82,87,83,89,86,84,103,92,83,113,85,93,93,101,84,88,92,85,82,85,84,81,73,75,83,73,78,72,82,78,78,80,77,72,58,69,84,83,80,83,115,76,82,79,82,74,81,100,75,79,75,82,88,80,81,96,86,102,82,106,84,87,83,89,80,84,90,109,87,110,85,76,84,83,88,90,84,75,76,71,78,68,72,65,75,84,81,72,75,70,86,70,74,70,72,74,79,70,75,77,79,77,75,75,73,74,75,74,72,77,76,71,68,71,72,73,77,80,78,80,79,71,71,74,69,133,73,61,138,73,99,75,68,79,65,67,66,73,70,74,73,63,72,63,62,63,59,82,63,72,74,57,71,72,71,63,65,67,64,73,67,60,65,67,71,64,60,60,73,64,59,62,77,63,72,72,68,66,61,61,61,70,61,68,62,74,61,62,64,69,67,59,74,61,74,74,71,73,65,65,66,66,67,72,62,68,66,59,66,59,298,67,68,65,64,67,64,72,70,70,72,64,61,60,78,69,69,66,64,61,72,65,66,72,63,67,66,62,67,67,73,72,67,61,65,68,60,68,69,68,61,61,63,64,64,71,78,65,64,61,68,65,62,62,61,66,72,62,62,68,69,64,62,68,66,68,69,62,69,62,62,60,66,66,60,70,61,68,59,63,59,62,62,60,60,64,59,58,59,62,61,61,63,63,67,68,73,70,74,68,68,68,61,67,68,64,67,65,68,58,62,62,60,61,59,58,60,58,117,56,63,61,62,98,57,64,62,58,67,58,59
EPI_ISL_9047399,147,145,145,142,141,87,138,96,88,95,92,100,128,106,106,88,108,112,92,94,90,81,86,71,72,89,89,68,68,69,89,69,67,67,69,29,15,33,33,72,72,35,73,73,17,36,39,36,78,78,78,0,70,70,74,83,80,75,75,68,70,70,68,70,69,72,73,71,69,73,69,74,66,70,68,71,74,72,65,70,71,68,72,64,73,78,72,68,74,75,64,70,67,68,66,72,66,68,70,64,74,61,76,65,75,67,76,76,75,64,72,71,70,70,76,67,84,75,70,68,68,76,65,71,67,67,74,72,68,66,73,75,69,46,74,72,77,77,75,70,73,75,75,71,73,71,74,71,68,125,28,61,30,27,53,34,26,17,26,31,27,29,26,29,25,33,28,28,47,63,15,55,27,60,64,47,28,30,34,51,26,29,50,17,11,15,58,15,14,47,30,49,44,26,15,24,33,44,26,27,24,27,84,26,57,24,31,38,56,71,36,23,13,53,63,22,15,65,28,46,26,50,18,58,25,31,24,26,24,53,19,81,29,38,18,27,32,32,53,31,53,33,53,43,47,42,49,57,52,47,52,43,28,45,49,42,47,47,55,45,50,54,47,34,31,32,29,30,27,32,42,9,26,27,43,28,34,48,49,55,10,32,41,33,28,28,44,110,23,36,94,29,55,54,43,37,40,42,41,48,26,30,29,38,28,38,37,38,34,38,38,24,49,32,27,28,25,38,38,23,39,23,42,35,34,36,33,34,33,35,23,26,34,37,52,30,28,47,20,35,36,36,36,45,36,43,37,30,36,37,39,33,29,34,26,36,30,34,31,23,31,23,41,33,23,38,37,18,24,34,23,34,274,24,24,31,31,25,34,34,34,45,47,35,34,35,34,19,27,41,41,38,28,40,41,47,38,42,41,34,19,42,25,24,42,36,40,41,30,38,44,18,36,36,33,39,39,27,34,40,39,36,43,40,37,39,36,41,28,37,33,26,19,39,37,24,36,24,25,34,25,37,37,35,36,22,35,45,36,43,34,38,34,37,38,35,35,39,34,33,34,37,36,36,38,38,42,18,43,26,30,24,24,24,36,25,38,26,17,25,20,33,37,37,35,36,34,33,30,33,92,31,38,36,37,73,30,37,32,33,25,33,34
EPI_ISL_9047397,137,135,135,132,131,83,134,94,86,93,90,86,114,116,116,108,112,120,112,120,120,102,107,92,93,110,110,87,87,88,110,90,88,88,90,61,61,67,67,93,93,69,94,94,63,70,73,70,99,99,99,70,0,89,95,104,101,96,94,89,91,91,89,91,90,93,94,92,90,94,90,95,87,91,89,92,95,93,86,91,92,91,93,85,94,97,93,89,95,97,85,91,90,89,87,93,87,89,91,85,95,79,97,86,96,86,97,97,94,85,93,92,91,91,97,88,105,96,91,89,89,97,86,93,88,88,95,93,89,87,94,96,90,86,95,93,98,98,96,91,94,96,90,92,94,92,95,92,87,65,74,38,78,67,103,52,74,73,74,83,75,79,76,79,77,71,80,74,97,39,75,107,75,40,40,95,76,80,84,77,72,79,76,73,65,67,76,65,70,65,76,29,70,72,69,66,51,60,76,75,72,77,46,70,75,72,77,62,74,11,66,73,67,31,69,74,71,43,78,96,72,100,72,33,77,79,72,76,78,103,74,63,75,65,72,75,80,80,33,63,71,60,71,61,65,60,68,76,73,66,70,62,68,63,67,63,65,67,74,61,68,72,67,66,63,64,61,62,63,63,60,69,64,59,59,60,61,64,67,67,70,68,68,60,60,66,62,128,61,54,126,61,87,72,61,69,58,60,59,66,58,62,61,56,60,56,55,56,52,70,56,60,67,50,59,60,59,56,58,55,57,61,60,53,58,60,59,52,53,53,61,52,52,55,70,56,60,65,56,59,54,54,54,63,54,60,55,62,54,55,57,57,55,52,62,54,62,62,59,61,53,53,59,59,55,60,55,56,54,52,55,52,292,56,56,53,57,55,52,60,64,61,65,57,54,53,66,57,57,59,59,56,60,58,59,65,54,60,59,52,55,60,61,60,60,54,58,61,48,56,62,56,54,54,45,55,55,59,66,58,55,54,59,56,55,57,54,59,60,55,55,56,57,57,55,56,54,56,57,52,57,55,53,53,54,54,53,63,54,61,52,56,52,55,56,53,53,57,52,51,52,55,54,52,56,54,58,56,61,58,62,56,56,56,54,57,56,52,55,53,56,51,55,55,53,54,52,51,48,51,110,49,56,54,55,91,50,57,50,51,55,51,52
EPI_ISL_9047365,161,156,159,156,155,104,149,114,106,113,110,117,144,128,130,120,130,132,124,122,122,49,58,43,44,61,61,40,40,41,61,41,39,39,41,73,61,79,79,44,44,81,45,45,63,82,85,82,50,50,46,70,89,0,42,51,46,43,43,60,62,64,60,64,61,64,65,63,61,65,61,66,58,62,60,63,64,64,57,60,63,62,64,56,65,57,64,60,66,69,56,62,61,60,58,64,58,60,64,56,65,70,68,57,67,59,68,68,54,56,64,63,62,62,68,59,76,43,64,60,60,68,57,65,59,59,66,64,60,58,65,43,37,96,42,40,45,45,43,38,41,43,43,39,39,39,42,43,25,144,74,80,78,77,101,48,72,71,72,81,73,77,74,79,75,81,78,74,95,82,75,105,75,83,83,93,76,78,82,77,72,77,76,73,65,67,73,65,70,60,74,68,70,72,69,64,48,59,76,75,72,77,105,68,72,69,72,64,71,90,67,71,67,72,78,72,73,86,76,94,72,98,74,77,75,79,70,74,80,101,77,100,75,66,74,75,78,80,74,65,68,61,68,58,60,57,63,74,71,63,67,60,78,58,64,60,62,62,70,60,65,67,69,67,65,65,63,64,65,64,62,69,66,61,58,61,62,63,67,68,70,70,69,61,61,68,59,125,63,51,127,61,89,67,58,71,55,57,56,63,60,64,63,53,62,53,52,53,49,72,53,62,64,47,61,62,61,53,55,57,54,63,57,50,55,57,61,54,50,50,63,54,49,52,67,53,62,62,58,56,51,51,51,60,51,58,52,64,51,52,54,59,57,49,64,51,64,64,61,63,55,55,56,56,57,62,52,58,56,49,56,49,288,57,58,55,54,57,54,62,60,60,62,54,51,50,68,59,59,56,56,53,62,55,56,62,53,57,56,54,57,57,63,62,57,51,55,58,50,58,59,58,51,51,53,54,54,61,68,55,54,51,58,55,52,54,51,56,62,52,52,58,59,54,52,58,56,58,59,54,59,52,52,50,56,56,48,60,51,58,49,53,49,52,52,50,50,54,49,48,49,52,51,51,53,53,57,58,63,60,64,58,58,58,51,57,58,54,57,55,58,48,52,52,50,51,49,48,50,48,107,46,53,51,52,88,47,54,52,48,57,48,49
EPI_ISL_8205821,163,158,161,158,157,108,153,114,106,113,110,119,146,130,130,120,132,134,124,122,122,31,40,27,28,43,43,24,24,25,43,25,23,23,25,77,65,83,83,28,28,85,29,29,67,86,89,86,34,34,26,74,95,42,0,31,28,23,23,46,36,48,44,48,47,48,51,47,45,41,43,40,42,48,44,39,50,38,41,50,49,46,48,44,49,74,48,44,44,55,42,42,45,44,42,50,44,42,48,42,51,66,46,41,47,70,44,46,71,42,48,47,46,48,54,43,60,25,50,44,46,52,47,53,47,47,52,48,46,44,49,25,17,98,24,22,27,27,23,10,23,25,15,21,23,15,24,27,40,150,80,86,82,81,105,54,78,79,78,85,79,83,78,83,79,85,82,80,99,88,79,109,81,89,89,97,80,84,88,79,78,81,80,77,69,71,79,69,74,68,78,74,74,76,73,68,54,65,80,79,76,79,111,72,78,75,78,70,77,96,73,75,71,78,84,76,77,92,82,98,78,102,80,83,79,85,76,80,86,105,83,106,81,72,80,79,84,86,80,71,74,67,74,64,68,63,71,80,77,69,71,66,82,66,70,66,68,70,75,66,71,73,75,73,71,71,69,70,71,70,68,73,72,67,64,67,68,69,75,76,74,76,75,67,67,72,65,131,69,57,134,69,95,71,64,77,61,63,62,69,66,70,69,59,68,59,58,59,55,78,59,68,70,53,67,68,67,59,61,63,60,69,63,56,61,63,67,60,56,56,69,60,55,58,73,59,68,68,64,62,57,57,57,66,57,64,58,70,57,58,60,65,63,55,70,57,70,70,67,69,61,61,62,62,63,68,58,64,62,55,62,55,295,63,64,61,60,63,60,68,64,66,68,60,57,56,74,65,65,60,62,59,68,61,62,68,59,63,62,60,63,63,69,68,63,57,61,64,56,64,65,64,57,57,59,60,60,67,74,61,60,57,64,61,58,58,57,62,68,58,58,64,65,60,58,64,62,64,65,60,65,58,58,54,62,62,56,66,57,64,55,59,55,58,58,56,56,60,55,54,55,58,57,57,59,59,63,64,69,66,70,64,64,64,57,63,64,60,63,61,64,54,58,58,56,57,55,54,56,54,113,52,59,57,58,94,53,60,58,54,63,54,55
EPI_ISL_8205828,172,167,170,167,166,117,162,125,117,124,121,128,155,139,139,129,141,143,133,131,131,40,49,36,37,52,52,33,33,34,52,34,32,32,34,86,74,92,92,37,37,94,38,38,76,95,98,95,43,43,35,83,104,51,31,0,37,22,32,55,53,57,53,57,55,57,60,46,54,58,52,57,51,57,53,56,59,55,40,59,58,55,57,53,58,83,49,53,57,64,51,55,54,53,51,51,53,51,56,51,60,75,59,50,60,79,59,59,80,51,57,46,45,57,63,42,69,34,59,53,55,61,56,62,56,56,60,57,55,53,58,34,26,107,33,31,36,36,32,27,32,34,32,30,32,28,33,36,49,159,89,95,91,90,114,63,87,88,87,94,88,92,87,92,88,94,91,89,108,97,88,118,90,98,98,106,89,93,97,90,87,90,89,86,78,80,88,78,83,77,87,83,83,85,82,77,63,74,89,88,85,88,120,81,87,84,87,79,86,105,82,84,80,87,92,85,86,101,91,107,87,111,89,92,88,94,85,89,95,114,92,115,90,81,89,88,93,95,89,80,83,76,83,73,77,72,80,89,86,78,80,75,91,75,79,75,77,79,84,75,80,82,84,82,80,80,78,79,80,79,77,82,81,76,73,76,77,78,84,85,83,85,84,76,76,81,74,140,78,66,143,78,104,82,73,86,70,72,71,78,75,79,78,68,77,68,67,68,64,87,68,77,79,62,76,77,76,68,70,72,69,78,72,65,70,72,76,69,65,65,78,69,64,67,82,68,77,77,73,71,66,66,66,75,66,73,67,79,66,67,69,74,72,64,79,66,79,79,76,78,70,70,71,71,72,77,67,73,71,64,71,64,304,72,73,70,69,72,69,77,75,75,77,69,66,65,83,74,74,71,71,68,77,70,71,77,68,72,71,69,72,72,78,77,72,66,70,73,65,73,74,73,66,66,68,69,69,76,83,70,69,66,73,70,67,67,66,71,77,67,67,73,74,69,67,73,71,73,74,69,74,67,67,65,71,71,65,75,66,73,64,68,64,67,67,65,65,69,64,63,64,67,66,66,68,68,72,73,78,75,79,73,73,73,66,72,73,69,72,70,73,63,67,67,65,66,64,63,65,63,122,61,68,66,67,103,62,69,67,63,72,63,64
EPI_ISL_8205820,169,164,167,164,163,114,159,122,114,121,118,125,152,136,136,126,138,140,130,128,128,37,46,33,34,49,49,30,30,31,49,31,29,29,31,83,71,89,89,34,34,91,35,35,73,92,95,92,40,40,32,80,101,46,28,37,0,29,29,52,50,54,50,54,53,54,57,53,51,55,49,54,48,54,50,53,56,52,47,56,55,52,54,50,55,80,54,50,54,61,48,52,51,50,48,56,50,48,54,48,55,72,56,47,57,76,56,56,77,48,54,53,52,54,60,49,66,31,56,50,52,58,53,59,53,53,58,52,52,50,37,31,23,104,30,28,33,33,29,24,29,31,29,27,29,25,28,31,46,156,86,92,88,87,111,60,84,85,84,91,85,89,84,89,85,91,88,86,105,94,85,115,87,95,95,103,86,90,94,85,84,87,86,83,75,77,85,75,80,74,84,80,80,82,79,74,60,69,86,85,82,83,117,78,84,81,84,76,83,102,79,81,77,84,90,82,83,98,88,104,84,106,86,89,85,91,82,86,92,111,89,112,87,78,86,85,90,92,86,77,80,73,80,70,74,69,77,86,83,75,77,72,88,72,76,72,74,76,80,72,77,77,81,79,77,77,75,76,77,76,74,79,78,73,70,73,74,75,81,82,80,82,81,73,73,78,71,137,75,63,140,75,101,79,70,83,67,69,68,75,72,76,75,65,72,65,64,65,61,82,65,74,76,59,71,74,73,65,67,69,66,75,69,62,67,69,73,66,62,62,75,66,61,64,79,65,74,74,70,68,63,63,63,72,63,70,64,76,63,62,66,71,69,61,76,63,76,76,73,75,67,67,68,68,69,74,64,70,68,61,68,61,301,69,70,67,66,69,66,74,72,72,74,66,63,62,80,71,71,68,68,65,74,67,68,74,65,69,68,66,69,69,75,74,69,63,67,70,62,70,71,70,63,63,65,66,66,73,80,67,66,63,70,67,64,64,63,68,74,64,64,70,71,66,64,70,68,70,71,66,71,64,64,62,68,68,60,72,63,70,61,65,61,64,64,62,62,66,61,60,61,64,63,63,65,65,69,70,75,72,76,70,70,70,63,69,70,66,69,67,70,60,64,64,62,63,61,60,62,60,119,58,65,63,64,100,59,66,64,60,69,60,61
EPI_ISL_8205826,164,159,162,159,158,109,154,117,109,116,113,120,147,131,131,121,133,135,125,123,123,32,41,28,29,44,44,25,25,26,44,26,24,24,26,78,66,84,84,29,29,86,30,30,68,87,90,87,35,35,27,75,96,43,23,22,29,0,24,47,45,49,45,49,47,49,52,38,46,50,44,49,43,49,45,48,51,47,30,51,50,47,49,45,50,75,41,45,49,56,43,47,46,45,43,43,45,43,48,43,52,67,51,42,52,71,51,51,72,43,49,38,37,49,55,34,61,26,51,45,47,51,48,54,48,48,52,49,47,45,50,26,18,99,25,23,28,28,24,19,24,26,24,22,24,20,25,28,41,151,81,87,83,82,106,55,79,80,79,86,80,84,79,84,80,86,83,81,100,89,80,110,82,90,90,98,81,85,89,82,79,82,81,78,70,72,80,70,75,69,79,75,75,77,74,69,55,66,81,80,77,80,112,73,79,76,79,71,78,97,74,76,72,79,84,77,78,93,83,99,79,103,81,84,80,86,77,81,87,106,84,107,82,73,81,80,85,87,81,72,75,68,75,65,69,64,72,81,78,70,72,67,83,67,71,67,69,71,76,67,72,74,74,74,72,72,70,71,72,71,69,74,73,68,65,68,69,70,76,77,75,77,76,68,68,73,66,132,70,58,135,70,96,74,65,78,62,64,63,70,67,71,70,60,69,60,59,60,56,79,60,69,71,54,68,69,68,60,62,64,61,70,64,57,62,64,68,61,57,57,70,61,56,59,74,60,69,69,65,63,58,58,58,67,58,65,59,71,58,59,61,66,64,56,71,58,71,71,68,70,62,62,63,63,64,69,59,65,63,56,63,56,296,64,65,62,61,64,61,69,67,67,69,61,58,57,75,66,66,63,63,60,69,62,63,69,60,64,63,61,64,64,70,69,64,58,62,65,57,65,66,65,58,58,60,61,61,68,75,62,61,58,65,62,59,59,58,63,69,59,59,65,66,61,59,65,63,65,66,61,66,59,59,57,63,63,57,67,58,65,56,60,56,59,59,57,57,61,56,55,56,59,58,58,60,60,64,65,70,67,71,65,65,65,58,64,65,61,64,62,65,55,59,59,57,58,56,55,57,55,114,53,60,58,59,95,54,61,59,55,64,55,56
EPI_ISL_8205814,164,159,162,159,158,109,154,117,109,116,113,120,147,131,129,121,133,135,125,123,123,32,41,28,29,44,44,25,25,26,44,26,24,24,26,78,66,84,84,29,29,86,30,30,68,87,90,87,35,35,19,75,94,43,23,32,29,24,0,47,45,49,45,49,48,49,52,48,46,50,44,49,42,49,45,48,51,47,42,51,50,47,49,45,50,75,49,45,49,56,43,47,46,45,43,51,45,43,49,43,52,67,50,42,52,71,50,50,72,43,49,48,47,49,55,44,61,26,51,45,47,53,48,54,48,48,53,49,47,45,50,26,18,99,25,23,28,28,24,19,24,26,24,22,24,20,25,28,41,151,81,87,83,82,106,55,79,80,79,86,80,84,79,84,80,86,83,81,100,89,80,110,82,90,90,98,81,85,89,79,79,82,79,78,70,72,80,70,75,69,79,75,72,77,74,69,55,66,81,80,77,80,112,73,79,76,79,71,78,97,72,76,72,79,85,77,78,93,83,99,79,103,81,84,80,86,77,81,87,106,84,107,82,73,81,80,85,87,81,72,75,68,75,65,69,64,72,81,78,70,72,67,83,67,71,67,68,71,76,67,72,74,76,74,72,72,70,71,72,71,69,73,73,68,65,68,69,70,76,77,74,77,76,68,68,73,66,132,70,58,135,70,96,74,65,78,62,64,63,70,67,71,70,60,69,60,59,60,56,79,60,69,71,54,68,69,68,60,62,64,61,70,64,57,62,64,68,61,57,57,70,61,56,59,74,60,69,69,65,63,58,58,58,67,58,65,59,71,58,59,61,66,64,56,71,58,71,71,68,70,62,62,63,63,64,69,59,65,63,56,63,56,296,64,65,62,61,64,61,69,67,67,69,61,58,57,75,66,66,63,63,60,69,62,63,69,60,64,63,61,64,64,70,69,64,58,62,65,57,65,66,65,58,58,60,61,61,68,75,62,61,58,65,62,59,59,58,63,69,59,59,65,66,61,59,65,63,65,66,61,66,59,59,57,63,63,57,67,58,65,56,60,56,59,59,57,57,61,56,55,56,59,58,58,60,60,64,65,70,67,71,65,65,65,58,64,65,61,64,62,65,55,59,59,57,58,56,55,57,55,114,53,60,58,59,95,54,61,59,55,64,55,56
EPI_ISL_6011751,158,156,156,153,152,101,149,111,102,110,107,114,141,125,125,115,127,129,119,117,117,53,62,47,48,65,65,44,44,45,65,45,43,43,45,71,59,75,77,48,48,77,49,49,61,80,83,78,54,54,50,68,89,60,46,55,52,47,47,0,22,18,20,24,21,24,24,23,21,31,21,26,18,23,8,25,28,30,17,28,29,20,24,24,29,52,28,17,20,37,16,16,19,26,24,38,22,26,30,24,32,56,20,16,19,48,23,19,49,22,28,27,26,22,32,25,42,47,30,22,26,32,39,35,29,25,32,28,26,30,33,47,41,94,46,44,49,49,47,42,45,41,47,43,45,43,46,47,60,144,72,78,74,75,79,47,70,71,70,77,71,75,70,75,71,79,74,72,75,81,73,85,73,81,81,73,72,76,80,73,70,73,72,69,61,63,71,61,66,60,70,66,66,68,65,60,46,55,72,71,68,71,91,64,70,68,70,60,69,90,62,67,63,70,76,68,69,84,74,74,70,78,72,75,71,77,69,72,78,79,75,80,73,64,72,72,76,78,72,63,66,59,66,56,60,55,63,72,69,61,65,58,76,58,62,58,58,62,69,58,63,67,67,66,63,64,61,62,63,62,60,67,64,59,56,60,60,61,67,68,68,68,67,59,60,64,57,123,61,49,126,61,87,63,56,69,53,55,54,61,58,62,61,51,60,51,50,51,47,70,51,60,62,45,59,60,59,51,53,55,52,61,55,48,53,55,59,52,48,48,61,52,47,50,65,51,60,60,56,54,49,49,49,58,49,56,50,62,49,50,52,57,53,47,62,49,62,62,59,59,53,53,54,54,55,60,50,56,54,47,55,47,287,56,56,53,52,55,52,60,59,58,60,52,49,48,66,57,57,54,54,51,60,53,54,60,51,55,54,52,55,55,61,60,55,49,53,54,48,56,57,56,49,49,51,52,52,59,66,53,52,49,56,53,50,52,49,54,60,50,50,56,57,52,50,56,54,56,57,52,57,50,50,48,54,54,48,58,49,56,47,51,47,50,51,48,48,52,47,46,47,50,49,49,51,51,55,56,61,58,62,56,56,56,49,55,56,52,55,53,56,46,50,50,48,49,47,46,48,46,105,44,51,49,50,86,45,52,50,46,55,46,47
EPI_ISL_6011750,160,158,158,155,154,103,151,111,102,110,107,116,143,127,127,117,129,131,121,119,119,53,60,47,48,63,63,44,44,45,63,45,43,43,45,73,61,77,79,48,48,79,49,49,63,82,85,80,54,54,48,70,91,62,36,53,50,45,45,22,0,24,20,24,23,24,27,23,21,21,19,14,18,25,20,15,30,18,17,30,31,26,24,26,31,54,28,19,18,37,18,16,25,26,24,38,24,24,30,26,34,58,20,18,21,50,19,21,51,24,28,27,26,30,34,25,42,47,32,22,28,32,41,37,31,27,34,28,28,30,33,47,39,94,46,44,49,49,45,30,45,47,37,43,45,37,46,47,62,146,74,80,76,77,81,49,72,73,72,79,73,77,72,77,73,81,76,74,77,83,75,87,75,83,83,75,74,78,82,73,72,75,74,71,63,65,73,63,68,62,72,68,68,70,67,62,48,57,74,73,70,73,93,66,72,70,72,62,71,92,64,69,65,72,78,70,71,86,76,76,72,80,74,77,73,79,71,74,80,81,77,82,75,66,74,74,78,80,74,65,68,61,68,58,62,57,65,74,71,63,65,60,78,60,64,60,62,64,69,60,65,67,69,68,65,66,63,64,65,64,62,69,66,61,58,62,62,63,69,70,70,70,69,61,62,66,59,125,63,51,128,63,89,65,58,71,55,57,56,63,60,64,63,53,62,53,52,53,49,72,53,62,64,47,61,62,61,53,55,57,54,63,57,50,55,57,61,54,50,50,63,54,49,52,67,53,62,62,58,56,51,51,51,60,51,58,52,64,51,52,54,59,57,49,64,51,64,64,61,61,55,55,56,56,57,62,52,58,56,49,57,49,289,58,58,55,54,57,54,62,61,60,62,54,51,50,68,59,59,56,56,53,62,55,56,62,53,57,56,54,57,57,63,62,57,51,55,58,50,58,59,58,51,51,53,54,54,61,68,55,54,51,58,55,52,52,51,56,62,52,52,58,59,54,52,58,56,58,59,54,59,52,52,50,56,56,50,60,51,58,49,53,49,52,53,50,50,54,49,48,49,52,51,51,53,53,57,58,63,60,64,58,58,58,51,57,58,54,57,55,58,48,52,52,50,51,49,48,50,48,107,46,53,51,52,88,47,54,52,48,57,48,49
EPI_ISL_6011749,160,158,158,155,154,103,151,113,104,112,109,116,143,127,127,117,129,131,121,119,119,55,62,47,48,65,65,44,44,45,65,45,43,43,45,73,61,77,79,49,50,79,50,50,63,82,85,80,56,56,52,70,91,64,48,57,54,49,49,18,24,0,24,26,25,23,29,27,23,35,23,28,20,27,16,29,31,32,21,32,33,24,28,26,33,56,32,23,26,41,20,22,23,30,28,42,26,28,32,28,36,56,26,20,27,50,29,27,53,26,32,31,30,26,36,29,46,49,32,26,30,36,41,39,33,29,36,32,30,34,37,49,43,96,48,46,51,51,49,44,47,43,49,45,47,45,48,47,64,146,74,80,76,77,81,49,72,73,72,79,73,77,72,77,73,79,76,74,77,83,75,87,75,83,83,74,74,78,82,75,72,75,74,71,63,65,73,63,68,62,72,68,68,70,67,62,48,57,74,73,70,73,93,66,72,70,72,62,71,92,64,69,65,72,78,70,71,86,76,76,72,78,74,77,73,79,71,74,80,79,77,82,75,66,74,74,78,80,74,65,68,61,68,58,62,57,65,74,71,63,67,60,78,60,64,60,60,64,71,60,65,69,69,68,65,66,63,64,65,64,62,69,66,61,58,62,62,63,69,70,70,70,69,61,62,66,59,125,63,51,128,63,89,65,58,71,55,57,56,63,60,64,63,53,62,53,52,53,49,72,53,62,64,47,61,62,61,53,55,57,54,63,57,50,55,57,61,54,50,50,63,54,49,52,67,53,62,62,58,56,51,51,51,60,51,58,52,64,51,52,54,59,57,49,64,51,64,64,61,61,55,55,56,56,57,62,52,58,56,49,57,49,289,58,58,55,54,57,54,62,61,60,62,54,51,50,68,59,59,56,56,53,62,55,56,62,53,57,56,54,57,57,63,62,57,51,55,56,50,58,59,58,51,51,53,54,54,61,68,55,54,51,58,55,52,54,51,56,62,52,52,58,59,54,52,58,56,58,59,54,59,52,52,50,55,56,50,60,51,58,49,53,49,52,53,50,50,54,49,48,49,52,51,51,53,53,57,58,63,60,64,58,58,58,51,57,58,54,57,55,58,48,52,52,50,51,49,48,50,48,107,46,53,51,52,88,47,54,52,48,57,48,49
EPI_ISL_6011748,157,155,155,152,151,101,148,110,101,109,106,114,140,124,124,114,126,128,118,116,116,53,60,47,48,63,63,44,44,45,63,45,43,43,45,71,59,75,77,46,40,77,47,47,61,80,83,78,46,46,48,68,89,60,44,53,50,45,45,20,20,24,0,20,19,22,23,19,21,27,17,22,16,21,20,21,26,26,15,26,27,22,20,22,27,50,24,17,22,33,14,18,21,22,14,36,20,22,26,22,30,56,24,14,23,48,25,25,47,20,24,23,22,26,32,21,38,47,28,18,24,28,37,35,29,23,30,24,24,28,31,47,37,92,46,44,49,49,45,40,45,47,45,43,45,41,46,47,60,144,72,78,74,75,77,47,70,71,70,77,71,75,70,75,71,79,74,72,73,81,73,83,73,81,81,71,72,76,80,73,70,73,72,69,61,63,71,61,66,60,70,66,66,68,65,60,46,55,72,71,68,71,91,64,70,68,70,60,69,90,62,67,63,70,76,68,69,84,74,72,70,76,72,75,71,77,69,72,78,77,75,80,73,64,72,72,76,78,72,63,66,57,66,56,60,55,63,72,69,61,61,58,76,58,62,58,60,62,65,58,63,63,67,66,63,64,61,62,63,62,60,67,64,59,56,60,60,61,67,68,68,68,67,59,60,64,57,123,61,49,126,61,87,63,56,69,53,55,54,61,58,62,61,51,60,51,50,51,47,70,51,60,62,45,59,60,59,51,53,55,52,59,55,48,53,55,59,52,48,48,61,52,47,50,65,51,60,60,56,54,49,49,49,58,49,56,50,62,49,50,52,57,55,47,62,49,62,62,59,59,53,53,54,54,55,60,50,56,54,47,55,47,287,56,56,53,52,55,52,60,59,58,60,52,49,48,66,57,57,54,54,51,60,53,54,60,51,55,54,52,55,55,61,60,55,49,53,56,48,56,57,56,49,49,51,52,52,59,66,53,52,49,56,53,50,48,49,54,60,50,50,56,57,52,50,56,54,56,57,52,57,50,50,48,54,54,48,58,49,56,47,51,47,50,51,48,48,52,47,46,47,50,49,49,51,51,55,56,61,58,62,56,56,56,49,55,56,52,55,53,56,46,50,50,48,49,47,46,48,46,105,44,51,49,50,86,45,52,50,46,55,46,47
EPI_ISL_6011746,160,158,158,155,154,103,151,113,104,112,109,116,143,127,127,117,129,131,121,117,119,57,62,49,50,65,65,46,46,47,65,47,45,45,47,73,61,77,79,48,48,79,49,49,63,82,85,80,54,54,52,70,91,64,48,57,54,49,49,24,24,26,20,0,23,26,27,23,25,31,21,26,20,25,24,25,30,30,19,30,31,26,24,26,31,54,28,21,26,37,18,22,25,26,24,40,24,20,22,26,34,58,28,18,27,50,29,29,51,24,28,27,26,30,36,25,42,51,30,22,28,32,41,39,33,27,34,28,28,26,35,51,43,94,50,48,53,53,49,44,49,51,49,47,49,45,50,49,64,146,74,80,76,77,79,49,72,73,72,79,73,77,72,75,73,81,76,74,75,83,75,85,75,83,83,73,74,78,82,75,72,75,74,71,63,65,73,63,68,62,72,68,68,70,67,62,48,57,74,73,70,73,93,66,72,70,72,62,71,92,64,69,65,72,78,70,71,86,76,74,72,78,74,77,73,79,71,74,80,79,77,82,75,66,74,74,78,80,74,65,68,61,68,58,62,57,65,74,71,63,63,60,78,60,64,60,62,64,67,60,65,65,69,68,65,66,63,64,65,64,62,69,66,61,58,62,62,63,69,70,70,70,69,61,62,66,59,125,63,51,128,63,89,65,58,71,55,57,56,63,60,64,63,53,62,53,52,53,49,72,53,62,64,47,61,62,61,53,55,57,54,63,57,50,55,57,61,54,50,50,63,54,49,52,67,53,62,62,58,56,51,51,51,60,51,58,52,64,51,52,54,59,57,49,64,51,64,64,61,61,55,55,56,56,57,62,52,58,56,49,57,49,289,58,58,55,54,57,54,62,61,60,62,54,51,50,68,59,59,56,56,53,62,55,56,62,53,57,56,54,57,57,63,62,57,51,55,58,50,58,59,58,51,51,53,54,54,61,68,55,54,51,58,55,52,50,51,56,62,52,52,58,59,54,52,58,56,58,59,54,59,52,52,50,56,56,50,60,51,58,49,53,49,52,53,50,50,54,49,48,49,52,51,51,53,53,57,58,63,60,64,58,58,58,51,57,58,54,57,55,58,48,52,52,50,51,49,48,50,48,106,46,53,51,52,88,47,54,52,48,57,48,49
EPI_ISL_6011744,159,157,157,154,153,102,150,112,103,111,108,115,142,126,126,116,128,130,120,118,118,54,63,48,49,66,66,45,45,46,66,46,44,44,46,72,60,76,78,49,49,78,50,50,62,81,84,79,55,55,51,69,90,61,47,55,53,47,48,21,23,25,19,23,0,25,24,21,22,30,20,25,15,22,21,24,29,29,17,25,28,25,23,21,30,51,26,20,25,36,13,21,24,25,23,38,21,25,27,23,29,57,27,17,26,49,28,28,48,21,27,25,24,27,33,23,41,46,29,21,25,31,38,36,30,24,27,27,25,31,34,48,42,95,47,45,50,50,48,43,44,48,48,42,46,44,45,46,61,145,73,79,75,76,78,48,71,72,71,78,72,76,71,76,72,80,75,73,74,82,74,84,74,82,82,72,73,77,81,74,71,74,73,70,62,64,72,62,67,61,71,67,67,69,66,61,47,54,73,72,69,72,92,65,71,69,71,61,70,91,63,68,64,71,75,69,70,85,75,73,71,77,73,76,72,78,70,73,79,78,76,81,74,65,73,73,77,79,73,64,67,60,67,57,61,56,64,73,69,62,64,58,77,59,63,59,61,63,68,59,64,66,68,67,64,63,62,63,64,63,61,68,65,60,57,61,61,62,68,69,69,69,68,60,61,65,58,124,62,50,127,62,88,64,57,70,54,56,55,62,59,63,62,52,61,52,51,52,48,71,52,61,63,46,60,61,60,52,54,56,53,62,56,49,54,56,60,53,49,49,62,53,48,51,66,52,61,61,57,55,50,50,50,59,50,57,51,63,50,51,53,58,56,48,63,50,63,63,60,60,54,54,55,55,56,61,51,57,55,48,56,48,288,57,57,54,53,56,53,61,60,59,61,53,50,49,67,58,58,55,55,52,61,54,55,61,52,56,55,53,56,56,62,61,56,50,54,57,49,57,58,57,50,50,52,53,53,60,67,54,53,50,57,54,51,51,50,55,61,51,51,57,58,53,51,57,55,57,58,53,58,51,51,49,55,55,49,59,50,57,48,52,48,51,52,49,49,53,48,47,48,51,50,50,52,52,56,57,62,59,63,57,57,57,50,56,57,53,56,54,57,47,51,51,49,50,48,47,49,47,106,45,52,50,51,87,46,53,51,47,56,47,48
EPI_ISL_6011743,162,160,160,157,156,105,153,115,106,114,111,118,145,129,129,119,131,133,123,121,121,57,64,51,52,67,67,48,48,49,67,49,47,47,49,75,63,79,81,40,50,81,41,41,65,84,87,82,56,56,52,72,93,64,48,57,54,49,49,24,24,23,22,26,25,0,29,25,25,33,23,28,20,27,24,27,22,32,19,32,33,28,26,28,33,56,30,23,28,39,20,24,27,28,26,40,26,28,32,28,36,58,28,20,29,52,31,31,53,26,30,29,28,32,36,27,44,51,34,24,30,34,42,39,33,29,36,30,30,32,35,51,43,96,50,48,53,53,49,44,49,51,49,47,49,45,50,51,64,148,74,80,78,79,83,51,74,75,74,81,73,77,74,79,75,83,76,76,79,85,77,89,77,83,85,75,76,80,84,77,74,77,76,73,65,67,75,65,70,64,74,70,70,72,69,64,50,59,76,75,72,75,95,68,74,72,74,64,73,94,66,71,67,74,80,72,71,88,78,78,74,81,76,79,75,81,73,76,82,82,79,84,77,68,76,76,80,82,76,67,70,63,70,60,64,59,67,76,73,65,67,62,80,62,66,62,64,66,71,62,67,69,71,68,67,68,65,66,67,66,64,69,68,63,60,64,64,65,71,72,70,72,71,63,64,68,61,127,65,53,130,65,91,67,60,73,57,59,58,65,62,66,65,55,64,55,54,55,51,74,55,64,66,49,63,64,63,53,57,59,56,65,59,52,57,59,63,56,52,52,65,56,51,54,69,55,64,64,60,58,53,53,53,62,53,60,54,66,53,54,56,61,59,51,64,53,66,66,63,63,57,57,58,58,59,64,54,60,58,51,59,51,291,60,60,57,56,59,54,64,61,62,64,56,53,52,70,61,61,58,58,55,64,57,58,64,55,59,58,56,59,59,65,64,59,53,57,60,50,58,61,60,53,53,53,56,56,61,70,57,56,53,60,57,54,54,53,58,64,54,54,60,61,56,54,60,58,60,61,56,61,54,54,52,56,58,52,62,53,60,51,55,51,54,55,52,52,56,51,50,51,54,53,53,55,55,59,60,65,62,66,60,60,60,53,59,58,56,59,57,60,50,54,54,52,53,51,50,50,50,109,48,55,53,54,90,49,56,54,50,59,50,51
EPI_ISL_6011741,163,161,161,158,157,106,154,116,107,115,112,119,146,130,130,120,132,134,124,122,122,56,65,52,53,68,68,49,49,50,68,50,48,48,50,76,64,80,82,53,53,82,54,54,66,85,88,83,59,59,55,73,94,65,51,60,57,52,52,24,27,29,23,27,24,29,0,26,24,34,24,29,21,24,25,28,33,33,22,31,30,29,27,27,34,55,31,24,29,40,19,25,28,29,27,43,23,29,33,25,35,61,31,21,30,53,32,32,52,23,31,30,29,31,35,28,43,52,33,25,27,35,42,38,32,26,35,31,27,35,38,50,46,99,47,47,52,52,52,47,50,52,52,48,48,48,51,52,65,149,77,83,79,80,82,52,75,76,75,82,76,80,75,80,76,84,79,77,78,86,78,88,78,86,86,76,77,81,85,78,75,78,77,74,66,68,76,66,71,65,75,71,71,73,70,65,51,60,77,76,73,76,96,69,75,73,75,65,74,95,67,72,68,75,81,73,74,89,79,77,75,81,77,80,76,82,74,77,83,82,80,85,78,69,77,77,81,83,77,68,71,64,71,61,65,60,68,77,74,66,68,63,81,63,67,63,65,67,72,63,68,70,72,71,68,69,66,67,68,67,65,72,69,64,61,65,65,66,72,73,73,73,71,64,65,69,62,128,66,54,131,66,92,68,61,74,58,60,59,66,63,67,66,56,65,56,55,56,52,75,56,65,67,50,64,65,64,56,58,60,57,66,60,53,58,60,64,57,53,53,66,57,52,55,70,56,65,65,61,59,54,54,54,63,54,61,55,67,54,55,57,62,60,52,67,54,67,67,64,64,58,58,59,59,60,65,55,61,59,52,60,52,292,61,61,58,57,60,57,65,64,63,65,57,54,53,71,62,62,59,59,56,65,58,59,65,56,60,59,57,60,60,66,65,60,54,58,61,53,61,62,61,54,52,56,57,57,64,71,58,57,54,61,58,55,55,54,59,65,55,55,61,62,57,55,61,59,61,62,57,62,55,55,53,59,59,53,63,54,61,52,56,52,55,56,53,53,57,52,51,52,55,54,54,56,56,60,61,66,63,67,61,61,61,54,60,61,57,60,58,61,51,55,55,53,54,52,51,53,51,110,49,56,54,55,91,50,57,55,51,60,51,52
EPI_ISL_6011745,161,159,159,156,155,104,152,114,105,113,110,117,144,128,128,118,130,132,122,120,120,56,63,50,51,66,66,47,47,48,66,48,46,46,48,74,62,78,80,49,49,80,50,50,64,83,86,81,55,55,51,71,92,63,47,46,53,38,48,23,23,27,19,23,21,25,26,0,24,30,20,25,19,24,23,24,29,29,8,29,30,25,23,25,30,53,19,20,25,36,17,21,24,25,23,31,23,25,28,25,33,59,27,17,26,51,28,28,50,23,27,16,15,29,35,14,41,50,31,21,27,31,40,38,32,26,32,27,27,31,34,50,42,95,49,47,52,52,48,43,48,50,48,46,48,44,49,50,63,147,75,81,77,78,80,50,73,74,73,80,74,78,73,78,74,82,77,75,76,84,76,86,76,84,84,74,75,79,83,76,73,76,75,72,64,66,74,64,69,63,73,69,69,71,68,63,49,56,75,74,71,74,94,67,73,71,73,63,72,93,65,70,66,73,78,71,72,87,77,75,73,79,75,78,74,80,72,75,81,80,78,83,76,67,75,75,79,81,75,66,69,62,69,59,63,58,66,75,72,64,64,61,79,61,65,61,63,65,68,61,66,66,70,69,66,67,64,65,66,65,63,70,67,62,59,63,63,64,70,71,71,71,70,62,63,67,60,126,64,52,129,64,90,66,59,72,56,58,57,64,61,65,64,54,63,54,53,54,50,73,54,63,65,48,62,63,62,54,56,58,55,64,58,51,56,58,62,55,51,51,64,55,50,53,68,54,63,63,59,57,52,52,52,61,52,59,53,65,52,53,55,60,58,50,65,52,65,65,62,62,56,56,57,57,58,63,53,59,57,50,58,50,290,59,59,56,55,58,55,63,62,61,63,55,52,51,69,60,60,57,57,54,63,56,57,63,54,58,57,55,58,58,64,63,58,52,56,59,51,59,60,59,52,52,54,55,55,62,69,56,55,52,59,56,53,51,52,57,63,53,53,59,60,55,53,59,57,59,60,55,60,53,53,51,57,57,51,61,52,59,50,54,50,53,54,51,51,55,50,49,50,53,52,52,54,54,58,59,64,61,65,59,59,59,52,58,59,55,58,56,59,49,53,53,51,52,50,49,51,49,108,47,54,52,53,89,48,55,53,49,58,49,50
EPI_ISL_6011752,159,157,157,154,153,102,150,112,103,111,108,115,142,126,126,116,128,130,120,118,118,40,49,46,47,52,52,43,43,44,52,44,42,42,44,72,60,76,78,49,49,78,50,50,62,81,84,79,55,55,49,69,90,61,45,54,51,46,46,21,21,23,21,25,22,25,24,24,0,32,20,25,15,24,19,26,31,29,18,29,30,27,25,25,32,53,29,22,25,38,17,23,26,27,23,39,11,25,31,25,33,57,27,19,28,49,28,28,50,23,29,28,27,29,33,26,43,46,31,23,27,33,40,36,30,26,33,29,27,31,34,34,40,95,45,31,36,36,46,41,44,46,46,42,32,42,45,46,61,145,73,79,75,76,80,48,71,72,71,78,72,76,71,75,72,80,75,73,76,82,74,86,74,82,82,74,73,77,81,74,71,74,73,70,62,64,71,62,67,61,69,67,67,69,66,61,47,56,73,72,69,72,92,63,71,69,71,61,70,91,63,68,64,71,77,69,70,85,75,73,71,79,72,76,72,78,70,73,79,78,76,81,74,65,73,73,77,79,73,64,65,60,67,57,61,56,64,73,70,62,66,59,77,59,63,59,61,63,70,59,64,68,68,67,64,65,62,63,64,63,61,68,64,60,57,61,61,62,67,69,69,69,68,60,61,65,58,124,62,50,127,62,88,64,57,70,54,56,55,62,59,63,62,52,61,52,51,52,48,71,52,61,63,46,60,61,60,52,54,56,53,62,56,49,54,56,60,53,49,49,62,53,48,51,66,52,61,61,57,55,50,50,50,59,50,57,51,63,50,51,53,58,56,48,63,50,63,63,60,60,54,54,55,55,56,61,51,57,55,48,56,48,288,57,57,54,53,56,53,61,60,59,61,53,50,49,67,58,58,55,55,52,61,54,55,61,52,56,55,53,56,56,62,61,56,50,54,57,49,57,58,57,50,50,52,53,53,60,67,54,53,50,57,54,51,53,50,55,61,51,51,57,58,53,51,57,55,57,58,53,58,51,51,49,55,55,49,59,50,57,48,52,48,51,52,49,49,53,48,47,48,51,50,50,52,52,56,57,62,59,63,57,57,57,50,56,57,53,56,54,57,47,51,51,49,50,48,47,49,47,106,45,52,50,51,87,46,53,51,47,56,47,48
EPI_ISL_6011762,161,159,159,156,155,106,152,114,105,113,110,119,146,130,130,120,132,134,124,120,120,58,65,52,53,68,68,49,49,50,68,50,48,48,50,76,64,80,82,51,51,82,52,52,66,85,88,83,57,57,53,73,94,65,41,58,55,50,50,31,21,35,27,31,30,33,34,30,32,0,28,9,27,32,31,6,27,3,26,27,28,25,29,23,24,49,25,22,15,32,25,17,26,25,23,41,25,23,27,27,37,57,17,21,14,59,16,22,48,25,31,26,27,31,37,24,39,52,35,25,29,33,34,34,30,24,33,29,29,33,36,52,44,97,51,49,54,54,50,35,50,52,42,48,50,42,51,52,65,149,77,83,79,80,82,52,75,76,75,82,76,80,75,80,76,84,79,77,82,86,78,88,78,86,86,82,77,81,85,76,75,78,77,74,66,68,76,66,71,63,75,71,71,73,70,65,51,58,77,76,73,76,92,69,73,73,75,65,74,95,67,72,68,75,81,73,74,89,79,83,75,83,77,80,76,82,74,77,83,88,80,91,78,69,77,77,81,83,77,68,71,64,69,61,63,60,66,76,73,65,66,61,81,61,65,62,63,65,70,61,66,68,72,71,68,69,66,67,68,67,65,72,69,64,59,65,65,64,72,73,73,73,72,64,65,67,60,128,66,54,131,66,92,68,61,74,58,60,59,66,63,67,66,56,65,56,55,56,50,75,56,65,67,48,64,65,64,56,56,60,55,66,58,53,58,60,64,57,53,53,66,57,52,55,70,56,65,63,61,59,54,54,54,61,54,61,53,67,54,55,57,60,60,52,67,54,67,67,64,64,58,58,57,59,60,65,55,61,59,52,60,52,292,61,61,58,57,60,57,65,64,63,65,57,54,53,71,62,62,57,59,56,65,58,57,63,54,58,57,57,60,58,66,65,58,54,58,59,53,61,60,61,52,54,56,55,55,64,71,58,55,52,59,58,53,53,52,59,65,53,55,61,62,55,55,61,59,61,62,57,62,53,53,51,59,59,51,63,54,60,51,56,50,53,55,51,52,55,52,51,52,55,52,52,56,54,58,61,66,63,67,61,61,61,54,60,61,57,60,58,61,49,53,55,53,54,52,51,53,51,108,49,56,53,53,91,50,57,55,49,60,49,50
EPI_ISL_6011759,159,157,157,154,153,102,150,112,103,111,108,115,142,126,126,116,128,130,120,118,118,52,59,46,47,62,62,43,43,44,62,44,42,42,44,72,60,76,78,47,47,78,48,48,62,81,84,79,53,53,47,69,90,61,43,52,49,44,44,21,19,23,17,21,20,23,24,20,20,28,0,21,15,22,19,22,27,25,16,27,28,23,21,23,28,51,25,18,21,34,15,19,22,23,21,37,21,21,27,23,31,57,23,15,24,49,24,24,48,21,25,24,23,27,33,22,39,46,29,19,25,29,38,36,30,24,31,25,25,29,32,46,38,93,45,43,48,48,44,39,44,46,44,42,44,40,45,46,61,145,73,79,75,76,78,48,71,72,71,78,72,76,71,76,72,80,75,73,74,82,74,84,74,82,82,72,73,77,81,74,71,74,73,70,62,64,72,62,67,61,71,67,67,69,66,61,47,56,73,72,69,72,92,65,71,69,71,61,70,91,63,68,64,71,77,69,70,85,75,73,71,77,73,76,72,78,70,73,79,78,76,81,74,65,73,73,77,79,73,64,67,58,67,57,61,56,64,73,70,62,62,59,77,59,63,59,61,63,66,59,64,64,68,67,64,65,62,63,64,63,61,68,65,60,57,61,61,62,68,69,69,69,68,60,61,65,58,124,62,50,127,62,88,64,57,70,54,56,55,62,59,63,62,52,61,52,51,52,48,71,52,61,63,46,60,61,60,52,54,56,53,62,56,49,54,56,60,53,49,49,62,53,48,51,66,52,61,61,57,55,50,50,50,59,50,57,51,63,50,51,53,58,56,48,63,50,63,63,60,60,54,54,55,55,56,61,51,57,55,48,56,48,288,57,57,54,53,56,53,61,60,59,61,53,50,49,67,58,58,55,55,52,61,54,55,61,52,56,55,53,56,56,62,61,56,50,54,57,49,57,58,57,50,50,52,53,53,60,67,54,53,50,57,54,51,49,50,55,61,51,51,57,58,53,51,57,55,57,58,53,58,51,51,49,55,55,49,59,50,57,48,52,48,51,52,49,49,53,48,47,48,51,50,50,52,52,56,57,62,59,63,57,57,57,50,56,57,53,56,54,57,47,51,51,49,50,48,47,49,47,106,45,52,50,51,87,46,53,51,47,56,47,48
EPI_ISL_6011758,164,162,162,159,158,107,155,115,106,114,111,120,147,131,131,121,133,135,125,123,123,57,64,51,52,67,67,48,48,49,67,49,47,47,49,77,65,81,83,52,52,83,53,53,67,86,89,84,58,58,52,74,95,66,40,57,54,49,49,26,14,28,22,26,25,28,29,25,25,9,21,0,20,27,24,3,32,6,21,32,33,28,26,28,33,56,30,21,10,39,20,14,27,28,26,42,26,26,32,28,36,62,14,20,13,54,13,17,53,26,30,29,28,32,38,27,44,51,34,24,30,34,43,41,35,29,36,30,30,34,37,51,43,98,50,48,53,53,49,34,49,51,41,47,49,41,50,51,66,150,78,84,80,81,83,53,76,77,76,83,77,81,76,81,77,85,80,78,79,87,79,89,79,87,87,77,78,82,86,77,76,79,78,75,67,69,77,67,72,66,76,72,72,74,71,66,52,61,78,77,74,77,97,70,76,74,76,66,75,96,68,73,69,76,82,74,75,90,80,78,76,82,78,81,77,83,75,78,84,83,81,86,79,70,78,78,82,84,78,69,72,65,72,62,66,61,69,78,75,67,67,64,82,64,68,64,66,68,71,64,69,69,73,72,69,70,67,68,69,68,66,73,70,65,62,66,66,67,73,74,74,74,73,65,66,68,63,129,67,55,132,67,93,69,62,75,59,61,60,67,64,68,67,57,66,57,56,57,53,76,57,66,68,51,65,66,65,57,59,61,58,67,61,54,59,61,65,58,54,54,67,58,53,56,71,57,66,66,62,60,55,55,55,64,55,62,56,68,55,56,58,63,61,53,68,55,68,68,65,65,59,59,60,60,61,66,56,62,60,53,61,53,293,62,62,59,58,61,58,66,65,64,66,58,55,54,72,63,63,60,60,57,66,59,60,66,57,61,60,58,61,61,67,66,61,55,59,62,54,62,63,62,55,55,57,58,58,65,72,59,58,55,62,59,56,54,53,60,66,56,56,62,63,58,56,62,60,62,63,58,63,56,56,54,60,60,54,64,55,62,53,57,53,56,57,54,54,58,53,52,53,56,55,55,57,57,61,62,67,64,68,62,62,62,55,61,62,58,61,59,62,52,56,56,54,55,53,52,54,52,111,50,57,55,56,92,51,58,56,52,61,52,53
EPI_ISL_6011757,156,154,154,151,150,99,147,109,100,108,105,112,139,123,123,113,125,127,117,115,115,49,58,43,44,61,61,40,40,41,61,41,39,39,41,69,57,73,75,46,46,75,47,47,59,78,81,76,52,52,46,66,87,58,42,51,48,43,42,18,18,20,16,20,15,20,21,19,15,27,15,20,0,19,16,21,26,24,15,22,25,22,20,18,27,48,24,17,20,33,10,18,21,22,20,36,18,20,26,20,26,54,20,14,23,46,21,19,45,18,24,23,22,24,30,21,38,41,26,18,22,28,35,33,27,21,26,24,22,28,31,43,37,92,42,40,45,45,43,38,39,43,43,35,41,39,40,41,58,142,68,74,72,73,75,45,68,69,68,75,67,73,68,73,69,77,72,70,71,79,71,81,71,77,79,69,70,74,78,69,68,71,70,67,59,61,69,59,64,58,68,64,62,66,63,58,44,53,70,69,66,69,89,62,68,66,68,58,67,88,60,65,61,68,74,66,67,82,72,70,68,74,70,73,69,75,67,70,76,75,73,78,71,62,70,70,74,76,70,61,64,57,64,54,58,53,61,70,67,59,61,56,74,56,60,56,56,60,65,56,61,63,65,64,61,62,59,60,61,60,58,63,62,57,54,58,58,59,65,66,64,66,65,57,58,62,55,121,59,47,124,59,85,61,54,67,51,53,52,59,56,60,59,49,58,49,48,49,45,68,49,58,60,43,57,58,57,47,51,53,50,59,53,46,51,53,57,50,46,46,59,50,45,48,63,49,58,58,54,52,47,47,47,56,47,54,48,60,47,48,50,55,53,45,60,47,60,60,57,57,51,51,52,52,53,58,48,54,52,45,53,45,285,54,54,51,50,53,48,58,57,56,58,50,47,46,64,55,55,52,52,49,58,51,52,58,49,53,52,50,53,53,59,58,53,47,51,54,44,52,55,54,47,47,47,50,50,55,64,51,50,47,54,51,48,48,47,52,58,48,48,54,55,50,48,54,52,54,55,50,55,48,48,46,52,52,46,56,47,54,45,49,45,48,49,46,46,50,45,44,45,48,47,47,49,49,53,54,59,56,60,54,54,54,47,53,52,50,53,51,54,44,48,48,46,47,45,44,44,44,103,42,49,47,48,84,43,50,48,44,53,44,45
EPI_ISL_6011756,159,157,157,154,153,102,150,112,105,111,108,115,142,126,126,116,128,130,120,118,118,55,64,49,50,67,67,46,46,47,67,47,45,45,47,73,61,78,79,50,50,80,51,51,63,82,85,81,56,56,52,70,91,62,48,57,54,49,49,23,25,27,21,25,22,27,24,24,24,32,22,27,19,0,23,26,31,31,20,29,24,27,25,25,32,53,27,18,25,38,17,21,26,27,25,39,23,27,31,21,33,59,29,15,26,51,26,26,50,19,29,28,27,29,29,26,37,49,31,23,7,33,38,32,26,20,33,29,23,31,36,49,43,96,46,46,51,51,49,44,47,49,49,45,47,45,48,49,62,146,75,81,77,77,78,50,73,74,73,80,74,78,73,78,74,81,77,75,76,82,75,86,76,84,84,74,75,79,83,76,73,76,75,72,64,66,74,64,69,63,73,69,69,71,68,63,49,58,75,74,71,74,94,67,73,71,73,63,72,92,65,70,66,73,79,71,72,87,77,75,73,79,75,78,74,80,70,75,81,78,78,83,76,67,75,73,79,81,75,66,69,62,69,59,61,58,64,75,72,64,66,61,78,61,65,61,63,65,70,61,66,68,70,69,66,67,64,65,66,65,63,69,67,62,59,63,63,64,70,71,70,71,70,62,63,67,60,126,64,52,129,64,90,66,59,72,56,58,57,64,61,65,64,54,63,54,53,54,50,73,54,63,65,48,62,63,62,54,56,58,55,64,58,51,56,58,62,55,51,51,64,55,50,53,68,54,63,63,59,57,52,52,52,61,52,59,53,65,52,53,55,60,58,50,65,52,65,65,62,62,56,56,57,57,58,63,53,59,57,50,58,50,290,59,59,56,55,58,55,63,62,61,63,55,52,51,69,60,60,57,57,54,63,56,57,63,54,58,57,55,58,58,64,63,58,52,56,59,51,59,60,59,52,52,54,55,55,62,69,56,55,52,59,56,53,53,52,57,63,53,53,59,60,55,53,59,57,59,60,55,60,53,53,51,57,57,51,61,52,59,50,54,50,53,54,51,51,55,50,49,50,53,52,52,54,54,58,59,64,61,65,59,59,59,52,58,59,55,58,56,59,49,53,53,51,52,50,49,51,49,108,47,54,52,53,89,48,55,53,49,58,49,50
EPI_ISL_6011742,158,156,156,153,152,101,149,111,102,110,107,114,141,125,125,115,127,129,119,117,117,51,60,45,46,63,63,42,42,43,63,43,41,41,43,71,59,75,77,48,48,77,49,49,61,80,83,78,54,54,48,68,89,60,44,53,50,45,45,8,20,16,20,24,21,24,25,23,19,31,19,24,16,23,0,25,28,28,17,28,29,20,24,24,29,52,28,17,18,37,16,16,19,26,24,38,22,24,30,24,32,54,18,16,19,48,21,19,49,22,28,27,26,22,32,25,42,45,30,22,26,32,39,35,29,25,32,28,26,30,33,45,39,94,44,42,47,47,45,40,43,39,45,41,43,41,44,45,60,144,72,78,74,75,79,47,70,71,70,77,71,75,70,75,71,79,74,72,75,81,73,85,73,81,81,73,72,76,80,73,70,73,72,69,61,63,71,61,66,60,70,66,66,68,65,60,46,55,72,71,68,71,91,64,70,68,70,60,69,90,62,67,63,70,76,68,69,84,74,74,70,78,72,75,71,77,69,72,78,79,75,80,73,64,72,72,76,78,72,63,66,59,66,56,60,55,63,72,69,61,65,58,76,58,62,58,58,62,69,58,63,67,67,66,63,64,61,62,63,62,60,67,64,59,56,60,60,61,67,68,68,68,67,59,60,64,57,123,61,49,126,61,87,63,56,69,53,55,54,61,58,62,61,51,60,51,50,51,47,70,51,60,62,45,59,60,59,51,53,55,52,61,55,48,53,55,59,52,48,48,61,52,47,50,65,51,60,60,56,54,49,49,49,58,49,56,50,62,49,50,52,57,55,47,62,49,62,62,59,59,53,53,54,54,55,60,50,56,54,47,55,47,287,56,56,53,52,55,52,60,59,58,60,52,49,48,66,57,57,54,54,51,60,53,54,60,51,55,54,52,55,55,61,60,55,49,53,54,48,56,57,56,49,49,51,52,52,59,66,53,52,49,56,53,50,52,49,54,60,50,50,56,57,52,50,56,54,56,57,52,57,50,50,48,54,54,48,58,49,56,47,51,47,50,51,48,48,52,47,46,47,50,49,49,51,51,55,56,61,58,62,56,56,56,49,55,56,52,55,53,56,46,50,50,48,49,47,46,48,46,105,44,51,49,50,86,45,52,50,46,55,46,47
EPI_ISL_6011753,161,159,159,156,155,104,152,112,103,111,108,117,144,128,128,118,130,132,122,120,120,56,63,50,51,66,66,47,47,48,66,48,46,46,48,74,62,78,80,49,49,80,50,50,64,83,86,81,55,55,51,71,92,63,39,56,53,48,48,25,15,29,21,25,24,27,28,24,26,6,22,3,21,26,25,0,31,5,20,31,32,27,25,27,30,55,29,20,11,36,19,13,26,25,23,39,25,25,29,27,35,59,15,19,12,53,14,18,52,25,29,28,27,31,37,24,43,50,33,23,29,33,40,40,34,28,33,29,29,31,36,50,42,95,49,47,52,52,48,33,48,50,40,46,48,40,49,50,63,147,75,81,77,78,82,50,73,74,73,80,74,78,73,78,74,82,77,75,78,84,76,88,76,84,84,76,75,79,83,74,73,76,75,72,64,66,74,64,69,63,73,69,69,71,68,63,49,58,75,74,71,74,94,67,73,71,73,63,72,93,65,70,66,73,79,71,72,87,77,77,73,81,75,78,74,80,72,75,81,82,78,85,76,67,75,75,79,81,75,66,69,62,69,59,63,58,66,75,72,64,64,61,79,61,65,61,63,65,68,61,66,66,70,69,66,67,64,65,66,65,63,70,67,62,59,63,63,64,70,71,71,71,70,62,63,65,60,126,64,52,129,64,90,66,59,72,56,58,57,64,61,65,64,54,63,54,53,54,50,73,54,63,65,48,62,63,62,54,56,58,55,64,58,51,56,58,62,55,51,51,64,55,50,53,68,54,63,63,59,57,52,52,52,61,52,59,53,65,52,53,55,60,58,50,65,52,65,65,62,62,56,56,57,57,58,63,53,59,57,50,58,50,290,59,59,56,55,58,55,63,62,61,63,55,52,51,69,60,60,57,57,54,63,56,57,63,54,58,57,55,58,58,64,63,58,52,56,59,51,59,60,59,52,52,54,55,55,62,69,56,55,52,59,56,53,51,50,57,63,53,53,59,60,55,53,59,57,59,60,55,60,53,53,51,57,57,51,61,52,59,50,54,50,53,54,51,51,55,50,49,50,53,52,52,54,54,58,59,64,61,65,59,59,59,52,58,59,55,58,56,59,49,53,53,51,52,50,49,51,49,108,47,54,52,53,89,48,55,53,49,58,49,50
EPI_ISL_6011761,162,160,160,157,156,107,153,117,108,116,113,120,147,131,131,121,133,135,125,121,121,59,66,53,54,69,69,50,50,51,69,51,49,49,51,77,65,81,83,40,52,83,41,41,67,86,89,84,58,58,54,74,95,64,50,59,56,51,51,28,30,31,26,30,29,22,33,29,31,27,27,32,26,31,28,31,0,28,25,26,27,22,28,22,25,50,24,21,28,33,24,24,23,26,24,42,24,24,28,26,36,60,28,18,27,58,29,31,47,24,30,25,26,28,38,25,38,53,34,24,28,32,36,35,31,25,34,28,28,34,35,53,45,98,52,50,55,55,51,46,51,51,51,49,51,47,52,53,66,150,78,84,80,81,81,53,76,75,76,83,77,79,76,81,77,85,80,78,81,87,79,87,79,87,87,79,78,82,86,79,76,79,78,75,67,69,77,67,72,64,76,72,72,74,71,66,52,59,78,77,74,77,95,70,74,74,76,66,75,96,68,73,69,76,82,74,75,90,80,82,76,81,78,81,77,83,75,78,84,86,81,90,79,70,78,78,82,84,78,69,72,65,70,62,64,61,67,77,74,66,67,62,82,62,66,63,62,66,71,62,67,69,73,72,69,70,67,68,69,68,66,73,70,65,60,66,66,65,73,74,74,74,73,65,66,70,61,129,67,55,132,67,93,69,62,75,59,61,60,67,64,68,67,57,66,57,56,57,51,76,57,66,68,49,65,66,65,57,57,61,56,67,59,54,59,61,65,58,54,54,67,58,53,56,71,57,66,64,62,60,55,55,55,62,55,62,54,68,55,56,58,61,61,53,66,55,68,68,65,65,59,59,58,60,61,66,56,62,60,53,61,53,293,62,62,59,58,61,58,66,65,64,66,58,55,54,71,63,63,58,60,57,66,59,58,64,55,59,58,58,61,59,67,66,59,55,59,58,54,62,61,62,53,55,57,56,56,65,72,59,56,53,60,59,54,54,55,60,66,54,56,62,63,56,56,62,60,62,63,56,63,54,54,52,58,60,52,64,55,61,52,57,51,54,56,52,53,56,53,52,53,56,53,53,57,55,59,62,67,64,68,62,62,62,55,61,62,58,61,59,62,50,54,56,54,55,53,52,54,52,109,50,57,54,54,92,51,58,56,50,61,50,51
EPI_ISL_6011760,160,158,158,155,154,105,151,113,104,112,109,118,145,129,129,119,131,133,123,119,119,55,62,49,50,65,65,46,46,47,65,47,45,45,47,75,63,79,81,50,50,81,51,51,65,84,87,82,56,56,50,72,93,64,38,55,52,47,47,30,18,32,26,30,29,32,33,29,29,3,25,6,24,31,28,5,28,0,25,28,29,26,28,24,27,52,26,23,12,33,24,16,27,26,24,42,26,22,28,28,36,58,16,22,15,58,15,19,49,26,30,27,28,32,38,25,40,49,34,24,30,32,37,37,33,27,34,30,30,32,37,49,41,96,48,46,51,51,47,32,47,49,39,45,47,39,48,49,64,148,76,82,78,79,83,51,74,75,74,81,75,79,74,79,75,83,78,76,83,85,77,89,77,85,85,81,76,80,84,75,74,77,76,73,65,67,75,65,70,62,74,70,70,72,69,64,50,57,76,75,72,75,93,68,72,72,74,64,73,94,66,71,67,74,80,72,73,88,78,82,74,84,76,79,75,81,73,76,82,87,79,90,77,68,76,76,80,82,76,67,70,63,68,60,62,59,65,75,72,64,65,60,80,60,64,61,62,64,69,60,65,67,71,70,67,68,65,66,67,66,64,71,68,63,58,64,64,63,71,72,72,72,71,63,64,66,59,127,65,53,130,65,91,67,60,73,57,59,58,65,62,66,65,55,64,55,54,55,49,74,55,64,66,47,63,64,63,55,55,59,54,65,57,52,57,59,63,56,52,52,65,56,51,54,69,55,64,62,60,58,53,53,53,60,53,60,52,66,53,54,56,59,59,51,66,53,66,66,63,63,57,57,56,58,59,64,54,60,58,51,59,51,291,60,60,57,56,59,56,64,63,62,64,56,53,52,70,61,61,56,58,55,64,57,56,62,53,57,56,56,59,57,65,64,57,53,57,58,52,60,59,60,51,53,55,54,54,63,70,57,54,51,58,57,52,52,51,58,64,52,54,60,61,54,54,60,58,60,61,56,61,52,52,50,58,58,50,62,53,59,50,55,49,52,54,50,51,54,51,50,51,54,51,51,55,53,57,60,65,62,66,60,60,60,53,59,60,56,59,57,60,48,52,54,52,53,51,50,52,50,107,48,55,52,52,90,49,56,54,48,59,48,49
EPI_ISL_6011754,155,153,153,150,149,98,146,108,99,107,104,111,138,122,122,112,124,126,116,114,114,50,57,44,45,60,60,41,41,42,60,42,40,40,42,68,56,72,74,43,43,74,44,44,58,77,80,75,49,49,45,65,86,57,41,40,47,30,42,17,17,21,15,19,17,19,22,8,18,26,16,21,15,20,17,20,25,25,0,25,26,21,19,21,26,49,15,16,21,32,13,17,20,21,19,25,19,21,24,21,29,53,23,13,22,45,24,24,46,19,23,12,11,25,29,10,37,44,27,17,23,27,36,32,26,22,28,23,23,25,28,44,36,89,43,41,46,46,42,37,42,44,42,40,42,38,43,44,57,141,69,75,71,72,76,44,67,68,67,74,68,72,67,72,68,76,71,69,72,78,70,82,70,78,78,70,69,73,77,70,67,70,69,66,58,60,68,58,63,57,67,63,63,65,62,57,43,52,69,68,65,68,88,61,67,65,67,57,66,87,59,64,60,67,72,65,66,81,71,71,67,75,69,72,68,74,66,69,75,76,72,77,70,61,69,69,73,75,69,60,63,56,63,53,57,52,60,69,66,58,60,55,73,55,59,55,57,59,64,55,60,62,64,63,60,61,58,59,60,59,57,64,61,56,53,57,57,58,64,65,65,65,64,56,57,61,54,120,58,46,123,58,84,60,53,66,50,52,51,58,55,59,58,48,57,48,47,48,44,67,48,57,59,42,56,57,56,48,50,52,49,58,52,45,50,52,56,49,45,45,58,49,44,47,62,48,57,57,53,51,46,46,46,55,46,53,47,59,46,47,49,54,52,44,59,46,59,59,56,56,50,50,51,51,52,57,47,53,51,44,52,44,284,53,53,50,49,52,49,57,56,55,57,49,46,45,63,54,54,51,51,48,57,50,51,57,48,52,51,49,52,52,58,57,52,46,50,53,45,53,54,53,46,46,48,49,49,56,63,50,49,46,53,50,47,47,46,51,57,47,47,53,54,49,47,53,51,53,54,49,54,47,47,45,51,51,45,55,46,53,44,48,44,47,48,45,45,49,44,43,44,47,46,46,48,48,52,53,58,55,59,53,53,53,46,52,53,49,52,50,53,43,47,47,45,46,44,43,45,43,102,41,48,46,47,83,42,49,47,43,52,43,44
EPI_ISL_6011766,158,156,156,153,152,103,149,113,104,112,109,116,143,127,127,117,129,131,121,117,117,57,66,51,52,69,69,48,48,49,69,49,47,47,49,73,61,77,79,52,52,79,53,53,63,82,85,80,58,58,54,70,91,60,50,59,56,51,51,28,30,32,26,30,25,32,31,29,29,27,27,32,22,29,28,31,26,28,25,0,25,24,28,16,27,46,24,23,30,31,20,26,25,26,24,42,22,24,28,24,32,56,30,20,29,54,31,33,43,22,30,25,26,28,36,25,38,49,32,24,26,32,33,31,27,21,30,28,26,32,35,51,45,96,50,48,53,53,51,46,47,51,51,45,49,47,48,49,62,144,74,80,76,77,77,49,72,73,72,79,73,77,72,77,73,81,76,74,77,83,75,83,75,83,83,77,74,78,82,75,72,75,74,71,63,65,73,63,68,60,72,68,68,70,67,62,48,55,74,73,70,73,91,66,70,70,72,62,71,90,64,69,65,72,78,70,71,86,76,78,72,78,74,77,73,79,71,74,80,83,77,86,75,66,74,74,76,80,74,65,68,61,66,58,60,57,63,73,70,62,65,58,78,58,62,59,60,62,69,58,63,67,69,68,65,66,63,64,65,64,62,69,66,61,56,62,62,61,69,70,70,70,69,61,62,66,57,123,63,51,128,63,89,65,58,71,55,57,56,63,60,64,63,53,62,53,52,53,47,72,53,62,64,45,61,62,61,53,53,57,52,63,55,50,55,57,61,54,50,50,63,54,49,52,67,53,62,60,58,56,51,51,51,58,49,58,50,64,51,52,54,57,57,49,64,51,64,64,61,61,53,55,54,56,57,62,52,58,56,49,57,49,289,58,58,55,54,57,54,62,61,60,62,54,51,50,68,59,59,54,56,53,62,55,54,60,51,55,54,54,57,55,63,62,55,51,55,56,50,58,57,58,49,51,53,52,52,61,68,55,52,49,56,55,50,52,51,56,62,50,52,56,59,52,52,58,56,58,59,54,59,50,50,48,56,56,48,60,51,57,48,53,47,50,52,48,49,52,49,48,49,52,49,49,53,51,55,58,63,60,64,58,58,58,51,57,58,54,57,55,58,46,50,52,50,51,49,48,50,48,105,46,53,50,50,88,47,54,52,46,57,46,47
EPI_ISL_6011769,159,157,157,154,153,104,150,114,105,113,110,117,144,128,128,118,130,132,122,118,118,56,65,50,51,68,68,47,47,48,68,48,46,46,48,74,62,78,80,51,51,80,52,52,64,83,86,81,57,57,53,71,92,63,49,58,55,50,50,29,31,33,27,31,28,33,30,30,30,28,28,33,25,24,29,32,27,29,26,25,0,25,29,21,28,49,25,24,31,32,23,27,26,27,25,41,23,25,29,17,35,57,31,21,30,57,32,34,46,15,29,26,27,29,33,26,35,50,29,25,17,33,32,28,24,20,33,29,19,35,34,50,44,97,45,47,52,52,50,45,48,50,50,46,48,46,49,50,63,147,75,81,77,78,80,50,73,74,73,80,74,78,73,78,74,82,77,75,80,84,76,86,76,84,84,80,75,79,83,74,73,76,73,72,64,66,74,64,69,61,73,69,67,71,68,63,49,56,75,74,71,74,94,67,71,71,73,63,72,93,65,70,66,73,79,71,72,87,77,81,73,81,75,78,74,80,72,75,81,86,78,89,76,67,75,75,79,81,75,66,69,62,67,59,61,58,64,74,71,63,66,59,79,57,63,60,61,63,70,59,64,68,70,69,66,67,64,65,66,65,63,70,67,62,57,63,63,62,70,71,71,71,70,62,63,67,58,126,64,52,129,64,90,68,59,72,56,58,57,64,61,65,64,54,63,54,53,54,48,73,54,63,65,46,62,63,62,54,54,58,53,64,56,51,56,58,62,55,51,51,64,55,50,53,68,54,63,61,59,57,52,52,52,59,52,59,51,65,52,53,55,58,58,50,65,52,65,65,62,62,56,56,55,57,58,63,53,59,57,50,58,50,290,59,59,56,55,58,55,63,62,61,63,55,52,51,69,60,60,55,57,54,63,56,55,61,52,56,55,55,58,56,64,63,56,52,56,57,51,59,58,59,50,52,54,53,53,62,69,56,53,50,57,56,51,53,52,57,63,51,53,59,60,53,53,59,57,59,60,55,60,51,51,49,57,57,49,61,52,58,49,54,48,51,53,49,50,53,50,49,50,53,50,50,54,52,56,59,64,61,65,59,59,59,52,58,59,55,58,56,59,47,51,53,51,52,50,49,51,49,106,47,54,51,51,89,48,55,53,47,58,47,48
EPI_ISL_6011774,160,158,158,155,154,103,151,113,104,112,109,116,143,127,127,117,129,131,121,119,117,55,62,49,50,65,65,46,46,47,65,47,45,45,47,73,61,75,77,48,48,77,49,49,63,80,83,78,54,54,50,68,91,62,46,55,52,47,47,20,26,24,22,26,25,28,29,25,27,25,23,28,22,27,20,27,22,26,21,24,25,0,26,20,23,48,22,19,26,31,20,20,5,22,20,38,20,20,24,22,32,56,26,16,23,54,27,27,45,20,26,23,22,16,36,21,36,49,28,22,24,28,35,33,29,23,30,24,24,30,31,49,41,92,48,46,51,51,47,42,47,39,47,45,47,43,48,49,62,146,74,80,76,75,79,49,72,73,72,77,73,75,72,75,71,79,74,74,77,83,73,83,73,83,83,77,74,76,80,75,72,75,74,69,63,65,73,63,68,60,72,68,68,70,65,62,48,55,72,73,68,71,91,66,72,70,72,62,71,92,64,67,65,72,78,68,69,86,74,78,72,80,74,77,71,77,71,72,80,83,75,86,75,66,74,74,78,78,74,63,68,59,66,58,60,57,63,73,70,62,63,58,76,58,62,58,58,62,67,58,63,65,69,66,63,64,61,62,63,62,62,67,64,59,56,60,62,61,69,70,68,68,69,61,60,64,57,125,61,51,126,61,87,65,58,69,55,57,56,63,58,62,61,53,60,53,52,53,47,70,53,60,64,45,59,60,59,53,53,55,52,61,55,50,53,55,61,54,50,50,61,54,49,52,67,53,60,60,56,56,51,51,51,58,51,58,50,62,51,52,54,57,57,49,64,51,62,62,61,59,55,53,54,54,55,60,52,56,54,49,55,49,289,56,56,55,52,55,54,62,59,60,62,52,51,50,66,57,57,54,56,53,60,55,54,60,51,55,54,54,55,55,61,60,55,51,55,54,50,58,57,56,49,51,53,52,52,59,66,55,52,49,56,55,50,50,51,56,60,50,52,56,57,52,52,56,56,56,57,54,57,50,50,48,56,54,48,60,51,57,48,53,47,50,52,48,49,52,49,48,49,52,49,49,53,51,55,56,63,58,62,56,56,56,51,55,58,54,55,55,56,46,50,52,50,51,49,48,50,48,105,46,53,50,50,88,47,54,52,46,55,46,47
EPI_ISL_6011773,160,158,158,155,154,105,151,115,106,114,111,118,145,129,129,119,131,133,123,119,119,57,63,51,52,66,66,48,48,49,66,49,47,47,49,75,63,79,81,50,50,81,51,51,65,84,87,82,56,56,52,72,93,64,48,57,54,49,49,24,24,28,20,24,23,26,27,23,25,29,21,26,20,25,24,25,28,28,19,28,29,26,0,24,29,52,26,19,24,17,18,20,25,26,24,40,24,26,30,26,34,58,26,16,25,52,27,27,49,24,10,25,26,30,34,25,40,51,32,20,28,32,39,37,31,25,34,28,28,32,35,51,43,96,50,48,53,53,43,44,49,51,49,47,49,45,50,51,64,148,76,82,78,79,79,51,74,75,74,81,75,79,74,79,75,83,78,76,77,85,77,85,77,85,85,75,76,80,84,77,74,77,76,73,65,67,75,65,70,64,74,70,70,72,69,64,50,59,76,75,72,75,95,68,72,72,74,64,73,94,66,71,67,74,80,72,73,88,78,76,74,78,76,79,75,81,73,76,82,81,79,84,77,68,76,76,80,82,76,67,70,63,70,60,64,59,67,76,73,65,65,62,80,62,66,62,64,66,69,62,67,67,71,70,67,68,65,66,67,66,64,71,68,63,60,64,64,65,71,71,72,72,71,63,64,68,61,127,65,53,130,65,91,67,60,73,57,59,58,65,62,66,65,55,64,55,54,55,51,74,55,64,66,49,63,64,63,55,57,59,56,65,59,52,56,59,63,56,52,52,65,56,51,54,69,55,64,64,60,58,53,53,53,62,53,60,54,66,53,54,56,61,59,51,66,53,66,66,63,63,57,57,58,58,59,64,54,60,58,51,59,51,291,60,60,57,56,59,56,64,63,62,64,56,53,52,70,61,61,58,58,55,64,57,58,64,55,59,58,56,59,59,65,64,59,53,57,60,52,60,61,60,53,53,55,56,56,63,70,57,56,53,60,57,54,52,53,58,64,54,54,60,61,56,54,60,58,60,61,56,61,54,54,52,58,58,52,62,53,60,51,55,51,54,55,52,52,56,51,50,51,54,53,53,55,55,59,60,65,62,66,60,60,60,53,59,60,56,59,57,60,50,54,54,52,53,51,50,52,50,109,48,55,53,54,90,49,56,54,50,59,50,51
EPI_ISL_6011772,152,150,150,147,146,97,143,107,98,106,103,110,137,121,121,111,123,125,115,111,111,51,60,45,46,63,63,42,42,43,63,43,41,41,43,67,55,71,73,46,46,73,47,47,57,76,79,74,52,52,48,64,85,56,44,53,50,45,45,24,26,26,22,26,21,28,27,25,25,23,23,28,18,25,24,27,22,24,21,16,21,20,24,0,23,42,20,19,26,27,16,22,21,22,20,36,18,20,24,20,28,50,26,16,25,50,27,29,39,18,26,21,22,24,32,21,34,43,28,20,22,26,27,25,21,17,26,24,22,26,31,45,39,90,44,42,47,47,45,40,41,45,45,39,43,41,42,43,56,140,68,74,70,71,73,43,66,67,66,73,67,71,66,71,67,75,70,68,71,77,69,77,69,77,77,71,68,72,76,69,66,69,68,65,57,59,67,57,62,54,66,62,62,64,61,56,42,49,68,67,64,67,87,60,64,64,66,56,65,86,58,63,59,66,72,64,65,80,70,72,66,72,68,71,67,73,65,68,74,79,71,82,69,60,68,68,72,74,68,59,62,55,60,52,54,51,57,67,64,56,59,52,72,52,56,53,54,56,63,52,57,61,63,62,59,60,57,58,59,58,56,63,60,55,50,56,56,55,63,64,64,64,63,55,56,60,51,119,57,45,122,57,83,59,52,65,49,51,50,57,54,58,57,47,56,47,46,47,41,66,47,56,58,39,55,56,55,47,47,51,44,57,49,44,49,51,55,48,44,44,57,48,43,46,61,47,56,54,52,50,45,45,45,52,45,52,44,58,45,46,48,51,51,43,58,45,58,58,55,55,49,49,48,50,51,56,46,52,50,43,51,43,283,52,52,49,48,51,48,56,55,54,56,48,45,44,62,53,53,48,50,47,56,49,48,54,45,49,48,48,51,49,57,56,49,45,49,50,44,52,51,52,41,45,47,46,46,55,62,49,46,43,50,49,44,46,45,50,56,44,46,52,53,46,46,52,50,52,53,48,53,44,44,42,50,50,42,54,45,51,42,47,41,44,46,42,43,46,43,42,43,46,43,43,47,45,49,52,57,54,58,52,52,52,45,51,52,48,51,49,52,40,44,46,44,45,43,42,44,42,99,40,47,44,44,82,41,48,46,40,51,40,41
EPI_ISL_6011768,161,159,159,156,155,106,152,116,107,115,112,119,146,130,130,120,132,134,124,120,120,58,65,52,53,68,68,49,49,50,68,50,48,48,50,76,64,80,82,51,51,82,52,52,66,85,88,83,57,57,53,73,94,65,49,58,55,50,50,29,31,33,27,31,30,33,34,30,32,24,28,33,27,32,29,30,25,27,26,27,28,23,29,23,0,49,25,22,29,32,25,25,24,25,23,41,25,23,27,27,37,57,29,19,28,59,30,32,48,25,31,26,27,29,37,24,39,52,35,25,29,33,34,34,30,24,33,29,29,33,36,52,44,97,51,49,54,54,50,45,50,50,50,48,50,46,51,52,65,149,77,83,79,80,82,52,75,76,75,82,76,80,75,80,76,84,79,77,82,86,78,88,78,86,86,82,77,81,85,78,75,78,77,74,66,68,76,66,71,63,75,71,71,73,70,65,51,58,77,76,73,76,92,69,73,73,75,65,74,95,67,72,68,75,81,73,74,89,79,83,75,83,77,80,76,82,74,77,83,88,80,91,78,69,77,77,81,83,77,68,71,64,69,61,63,60,66,76,73,65,66,61,79,61,65,62,61,65,70,61,66,68,72,71,68,69,66,67,68,67,65,72,69,64,59,65,65,64,72,73,73,73,72,64,65,69,60,128,66,54,129,66,92,68,61,74,58,60,59,66,63,67,66,56,65,56,55,56,50,75,56,65,67,48,64,65,64,56,56,60,55,66,58,53,58,60,64,57,53,53,66,57,52,55,70,56,65,63,61,59,54,54,54,61,54,61,53,65,54,55,57,60,60,52,67,54,67,67,64,64,58,58,57,59,60,65,55,61,59,52,60,52,292,61,61,58,57,60,57,65,64,63,65,57,54,53,71,62,62,57,59,56,65,58,57,63,54,58,57,57,60,58,66,65,58,54,58,57,53,61,60,61,52,54,56,55,55,64,71,58,55,52,59,58,53,53,54,59,65,53,55,61,62,55,55,61,59,61,62,57,62,53,53,51,59,59,51,63,54,60,51,56,50,53,55,51,52,55,52,51,52,55,52,52,56,54,58,61,66,63,67,61,61,61,54,60,61,57,60,58,61,49,53,55,53,54,52,51,53,51,108,49,56,53,53,91,50,57,55,49,60,49,50
EPI_ISL_6011767,166,164,164,161,160,111,157,121,112,120,117,124,151,135,137,127,137,139,131,127,127,81,90,75,76,93,93,72,72,73,93,73,71,71,73,81,69,85,87,76,76,87,77,77,71,90,93,88,82,82,78,78,97,57,74,83,80,75,75,52,54,56,50,54,51,56,55,53,53,49,51,56,48,53,52,55,50,52,49,46,49,48,52,42,49,0,48,47,54,55,46,50,49,50,48,64,46,48,52,48,58,70,54,44,53,20,55,57,3,46,54,49,50,52,58,49,62,75,56,48,50,56,53,53,49,43,56,52,50,56,59,75,69,104,74,72,77,77,75,70,73,75,75,71,71,71,74,75,54,152,80,86,84,85,85,55,78,79,78,87,79,83,80,85,81,89,84,80,85,89,83,91,81,89,89,85,82,84,88,83,78,83,82,79,71,73,79,71,76,64,80,74,76,77,75,70,54,61,82,81,78,83,95,74,76,76,78,68,77,98,70,77,73,78,84,78,79,92,82,86,78,86,80,83,81,85,77,80,84,91,83,92,81,72,80,82,84,86,80,69,74,67,72,64,64,63,67,79,76,68,71,64,86,62,68,65,66,66,75,64,69,73,73,74,71,72,69,70,71,70,68,77,72,67,60,68,68,67,73,74,78,76,75,67,68,74,61,131,69,57,134,67,93,71,64,77,61,63,62,69,64,68,67,59,68,59,58,59,53,78,59,68,70,51,67,68,67,59,59,63,58,69,61,56,61,63,67,60,56,56,69,60,55,58,73,59,68,66,64,62,57,57,57,64,57,64,56,70,57,58,60,63,63,55,70,57,70,70,67,67,61,61,60,62,63,68,58,64,62,55,63,55,293,64,64,61,60,63,60,68,67,66,68,60,57,56,74,65,65,60,62,59,68,61,60,66,57,61,60,60,63,61,69,68,61,57,61,62,56,64,63,64,55,57,59,58,58,67,74,61,58,55,62,61,56,58,57,62,68,56,58,64,65,58,58,64,62,64,65,60,65,56,56,54,62,62,54,66,57,63,54,59,53,56,58,54,55,58,55,54,55,58,55,55,59,57,61,64,69,66,70,64,64,64,56,63,64,60,63,61,64,52,56,58,56,57,55,54,56,54,111,52,59,56,56,94,53,60,58,52,63,52,53
EPI_ISL_6011763,160,158,158,155,154,105,151,115,106,114,111,118,145,129,129,119,131,133,123,119,119,57,64,51,52,67,67,48,48,49,67,49,47,47,49,75,63,79,81,50,50,81,51,51,65,84,87,82,56,56,52,72,93,64,48,49,54,41,49,28,28,32,24,28,26,30,31,19,29,25,25,30,24,27,28,29,24,26,15,24,25,22,26,20,25,48,0,19,26,31,22,22,23,24,22,32,22,22,25,24,34,58,28,16,25,56,27,29,45,22,28,15,16,28,34,15,34,51,32,22,26,30,33,31,27,21,31,26,26,32,33,51,43,96,50,48,53,52,49,44,49,51,49,47,49,45,50,51,64,148,76,82,78,79,77,51,74,75,74,81,75,79,74,79,75,83,78,76,79,85,77,85,75,85,85,79,76,80,84,77,74,77,76,71,65,67,75,65,70,62,74,70,70,72,69,64,50,57,76,75,72,75,93,68,72,72,74,64,73,94,66,71,67,74,79,72,73,88,78,80,74,80,76,79,75,81,73,76,82,83,79,88,77,68,76,76,80,82,76,67,70,63,68,60,62,59,65,75,72,64,65,60,80,60,64,61,62,64,69,60,65,67,71,70,67,68,65,66,67,66,62,71,68,63,58,64,64,63,71,72,72,72,71,63,64,68,59,127,65,53,130,65,91,67,60,73,57,59,58,65,62,66,65,55,64,55,54,55,49,74,55,64,66,47,63,64,63,55,55,59,54,65,57,52,57,59,63,56,52,52,65,56,51,54,69,55,64,62,60,58,53,53,53,60,53,60,52,66,53,54,56,59,59,51,66,53,66,66,63,63,57,57,56,58,59,64,54,60,58,51,59,51,291,60,60,57,56,59,56,64,63,62,64,56,53,52,70,61,61,56,58,55,64,57,56,62,53,57,56,56,59,57,65,64,57,53,57,58,52,60,59,60,51,53,55,54,54,63,70,57,54,51,58,57,52,52,53,58,64,52,54,60,61,54,54,60,58,60,61,56,61,52,52,50,58,58,50,62,53,59,50,55,49,52,54,50,51,54,51,50,51,54,51,51,55,53,57,60,65,62,66,60,60,60,53,59,60,56,59,57,60,48,52,54,52,53,51,50,52,50,107,48,55,52,52,90,49,56,54,48,59,48,49
EPI_ISL_6011764,155,153,153,150,149,100,146,110,103,109,106,113,140,124,124,114,126,128,118,114,114,53,60,47,48,63,63,44,44,45,63,45,43,43,45,71,59,76,77,46,46,78,47,47,61,80,83,79,52,52,48,68,89,60,44,53,50,45,45,17,19,23,17,21,20,23,24,20,22,22,18,21,17,18,17,20,21,23,16,23,24,19,19,19,22,47,19,0,13,30,15,9,18,21,19,33,19,21,25,21,31,55,15,5,12,49,12,14,44,19,25,20,21,23,29,20,33,47,29,17,23,29,32,30,24,18,29,23,23,29,30,47,39,92,46,44,49,49,45,38,45,45,45,43,45,41,46,47,60,144,73,79,75,75,72,48,71,72,71,78,72,76,71,76,72,79,75,73,72,80,73,80,74,82,82,72,73,77,81,74,71,74,73,70,62,64,72,62,67,61,71,67,67,69,66,61,47,56,73,72,69,72,92,65,69,69,71,61,70,90,63,68,64,71,77,69,70,85,75,73,71,73,73,76,72,78,68,73,79,76,76,81,74,65,73,71,77,79,73,64,67,60,67,57,61,56,64,73,70,62,62,59,76,59,63,59,59,63,66,59,64,64,68,67,64,65,62,63,64,63,61,67,65,60,57,61,61,62,68,69,68,69,68,60,61,65,58,124,62,50,127,62,88,64,57,70,54,56,55,62,59,63,62,52,61,52,51,52,48,71,52,61,63,46,60,61,60,52,54,56,53,62,56,49,54,56,60,53,49,49,62,53,48,51,66,52,61,61,57,55,50,50,50,59,50,57,51,63,50,51,53,58,56,48,63,50,63,63,60,60,54,54,55,55,56,61,51,57,55,48,56,48,288,57,57,54,53,56,53,61,60,59,61,53,50,49,67,58,58,55,55,52,61,54,55,61,52,56,55,53,56,56,62,61,56,50,54,55,49,57,58,57,50,50,52,53,53,60,67,54,53,50,57,54,51,49,50,55,61,51,51,57,58,53,51,57,55,57,58,53,58,51,51,49,55,55,49,59,50,57,48,52,48,51,52,49,49,53,48,47,48,51,50,50,52,52,56,57,62,59,63,57,57,57,50,56,57,53,56,54,57,47,51,51,49,50,48,47,49,47,106,45,52,50,51,87,46,53,51,47,56,47,48
EPI_ISL_6011771,162,160,160,157,156,107,153,115,106,114,111,120,147,131,131,121,133,135,125,121,121,57,64,51,52,67,67,48,48,49,67,49,47,47,49,77,65,81,83,52,52,83,53,53,67,86,89,84,58,58,52,74,95,66,44,57,54,49,49,20,18,26,22,26,25,28,29,25,25,15,21,10,20,25,18,11,28,12,21,30,31,26,24,26,29,54,26,13,0,37,20,6,25,28,26,40,26,26,32,28,36,60,8,14,7,54,5,11,51,26,30,27,28,30,34,27,40,51,34,22,30,34,39,37,31,25,36,30,30,34,37,51,43,98,50,48,53,53,49,38,49,49,45,47,49,43,50,51,66,150,78,84,80,81,79,53,76,77,76,83,77,81,76,81,77,85,80,78,79,87,79,87,79,87,87,77,78,82,86,79,76,79,78,75,67,69,77,67,72,66,76,72,72,74,71,66,52,61,78,77,74,77,97,70,74,74,76,66,75,96,68,73,69,76,82,74,75,90,80,78,76,80,78,81,77,83,75,78,84,81,81,86,79,70,78,78,82,84,78,69,72,65,72,62,66,61,69,78,75,67,67,64,82,64,68,64,64,68,71,64,69,69,73,72,69,70,67,68,69,68,66,73,70,65,62,66,66,67,73,74,74,74,73,65,66,68,63,129,67,55,132,67,93,69,62,75,59,61,60,67,64,68,67,57,66,57,56,57,53,76,57,66,68,51,65,66,65,57,59,61,58,67,61,54,59,61,65,58,54,54,67,58,53,56,71,57,66,66,62,60,55,55,55,64,55,62,56,68,55,56,58,63,61,53,68,55,68,68,65,65,59,59,60,60,61,66,56,62,60,53,61,53,293,62,62,59,58,61,58,66,65,64,66,58,55,54,72,63,63,60,60,57,66,59,60,66,57,61,60,58,61,61,67,66,61,55,59,60,54,62,63,62,55,55,57,58,58,65,72,59,58,55,62,59,56,54,53,60,66,56,56,62,63,58,56,62,60,62,63,58,63,56,56,54,60,60,54,64,55,62,53,57,53,56,57,54,54,58,53,52,53,56,55,55,57,57,61,62,67,64,68,62,62,62,55,61,62,58,61,59,62,52,56,56,54,55,53,52,54,52,111,50,57,55,56,92,51,58,56,52,61,52,53
EPI_ISL_6011765,164,162,162,159,158,109,155,119,110,118,115,122,149,133,133,123,135,137,127,123,123,64,70,58,59,73,73,55,55,56,73,56,54,54,56,78,66,82,84,57,57,84,58,58,68,87,90,85,63,63,59,75,97,69,55,64,61,56,56,37,37,41,33,37,36,39,40,36,38,32,34,39,33,38,37,36,33,33,32,31,32,31,17,27,32,55,31,30,37,0,31,33,32,31,29,47,31,29,33,33,43,61,37,27,36,63,38,40,52,31,13,32,33,37,45,30,45,58,41,31,35,39,40,38,36,30,39,35,35,37,42,58,50,99,57,55,60,60,50,51,56,58,56,54,56,52,57,58,69,152,79,86,79,82,84,54,77,78,77,84,78,82,77,82,78,86,81,79,84,89,80,90,80,89,89,84,79,83,87,78,77,80,77,76,68,70,78,68,73,65,77,74,71,75,72,67,53,60,79,78,75,78,97,71,75,75,77,67,76,98,69,74,70,78,83,75,76,92,81,85,77,85,79,83,78,84,76,79,85,90,82,94,80,73,79,79,83,85,80,70,73,68,71,63,65,62,68,78,75,67,68,62,83,61,66,64,65,66,72,63,68,70,74,73,70,71,68,69,70,71,67,74,71,66,61,67,69,66,74,74,75,75,76,68,67,71,62,130,68,56,133,68,94,70,63,76,60,62,61,68,65,69,68,58,67,58,57,58,52,77,58,67,69,50,66,67,66,58,58,62,57,68,60,55,59,62,66,59,55,55,68,59,54,57,72,58,67,65,63,61,56,56,56,63,56,63,55,69,56,57,59,62,62,54,69,56,69,69,66,66,60,60,59,61,62,67,57,63,61,54,62,54,294,63,63,60,59,62,59,67,66,65,67,59,56,55,73,64,64,59,61,58,67,60,59,65,56,60,59,59,62,60,68,67,60,56,60,61,55,63,62,63,54,56,58,57,57,66,73,60,57,54,61,60,55,55,56,61,67,55,57,63,64,57,57,63,61,63,64,59,64,55,55,53,61,61,53,65,56,62,53,58,52,55,57,53,54,57,54,53,54,57,54,54,58,56,60,63,68,65,69,63,63,63,56,62,63,59,62,60,63,51,55,57,55,56,54,53,55,53,110,51,58,55,55,93,52,59,57,51,62,51,52
EPI_ISL_6011755,154,152,152,149,148,97,145,107,98,106,103,110,137,121,121,111,123,125,115,113,113,49,58,43,44,61,61,40,40,41,61,41,39,39,41,67,55,71,73,44,44,73,45,45,57,76,79,74,50,50,46,64,85,56,42,51,48,43,43,16,18,20,14,18,13,20,19,17,17,25,15,20,10,17,16,19,24,24,13,20,23,20,18,16,25,46,22,15,20,31,0,16,19,20,18,34,16,20,24,18,24,52,22,12,21,44,23,23,43,16,22,21,20,20,28,19,36,41,24,16,20,26,33,31,25,19,24,22,20,26,29,43,37,90,42,40,45,45,43,38,39,43,43,37,41,39,40,41,56,140,68,74,70,71,73,43,66,67,66,73,67,71,66,71,67,75,70,68,69,77,69,79,69,77,77,67,68,72,76,69,66,69,68,65,57,59,67,57,62,56,66,62,62,64,61,56,42,51,68,67,64,67,87,60,66,64,66,56,65,86,58,63,59,66,70,64,65,80,70,68,66,72,68,71,67,73,65,68,74,73,71,76,69,60,68,68,72,74,68,59,62,55,62,52,56,51,59,68,65,57,59,54,72,54,58,54,56,58,63,54,59,61,63,62,59,60,57,58,59,58,56,63,60,55,52,56,56,57,63,64,64,64,63,55,56,60,53,119,57,45,122,57,83,59,52,65,49,51,50,57,54,58,57,47,56,47,46,47,43,66,47,56,58,41,55,56,55,47,49,51,48,57,51,44,49,51,55,48,44,44,57,48,43,46,61,47,56,56,52,50,45,45,45,54,45,52,44,58,45,46,48,53,51,43,58,45,58,58,55,55,49,49,50,50,51,56,46,52,50,43,51,43,283,52,52,49,48,51,48,56,55,54,56,48,45,44,62,53,53,50,50,47,56,49,50,56,47,51,50,48,51,51,57,56,51,45,49,52,44,52,53,52,45,45,47,48,48,55,62,49,48,45,52,49,46,46,45,50,56,46,46,52,53,48,46,52,50,52,53,48,53,46,46,44,50,50,44,54,45,52,43,47,43,46,47,44,44,48,43,42,43,46,45,45,47,47,51,52,55,54,58,52,52,52,45,51,52,48,51,49,52,42,46,46,44,45,43,42,44,42,101,40,47,45,46,82,41,48,46,42,51,42,43
EPI_ISL_6011775,158,156,156,153,152,103,149,111,102,110,107,116,143,127,127,117,129,131,121,117,117,55,62,49,50,65,65,46,46,47,65,47,45,45,47,73,61,77,79,48,48,79,49,49,63,82,85,80,54,54,50,70,91,62,42,55,52,47,47,16,16,22,18,22,21,24,25,21,23,17,19,14,18,21,16,13,24,16,17,26,27,20,20,22,25,50,22,9,6,33,16,0,19,24,22,36,22,24,28,24,32,56,12,10,9,50,11,9,47,22,26,23,24,24,30,23,36,49,30,18,26,30,35,33,27,21,32,26,26,30,33,49,41,94,48,46,51,51,47,36,47,45,43,45,47,41,48,49,62,146,74,80,76,77,75,49,72,73,72,79,73,77,72,77,73,81,76,74,75,83,75,83,75,83,83,73,74,78,82,75,72,75,74,71,63,65,73,63,68,62,72,68,68,70,67,62,48,57,74,73,70,73,93,66,70,70,72,62,71,92,64,69,65,72,78,70,71,86,76,74,72,76,74,77,73,79,71,74,80,77,77,82,75,66,74,74,78,80,74,65,68,61,68,58,62,57,65,74,71,63,63,60,78,60,64,60,60,64,67,60,65,65,69,68,65,66,63,64,65,64,62,69,66,61,58,62,62,63,69,70,70,70,69,61,62,64,59,125,63,51,128,63,89,65,58,71,55,57,56,63,60,64,63,53,62,53,52,53,49,72,53,62,64,47,61,62,61,53,55,57,54,63,57,50,55,57,61,54,50,50,63,54,49,52,67,53,62,62,58,56,51,51,51,60,51,58,52,64,51,52,54,59,57,49,64,51,64,64,61,61,55,55,56,56,57,62,52,58,56,49,57,49,289,58,58,55,54,57,54,62,61,60,62,54,51,50,68,59,59,56,56,53,62,55,56,62,53,57,56,54,57,57,63,62,57,51,55,56,50,58,59,58,51,51,53,54,54,61,68,55,54,51,58,55,52,50,49,56,62,52,52,58,59,54,52,58,56,58,59,54,59,52,52,50,56,56,50,60,51,58,49,53,49,52,53,50,50,54,49,48,49,52,51,51,53,53,57,58,63,60,64,58,58,58,51,57,58,54,57,55,58,48,52,52,50,51,49,48,50,48,107,46,53,51,52,88,47,54,52,48,57,48,49
EPI_ISL_6011770,159,157,157,154,153,102,150,112,103,111,108,115,142,126,126,116,128,130,120,118,116,54,61,48,49,64,64,45,45,46,64,46,44,44,46,72,60,74,76,47,47,76,48,48,62,79,82,77,53,53,49,67,90,61,45,54,51,46,46,19,25,23,21,25,24,27,28,24,26,26,22,27,21,26,19,26,23,27,20,25,26,5,25,21,24,49,23,18,25,32,19,19,0,21,19,37,19,21,25,21,31,57,25,15,22,53,26,26,46,19,25,22,21,15,35,20,37,48,29,21,23,29,36,34,28,22,29,23,23,29,30,48,40,91,47,45,50,50,46,41,46,38,46,44,46,42,47,48,61,145,73,79,75,74,80,48,71,72,71,76,72,74,71,74,70,78,73,73,76,80,72,84,72,82,82,76,73,75,79,74,71,74,73,68,62,64,72,62,67,61,71,67,67,69,64,61,47,56,71,72,67,70,92,65,71,69,71,61,70,91,63,66,64,71,77,67,68,85,73,77,71,79,73,76,70,76,70,71,79,82,74,85,74,65,73,73,77,77,73,62,67,58,67,57,61,56,64,73,70,62,62,59,75,59,63,58,59,63,66,59,64,64,68,65,62,63,60,61,62,61,61,66,63,58,57,59,61,62,68,69,67,67,68,60,59,63,58,124,60,50,125,60,86,64,57,68,54,56,55,62,57,61,60,52,59,52,51,52,48,69,50,59,63,46,58,59,58,52,54,54,53,60,56,49,52,54,60,53,49,49,60,53,48,51,66,52,59,61,55,55,50,50,50,59,50,57,51,61,50,51,53,58,56,48,63,50,61,61,60,58,54,52,55,53,54,59,51,55,53,48,54,48,288,55,55,54,51,54,53,61,58,59,61,51,50,49,65,56,56,55,55,52,59,54,55,61,52,56,55,53,54,56,60,59,56,50,52,55,49,57,58,55,50,50,52,53,53,58,65,54,53,50,57,52,51,49,50,55,59,51,51,55,56,53,51,55,55,55,56,53,56,51,51,49,55,53,49,59,50,57,48,52,48,51,52,49,49,53,48,47,48,51,50,50,52,52,56,55,62,57,61,55,55,55,50,54,57,53,54,54,55,47,51,51,49,50,48,47,49,47,105,45,52,50,51,87,46,53,51,47,54,47,48
EPI_ISL_6011784,158,156,156,153,152,101,149,111,102,110,107,114,141,125,125,115,127,129,119,117,117,53,60,47,48,63,63,44,44,45,63,45,43,43,45,71,59,75,77,46,46,77,47,47,61,80,83,78,52,52,48,68,89,60,44,53,50,45,45,26,26,30,22,26,25,28,29,25,27,25,23,28,22,27,26,25,26,26,21,26,27,22,26,22,25,50,24,21,28,31,20,24,21,0,18,34,20,20,24,22,32,56,28,18,27,54,29,31,47,20,26,23,22,26,36,19,38,47,30,22,24,30,35,35,29,23,28,24,24,28,31,47,39,92,46,44,49,49,45,40,45,47,45,43,45,41,46,47,60,144,72,78,74,75,81,47,70,71,70,77,71,75,70,75,71,79,74,72,77,81,73,87,73,81,81,77,72,76,80,73,70,73,72,69,61,63,71,61,66,60,70,66,66,68,65,60,46,55,72,71,68,71,91,64,70,68,70,60,69,90,62,67,63,70,76,68,69,84,74,78,70,80,72,75,71,77,69,72,78,83,75,86,73,64,72,72,76,78,72,63,66,59,66,56,60,55,63,72,69,61,61,58,76,58,62,58,60,62,65,58,63,63,67,66,63,64,61,62,63,62,60,67,64,59,56,60,60,61,67,68,68,68,67,59,60,64,57,123,61,49,126,61,87,63,56,69,53,55,54,61,58,62,61,51,60,51,50,51,47,70,51,60,62,45,59,60,59,51,53,55,52,61,55,48,53,55,59,52,48,48,61,52,47,50,65,51,60,60,56,54,49,49,49,58,49,56,50,62,49,50,52,57,55,47,62,49,62,62,59,59,53,53,54,54,55,58,50,56,54,47,55,47,287,56,56,53,52,55,52,60,59,58,60,52,49,48,66,57,57,54,54,51,60,53,54,60,51,55,54,52,55,55,61,60,55,49,53,56,48,56,57,56,49,49,51,52,52,59,66,53,52,49,56,53,50,48,49,54,60,50,50,56,57,52,50,56,54,56,57,52,57,50,50,48,54,54,48,58,49,56,47,51,47,50,51,48,48,52,47,46,47,50,49,49,51,51,55,56,61,58,62,56,56,56,49,55,56,52,55,53,56,46,50,50,48,49,47,46,48,46,105,44,51,49,50,86,45,52,50,46,55,46,47
EPI_ISL_6011792,155,153,153,150,149,99,146,108,99,107,104,112,138,122,122,112,124,126,116,114,114,49,56,45,46,59,59,42,42,43,59,43,41,41,43,69,57,73,75,44,38,75,45,45,59,78,81,76,44,44,46,66,87,58,42,51,48,43,43,24,24,28,14,24,23,26,27,23,23,23,21,26,20,25,24,23,24,24,19,24,25,20,24,20,23,48,22,19,26,29,18,22,19,18,0,34,16,18,22,20,30,54,26,16,25,52,27,29,45,18,24,21,20,24,34,17,36,45,28,20,22,28,33,33,27,21,26,22,22,26,29,43,35,90,44,40,45,45,43,38,43,45,43,41,41,39,44,45,58,142,70,76,72,73,79,45,68,69,68,75,69,73,68,73,69,77,72,70,75,79,71,85,71,79,79,75,70,74,78,71,68,71,70,67,59,61,69,59,64,58,66,64,64,66,63,58,44,53,70,69,66,69,89,60,68,66,68,58,67,88,60,65,61,68,74,66,67,82,72,76,68,78,70,73,69,75,67,70,76,81,73,84,71,62,70,70,74,76,70,61,64,57,64,54,58,53,61,70,67,59,59,56,74,56,60,56,58,60,63,56,61,61,65,64,61,62,59,60,61,60,58,65,61,57,54,58,58,59,65,66,66,66,65,57,58,62,55,121,59,47,124,59,85,61,54,67,51,53,52,59,56,60,59,49,58,49,48,49,45,68,49,58,60,43,57,58,57,49,51,53,50,59,53,46,51,53,57,50,46,46,59,50,45,48,63,49,58,58,54,52,47,47,47,56,47,54,48,60,47,48,50,55,53,45,60,47,60,60,57,57,51,51,52,52,53,58,48,54,52,45,53,45,285,54,54,51,50,53,50,58,57,56,58,50,47,46,64,55,55,52,52,49,58,51,52,58,49,53,52,50,53,53,59,58,53,47,51,54,46,54,55,54,47,47,49,50,50,57,64,51,50,47,54,51,48,46,47,52,58,48,48,54,55,50,48,54,52,54,55,50,55,48,48,46,52,52,46,56,47,54,45,49,45,48,49,46,46,50,45,44,45,48,47,47,49,49,53,54,59,56,60,54,54,54,47,53,54,50,53,51,54,44,48,48,46,47,45,44,46,44,103,42,49,47,48,84,43,50,48,44,53,44,45
EPI_ISL_6011790,162,160,160,157,156,105,151,115,106,114,111,118,145,129,129,119,131,133,123,121,121,59,66,53,54,69,69,50,50,51,69,51,49,49,51,73,63,77,79,52,52,79,53,53,65,82,85,80,58,58,54,72,93,64,50,51,56,43,51,38,38,42,36,40,38,40,43,31,39,41,37,42,36,39,38,39,42,42,25,42,41,38,40,36,41,64,32,33,40,47,34,36,37,34,34,0,36,36,39,34,46,58,42,30,39,62,41,43,61,34,42,31,30,40,44,27,48,53,44,38,38,46,39,41,35,37,43,40,38,38,39,53,45,94,52,50,55,55,51,46,51,53,51,49,51,47,52,53,64,146,74,82,76,77,89,51,72,75,72,79,73,77,72,77,73,81,76,74,85,85,77,95,75,85,85,85,74,78,82,77,72,75,76,71,65,67,75,65,70,64,72,70,70,72,69,62,50,61,74,73,70,71,101,66,74,72,74,64,73,94,66,69,67,74,79,70,73,88,76,86,72,88,76,79,73,79,71,74,82,91,79,96,75,68,76,74,78,80,76,67,70,63,70,60,64,59,67,76,73,65,67,62,78,62,66,62,64,66,71,62,67,69,71,70,67,68,65,66,67,66,64,71,68,63,60,64,64,65,71,72,72,72,71,63,64,70,61,125,65,53,130,65,91,69,60,73,57,59,58,65,62,66,65,55,64,55,54,55,51,74,55,64,66,49,63,64,63,55,57,59,56,65,59,52,57,59,63,56,52,52,65,56,51,54,69,55,64,64,60,58,53,53,53,62,53,60,54,66,53,54,56,61,59,51,66,53,66,66,63,63,57,57,58,58,59,64,54,60,58,51,59,51,291,60,60,57,56,59,56,64,63,62,64,56,53,52,70,61,61,58,58,55,64,57,58,64,55,59,58,56,59,59,65,64,59,53,57,60,52,60,61,60,53,53,55,56,56,63,70,57,56,53,60,57,54,54,53,58,64,54,54,60,61,56,54,60,58,60,61,56,61,54,54,52,58,58,52,62,53,60,51,55,51,54,55,52,52,56,51,50,51,54,53,53,55,55,59,60,65,62,66,60,60,60,53,59,60,56,59,57,60,50,54,54,52,53,51,50,52,50,109,48,55,53,54,90,49,56,54,50,59,50,51
EPI_ISL_6011789,156,154,154,151,150,99,147,109,100,108,105,112,139,123,123,113,125,127,117,115,115,39,48,45,46,51,51,42,42,43,51,43,41,41,43,69,57,73,75,46,46,75,47,47,59,78,81,76,52,52,48,66,87,58,44,53,50,45,45,22,24,26,20,24,21,26,23,23,11,25,21,26,18,23,22,25,24,26,19,22,23,20,24,18,25,46,22,19,26,31,16,22,19,20,16,36,0,20,24,18,28,54,26,16,25,50,27,29,43,16,24,21,20,22,32,19,36,45,26,20,20,28,33,31,25,19,26,22,20,28,29,33,39,92,44,28,35,35,45,40,43,45,45,41,31,41,44,45,58,142,70,76,72,73,77,45,68,69,68,75,69,73,68,72,69,77,72,70,73,79,71,83,71,79,79,73,70,74,78,71,68,71,70,67,59,61,69,59,64,58,66,64,64,66,63,58,44,53,70,69,66,69,89,60,68,66,68,58,67,88,60,65,61,68,74,66,67,82,72,72,68,76,69,73,69,75,67,70,76,77,73,82,71,62,70,70,74,76,70,61,64,57,64,54,58,53,61,70,67,59,61,56,74,56,60,56,58,60,65,56,61,63,65,64,61,62,59,60,61,60,58,65,61,57,54,58,58,59,64,66,66,66,65,57,58,62,55,121,59,47,124,59,85,61,54,67,51,53,52,59,56,60,59,49,58,49,48,49,45,68,49,58,60,43,57,58,57,49,51,53,50,59,53,46,51,53,57,50,46,46,59,50,45,48,63,49,58,58,54,52,47,47,47,56,47,54,48,60,47,48,50,55,53,45,60,47,60,60,57,57,51,51,52,52,53,58,48,54,52,45,53,45,285,54,54,51,50,53,50,58,57,56,58,50,47,46,64,55,55,52,52,49,58,51,52,58,49,53,52,50,53,53,59,58,53,47,51,54,46,54,55,54,47,47,49,50,50,57,64,51,50,47,54,51,48,48,47,52,58,48,48,54,55,50,48,54,52,54,55,50,55,48,48,46,52,52,46,56,47,54,45,49,45,48,49,46,46,50,45,44,45,48,47,47,49,49,53,54,59,56,60,54,54,54,47,53,54,50,53,51,54,44,48,48,46,47,45,44,46,44,103,42,49,47,48,84,43,50,48,44,53,44,45
EPI_ISL_6011787,158,156,156,153,152,101,149,111,102,110,107,114,141,125,125,115,127,129,119,115,117,51,58,45,46,61,61,42,42,43,61,43,41,41,43,71,59,75,77,46,46,77,47,47,61,80,83,78,52,52,46,68,89,60,42,51,48,43,43,26,24,28,22,20,25,28,29,25,25,23,21,26,20,27,24,25,24,22,21,24,25,20,26,20,23,48,22,21,26,29,20,24,21,20,18,36,20,0,16,22,32,56,26,18,27,54,27,29,45,20,26,23,22,26,36,19,36,45,30,20,24,28,33,33,29,23,28,24,24,22,31,45,37,92,44,42,47,47,43,38,43,45,43,41,43,39,44,45,60,144,72,78,74,75,79,47,70,71,70,77,71,75,70,75,71,79,74,72,77,81,73,85,73,81,81,77,72,76,80,73,70,73,72,69,61,63,71,61,66,58,70,66,66,68,65,60,46,53,72,71,68,71,89,64,70,68,70,60,69,90,62,67,63,70,76,68,69,84,74,78,70,80,72,75,71,77,69,72,78,83,75,86,73,64,72,72,76,78,72,63,66,59,64,56,58,55,61,71,68,60,61,56,76,56,60,57,58,60,65,56,61,63,67,66,63,64,61,62,63,62,60,67,64,59,54,60,60,59,67,68,68,68,67,59,60,64,55,123,61,49,126,61,87,63,56,69,53,55,54,61,58,62,61,51,60,51,50,51,45,70,51,60,62,43,59,60,59,51,51,55,50,61,53,48,53,55,59,52,48,48,61,52,47,50,65,51,60,58,56,54,49,49,49,56,49,56,48,62,49,50,52,55,55,47,62,49,62,62,59,59,53,53,52,54,55,60,50,56,54,47,55,47,287,56,56,53,52,55,52,60,59,58,60,52,49,48,66,57,57,52,54,51,60,53,52,58,49,53,52,52,55,53,61,60,53,49,53,54,48,56,55,56,47,49,51,50,50,59,66,53,50,47,54,53,48,48,49,54,60,48,50,56,57,50,50,56,54,56,57,52,57,48,48,46,54,54,46,58,49,55,46,51,45,48,50,46,47,50,47,46,47,50,47,47,51,49,53,56,61,58,62,56,56,56,49,55,56,52,55,53,56,44,48,50,48,49,47,46,48,46,103,44,51,48,48,86,45,52,50,44,55,44,45
EPI_ISL_6011785,160,158,158,155,154,103,151,113,104,112,109,116,143,127,127,117,129,131,121,117,119,57,62,49,50,65,65,46,46,47,65,47,45,45,47,73,61,77,79,48,48,79,49,49,63,82,85,80,54,54,52,70,91,64,48,56,54,48,49,30,30,32,26,22,27,32,33,28,31,27,27,32,26,31,30,29,28,28,24,28,29,24,30,24,27,52,25,25,32,33,24,28,25,24,22,39,24,16,0,26,36,58,32,22,31,56,33,35,49,24,30,26,25,30,40,22,40,51,32,26,28,32,37,37,33,27,30,28,28,26,35,51,43,94,50,48,53,53,49,44,49,51,49,47,49,45,50,49,64,146,74,80,76,77,81,49,72,73,72,79,73,77,72,77,73,81,76,74,79,83,75,87,75,83,83,79,74,78,82,75,72,75,74,71,63,65,73,63,68,60,72,68,68,70,67,62,48,55,74,73,70,73,91,66,72,70,72,62,71,92,64,69,65,72,76,70,71,86,76,80,72,82,74,77,73,79,71,74,80,85,77,88,75,66,74,74,78,80,74,65,68,61,66,58,60,57,63,73,70,62,63,58,78,58,62,59,60,62,67,58,63,65,69,68,65,66,63,64,65,64,62,69,66,61,56,62,62,61,69,70,70,70,69,61,62,66,57,125,63,51,128,63,89,65,58,71,55,57,56,63,60,64,63,53,62,53,52,53,47,72,53,62,64,45,61,62,61,53,53,57,52,63,55,50,55,57,61,54,50,50,63,54,49,52,67,53,62,60,58,56,51,51,51,58,51,58,50,64,51,52,54,57,57,49,64,51,64,64,61,61,55,55,54,56,57,62,52,58,56,49,57,49,289,58,58,55,54,57,54,62,61,60,62,54,51,50,68,59,59,54,56,53,62,55,54,60,51,55,54,54,57,55,63,62,55,51,55,56,50,58,57,58,49,51,53,52,52,61,68,55,52,49,56,55,50,50,51,56,62,50,52,58,59,52,52,58,56,58,59,54,59,50,50,48,56,56,48,60,51,56,48,53,47,50,52,48,49,52,49,48,49,52,49,49,53,51,55,58,63,60,64,58,58,58,51,57,58,54,57,55,58,46,50,52,50,51,49,48,50,48,105,46,53,50,50,88,47,54,52,46,57,46,47
EPI_ISL_6011783,154,152,152,149,148,97,145,107,98,106,103,110,137,121,121,111,123,125,115,113,113,49,57,43,44,60,60,40,40,41,60,41,39,39,41,67,55,71,73,44,44,73,45,45,57,76,79,74,50,50,46,64,85,56,42,51,48,43,43,24,26,28,22,26,23,28,25,25,25,27,23,28,20,21,24,27,26,28,21,24,17,22,26,20,27,48,24,21,28,33,18,24,21,22,20,34,18,22,26,0,28,52,28,18,27,50,29,31,45,6,26,23,22,22,28,21,32,43,24,22,14,30,21,25,15,13,28,24,14,28,27,43,37,90,38,40,45,45,43,38,41,43,43,39,41,39,42,43,56,140,68,74,70,71,79,43,66,67,66,73,67,71,66,71,67,75,70,68,75,77,69,85,69,77,77,75,68,72,76,69,66,69,68,65,57,59,67,57,62,56,66,62,62,64,61,56,42,51,68,67,64,67,91,60,66,64,66,56,65,86,56,63,59,66,72,64,65,80,70,76,66,78,68,71,67,73,65,68,74,81,71,84,69,60,68,68,72,74,68,59,62,55,62,52,56,51,59,68,65,57,59,54,72,54,58,54,56,58,63,54,59,61,63,62,59,60,57,58,59,58,56,63,60,55,52,56,56,57,63,64,64,64,63,55,56,60,53,119,57,45,122,57,83,61,52,65,49,51,50,57,54,58,57,47,56,47,46,47,43,66,47,56,58,41,55,56,55,47,49,51,48,57,51,44,49,51,55,48,44,44,57,48,43,46,61,47,56,56,52,50,45,45,45,54,45,52,46,58,45,46,48,53,51,43,58,45,58,58,55,55,49,49,50,50,51,56,46,52,50,43,51,43,283,52,52,49,48,51,48,56,55,54,56,48,45,44,62,53,53,50,50,47,56,49,50,56,47,51,50,48,51,51,57,56,51,45,49,52,44,52,53,52,45,45,47,48,48,55,62,49,48,45,52,49,46,46,45,50,56,46,46,52,53,48,46,52,50,52,53,48,53,46,46,44,50,50,44,54,45,52,43,47,43,46,47,44,44,48,43,42,43,46,45,45,47,47,51,52,57,54,58,52,52,52,45,51,52,48,51,49,52,42,46,46,44,45,43,42,44,42,101,40,47,45,46,82,41,48,46,42,51,42,43
EPI_ISL_6011782,164,161,162,159,158,107,155,117,108,116,113,120,147,131,131,121,133,135,125,123,123,58,67,52,53,70,70,49,49,50,70,49,48,48,50,77,65,81,83,53,53,83,54,54,67,86,89,84,59,59,55,74,95,65,51,60,55,52,52,32,34,36,30,34,29,36,35,33,33,37,31,36,26,33,32,35,36,36,29,32,35,32,34,28,37,58,34,31,36,43,24,32,31,32,30,46,28,32,36,28,0,62,38,28,37,58,39,39,55,28,34,33,32,32,40,31,46,50,36,30,32,38,43,41,35,31,36,32,32,36,37,52,46,100,51,49,54,54,52,47,48,52,52,46,50,48,39,42,65,150,78,84,80,81,89,53,76,77,76,83,77,81,76,81,77,85,80,78,85,87,79,95,79,87,87,83,78,82,86,77,76,79,78,75,67,69,77,67,72,66,76,72,72,74,71,66,52,61,78,77,74,77,99,70,76,74,76,66,75,96,67,73,69,76,82,74,75,90,80,84,76,88,78,81,77,83,75,78,84,89,81,92,79,70,78,78,82,84,76,69,70,65,72,62,66,61,69,78,74,67,69,64,82,64,68,64,66,68,73,64,69,71,73,71,69,69,67,68,69,68,66,73,70,65,62,65,66,67,73,74,74,74,73,65,65,70,63,129,67,55,132,67,93,69,62,75,59,61,60,67,64,68,67,57,64,57,56,57,53,74,57,66,68,51,63,66,65,57,59,61,58,67,61,54,59,61,65,58,54,54,67,58,53,56,71,57,66,66,62,60,55,55,55,64,55,62,56,68,55,56,58,63,61,53,68,55,68,68,65,65,59,59,60,60,61,66,56,62,60,53,60,53,291,61,62,59,58,61,58,66,62,64,66,58,55,54,72,63,63,60,60,57,66,59,60,66,57,61,60,58,61,61,67,66,61,55,59,62,54,62,63,62,55,55,57,58,58,65,72,59,58,55,62,59,56,56,55,60,66,56,56,62,63,58,56,62,60,62,63,58,63,56,56,54,60,60,54,64,55,61,53,57,53,56,56,54,54,58,53,52,53,56,55,55,57,57,61,62,67,64,68,62,62,62,55,61,62,58,61,57,62,52,56,56,54,55,53,52,54,52,111,50,57,55,56,92,51,58,56,52,61,52,53
EPI_ISL_6011781,151,149,149,146,145,95,142,102,93,101,98,110,138,122,122,112,122,126,116,112,112,73,80,65,66,83,83,62,62,63,83,63,61,61,63,62,52,66,68,66,66,68,67,67,54,71,74,69,72,72,70,61,79,70,66,75,72,67,67,56,58,56,56,58,57,58,61,59,57,57,57,62,54,59,54,59,60,58,53,56,57,56,58,50,57,70,58,55,60,61,52,56,57,56,54,58,54,56,58,52,62,0,60,52,61,64,63,63,69,52,60,57,58,58,56,55,66,67,52,54,56,64,47,49,47,51,62,60,56,54,59,67,61,85,66,64,69,69,67,62,65,67,67,63,65,63,66,65,68,134,59,68,63,66,82,31,59,62,59,68,60,64,61,64,62,70,65,59,80,71,66,86,60,71,71,76,59,65,67,60,57,64,61,58,54,56,53,54,59,48,61,56,55,61,58,51,30,45,61,60,57,60,89,55,50,61,58,49,51,80,53,58,56,60,60,59,60,74,61,77,57,81,61,65,62,64,58,61,65,82,64,86,60,55,61,61,65,65,62,52,54,50,54,44,48,43,51,60,57,49,53,46,67,46,50,46,48,50,57,46,51,55,56,55,52,53,50,51,52,53,49,60,53,48,44,49,51,49,56,54,61,57,58,50,49,55,45,111,50,37,115,50,76,53,44,58,41,43,42,49,47,51,50,39,49,39,38,39,35,59,39,49,50,33,48,49,48,37,41,44,40,50,43,34,39,43,46,41,34,32,50,41,31,34,49,35,49,48,45,42,33,33,33,46,33,40,38,51,33,34,40,44,44,31,51,33,51,49,48,50,40,42,40,40,44,45,38,45,43,31,44,31,275,45,45,40,36,44,41,49,47,42,44,36,33,32,55,46,46,42,40,39,49,41,42,48,39,43,42,41,44,43,50,49,43,37,41,44,37,45,45,45,37,35,40,40,40,48,55,41,40,37,44,41,38,40,37,38,49,36,34,45,46,40,36,45,43,45,46,41,46,38,38,36,43,43,36,42,37,44,35,39,35,38,39,36,36,40,35,34,35,38,37,37,39,39,43,45,50,47,51,45,45,45,37,44,43,41,44,42,45,34,38,38,36,35,33,34,37,34,93,32,39,37,38,74,33,36,35,34,44,34,35
EPI_ISL_6011780,164,162,162,159,158,109,155,119,110,118,115,122,149,133,133,123,135,137,127,123,123,59,66,53,54,69,69,50,50,51,69,51,49,49,51,79,67,83,85,54,54,85,55,55,69,88,91,86,60,60,54,76,97,68,46,59,56,51,50,20,20,26,24,28,27,28,31,27,27,17,23,14,20,29,18,15,28,16,23,30,31,26,26,26,29,54,28,15,8,37,22,12,25,28,26,42,26,26,32,28,38,60,0,16,11,56,7,13,51,26,32,27,28,30,38,27,42,53,36,24,30,36,41,39,33,27,36,30,30,36,37,53,45,100,52,50,55,55,51,40,51,51,47,49,51,43,52,53,68,152,80,86,82,83,81,55,78,79,78,85,79,83,78,83,79,87,82,80,79,89,81,87,81,89,89,79,80,84,88,77,78,81,80,77,69,71,79,69,74,68,78,74,72,76,73,68,54,63,80,79,76,79,99,72,76,76,78,68,77,98,70,75,71,78,84,76,77,92,82,80,78,80,80,83,79,85,77,80,86,85,83,88,81,72,80,80,84,86,80,71,74,67,74,64,68,63,71,80,77,69,69,66,84,66,70,66,64,70,73,66,71,71,75,74,71,72,69,70,71,70,68,75,72,67,64,68,68,69,75,76,76,76,75,67,68,70,65,131,69,57,134,69,95,71,64,77,61,63,62,69,66,70,69,59,68,59,58,59,55,78,59,68,70,53,67,68,67,59,61,63,60,69,63,56,61,63,67,60,56,56,69,60,55,58,73,59,68,68,64,62,57,57,57,66,57,64,58,70,57,58,60,65,63,55,70,57,70,70,67,67,61,61,62,62,63,68,58,64,62,55,63,55,295,64,64,61,60,63,60,68,67,66,68,60,57,56,74,65,65,62,62,59,68,61,62,68,59,63,62,60,63,63,69,68,63,57,61,62,56,64,65,64,57,57,59,60,60,67,74,61,60,57,64,61,58,56,55,62,68,58,58,64,65,60,58,64,62,64,65,60,65,58,58,56,62,62,56,66,57,64,55,59,55,58,59,56,56,60,55,54,55,58,57,57,59,59,63,64,69,66,70,64,64,64,57,63,64,60,63,61,64,54,58,58,56,57,55,54,56,54,113,52,59,57,58,94,53,60,58,54,63,54,55
EPI_ISL_6011779,152,150,150,147,146,97,143,107,100,106,103,110,137,121,121,111,123,125,115,111,111,50,57,44,45,60,60,41,41,42,60,42,40,40,42,68,56,73,74,43,43,75,44,44,58,77,80,76,49,49,45,65,86,57,41,50,47,42,42,16,18,20,14,18,17,20,21,17,19,21,15,20,14,15,16,19,18,22,13,20,21,16,16,16,19,44,16,5,14,27,12,10,15,18,16,30,16,18,22,18,28,52,16,0,13,46,13,15,41,16,22,17,18,20,24,17,30,44,26,14,20,26,29,25,21,15,26,20,18,26,27,44,36,89,43,41,46,46,42,37,42,42,42,40,42,38,43,44,57,141,70,76,72,72,69,45,68,69,68,75,69,73,68,73,69,76,72,70,69,77,70,77,71,79,79,69,70,74,78,71,68,71,70,67,59,61,69,59,64,58,68,64,64,66,63,58,44,53,70,69,66,69,89,62,66,66,68,58,67,87,60,65,61,68,74,66,67,82,72,70,68,70,70,73,69,75,65,70,76,73,73,78,71,62,70,68,74,76,70,61,64,57,64,54,58,53,61,70,67,59,59,56,73,56,60,56,56,60,63,56,61,61,65,64,61,62,59,60,61,60,58,64,62,57,54,58,58,59,65,66,65,66,65,57,58,62,55,121,59,47,124,59,85,61,54,67,51,53,52,59,56,60,59,49,58,49,48,49,45,68,49,58,60,43,57,58,57,49,51,53,50,59,53,46,51,53,57,50,46,46,59,50,45,48,63,49,58,58,54,52,47,47,47,56,47,54,48,60,47,48,50,55,53,45,60,47,60,60,57,57,51,51,52,52,53,58,48,54,52,45,53,45,285,54,54,51,50,53,50,58,57,56,58,50,47,46,64,55,55,52,52,49,58,51,52,58,49,53,52,50,53,53,59,58,53,47,51,52,46,54,55,54,47,47,49,50,50,57,64,51,50,47,54,51,48,46,47,52,58,48,48,54,55,50,48,54,52,54,55,50,55,48,48,46,52,52,46,56,47,54,45,49,45,48,49,46,46,50,45,44,45,48,47,47,49,49,53,54,59,56,60,54,54,54,47,53,54,50,53,51,54,44,48,48,46,47,45,44,46,44,103,42,49,47,48,84,43,50,48,44,53,44,45
EPI_ISL_6011778,163,161,161,158,157,108,154,116,107,115,112,121,148,132,132,122,134,136,126,122,122,60,67,54,55,70,70,51,51,52,70,52,50,50,52,78,66,82,84,53,53,84,54,54,68,87,90,85,59,59,55,75,96,67,47,60,57,52,52,19,21,27,23,27,26,29,30,26,28,14,24,13,23,26,19,12,27,15,22,29,30,23,25,25,28,53,25,12,7,36,21,9,22,27,25,39,25,27,31,27,37,61,11,13,0,55,8,12,50,25,31,26,27,27,35,26,39,54,35,23,29,35,38,36,30,24,35,29,29,35,36,54,46,99,53,51,56,56,52,41,52,50,48,50,52,46,53,54,67,151,79,85,81,82,78,54,77,78,77,84,78,82,77,82,78,86,81,79,78,88,80,86,80,88,88,78,79,83,87,78,77,80,79,76,68,70,78,68,73,67,77,73,73,75,72,67,53,62,79,78,75,78,98,71,75,75,77,67,76,97,69,74,70,77,83,75,76,91,81,79,77,79,79,82,78,84,76,79,85,82,82,87,80,71,79,79,83,85,79,70,73,66,73,63,67,62,70,79,76,68,68,65,83,65,69,65,65,69,72,65,70,70,74,73,70,71,68,69,70,69,67,74,71,66,63,67,67,68,74,75,75,75,74,66,67,71,64,130,68,56,133,68,94,70,63,76,60,62,61,68,65,69,68,58,67,58,57,58,54,77,58,67,69,52,66,67,66,58,60,62,59,68,62,55,60,62,66,59,55,55,68,59,54,57,72,58,67,67,63,61,56,56,56,65,56,63,57,69,56,57,59,64,62,54,69,56,69,69,66,66,60,60,61,61,62,67,57,63,61,54,62,54,294,63,63,60,59,62,59,67,66,65,67,59,56,55,73,64,64,61,61,58,67,60,61,67,58,62,61,59,62,62,68,67,62,56,60,61,55,63,64,63,56,56,58,59,59,66,73,60,59,56,63,60,57,55,56,61,67,57,57,63,64,59,57,63,61,63,64,59,64,57,57,55,61,61,55,65,56,63,54,58,54,57,58,55,55,59,54,53,54,57,56,56,58,58,62,63,68,65,69,63,63,63,56,62,63,59,62,60,63,53,57,57,55,56,54,53,55,53,112,51,58,56,57,93,52,59,57,53,62,53,54
EPI_ISL_6011786,159,157,157,154,153,102,150,108,99,107,104,113,140,124,126,114,124,128,118,118,118,77,84,69,70,87,87,66,66,67,87,67,65,65,67,70,58,74,76,70,70,76,71,71,60,79,82,77,76,76,74,67,86,59,70,79,76,71,71,48,50,50,48,50,49,52,53,51,49,59,49,54,46,51,48,53,58,58,45,54,57,54,52,50,59,20,56,49,54,63,44,50,53,54,52,62,50,54,56,50,58,64,56,46,55,0,57,57,19,50,56,55,54,54,58,53,68,71,56,50,54,60,61,59,53,51,60,56,54,54,59,71,65,95,70,68,73,73,71,66,69,71,71,67,69,67,70,69,56,141,71,75,75,76,82,41,69,68,69,78,70,74,71,76,72,80,75,71,78,78,72,88,72,78,78,76,73,75,79,74,69,74,73,70,60,62,65,60,65,54,71,63,67,66,64,61,40,51,73,72,69,74,90,65,64,67,64,57,63,87,59,68,62,67,70,69,68,81,73,77,69,81,69,72,72,76,68,71,73,82,72,79,72,61,69,73,75,77,69,58,62,56,62,52,54,51,57,68,65,57,61,54,77,52,58,54,56,56,65,54,59,63,62,63,60,61,58,59,60,59,57,66,61,56,50,57,57,57,64,62,67,65,64,56,57,63,51,119,58,45,123,56,82,59,52,66,49,51,50,57,53,57,56,47,57,47,46,47,43,67,47,57,58,41,56,57,56,47,49,52,48,58,51,42,47,51,54,49,42,42,58,49,41,44,59,45,57,56,53,50,43,43,43,54,43,50,46,59,43,44,48,52,52,41,59,43,59,57,56,56,50,50,48,48,52,55,46,53,51,41,52,41,281,53,53,48,46,52,49,57,55,52,54,46,43,42,63,54,54,50,50,47,57,49,50,56,47,51,50,49,52,51,58,57,51,45,49,52,45,53,53,53,45,43,48,48,48,56,63,49,48,45,52,49,46,48,45,48,57,44,44,53,54,48,44,53,51,53,54,49,54,46,46,44,51,51,44,52,45,52,43,47,43,46,47,44,44,48,43,42,43,46,45,45,47,47,51,53,58,55,59,53,53,53,45,52,51,49,52,50,53,42,46,46,44,43,41,42,45,42,101,40,47,45,46,82,41,46,45,42,52,42,43
EPI_ISL_6011777,163,161,161,158,157,108,154,116,109,115,112,121,148,132,132,122,134,136,126,122,122,59,66,53,54,69,69,50,50,51,69,51,49,49,51,79,67,84,85,54,54,86,55,55,69,88,91,87,60,60,54,76,97,68,44,59,56,51,50,23,19,29,25,29,28,31,32,28,28,16,24,13,21,26,21,14,29,15,24,31,32,27,27,27,30,55,27,12,5,38,23,11,26,29,27,41,27,27,33,29,39,63,7,13,8,57,0,12,52,27,33,28,29,31,37,28,41,53,37,25,31,37,40,38,32,26,37,31,31,37,38,53,45,100,52,50,55,55,51,38,51,51,45,49,51,43,52,53,68,152,81,87,83,83,80,56,79,80,79,86,80,84,79,84,80,87,83,81,80,88,81,88,82,90,90,80,81,85,89,78,79,82,81,78,70,72,80,70,75,69,79,75,73,77,74,69,55,64,81,80,77,80,100,73,77,77,79,69,78,98,71,76,72,79,85,77,78,93,83,81,79,81,81,84,80,86,76,81,87,84,84,89,82,73,81,79,85,87,81,72,75,68,75,65,69,64,72,81,78,70,70,67,84,67,71,67,65,71,74,67,72,72,76,75,72,73,70,71,72,71,69,75,73,68,65,69,69,70,76,77,76,77,76,68,69,71,66,132,70,58,135,70,96,72,65,78,62,64,63,70,67,71,70,60,69,60,59,60,56,79,60,69,71,54,68,69,68,60,62,64,61,70,64,57,62,64,68,61,57,57,70,61,56,59,74,60,69,69,65,63,58,58,58,67,58,65,59,71,58,59,61,66,64,56,71,58,71,71,68,68,62,62,63,63,64,69,59,65,63,56,64,56,296,65,65,62,61,64,61,69,68,67,69,61,58,57,75,66,66,63,63,60,69,62,63,69,60,64,63,61,64,64,70,69,64,58,62,63,57,65,66,65,58,58,60,61,61,68,75,62,61,58,65,62,59,57,56,63,69,59,59,65,66,61,59,65,63,65,66,61,66,59,59,57,63,63,57,67,58,65,56,60,56,59,60,57,57,61,56,55,56,59,58,58,60,60,64,65,70,67,71,65,65,65,58,64,65,61,64,62,65,55,59,59,57,58,56,55,57,55,114,53,60,58,59,95,54,61,59,55,64,55,56
EPI_ISL_6011776,163,161,161,158,157,108,154,116,109,115,112,121,148,132,132,122,134,136,126,122,122,59,66,53,54,69,69,50,50,51,69,51,49,49,51,79,67,84,85,54,54,86,55,55,69,88,91,87,60,60,54,76,97,68,46,59,56,51,50,19,21,27,25,29,28,31,32,28,28,22,24,17,19,26,19,18,31,19,24,33,34,27,27,29,32,57,29,14,11,40,23,9,26,31,29,43,29,29,35,31,39,63,13,15,12,57,12,0,54,29,33,30,31,31,37,30,43,53,37,25,33,37,42,40,34,28,39,33,33,37,40,53,45,100,52,50,55,55,51,40,51,49,47,49,51,45,52,53,68,152,81,87,83,83,82,56,79,80,79,86,80,84,79,84,80,87,83,81,82,88,81,90,82,90,90,80,81,85,89,80,79,82,81,78,70,72,80,70,75,69,79,75,73,77,74,69,55,64,81,80,77,80,100,73,77,77,79,69,78,98,71,76,72,79,85,77,78,93,83,81,79,83,81,84,80,86,76,81,87,84,84,89,82,73,81,79,85,87,81,72,75,68,75,65,69,64,72,81,78,70,70,67,84,67,71,67,65,71,74,67,72,72,76,75,72,73,70,71,72,71,69,75,73,68,65,69,69,70,76,77,76,77,76,68,69,73,66,132,70,58,135,70,96,72,65,78,62,64,63,70,67,71,70,60,69,60,59,60,56,79,60,69,71,54,68,69,68,60,62,64,61,70,64,57,62,64,68,61,57,57,70,61,56,59,74,60,69,69,65,63,58,58,58,67,58,65,59,71,58,59,61,66,62,56,71,58,71,71,68,68,62,62,63,63,64,69,59,65,63,56,64,56,296,65,65,62,61,64,61,69,68,67,69,61,58,57,75,66,66,63,63,60,69,62,63,69,60,64,63,61,64,64,70,69,64,58,62,63,57,65,66,65,58,58,60,61,61,68,75,62,61,58,65,62,59,57,58,63,69,59,59,65,66,61,59,65,63,65,66,61,66,59,59,57,63,63,57,67,58,65,56,60,56,59,60,57,57,61,56,55,56,59,58,58,60,60,64,65,70,67,71,65,65,65,58,64,65,61,64,62,65,55,59,59,57,58,56,55,57,55,114,53,60,58,59,95,54,61,59,55,64,55,56
EPI_ISL_6011791,163,161,161,158,157,108,154,118,109,117,114,121,148,132,134,124,134,136,128,124,124,78,87,72,73,90,90,69,69,70,90,70,68,68,70,78,66,82,84,73,73,84,74,74,68,87,90,85,79,79,75,75,94,54,71,80,77,72,72,49,51,53,47,51,48,53,52,50,50,48,48,53,45,50,49,52,47,49,46,43,46,45,49,39,48,3,45,44,51,52,43,47,46,47,45,61,43,45,49,45,55,69,51,41,50,19,52,54,0,43,51,46,47,49,57,46,59,72,53,45,47,53,52,52,48,42,53,49,47,53,56,72,66,101,71,69,74,74,72,67,70,72,72,68,68,68,71,72,51,149,77,83,81,82,82,52,75,76,75,84,76,80,77,82,78,86,81,77,82,86,80,88,78,86,86,82,79,81,85,80,75,80,79,76,68,70,76,68,73,61,77,71,73,74,72,67,51,58,79,78,75,80,94,71,73,73,75,65,74,95,67,74,70,75,81,75,76,89,79,83,75,83,77,80,78,82,74,77,81,88,80,89,78,69,77,79,81,83,77,66,71,64,69,61,61,60,64,76,73,65,68,61,83,59,65,62,63,63,72,61,66,70,70,71,68,69,66,67,68,67,65,74,69,64,57,65,65,64,70,71,75,73,72,64,65,71,58,128,66,54,131,64,90,68,61,74,58,60,59,66,61,65,64,56,65,56,55,56,50,75,56,65,67,48,64,65,64,56,56,60,55,66,58,53,58,60,64,57,53,53,66,57,52,55,70,56,65,63,61,59,54,54,54,61,54,61,53,67,54,55,57,60,60,52,67,54,67,67,64,64,58,58,57,59,60,65,55,61,59,52,60,52,290,61,61,58,57,60,57,65,64,63,65,57,54,53,71,62,62,57,59,56,65,58,57,63,54,58,57,57,60,58,66,65,58,54,58,59,53,61,60,61,52,54,56,55,55,64,71,58,55,52,59,58,53,55,54,59,65,53,55,61,62,55,55,61,59,61,62,57,62,53,53,51,59,59,51,63,54,60,51,56,50,53,55,51,52,55,52,51,52,55,52,52,56,54,58,61,66,63,67,61,61,61,54,60,61,57,60,58,61,49,53,55,53,54,52,51,53,51,108,49,56,53,53,91,50,57,55,49,60,49,50
EPI_ISL_6011793,154,152,152,149,148,97,145,107,98,106,103,110,137,121,121,111,123,125,115,113,113,49,58,43,44,61,61,40,40,41,61,41,39,39,41,67,55,71,73,44,44,73,45,45,57,76,79,74,50,50,46,64,85,56,42,51,48,43,43,22,24,26,20,24,21,26,23,23,23,25,21,26,18,19,22,25,24,26,19,22,15,20,24,18,25,46,22,19,26,31,16,22,19,20,18,34,16,20,24,6,28,52,26,16,25,50,27,29,43,0,24,21,20,22,28,19,32,43,22,20,12,28,27,25,11,7,26,22,12,28,27,43,37,90,38,40,45,45,43,38,41,43,43,39,41,39,42,43,56,140,68,74,70,71,77,43,66,67,66,73,67,71,66,71,67,75,70,68,73,77,69,83,69,77,77,73,68,72,76,69,66,69,68,65,57,59,67,57,62,56,66,62,62,64,61,56,42,51,68,67,64,67,89,60,66,64,66,56,65,86,58,63,59,66,72,64,65,80,70,74,66,76,68,71,67,73,65,68,74,79,71,82,69,60,68,68,72,74,68,59,62,55,62,52,56,51,59,68,65,57,59,54,72,54,58,54,56,58,63,54,59,61,63,62,59,60,57,58,59,58,56,63,60,55,52,56,56,57,63,64,64,64,63,55,56,60,53,119,57,45,122,57,83,61,52,65,49,51,50,57,54,58,57,47,56,47,46,47,43,66,47,56,58,41,55,56,55,47,49,51,48,57,51,44,49,51,55,48,44,44,57,48,43,46,61,47,56,56,52,50,45,45,45,54,45,52,46,58,45,46,48,53,51,43,58,45,58,58,55,55,49,49,50,50,51,56,46,52,50,43,51,43,283,52,52,49,48,51,48,56,55,54,56,48,45,44,62,53,53,50,50,47,56,49,50,56,47,51,50,48,51,51,57,56,51,45,49,52,44,52,53,52,45,45,47,48,48,55,62,49,48,45,52,49,46,46,45,50,56,46,46,52,53,48,46,52,50,52,53,48,53,46,46,44,50,50,44,54,45,52,43,47,43,46,47,44,44,48,43,42,43,46,45,45,47,47,51,52,57,54,58,52,52,52,45,51,52,48,51,49,52,42,46,46,44,45,43,42,44,42,101,40,47,45,46,82,41,48,46,42,51,42,43
EPI_ISL_6011805,162,160,160,157,156,105,153,115,106,114,111,118,145,129,129,119,131,133,123,121,121,57,63,51,52,66,66,48,48,49,66,49,47,47,49,75,63,79,81,50,50,81,51,51,65,84,87,82,56,56,52,72,93,64,48,57,54,49,49,28,28,32,24,28,27,30,31,27,29,31,25,30,24,29,28,29,30,30,23,30,29,26,10,26,31,54,28,25,30,13,22,26,25,26,24,42,24,26,30,26,34,60,32,22,31,56,33,33,51,24,0,27,26,30,38,25,42,51,32,24,28,32,41,39,33,27,34,28,28,32,35,51,43,96,50,48,53,53,43,44,49,51,49,47,49,45,50,51,64,148,76,82,78,79,85,51,74,75,74,81,75,79,74,79,75,83,78,76,81,85,77,91,77,85,85,79,76,80,84,75,74,77,74,73,65,67,75,65,70,64,74,70,68,72,69,64,50,59,76,75,72,75,95,68,74,72,74,64,73,94,66,71,67,74,80,72,73,88,78,80,74,84,76,79,75,81,73,76,82,85,79,88,77,68,76,76,80,82,76,67,70,63,70,60,64,59,67,76,73,65,65,62,80,60,66,62,64,66,69,62,67,67,71,70,67,68,65,66,67,66,64,71,68,63,60,64,64,65,71,71,72,72,71,63,64,68,61,127,65,53,130,65,91,67,60,73,57,59,58,65,62,66,65,55,64,55,54,55,51,74,55,64,66,49,63,64,63,55,57,59,56,65,59,52,56,59,63,56,52,52,65,56,51,54,69,55,64,64,60,58,53,53,53,62,53,60,54,66,53,54,56,61,59,51,66,53,66,66,63,63,57,57,58,58,59,64,54,60,58,51,59,51,291,60,60,57,56,59,56,64,63,62,64,56,53,52,70,61,61,58,58,55,64,57,58,64,55,59,58,56,59,59,65,64,59,53,57,60,52,60,61,60,53,53,55,56,56,63,70,57,56,53,60,57,54,52,53,58,64,54,54,60,61,56,54,60,58,60,61,56,61,54,54,52,58,58,52,62,53,60,51,55,51,54,55,52,52,56,51,50,51,54,53,53,55,55,59,60,65,62,66,60,60,60,53,59,60,56,59,57,60,50,54,54,52,53,51,50,52,50,109,48,55,53,54,90,49,56,54,50,59,50,51
EPI_ISL_6011810,159,157,157,154,153,104,150,114,105,113,110,117,144,128,128,118,130,132,122,118,118,56,63,50,51,66,66,47,47,48,66,48,46,46,48,74,62,78,80,49,49,80,50,50,64,83,86,81,55,55,51,71,92,63,47,46,53,38,48,27,27,31,23,27,25,29,30,16,28,26,24,29,23,28,27,28,25,27,12,25,26,23,25,21,26,49,15,20,27,32,21,23,22,23,21,31,21,23,26,23,33,57,27,17,26,55,28,30,46,21,27,0,13,27,35,12,37,50,31,21,25,29,36,34,28,22,30,25,25,31,32,50,42,95,49,47,52,52,48,43,48,50,48,46,48,44,49,50,61,147,75,79,77,78,80,50,73,74,73,80,74,78,73,78,74,82,77,75,78,82,76,86,76,82,82,78,75,79,83,76,73,76,75,72,64,66,74,64,69,63,73,69,69,71,68,63,49,58,75,74,71,74,92,67,71,71,73,63,72,93,65,70,66,73,78,71,72,87,77,79,73,79,75,78,74,80,72,75,81,84,78,85,76,67,75,75,79,81,75,66,69,62,69,59,63,58,66,75,72,64,64,61,79,61,65,61,63,65,68,61,66,66,70,69,66,67,64,65,66,65,63,70,67,62,59,63,63,64,70,71,71,71,70,62,63,67,60,126,64,52,129,64,90,66,59,72,56,58,57,64,61,65,64,54,63,54,53,54,50,73,54,63,65,48,62,63,62,54,56,58,55,64,58,51,56,58,62,55,51,51,64,55,50,53,68,54,63,63,59,57,52,52,52,61,52,59,53,65,52,53,55,60,58,50,65,52,65,65,62,62,56,56,57,57,58,63,53,59,57,50,58,50,290,57,59,56,55,58,55,63,62,61,63,55,52,51,69,60,60,56,57,54,63,56,57,63,54,58,57,55,58,58,64,63,58,52,56,59,51,59,60,59,52,52,54,55,55,62,69,56,55,52,59,56,53,51,52,57,63,53,53,59,60,55,53,59,57,59,60,55,60,53,53,51,57,57,51,61,52,59,50,54,50,53,54,51,51,55,50,49,50,53,52,52,54,54,58,59,64,61,65,59,59,59,52,58,59,55,58,56,59,49,53,53,51,52,50,49,51,49,108,47,54,52,53,89,48,55,53,49,58,49,50
EPI_ISL_6011809,160,158,158,155,154,103,151,113,104,112,109,116,143,127,127,117,129,131,121,119,119,55,62,49,50,65,65,46,46,47,65,47,45,45,47,73,61,77,79,48,48,79,49,49,63,82,85,80,54,54,50,70,91,62,46,45,52,37,47,26,26,30,22,26,24,28,29,15,27,27,23,28,22,27,26,27,26,28,11,26,27,22,26,22,27,50,16,21,28,33,20,24,21,22,20,30,20,22,25,22,32,58,28,18,27,54,29,31,47,20,26,13,0,26,36,11,38,49,30,22,24,30,37,35,29,23,29,24,24,30,31,49,41,94,48,46,51,51,47,42,47,49,47,45,47,43,48,49,62,146,74,80,76,77,81,49,72,73,72,79,73,77,72,77,73,81,76,74,77,83,75,87,75,83,83,77,74,78,82,75,72,75,74,71,63,65,73,63,68,62,72,68,68,70,67,62,48,57,74,73,70,73,93,66,72,70,72,62,71,92,64,69,65,72,77,70,71,86,76,78,72,80,74,77,73,79,71,74,80,83,77,86,75,66,74,74,78,80,74,65,68,61,66,58,62,57,65,74,71,63,63,60,78,60,64,60,62,64,67,60,65,65,69,68,65,66,63,64,65,64,62,69,66,61,58,62,62,63,69,70,70,70,69,61,62,66,59,125,63,51,128,63,89,65,58,71,55,57,56,63,60,64,63,53,62,53,52,53,49,72,53,62,64,47,61,62,61,53,55,57,54,63,57,50,55,57,61,54,50,50,63,54,49,52,67,53,62,62,58,56,51,51,51,60,51,58,52,64,51,52,54,59,57,49,64,51,64,64,59,61,55,55,56,56,57,62,52,58,56,49,57,49,289,58,58,55,54,57,54,62,61,60,62,54,51,50,68,59,59,56,56,53,62,55,56,62,53,57,56,54,57,57,63,62,57,51,55,58,50,58,59,58,51,51,53,54,54,61,68,55,54,51,58,55,52,50,51,56,62,52,50,58,59,54,52,58,56,58,59,54,59,52,52,50,56,56,50,60,51,58,49,53,49,52,53,50,50,54,49,48,49,52,51,51,53,53,57,58,63,60,64,58,58,58,51,57,58,54,57,55,58,48,52,52,50,51,49,48,50,48,107,46,53,51,52,88,47,54,52,48,57,48,49
EPI_ISL_6011808,160,158,158,155,154,103,151,113,104,112,109,116,143,127,127,117,129,131,121,119,119,53,64,49,50,67,67,46,46,47,67,47,45,45,47,73,61,77,79,50,50,79,51,51,63,82,85,80,56,56,52,70,91,62,48,57,54,49,49,22,30,26,26,30,27,32,31,29,29,31,27,32,24,29,22,31,28,32,25,28,29,16,30,24,29,52,28,23,30,37,20,24,15,26,24,40,22,26,30,22,32,58,30,20,27,54,31,31,49,22,30,27,26,0,36,25,40,49,32,26,26,34,37,35,29,25,32,28,26,32,33,49,43,96,48,46,51,51,49,44,47,39,49,45,47,45,48,49,62,146,74,80,76,77,83,49,72,73,72,79,73,77,72,77,73,81,76,74,79,83,75,89,75,83,83,79,74,78,82,75,72,75,74,71,63,65,73,63,68,62,72,68,68,70,67,62,48,57,74,73,70,73,95,66,72,70,72,62,71,92,64,69,65,72,78,70,71,86,76,80,72,82,74,77,73,79,71,74,80,85,77,88,75,66,74,74,78,80,74,65,68,61,68,58,62,57,65,74,71,63,65,60,78,58,64,60,60,64,69,60,65,67,69,68,65,66,63,64,65,64,62,69,66,61,58,62,62,63,69,70,70,70,69,61,62,66,59,125,63,51,128,63,89,65,58,71,55,57,56,63,60,64,63,53,62,53,52,53,49,72,53,62,64,47,61,62,61,53,55,57,54,63,57,50,55,57,61,54,50,50,63,54,49,52,67,53,62,62,58,56,51,51,51,60,51,58,52,64,51,52,54,59,57,49,64,51,64,64,61,61,55,55,56,56,57,62,52,58,56,49,57,49,288,58,58,55,54,57,54,62,61,60,62,54,51,50,68,59,59,56,56,53,62,55,56,62,53,57,56,54,57,57,63,62,57,51,55,56,50,58,59,58,51,51,53,54,54,61,68,55,54,51,58,55,52,52,51,56,62,52,52,58,59,54,52,58,56,58,59,54,59,52,52,50,56,56,50,60,51,58,49,53,49,52,53,50,50,54,49,48,49,52,51,51,53,53,57,58,63,60,64,58,58,58,51,57,58,54,57,55,58,48,52,52,50,51,49,48,50,48,107,46,53,51,52,88,47,54,52,48,57,48,49
EPI_ISL_6011807,164,162,162,159,158,109,155,119,110,118,115,120,149,133,133,123,135,137,127,123,123,61,70,55,56,73,73,52,52,53,73,53,51,51,53,79,67,83,85,56,56,85,57,57,69,88,91,86,62,62,58,76,97,68,54,63,60,55,55,32,34,36,32,36,33,36,35,35,33,37,33,38,30,29,32,37,38,38,29,36,33,36,34,32,37,58,34,29,34,45,28,30,35,36,34,44,32,36,40,28,40,56,38,24,35,58,37,37,57,28,38,35,36,36,0,35,34,55,30,30,32,42,39,15,25,25,42,38,16,38,39,55,49,102,52,52,57,57,55,50,53,55,55,51,53,51,54,55,68,152,80,86,82,83,87,55,78,79,78,85,79,83,78,83,79,87,82,80,87,89,81,95,81,89,89,85,80,84,88,81,78,81,80,77,69,71,79,69,74,68,78,74,74,76,73,68,54,63,80,79,76,77,99,72,76,76,78,68,77,98,69,75,71,78,84,76,77,92,82,86,78,88,80,83,79,85,77,80,86,89,83,92,81,72,80,80,84,86,80,71,74,67,74,64,68,63,71,80,77,69,73,66,84,66,70,66,68,70,77,66,71,75,75,74,71,72,69,70,71,70,66,75,72,67,64,68,68,69,75,76,76,76,75,67,68,72,65,131,69,57,134,69,95,71,64,77,61,63,62,69,66,70,69,59,66,59,58,59,55,76,59,68,70,53,65,68,67,59,61,63,60,69,63,56,61,63,67,60,56,56,69,60,55,58,73,59,68,68,64,62,57,57,57,66,57,64,58,70,57,58,60,65,63,55,70,57,70,70,67,67,61,61,62,62,63,68,58,64,62,55,63,55,295,64,64,61,60,63,60,68,67,66,68,60,57,56,74,65,65,62,62,59,68,61,62,68,59,63,62,60,63,63,69,68,63,57,61,64,56,64,65,64,57,57,59,60,60,67,74,61,60,57,64,61,58,60,57,62,68,58,58,64,65,60,58,64,62,64,65,60,65,58,58,56,62,62,56,66,57,64,55,59,55,58,59,56,56,60,55,54,55,58,57,57,59,59,63,64,69,66,70,64,64,64,57,63,64,60,63,61,64,54,58,58,56,57,55,54,56,54,113,52,59,57,56,94,53,60,58,52,63,54,55
EPI_ISL_6011806,157,155,155,152,151,100,148,110,101,109,106,113,140,124,124,114,126,128,118,116,116,52,59,46,47,62,62,43,43,44,62,44,42,42,44,70,58,74,74,45,45,76,46,46,60,77,80,77,51,51,47,67,88,59,43,42,49,34,44,25,25,29,21,25,23,27,28,14,26,24,22,27,21,26,25,24,25,25,10,25,26,21,25,21,24,49,15,20,27,30,19,23,20,19,17,27,19,19,22,21,31,55,27,17,26,53,28,30,46,19,25,12,11,25,35,0,37,46,29,21,23,29,34,34,28,22,26,23,23,27,30,46,38,91,45,43,48,48,44,39,44,46,44,42,44,40,45,46,59,143,71,77,73,74,80,46,67,70,69,76,70,74,69,74,70,78,73,71,76,80,72,86,72,80,80,76,71,75,79,72,69,72,71,68,60,62,70,60,65,59,69,65,65,67,64,59,45,54,71,70,67,70,90,63,69,67,69,59,68,89,61,66,62,69,74,67,68,83,73,77,69,79,71,74,70,76,68,71,77,82,74,85,72,63,71,71,75,77,71,62,65,58,65,55,59,54,62,71,68,60,60,57,75,57,61,57,59,61,64,57,62,62,66,65,62,63,60,61,62,61,59,66,63,58,55,59,59,60,66,67,67,67,66,58,59,63,56,122,60,48,125,60,86,62,55,68,52,54,53,60,57,61,60,50,59,50,49,50,46,69,50,59,61,44,58,59,58,50,52,54,51,60,54,47,52,54,58,51,47,47,60,51,46,49,64,50,59,59,55,53,48,48,48,57,48,55,49,61,48,49,51,56,54,46,61,48,61,61,58,58,52,52,53,53,54,59,49,55,53,46,54,46,286,55,55,52,51,54,51,58,58,57,59,51,48,47,65,56,56,53,53,50,59,52,53,59,50,54,53,51,54,54,60,59,54,48,52,55,47,55,56,55,48,48,50,51,51,58,65,52,51,48,55,52,49,47,48,53,59,49,49,55,56,51,49,55,53,55,56,51,56,49,49,47,53,53,47,57,48,55,46,50,46,49,50,47,47,51,46,45,46,49,48,48,50,50,54,55,60,57,61,55,55,55,48,54,55,51,54,52,55,45,49,49,47,48,46,45,47,45,104,43,50,48,49,85,44,51,49,45,54,45,46
EPI_ISL_6011803,170,170,170,167,166,117,163,127,118,126,123,130,157,141,141,131,143,145,135,131,131,69,76,63,64,79,79,60,60,61,79,61,59,59,61,87,75,91,93,62,62,93,63,63,77,96,99,94,68,68,64,84,105,76,60,69,66,61,61,42,42,46,38,42,41,44,43,41,43,39,39,44,38,37,42,43,38,40,37,38,35,36,40,34,39,62,34,33,40,45,36,36,37,38,36,48,36,36,40,32,46,66,42,30,39,68,41,43,59,32,42,37,38,40,34,37,0,63,46,36,36,44,41,29,31,31,46,40,30,44,43,63,55,108,60,60,65,65,61,56,61,63,61,59,61,57,62,63,76,160,88,94,90,91,91,63,86,87,86,93,87,91,86,91,87,95,90,88,93,97,89,99,89,97,97,91,88,92,96,89,86,89,88,85,77,79,87,77,82,74,86,82,82,84,81,76,62,69,88,87,84,85,107,80,84,84,86,74,85,106,78,83,79,86,92,84,85,100,90,94,86,94,88,91,87,93,85,88,94,95,91,102,89,80,88,88,92,94,88,79,82,75,80,72,74,71,77,87,84,76,77,72,92,72,76,73,74,76,81,72,77,79,83,82,79,80,77,78,79,78,76,83,80,75,70,76,76,75,83,84,84,84,83,75,76,80,71,139,77,65,142,77,103,79,72,85,69,71,70,77,74,78,77,67,76,67,66,67,61,86,67,76,78,59,75,76,75,67,67,71,66,77,69,64,69,71,75,68,64,64,77,68,63,66,81,67,76,74,72,70,65,65,65,72,65,72,64,78,65,66,68,71,71,63,78,65,78,78,75,75,69,69,68,70,71,76,66,72,70,63,71,63,303,72,72,69,68,71,68,76,75,74,76,68,65,64,82,73,73,68,70,67,76,69,68,74,65,69,68,68,71,69,77,76,69,65,69,70,64,72,71,72,63,65,67,66,66,75,82,69,66,63,70,69,64,64,65,70,76,64,66,72,73,66,66,72,70,72,73,68,73,64,64,62,70,70,62,74,65,71,62,67,61,64,66,62,63,66,63,62,63,66,63,63,67,65,69,72,77,74,78,72,72,72,65,71,72,68,71,69,72,60,64,66,64,65,63,62,64,62,118,60,67,64,64,102,61,68,66,60,71,60,61
EPI_ISL_8205813,164,159,162,159,158,109,154,117,109,116,113,120,147,131,131,121,133,135,125,123,123,32,43,28,29,46,46,25,25,26,46,26,24,24,26,78,66,84,84,31,31,86,32,32,68,87,90,87,37,37,29,75,96,43,25,34,31,26,26,47,47,49,47,51,46,51,52,50,46,52,46,51,41,49,45,50,53,49,44,49,50,49,51,43,52,75,51,47,51,58,41,49,48,47,45,53,45,45,51,43,50,67,53,44,54,71,53,53,72,43,51,50,49,49,55,46,63,0,51,47,47,55,48,54,48,48,51,51,47,47,52,26,20,101,25,23,28,28,26,21,22,26,26,20,24,22,23,26,41,151,81,87,83,82,106,55,79,80,79,86,80,84,79,84,80,86,83,81,100,89,80,110,82,90,90,98,81,85,89,82,79,82,81,78,70,72,80,70,75,69,79,75,75,77,74,69,55,66,81,80,77,80,112,73,79,76,79,71,78,97,74,76,72,79,85,77,78,93,83,99,79,103,81,84,80,86,77,81,87,106,84,107,82,73,81,80,85,87,81,72,75,68,75,65,69,64,72,81,78,70,74,67,83,67,71,67,69,71,77,67,72,75,76,74,72,72,70,71,72,71,67,74,73,68,65,68,69,70,76,77,75,77,76,68,68,73,66,132,70,58,135,70,96,74,65,78,62,64,63,70,67,71,70,60,69,60,59,60,56,79,60,69,69,54,68,69,68,60,62,64,61,70,64,57,62,64,68,61,57,57,70,61,56,59,74,60,69,69,65,63,58,58,58,67,58,65,59,71,58,59,61,66,64,56,71,58,71,71,68,70,62,62,63,63,64,69,59,65,63,56,63,56,296,64,65,62,61,64,61,67,67,67,69,61,58,57,75,64,66,63,63,60,69,62,63,69,60,64,63,61,64,64,70,69,64,58,62,65,57,65,66,65,58,58,60,61,61,68,75,62,61,58,65,62,59,61,58,63,69,59,59,65,66,61,59,65,63,65,66,61,66,59,59,57,63,63,57,67,58,65,56,60,56,59,59,57,57,61,56,55,56,59,58,58,60,60,64,65,70,67,71,65,65,65,58,64,65,61,64,62,65,55,59,59,57,58,56,55,57,55,114,53,60,58,59,95,54,61,59,55,64,55,56
EPI_ISL_6011788,160,158,158,155,154,103,151,113,104,112,109,114,143,127,127,117,129,131,121,119,119,57,64,49,50,67,67,46,46,47,67,47,45,45,47,73,61,77,79,50,50,79,51,51,63,82,85,80,56,56,54,70,91,64,50,59,56,51,51,30,32,32,28,30,29,34,33,31,31,35,29,34,26,31,30,33,34,34,27,32,29,28,32,28,35,56,32,29,34,41,24,30,29,30,28,44,26,30,32,24,36,52,36,26,35,56,37,37,53,22,32,31,30,32,30,29,46,51,0,28,26,36,39,39,33,29,36,32,26,36,37,51,45,96,48,48,53,53,51,46,49,51,51,47,49,47,50,49,64,146,74,80,76,77,85,49,72,73,72,79,73,77,72,77,73,81,76,74,81,83,75,91,75,83,83,79,74,78,82,75,72,75,74,71,63,65,73,63,68,62,72,68,68,68,67,62,48,57,74,73,70,73,95,66,72,70,72,62,71,92,64,69,65,72,78,70,71,86,76,80,72,84,74,77,73,79,71,74,80,85,77,88,75,66,74,74,78,80,74,65,68,61,68,58,62,57,65,74,71,63,65,60,78,60,64,60,62,64,69,60,65,67,69,68,65,66,63,64,65,64,62,69,66,61,58,62,62,63,69,70,70,70,69,61,62,66,59,125,63,51,128,63,89,67,58,71,55,57,56,63,60,64,63,53,60,53,52,53,49,70,53,62,64,47,59,62,61,53,55,57,54,63,57,50,55,57,61,54,50,50,63,54,49,52,67,53,62,62,58,56,51,51,51,60,51,58,52,64,51,52,54,59,57,49,64,51,64,64,61,61,55,55,56,56,57,62,52,58,56,49,57,49,289,58,58,55,54,57,54,62,61,60,62,54,51,50,68,59,59,56,56,53,62,55,56,62,53,57,56,54,57,57,63,62,57,51,55,58,50,58,59,58,51,51,53,54,54,61,68,55,54,51,58,55,52,52,51,56,62,52,52,58,59,54,52,58,56,58,59,54,59,52,52,50,56,56,50,60,51,58,49,53,49,52,53,50,50,54,49,48,49,52,51,51,53,53,57,58,63,60,64,58,58,58,51,57,58,54,57,55,58,48,52,52,50,51,49,48,50,48,107,46,53,51,50,88,47,54,52,46,57,48,49
EPI_ISL_6011801,156,154,154,151,150,101,147,111,102,110,107,114,141,125,125,115,127,129,119,115,115,53,60,47,48,63,63,44,44,45,63,45,43,43,45,71,59,75,77,46,46,77,47,47,61,80,83,78,52,52,48,68,89,60,44,53,50,45,45,22,22,26,18,22,21,24,25,21,23,25,19,24,18,23,22,23,24,24,17,24,25,22,20,20,25,48,22,17,22,31,16,18,21,22,20,38,20,20,26,22,30,54,24,14,23,50,25,25,45,20,24,21,22,26,30,21,36,47,28,0,24,28,35,33,27,21,30,24,24,28,31,47,39,92,46,44,49,49,45,40,45,47,45,43,45,41,46,47,60,144,72,78,74,75,77,47,70,71,70,77,71,75,70,75,71,79,74,72,75,81,73,83,73,81,81,73,72,76,80,73,70,73,72,69,61,63,71,61,66,60,70,66,66,68,65,60,46,55,72,71,68,71,91,64,68,68,70,60,69,90,62,67,63,70,76,68,69,84,74,74,70,76,72,75,71,77,69,72,78,79,75,82,71,64,72,72,76,76,72,63,66,59,66,56,60,55,63,72,69,61,61,58,76,58,62,58,60,62,65,58,63,63,67,66,63,64,61,62,63,62,60,67,64,59,56,60,60,61,67,68,68,68,67,59,60,64,57,123,61,49,126,61,87,63,56,69,53,55,54,61,58,62,61,51,60,51,50,51,47,70,51,60,62,45,59,60,59,51,53,55,52,61,55,48,53,55,59,52,48,48,61,52,47,50,65,51,60,60,56,54,49,49,49,58,49,56,50,62,49,50,52,57,55,47,62,49,62,62,59,59,53,53,54,54,55,60,50,56,54,47,55,47,287,56,56,53,52,55,52,60,59,58,60,52,49,48,66,57,57,54,54,51,60,53,54,60,51,55,54,52,55,55,61,60,55,49,53,56,48,56,57,56,49,49,51,52,52,59,66,53,52,49,56,53,50,48,49,54,60,50,50,56,57,52,50,56,54,56,57,52,57,50,50,48,54,54,48,58,49,56,47,51,47,50,51,48,48,52,47,46,47,50,49,49,51,51,55,56,61,58,62,56,56,56,49,55,56,52,55,53,56,46,50,50,48,49,47,46,48,46,105,44,51,49,50,86,45,52,50,46,55,46,47
EPI_ISL_6011802,158,156,156,153,152,101,149,111,102,110,107,114,141,125,125,115,127,129,119,117,117,53,62,47,48,65,65,44,44,45,65,45,43,43,45,71,59,75,77,48,48,77,49,49,61,80,83,78,54,54,50,68,89,60,46,55,52,47,47,26,28,30,24,28,25,30,27,27,27,29,25,30,22,7,26,29,28,30,23,26,17,24,28,22,29,50,26,23,30,35,20,26,23,24,22,38,20,24,28,14,32,56,30,20,29,54,31,33,47,12,28,25,24,26,32,23,36,47,26,24,0,32,33,29,23,19,30,26,16,30,31,47,41,94,42,44,49,49,47,42,45,47,47,43,45,43,46,47,60,144,72,78,74,75,81,47,70,71,70,77,71,75,70,75,71,79,74,72,77,81,73,87,73,81,81,77,72,76,80,73,70,73,72,69,61,63,71,61,66,60,70,66,66,68,65,60,46,55,72,71,68,71,93,64,70,68,70,60,69,90,62,67,63,70,76,68,69,84,74,78,70,80,72,75,71,77,69,72,78,83,75,86,73,64,72,72,76,78,72,63,66,59,66,56,58,55,61,72,69,61,63,58,76,58,62,58,60,62,67,58,63,65,67,66,63,64,61,62,63,62,60,67,64,59,56,60,60,61,67,68,68,68,67,59,60,64,57,123,61,49,126,61,87,65,56,69,53,55,54,61,58,62,61,51,60,51,50,51,47,70,51,60,62,45,59,60,59,51,53,55,52,61,55,48,53,55,59,52,48,48,61,52,47,50,65,51,60,60,56,54,49,49,49,58,49,56,50,62,49,50,52,57,55,47,62,49,62,62,59,59,53,53,54,54,55,60,50,56,54,47,55,47,287,56,56,53,52,55,52,60,59,58,60,52,49,48,66,57,57,54,54,51,60,53,54,60,51,55,54,52,55,55,61,60,55,49,53,56,48,56,57,56,49,49,51,52,52,59,66,53,52,49,56,53,50,50,49,54,60,50,50,56,57,52,50,56,54,56,57,52,57,50,50,48,54,54,48,58,49,56,47,51,47,50,51,48,48,52,47,46,47,50,49,49,51,51,55,56,61,58,62,56,56,56,49,55,56,52,55,53,56,46,50,50,48,49,47,46,48,46,105,44,51,49,50,86,45,52,50,46,55,46,47
EPI_ISL_6011799,166,164,164,161,160,109,157,119,110,118,115,122,149,133,133,123,135,137,127,125,125,61,68,55,56,71,71,52,52,53,71,53,51,51,53,79,67,83,85,54,54,85,55,55,69,88,91,86,60,60,56,76,97,68,52,61,58,51,53,32,32,36,28,32,31,34,35,31,33,33,29,34,28,33,32,33,32,32,27,32,33,28,32,26,33,56,30,29,34,39,26,30,29,30,28,46,28,28,32,30,38,64,36,26,35,60,37,37,53,28,32,29,30,34,42,29,44,55,36,28,32,0,43,41,37,31,38,32,32,36,39,55,47,100,54,52,57,57,53,48,53,55,53,51,53,49,54,55,66,152,80,84,82,83,87,55,78,79,78,85,79,83,78,83,79,87,82,80,85,87,81,93,81,87,87,83,80,84,88,81,76,81,80,77,69,71,79,69,74,66,78,74,74,76,73,68,54,61,80,79,76,79,95,72,78,76,78,68,77,98,70,75,71,78,84,76,77,92,82,84,77,88,80,83,79,83,77,80,86,89,83,90,81,72,80,80,84,86,80,71,74,67,72,62,66,63,69,79,76,68,69,64,84,64,68,65,66,68,73,64,69,71,73,74,71,72,69,70,71,70,68,75,72,67,62,68,68,67,75,76,76,76,75,67,68,72,63,131,69,57,134,69,95,71,64,77,61,63,62,69,66,70,69,59,68,59,58,59,53,78,59,68,70,51,67,68,67,59,59,63,56,69,61,56,61,63,67,60,56,56,69,60,55,58,73,59,68,66,64,62,57,57,57,64,57,64,56,70,57,58,60,63,63,55,70,57,70,70,67,67,61,61,60,62,63,68,58,64,62,55,63,55,295,64,64,61,60,63,60,68,67,66,66,60,57,56,74,65,65,60,62,59,68,61,60,66,57,61,60,60,63,61,69,68,61,57,61,62,56,64,63,64,53,57,59,58,58,67,74,61,58,55,62,61,56,56,57,62,68,56,58,64,65,58,58,64,62,64,65,60,65,56,56,54,62,62,54,66,57,63,54,59,53,56,58,54,55,58,55,54,55,58,55,55,59,57,61,64,69,66,70,64,64,64,57,63,64,58,63,61,64,52,56,58,56,57,55,54,56,54,111,52,59,56,56,94,53,60,58,52,63,52,53
EPI_ISL_6011795,153,151,151,148,147,98,144,108,99,107,104,111,138,122,122,112,124,126,116,112,112,54,62,48,49,65,65,45,45,46,65,46,44,44,46,68,56,72,74,48,49,74,49,49,58,77,80,75,55,55,51,65,86,57,47,56,53,48,48,39,41,41,37,41,38,42,42,40,40,34,38,43,35,38,39,40,36,37,36,33,32,35,39,27,34,53,33,32,39,40,33,35,36,35,33,39,33,33,37,21,43,47,41,29,38,61,40,42,52,27,41,36,37,37,39,34,41,48,39,35,33,43,0,28,22,26,41,39,33,35,40,48,42,91,45,45,50,50,48,43,46,48,48,44,46,44,47,48,57,141,69,75,71,72,84,44,67,68,67,74,68,72,67,72,68,76,71,69,84,78,70,90,70,78,78,81,69,73,77,70,67,70,69,66,58,60,68,58,63,55,67,63,63,65,62,57,43,52,69,68,65,66,96,61,65,65,67,59,66,87,61,64,60,67,73,65,66,81,71,85,67,83,69,72,68,74,66,69,75,86,72,95,70,61,69,69,73,75,69,60,63,56,61,53,55,52,58,68,65,57,60,53,73,53,57,54,55,57,64,53,58,62,64,63,60,61,58,59,60,59,57,64,61,56,51,57,57,56,64,65,65,65,64,56,57,61,52,120,58,46,123,58,84,62,53,66,50,52,51,58,55,59,58,48,57,48,47,48,42,67,48,57,59,40,56,57,56,48,48,52,47,58,50,45,50,52,56,49,45,45,58,49,44,47,62,48,57,55,53,51,46,46,46,53,46,53,45,59,46,47,49,52,52,44,59,46,59,59,56,58,50,50,49,51,52,57,47,53,51,44,52,44,284,53,53,50,49,52,49,57,56,55,57,49,46,45,63,54,54,49,51,48,57,50,49,55,46,50,49,49,52,50,58,57,50,46,50,51,45,53,52,53,44,46,48,47,47,56,63,50,47,44,51,50,45,47,46,51,57,45,47,53,54,47,47,53,51,53,54,49,54,45,45,43,50,51,43,55,46,52,43,48,42,45,47,43,44,47,44,43,44,47,44,44,48,46,50,53,58,55,59,53,53,53,46,52,53,49,52,50,53,41,45,47,45,46,44,43,45,43,100,41,48,45,45,83,42,49,47,41,52,41,42
EPI_ISL_6011814,160,158,158,155,154,105,151,115,106,114,111,118,145,129,129,119,131,133,123,119,119,60,69,54,55,72,72,51,51,52,72,52,50,50,52,74,62,78,80,55,55,80,56,56,64,83,86,81,61,61,57,71,93,65,53,62,59,54,54,35,37,39,35,39,36,39,38,38,36,34,36,41,33,32,35,40,35,37,32,31,28,33,37,25,34,53,31,30,37,38,31,33,34,35,33,41,31,33,37,25,41,49,39,25,36,59,38,40,52,25,39,34,35,35,15,34,29,54,39,33,29,41,28,0,16,22,41,37,13,35,38,54,48,97,49,51,56,56,54,49,52,54,54,50,52,50,53,54,65,148,75,82,77,78,82,50,73,74,73,80,74,78,73,78,74,82,77,75,82,85,76,86,76,85,85,80,75,79,83,76,73,76,75,72,64,66,72,64,69,61,73,70,69,71,68,63,49,56,75,74,71,72,95,67,69,71,73,63,70,94,64,70,66,74,79,71,72,88,77,81,73,83,75,79,74,80,72,75,81,86,78,92,76,69,75,75,79,81,76,66,69,64,67,59,61,58,64,74,71,63,68,59,79,59,63,60,61,63,72,59,64,70,70,69,66,67,64,65,66,67,61,70,67,62,57,63,65,62,70,71,71,71,72,64,63,67,58,126,64,52,129,64,90,66,59,72,56,58,57,64,61,65,64,54,63,54,53,54,48,73,54,63,65,46,62,63,62,54,54,58,53,64,56,51,56,58,62,55,51,51,64,55,50,53,68,54,63,61,59,57,52,52,52,59,52,59,51,65,52,53,55,58,58,50,65,52,65,65,62,62,56,56,55,57,58,63,53,59,57,50,58,50,290,59,59,56,55,58,55,63,62,61,63,55,52,51,69,60,60,55,57,54,63,56,55,61,52,56,55,55,58,56,64,63,56,52,56,57,51,59,58,59,50,52,54,53,53,62,69,56,53,50,57,56,51,55,52,57,63,51,53,59,60,53,53,59,57,59,60,55,60,51,51,49,57,57,49,61,52,58,49,54,48,51,53,49,50,53,50,49,50,53,50,50,54,52,56,59,64,61,65,59,59,59,52,58,59,55,58,56,59,47,51,53,51,52,50,49,51,49,106,47,54,51,51,89,48,55,53,47,58,47,48
EPI_ISL_6011812,155,153,153,150,149,100,146,110,101,109,106,113,140,124,124,114,126,128,118,114,114,54,63,48,49,66,66,45,45,46,66,46,44,44,46,70,58,74,76,49,49,76,50,50,60,79,82,77,55,55,51,67,88,59,47,56,53,48,48,29,31,33,29,33,30,33,32,32,30,30,30,35,27,26,29,34,31,33,26,27,24,29,31,21,30,49,27,24,31,36,25,27,28,29,27,35,25,29,33,15,35,47,33,21,30,53,32,34,48,11,33,28,29,29,25,28,31,48,33,27,23,37,22,16,0,8,35,31,23,29,32,48,42,93,43,45,50,50,48,43,46,48,48,44,46,44,47,48,59,143,71,77,73,74,80,46,69,70,69,76,70,74,69,74,70,78,73,71,78,80,72,86,72,80,80,76,71,75,79,72,69,72,71,68,60,62,70,60,65,59,69,65,65,67,64,59,45,54,71,70,67,68,92,63,67,67,69,59,68,89,61,66,62,69,75,67,68,83,73,79,69,79,71,74,70,76,68,71,77,82,74,87,72,63,71,71,75,77,71,62,65,58,65,55,59,54,62,71,68,60,64,57,75,57,61,57,59,61,68,57,62,66,66,65,62,63,60,61,62,61,59,66,63,58,55,59,59,60,66,67,67,67,66,58,59,63,56,122,60,48,125,60,86,62,55,68,52,54,53,60,57,61,60,50,59,50,49,50,46,69,50,59,61,44,58,59,58,50,52,54,51,60,54,47,52,54,58,51,47,47,60,51,46,49,64,50,59,59,55,53,48,48,48,57,48,55,49,61,48,49,51,56,54,46,61,48,61,61,58,58,52,52,53,53,54,59,49,55,53,46,54,46,286,55,55,52,51,54,51,59,58,57,59,51,48,47,65,56,56,53,53,50,59,52,53,59,50,54,53,51,54,54,60,59,54,48,52,55,47,55,56,55,48,48,50,51,51,58,65,52,51,48,55,52,49,51,48,53,59,49,49,55,56,51,49,55,53,55,56,51,56,49,49,47,53,53,47,57,48,55,46,50,46,49,50,47,47,51,46,45,46,49,48,48,50,50,54,55,60,57,61,55,55,55,48,54,55,51,54,52,55,45,49,49,47,48,46,45,47,45,104,43,50,48,49,85,44,51,49,45,54,45,46
EPI_ISL_6011811,155,153,153,150,149,100,146,110,101,109,106,113,140,124,124,114,126,128,118,114,114,54,63,48,49,66,66,45,45,46,66,46,44,44,46,70,58,74,76,49,49,76,50,50,60,79,82,77,55,55,51,67,88,59,47,56,53,48,48,25,27,29,23,27,24,29,26,26,26,24,24,29,21,20,25,28,25,27,22,21,20,23,25,17,24,43,21,18,25,30,19,21,22,23,21,37,19,23,27,13,31,51,27,15,24,51,26,28,42,7,27,22,23,25,25,22,31,48,29,21,19,31,26,22,8,0,29,25,19,29,32,48,42,93,45,45,50,50,48,43,46,48,48,44,46,44,47,48,59,143,71,77,73,74,74,46,69,70,69,76,70,74,69,74,70,78,73,71,74,80,72,82,72,80,80,74,71,75,79,72,69,72,71,68,60,62,70,60,65,59,69,65,65,67,64,59,45,54,71,70,67,70,88,63,67,67,69,59,68,89,61,66,62,69,75,67,68,83,73,75,69,75,71,74,70,76,68,71,77,78,74,83,72,63,71,71,75,77,71,62,65,58,65,55,59,54,62,71,68,60,62,57,75,57,61,57,59,61,66,57,62,64,66,65,62,63,60,61,62,61,59,66,63,58,55,59,59,60,66,67,67,67,66,58,59,63,56,122,60,48,125,60,86,62,55,68,52,54,53,60,57,61,60,50,59,50,49,50,46,69,50,59,61,44,58,59,58,50,52,54,51,60,54,47,52,54,58,51,47,47,60,51,46,49,64,50,59,59,55,53,48,48,48,57,48,55,49,61,48,49,51,56,54,46,61,48,61,61,58,58,52,52,53,53,54,59,49,55,53,46,54,46,286,55,55,52,51,54,51,59,58,57,59,51,48,47,65,56,56,53,53,50,59,52,53,59,50,54,53,51,54,54,60,59,54,48,52,55,47,55,56,55,48,48,50,51,51,58,65,52,51,48,55,52,49,49,48,53,59,49,49,55,56,51,49,55,53,55,56,51,56,49,49,47,53,53,47,57,48,55,46,50,46,49,50,47,47,51,46,45,46,49,48,48,50,50,54,55,60,57,61,55,55,55,48,54,55,51,54,52,55,45,49,49,47,48,46,45,47,45,104,43,50,48,49,85,44,51,49,45,54,45,46
EPI_ISL_6011800,164,162,162,159,158,107,155,117,108,116,113,120,147,131,131,121,133,135,125,123,123,59,68,53,54,71,71,50,50,51,71,51,49,49,51,77,65,81,83,54,54,83,55,55,67,86,89,84,60,60,56,74,95,66,52,60,58,52,53,32,34,36,30,34,27,36,35,32,33,33,31,36,26,33,32,33,34,34,28,30,33,30,34,26,33,56,31,29,36,39,24,32,29,28,26,43,26,28,30,28,36,62,36,26,35,60,37,39,53,26,34,30,29,32,42,26,46,51,36,30,30,38,41,41,35,29,0,32,30,36,39,53,47,100,52,50,55,55,53,48,49,53,53,47,51,49,50,51,66,150,78,84,80,81,87,53,76,77,76,83,77,81,76,81,77,85,80,78,83,87,79,93,79,87,87,83,78,82,86,77,76,79,76,75,67,69,77,67,72,66,76,72,70,74,71,66,52,61,78,77,74,77,97,70,76,74,76,66,75,96,68,73,69,76,80,74,75,90,80,84,76,86,78,81,77,83,75,78,84,89,81,92,79,70,78,78,82,84,78,69,72,65,72,62,66,61,69,78,75,67,69,64,82,64,68,64,66,68,73,62,69,71,73,72,69,70,67,68,67,68,66,73,70,65,62,66,66,67,73,74,74,72,73,65,66,70,63,129,67,55,132,67,93,69,62,75,59,61,60,67,64,68,67,57,66,57,56,57,53,76,57,66,68,51,65,66,65,57,59,61,58,67,61,54,59,61,65,58,54,54,67,58,53,56,71,57,66,66,62,60,55,55,55,64,55,62,56,68,55,56,58,63,61,53,68,55,68,68,65,65,59,59,60,60,61,66,56,62,60,53,61,53,293,62,62,59,58,61,58,66,65,64,66,58,55,54,72,63,63,60,60,57,66,59,60,66,57,61,60,58,61,61,67,66,61,55,59,62,54,62,63,62,55,55,57,58,58,65,72,59,58,55,62,59,56,56,55,60,66,56,56,62,63,58,56,62,60,62,63,58,63,56,56,54,60,60,54,64,55,62,53,57,53,56,57,54,54,58,53,52,53,56,55,55,57,57,61,62,67,64,68,62,62,62,55,61,62,58,61,59,62,52,56,56,54,55,53,52,54,52,111,50,57,55,56,92,51,58,56,52,61,52,53
EPI_ISL_6011797,162,160,160,157,156,105,153,115,106,114,111,118,145,129,129,119,131,133,123,121,121,57,64,51,52,67,67,48,48,49,67,49,47,47,49,75,63,79,81,50,50,81,51,51,65,84,87,82,56,56,52,72,93,64,48,57,52,49,49,28,28,32,24,28,27,30,31,27,29,29,25,30,24,29,28,29,28,30,23,28,29,24,28,24,29,52,26,23,30,35,22,26,23,24,22,40,22,24,28,24,32,60,30,20,29,56,31,33,49,22,28,25,24,28,38,23,40,51,32,24,26,32,39,37,31,25,32,0,26,32,31,51,43,96,50,48,53,53,49,44,49,51,49,47,49,43,48,49,64,148,76,82,78,79,83,51,74,75,74,81,75,79,74,79,75,83,78,76,79,85,77,89,77,85,85,79,76,80,84,75,74,77,76,73,65,67,75,65,70,64,74,70,70,72,69,64,50,59,76,75,72,75,95,68,74,72,74,64,73,94,66,71,67,74,80,72,73,88,78,80,74,82,76,79,75,81,73,74,82,85,79,88,77,68,76,76,80,82,76,67,70,63,70,60,64,59,67,76,73,65,65,62,80,62,66,62,64,66,69,62,67,67,71,70,67,68,65,66,67,66,64,71,68,63,60,64,64,65,71,72,72,72,71,63,64,68,61,127,65,51,130,65,91,67,60,73,57,59,58,65,62,66,65,55,62,55,54,55,51,72,55,64,66,49,61,64,63,55,57,59,56,65,59,52,57,59,63,56,52,52,65,56,51,54,69,55,64,64,60,58,53,53,53,62,53,60,54,66,53,54,56,61,59,51,66,53,66,66,63,63,57,57,58,58,59,64,54,60,58,51,59,51,291,60,60,57,56,59,56,64,63,62,64,56,53,52,70,61,61,58,58,55,64,57,58,64,55,59,58,56,59,59,65,64,59,53,57,60,52,60,61,60,53,53,55,56,56,63,70,57,56,53,60,57,54,52,53,58,64,54,54,60,61,56,54,60,58,60,61,56,61,54,54,52,58,58,52,62,53,60,51,55,51,54,55,52,52,56,51,50,51,54,53,53,55,55,59,60,65,62,66,60,60,60,53,59,60,56,59,57,60,50,54,54,52,53,51,50,52,50,109,48,55,53,54,90,49,56,54,50,59,50,51
EPI_ISL_6011798,158,156,156,153,152,101,149,111,102,110,107,114,141,125,125,115,127,129,119,117,117,53,62,47,48,65,65,44,44,45,65,45,43,43,45,71,59,75,77,48,48,77,49,49,61,80,83,78,54,54,50,68,89,60,46,55,52,47,47,26,28,30,24,28,25,30,27,27,27,29,25,30,22,23,26,29,28,30,23,26,19,24,28,22,29,50,26,23,30,35,20,26,23,24,22,38,20,24,28,14,32,56,30,18,29,54,31,33,47,12,28,25,24,26,16,23,30,47,26,24,16,32,33,13,23,19,30,26,0,32,31,47,41,94,42,44,49,49,47,42,45,47,47,43,45,43,46,47,60,144,72,78,74,75,81,47,70,71,70,77,71,75,70,75,71,79,74,72,77,81,73,87,73,81,81,77,72,76,80,73,70,73,72,69,61,63,71,61,66,60,70,66,66,68,65,60,46,55,72,71,68,71,93,64,70,68,70,60,69,90,61,67,63,70,76,68,69,84,74,78,70,80,72,75,71,77,69,72,78,83,75,86,73,64,72,72,76,78,72,63,66,59,66,56,60,55,63,72,69,61,63,58,76,58,62,58,60,62,67,58,63,65,67,66,63,64,61,62,63,62,58,67,64,59,56,60,60,61,67,68,68,68,67,59,60,64,57,123,61,49,126,61,87,65,56,69,53,55,54,61,58,62,61,51,60,51,50,51,47,70,51,60,62,45,59,60,59,51,53,55,52,61,55,48,53,55,59,52,48,48,61,52,47,50,65,51,60,60,56,54,49,49,49,58,49,56,50,62,49,50,52,57,55,47,62,49,62,62,59,59,53,53,54,54,55,60,50,56,54,47,55,47,287,56,56,53,52,55,52,60,59,58,60,52,49,48,66,57,57,54,54,51,60,53,54,60,51,55,54,52,55,55,61,60,55,49,53,56,48,56,57,56,49,49,51,52,52,59,66,53,52,49,56,53,50,50,49,54,60,50,50,56,57,52,50,56,54,56,57,52,57,50,50,48,54,54,48,58,49,56,47,51,47,50,51,48,48,52,47,46,47,50,49,49,51,51,55,56,61,58,62,56,56,56,49,55,56,52,55,53,56,46,50,50,48,49,47,46,48,46,105,44,51,49,50,86,45,52,50,46,55,46,47
EPI_ISL_6011794,156,154,154,151,150,99,147,109,100,108,105,112,139,123,123,113,125,127,117,113,115,53,60,47,48,63,63,44,44,45,63,45,43,43,45,69,57,73,75,46,46,75,47,47,59,78,81,76,52,52,48,66,87,58,44,53,50,45,45,30,30,34,28,26,31,32,35,31,31,33,29,34,28,31,30,31,34,32,25,32,35,30,32,26,33,56,32,29,34,37,26,30,29,28,26,38,28,22,26,28,36,54,36,26,35,54,37,37,53,28,32,31,30,32,38,27,44,47,36,28,30,36,35,35,29,29,36,32,32,0,35,47,39,90,46,44,49,49,45,40,45,47,45,43,45,41,46,47,58,142,70,76,72,73,87,45,68,69,68,75,69,73,68,73,69,77,72,70,81,79,71,91,71,79,79,79,70,74,78,71,68,69,70,67,59,61,69,59,64,58,68,64,64,66,63,58,44,53,70,69,66,69,93,62,68,66,68,58,67,88,60,65,61,68,74,66,67,82,72,80,68,84,70,73,69,75,67,70,76,87,73,88,71,62,70,70,74,76,70,61,64,57,64,54,56,53,59,70,67,59,61,56,74,56,60,56,58,60,65,56,61,63,65,62,61,62,59,60,61,60,58,65,62,57,54,58,58,59,65,66,66,66,65,57,58,62,55,121,59,47,124,59,85,61,54,67,51,53,52,59,56,60,59,49,58,49,48,49,45,68,49,58,60,43,57,58,57,49,51,53,50,59,53,46,51,53,57,50,46,46,59,50,45,48,63,49,58,58,54,52,47,47,47,56,47,54,48,60,47,48,50,55,53,45,60,47,60,60,57,57,51,51,52,52,53,58,48,54,52,45,53,45,285,54,54,51,50,53,50,58,57,56,58,50,47,46,64,55,55,52,52,49,58,51,52,58,49,53,52,50,53,53,59,58,53,47,51,54,46,54,55,54,47,47,49,50,50,57,64,51,50,47,54,51,48,48,47,52,58,48,48,54,55,50,48,54,52,54,55,50,55,48,48,46,52,52,46,56,47,54,45,49,45,48,49,46,46,50,45,44,45,48,47,47,49,49,53,54,59,56,60,54,54,54,47,53,54,50,53,51,54,44,48,48,46,47,45,44,46,44,103,42,49,47,48,84,43,50,48,44,53,44,45
EPI_ISL_6011813,163,161,161,158,157,106,154,116,107,115,112,119,146,130,130,120,132,134,124,122,122,58,65,52,53,68,68,49,49,50,68,50,48,48,50,76,64,80,82,51,51,82,52,52,66,85,88,83,57,57,53,73,94,65,49,58,37,50,50,33,33,37,31,35,34,35,38,34,34,36,32,37,31,36,33,36,35,37,28,35,34,31,35,31,36,59,33,30,37,42,29,33,30,31,29,39,29,31,35,27,37,59,37,27,36,59,38,40,56,27,35,32,31,33,39,30,43,52,37,31,31,39,40,38,32,32,39,31,31,35,0,52,44,97,51,49,54,54,50,45,50,52,50,48,50,46,49,50,65,149,77,83,79,80,90,52,75,76,75,82,76,80,75,80,76,84,79,77,86,86,78,96,76,86,86,86,77,81,85,76,75,78,77,74,66,68,76,66,71,65,75,71,71,73,70,65,51,58,77,76,73,72,100,69,75,73,74,65,74,95,67,72,68,75,81,73,74,89,79,87,75,87,77,80,76,82,74,77,83,92,80,93,78,69,77,77,81,83,77,68,71,64,71,61,65,60,68,77,74,66,68,63,81,63,67,63,65,67,72,63,68,70,72,71,68,69,66,67,68,67,65,72,69,64,61,65,65,66,72,73,73,73,72,64,65,69,62,128,66,54,131,66,92,70,61,74,58,60,59,66,63,67,66,56,63,56,55,56,52,73,56,65,67,50,62,65,64,56,58,60,57,66,60,53,58,60,64,57,53,53,66,57,52,55,70,56,65,65,61,59,54,54,54,63,54,61,55,67,54,51,57,62,60,52,67,54,67,67,64,64,58,58,59,59,60,65,55,61,59,52,60,52,292,61,61,58,57,60,57,65,64,63,65,57,54,53,71,62,62,59,59,56,65,58,59,65,56,60,59,57,60,60,66,65,60,54,58,61,53,61,62,61,54,54,56,57,57,64,71,58,57,54,61,58,55,55,54,59,65,55,55,61,62,57,55,61,59,61,62,57,62,55,55,53,59,59,53,63,54,61,52,56,52,55,56,53,53,57,52,51,52,55,54,54,56,56,60,61,66,63,67,61,61,61,54,60,61,57,60,58,61,51,55,55,53,54,52,51,53,51,110,49,56,54,55,91,50,57,55,51,60,51,52
EPI_ISL_8215713,164,159,162,159,158,109,154,117,109,116,113,120,147,131,131,121,133,135,125,123,123,8,31,28,29,34,34,25,25,26,34,26,24,24,26,78,66,84,84,31,31,86,32,32,68,87,90,87,37,37,29,75,96,43,25,34,31,26,26,47,47,49,47,51,48,51,50,50,34,52,46,51,43,49,45,50,53,49,44,51,50,49,51,45,52,75,51,47,51,58,43,49,48,47,43,53,33,45,51,43,52,67,53,44,54,71,53,53,72,43,51,50,49,49,55,46,63,26,51,47,47,55,48,54,48,48,53,51,47,47,52,0,20,101,25,11,2,2,26,21,24,26,26,22,12,22,25,28,41,151,81,87,83,82,106,55,79,80,79,86,80,84,79,83,80,86,83,81,100,89,80,110,82,90,90,98,81,85,89,82,79,82,81,78,70,72,80,70,75,69,77,75,75,77,74,69,55,66,81,80,77,80,112,71,79,76,79,71,78,97,74,76,72,79,85,77,78,93,83,97,79,103,80,84,80,86,77,81,87,104,84,107,82,73,81,80,85,87,81,72,75,68,73,65,69,64,72,81,78,70,74,67,83,67,71,67,69,71,78,67,72,76,76,74,72,72,70,71,72,71,69,74,72,68,65,68,67,70,75,77,75,77,76,66,68,73,66,132,70,58,135,70,96,74,65,78,62,64,63,70,67,71,70,60,69,60,59,60,56,79,60,69,71,54,68,69,68,60,62,64,61,70,64,57,62,64,68,61,57,57,70,61,56,59,74,60,69,69,65,63,58,58,58,67,58,65,59,71,58,59,61,66,64,56,71,58,71,71,68,70,62,62,63,63,64,69,59,65,63,56,63,56,296,64,65,62,61,64,61,69,67,67,69,61,58,57,75,66,66,63,63,60,69,62,63,69,60,64,63,61,64,64,70,69,64,58,62,65,57,65,66,65,58,58,60,61,61,68,75,62,61,58,65,62,59,61,58,63,69,59,59,65,66,61,59,65,63,65,66,61,66,59,59,57,63,63,57,67,58,65,56,60,56,59,59,57,57,61,56,55,56,59,58,58,60,60,64,65,70,67,71,65,65,65,58,64,65,61,64,62,65,55,59,59,57,58,56,55,57,55,114,53,60,58,59,95,54,61,59,55,64,55,56
EPI_ISL_8215712,158,153,156,153,152,103,148,111,103,110,107,114,141,125,125,115,127,129,119,117,117,26,35,22,23,38,38,19,19,20,38,20,18,18,20,72,60,78,78,23,21,80,24,24,62,81,84,81,27,27,21,69,90,37,17,26,23,18,18,41,39,43,37,43,42,43,46,42,40,44,38,43,37,43,39,42,45,41,36,45,44,41,43,39,44,69,43,39,43,50,37,41,40,39,35,45,39,37,43,37,46,61,45,36,46,65,45,45,66,37,43,42,41,43,49,38,55,20,45,39,41,47,42,48,42,42,47,43,41,39,44,20,0,93,19,17,22,22,18,13,18,20,18,16,18,14,19,22,35,145,75,81,77,76,100,49,73,74,73,80,74,78,73,78,74,80,77,75,94,83,74,104,76,84,84,92,75,79,83,76,73,76,75,72,64,66,74,64,69,63,73,69,69,71,68,63,49,60,75,74,71,74,106,67,73,70,73,65,72,91,68,70,66,73,79,71,72,87,77,93,73,97,75,78,74,80,71,75,81,100,78,101,76,67,75,74,79,81,75,66,69,62,69,59,63,58,66,75,72,64,66,61,77,61,65,61,63,65,70,61,66,68,70,68,66,66,64,65,66,65,63,68,67,62,59,62,63,64,70,71,69,71,70,62,62,67,60,126,64,52,129,64,90,68,59,72,56,58,57,64,61,65,64,54,63,54,53,54,50,73,54,63,65,48,62,63,62,54,56,58,55,64,58,51,56,58,62,55,51,51,64,55,50,53,68,54,63,63,59,57,52,52,52,61,52,59,53,65,52,53,55,60,58,50,65,52,65,65,62,64,56,56,57,57,58,63,53,59,57,50,57,50,290,58,59,56,55,58,55,63,61,61,63,55,52,51,69,60,60,57,57,54,63,56,57,63,54,58,57,55,58,58,64,63,58,52,56,59,51,59,60,59,52,52,54,55,55,62,69,56,55,52,59,56,53,53,52,57,63,53,53,59,60,55,53,59,57,59,60,55,60,53,53,51,57,57,51,61,52,59,50,54,50,53,53,51,51,55,50,49,50,53,52,52,54,54,58,59,64,61,65,59,59,59,52,58,59,55,58,56,59,49,53,53,51,52,50,49,51,49,108,47,54,52,53,89,48,55,53,49,58,49,50
EPI_ISL_8215711,173,171,171,168,167,113,163,122,114,121,118,114,142,116,116,98,118,122,102,116,112,107,112,99,100,115,115,96,96,97,115,97,95,95,97,33,51,37,35,98,98,39,99,99,53,38,41,40,104,104,102,46,86,96,98,107,104,99,99,94,94,96,92,94,95,96,99,95,95,97,93,98,92,96,94,95,98,96,89,96,97,92,96,90,97,104,96,92,98,99,90,94,91,92,90,94,92,92,94,90,100,85,100,89,99,95,100,100,101,90,96,95,94,96,102,91,108,101,96,92,94,100,91,97,93,93,100,96,94,90,97,101,93,0,100,98,103,103,99,94,99,101,99,97,99,95,98,99,94,141,42,89,39,29,67,62,38,53,38,41,41,43,38,41,39,33,40,42,55,91,51,67,41,86,92,61,42,42,48,75,38,41,74,45,47,51,86,49,50,73,44,77,68,60,49,38,61,72,40,39,38,37,108,40,85,56,61,66,84,87,64,33,49,81,79,36,49,93,42,60,40,60,54,86,39,45,36,40,60,67,55,109,39,66,54,41,44,42,79,59,81,61,81,71,75,70,77,85,80,75,77,71,30,73,77,70,75,75,81,73,76,80,75,62,59,60,57,58,55,60,68,45,54,55,71,56,62,76,77,81,46,60,69,61,56,56,72,138,51,64,122,57,83,82,71,65,68,70,69,76,54,58,57,66,56,66,65,66,62,66,66,52,77,60,55,56,53,66,66,51,67,51,70,63,62,64,61,62,61,63,51,54,62,65,80,58,56,75,48,63,64,64,64,73,64,70,65,58,64,65,67,61,57,62,54,64,58,62,59,51,59,51,69,61,51,64,65,46,52,62,51,62,302,52,52,59,59,53,62,62,62,73,75,63,62,63,62,47,55,69,69,66,56,68,69,75,66,70,69,62,47,70,53,52,70,64,68,69,58,66,72,46,64,64,61,67,67,55,62,68,67,64,71,68,65,65,64,69,56,65,61,54,47,67,65,52,64,52,53,62,53,65,65,63,64,50,63,73,64,71,62,66,62,65,66,63,63,67,62,61,62,65,64,64,66,66,70,46,71,54,58,52,52,52,64,53,66,54,45,53,48,61,65,65,63,64,62,61,58,61,120,59,66,64,65,101,58,65,60,61,53,61,62
EPI_ISL_8215710,163,158,161,158,157,108,153,116,108,115,112,119,146,130,130,120,132,134,124,122,122,31,42,27,28,45,45,24,24,25,45,25,23,23,25,77,65,83,83,30,30,85,31,31,67,86,89,86,36,36,28,74,95,42,24,33,30,25,25,46,46,48,46,50,47,50,47,49,45,51,45,50,42,46,44,49,52,48,43,50,45,48,50,44,51,74,50,46,50,57,42,48,47,46,44,52,44,44,50,38,51,66,52,43,53,70,52,52,71,38,50,49,48,48,52,45,60,25,48,46,42,54,45,49,43,45,52,50,42,46,51,25,19,100,0,22,27,27,25,20,23,25,25,21,23,21,24,27,40,150,80,86,82,81,105,54,78,79,78,85,79,83,78,83,79,85,82,80,99,88,79,109,81,89,89,95,80,84,88,81,78,81,80,77,69,71,79,69,74,68,78,74,74,76,73,68,54,65,80,79,76,79,111,72,78,75,78,70,77,96,73,75,71,78,84,76,77,92,82,98,78,102,80,83,79,85,76,80,86,105,83,106,81,72,80,79,84,86,80,71,74,67,74,64,68,63,71,80,77,69,73,66,82,66,70,66,68,70,77,66,71,75,75,71,71,71,69,70,71,68,68,73,70,67,64,67,68,69,75,76,74,76,75,67,67,72,65,131,69,57,134,69,95,73,64,77,61,63,62,69,66,70,69,59,68,59,58,59,55,78,59,68,70,53,67,68,67,59,61,63,60,69,63,56,61,63,67,60,56,56,69,60,55,58,73,59,68,68,64,62,57,57,57,66,57,64,58,70,57,58,60,65,63,55,70,57,70,70,67,69,61,61,62,62,63,68,58,64,62,55,62,55,295,63,64,61,60,63,60,68,66,66,68,60,57,56,74,65,65,62,62,59,68,61,62,68,59,63,62,60,63,63,69,68,63,57,61,64,56,64,65,64,57,57,59,60,60,67,74,61,60,57,64,61,58,60,57,62,68,58,58,64,65,60,58,64,62,64,65,60,65,58,58,56,62,62,56,66,57,64,55,59,55,58,58,56,56,60,55,54,55,58,57,57,59,59,63,64,69,66,70,64,64,64,57,63,64,60,63,61,64,54,58,58,56,57,55,54,56,54,113,52,59,57,58,94,53,60,58,54,63,54,55
EPI_ISL_8215708,161,156,159,156,155,106,151,114,106,113,110,117,144,128,128,118,130,132,122,120,120,17,28,25,26,31,31,22,22,23,31,23,21,21,23,75,63,81,81,28,28,83,29,29,65,84,87,84,34,34,26,72,93,40,22,31,28,23,23,44,44,46,44,48,45,48,47,47,31,49,43,48,40,46,42,47,50,46,41,48,47,46,48,42,49,72,48,44,48,55,40,46,45,44,40,50,28,42,48,40,49,64,50,41,51,68,50,50,69,40,48,47,46,46,52,43,60,23,48,44,44,52,45,51,45,45,50,48,44,44,49,11,17,98,22,0,13,13,23,18,21,23,23,19,9,19,22,25,38,148,78,84,80,79,103,52,76,77,76,83,77,81,76,80,77,83,80,78,97,86,77,107,79,87,87,95,78,82,86,79,76,79,78,75,67,69,77,67,72,66,74,72,72,74,71,66,52,63,78,77,74,77,109,68,76,73,76,68,75,94,71,73,69,76,82,74,75,90,80,94,76,100,77,81,77,83,74,78,84,101,81,104,79,70,78,77,82,84,78,69,72,65,72,62,66,61,69,78,75,67,71,64,80,64,68,64,66,68,75,64,69,73,73,71,69,69,67,68,69,68,66,71,69,65,62,65,66,67,72,74,72,73,73,65,65,70,63,129,67,55,132,67,93,71,62,75,59,61,60,67,64,68,67,57,66,57,56,57,53,76,57,66,68,51,65,66,65,57,59,61,58,67,61,54,59,61,65,58,54,54,67,58,53,56,71,57,66,66,62,60,55,55,55,64,55,62,56,68,55,56,58,63,61,53,68,55,68,68,65,67,59,59,60,60,61,66,56,62,60,53,60,53,293,61,62,59,58,61,58,66,64,64,66,58,55,54,72,63,63,60,60,57,66,59,60,66,57,61,60,58,61,61,67,66,61,55,59,62,54,62,63,62,55,55,57,58,58,65,72,59,58,55,62,59,56,58,55,60,66,56,56,62,63,58,56,62,60,62,63,58,63,56,56,54,60,60,54,64,55,62,53,57,53,56,56,54,54,58,53,52,53,56,55,55,57,57,61,62,67,64,68,62,62,62,55,61,62,58,61,59,62,52,56,56,54,55,53,52,54,52,111,50,57,55,56,92,51,58,56,52,61,52,53
EPI_ISL_8215706,164,159,162,159,158,111,154,119,111,118,115,122,147,131,131,123,133,135,125,123,125,10,33,30,31,36,36,27,27,28,36,28,26,26,28,80,68,86,86,33,33,88,34,34,70,89,92,89,39,39,31,77,98,45,27,36,33,28,28,49,49,51,49,53,50,53,52,52,36,54,48,53,45,51,47,52,55,51,46,53,52,51,53,47,54,77,53,49,53,60,45,51,50,49,45,55,35,47,53,45,54,69,55,46,56,73,55,55,74,45,53,52,51,51,57,48,65,28,53,49,49,57,50,56,50,50,55,53,49,49,54,2,22,103,27,13,0,4,28,23,26,28,28,24,14,24,27,30,43,153,83,89,85,84,108,57,81,82,81,88,82,86,81,85,82,88,85,83,102,91,82,112,84,92,92,100,83,87,91,84,81,84,83,80,72,74,82,72,77,71,79,77,77,79,76,71,57,68,83,82,79,82,114,73,81,78,81,73,80,99,76,78,74,81,87,79,80,95,85,99,81,105,82,86,82,88,79,83,89,106,86,109,84,75,83,82,87,89,83,74,77,70,75,67,71,66,74,83,80,72,76,69,85,69,73,69,71,73,80,69,74,78,78,76,74,74,72,73,74,73,71,76,74,70,67,70,69,72,77,79,77,79,78,68,70,75,68,134,72,60,137,72,98,76,67,80,64,66,65,72,69,73,72,62,71,62,61,62,58,81,62,71,73,56,70,71,70,62,64,66,63,72,66,59,64,66,70,63,59,59,72,63,58,61,76,62,71,71,67,65,60,60,60,69,60,67,61,73,60,61,63,68,66,58,73,60,73,73,70,72,64,64,65,65,66,71,61,67,65,58,65,58,298,66,67,64,63,66,63,71,69,69,71,63,60,59,77,68,68,65,65,62,71,64,65,71,62,66,65,63,66,66,72,71,66,60,64,67,59,67,68,67,60,60,62,63,63,70,77,64,63,60,67,64,61,63,60,65,71,61,61,67,68,63,61,67,65,67,68,63,68,61,61,59,65,65,59,69,60,67,58,62,58,61,61,59,59,63,58,57,58,61,60,60,62,62,66,67,72,69,73,67,67,67,60,66,67,63,66,64,67,57,61,61,59,60,58,57,59,57,116,55,62,60,61,97,56,63,61,57,66,57,58
EPI_ISL_8215705,166,161,164,161,160,111,156,119,111,118,115,122,149,133,133,123,135,137,127,125,125,10,33,30,31,36,36,27,27,28,36,28,26,26,28,80,68,86,86,33,33,88,34,34,70,89,92,89,39,39,31,77,98,45,27,36,33,28,28,49,49,51,49,53,50,53,52,52,36,54,48,53,45,51,47,52,55,51,46,53,52,51,53,47,54,77,52,49,53,60,45,51,50,49,45,55,35,47,53,45,54,69,55,46,56,73,55,55,74,45,53,52,51,51,57,48,65,28,53,49,49,57,50,56,50,50,55,53,49,49,54,2,22,103,27,13,4,0,28,23,26,28,28,24,14,24,27,30,43,153,83,89,85,84,108,57,81,82,81,88,82,86,81,85,82,88,85,83,102,91,82,112,84,92,92,100,83,87,91,84,81,84,83,80,72,74,82,72,77,71,79,77,77,79,76,71,57,68,83,82,79,82,114,73,81,78,81,73,80,99,76,78,74,81,87,79,80,95,85,99,81,105,82,86,82,88,79,83,89,106,86,109,84,75,83,82,87,89,83,74,77,70,75,67,71,66,74,83,80,72,76,69,85,69,73,69,71,73,80,69,74,78,78,76,74,74,72,73,74,73,71,76,74,70,67,70,69,72,77,79,77,79,78,68,70,75,68,134,72,60,137,72,98,76,67,80,64,66,65,72,69,73,72,62,71,62,61,62,58,81,62,71,73,56,70,71,70,62,64,66,63,72,66,59,64,66,70,63,59,59,72,63,58,61,76,62,71,71,67,65,60,60,60,69,60,67,61,73,60,61,63,68,66,58,73,60,73,73,70,72,64,64,65,65,66,71,61,67,65,58,65,58,298,66,67,64,63,66,63,71,69,69,71,63,60,59,77,68,68,65,65,62,71,64,65,71,62,66,65,63,66,66,72,71,66,60,64,67,59,67,68,67,60,60,62,63,63,70,77,64,63,60,67,64,61,63,60,65,71,61,61,67,68,63,61,67,65,67,68,63,68,61,61,59,65,65,59,69,60,67,58,62,58,61,61,59,59,63,58,57,58,61,60,60,62,62,66,67,72,69,73,67,67,67,60,66,67,63,66,64,67,57,61,61,59,60,58,57,59,57,116,55,62,60,61,97,56,63,61,57,66,57,58
EPI_ISL_8215691,164,159,162,159,158,109,154,117,109,116,113,120,147,131,131,121,133,135,125,123,123,32,41,28,29,44,44,25,25,26,44,26,24,24,26,78,66,84,84,29,29,86,30,30,68,87,90,87,35,35,27,75,96,43,23,32,29,24,24,47,45,49,45,49,48,49,52,48,46,50,44,49,43,49,45,48,51,47,42,51,50,47,43,45,50,75,49,45,49,50,43,47,46,45,43,51,45,43,49,43,52,67,51,42,52,71,51,51,72,43,43,48,47,49,55,44,61,26,51,45,47,53,48,54,48,48,53,49,47,45,50,26,18,99,25,23,28,28,0,19,24,26,24,22,24,20,25,28,41,151,81,87,83,82,106,55,79,80,79,86,80,84,79,84,80,86,83,81,100,89,80,110,82,90,90,98,81,85,89,82,79,82,81,78,70,72,80,70,75,69,79,75,75,77,74,69,55,66,81,80,77,80,112,73,79,76,79,71,78,97,74,76,72,79,85,77,78,93,83,99,79,103,81,84,80,86,77,81,87,106,84,107,82,73,81,80,85,87,81,72,75,68,75,65,69,64,72,81,78,70,72,67,83,67,71,67,69,71,76,67,72,74,76,74,72,72,70,71,72,71,69,74,73,68,65,68,69,70,76,76,75,77,76,68,68,73,66,132,70,58,135,68,96,74,65,78,62,64,63,70,67,71,70,60,69,60,59,60,56,79,60,69,71,54,68,69,68,60,62,64,61,70,64,57,61,64,68,61,57,57,70,61,56,59,74,60,69,69,65,63,58,58,58,67,58,65,59,71,58,59,61,66,64,56,71,58,71,71,68,70,62,62,63,63,64,69,59,65,63,56,63,56,296,64,65,62,61,64,61,69,67,67,69,61,58,57,75,66,66,63,63,60,69,62,63,69,60,64,63,61,64,64,70,69,64,58,62,65,57,65,66,65,58,58,60,61,61,68,75,62,61,58,65,62,59,59,58,63,69,59,59,65,66,61,59,65,63,65,66,61,66,59,59,57,63,63,57,67,58,65,56,59,56,59,59,57,57,61,56,55,56,59,58,58,60,60,64,65,70,67,71,65,65,65,58,64,65,61,64,62,65,55,59,59,57,58,56,55,57,55,114,53,60,58,59,95,54,61,59,55,64,55,56
EPI_ISL_8215703,159,154,157,154,153,104,149,110,102,109,106,115,142,126,126,116,128,130,120,118,118,27,36,23,24,39,39,20,20,21,39,21,19,19,21,73,61,79,79,24,24,81,25,25,63,82,85,82,30,30,22,70,91,38,10,27,24,19,19,42,30,44,40,44,43,44,47,43,41,35,39,34,38,44,40,33,46,32,37,46,45,42,44,40,45,70,44,38,38,51,38,36,41,40,38,46,40,38,44,38,47,62,40,37,41,66,38,40,67,38,44,43,42,44,50,39,56,21,46,40,42,48,43,49,43,43,48,44,42,40,45,21,13,94,20,18,23,23,19,0,19,21,11,17,19,11,20,23,36,146,76,82,78,77,101,50,74,75,74,81,75,79,74,79,75,81,78,76,95,84,75,105,77,85,85,93,76,80,84,75,74,77,76,73,65,67,75,65,70,64,74,70,70,72,69,64,50,61,76,75,72,75,107,68,74,71,74,66,73,92,69,71,67,74,80,72,73,88,78,94,74,98,76,79,75,81,72,76,82,101,79,102,77,68,76,75,80,82,76,67,70,63,70,60,64,59,67,76,73,65,67,62,78,62,66,62,64,66,71,62,65,69,71,69,67,67,65,66,67,66,64,69,68,63,60,63,64,65,71,72,70,72,71,63,63,68,61,127,65,53,130,63,91,69,60,73,57,59,58,65,62,66,65,55,64,55,54,55,51,74,55,64,66,49,63,64,63,55,57,59,56,65,59,52,57,59,63,56,52,52,65,56,51,54,69,55,64,64,60,58,53,53,53,62,53,60,54,66,53,54,56,61,59,51,66,53,66,66,63,65,57,57,58,58,59,64,54,60,58,51,58,51,291,59,60,57,56,59,56,64,62,62,64,56,53,52,70,61,61,58,58,55,64,57,58,64,55,59,58,56,59,59,65,64,59,53,57,60,52,60,61,60,53,53,55,56,56,63,70,57,56,53,60,57,54,54,53,58,64,54,54,60,61,56,54,60,58,60,61,56,61,54,54,52,58,58,52,62,53,60,51,55,51,54,54,52,52,56,51,50,51,54,53,53,55,55,59,60,65,62,66,60,60,60,53,59,60,56,59,57,60,50,54,54,52,53,51,50,52,50,109,48,55,53,54,90,49,56,54,50,59,50,51
EPI_ISL_8215700,162,157,160,157,156,107,152,115,107,114,111,118,145,129,129,119,131,133,123,121,121,30,41,26,27,44,44,23,23,24,44,24,22,22,24,76,64,82,82,29,29,84,30,30,66,85,88,85,35,35,27,73,94,41,23,32,29,24,24,45,45,47,45,49,44,49,50,48,44,50,44,49,39,47,43,48,51,47,42,47,48,47,49,41,50,73,49,45,49,56,39,47,46,45,43,51,43,43,49,41,48,65,51,42,52,69,51,51,70,41,49,48,47,47,53,44,61,22,49,45,45,53,46,52,46,46,49,49,45,45,50,24,18,99,23,21,26,26,24,19,0,24,24,18,22,20,21,24,39,149,79,85,81,80,104,53,77,78,77,84,78,82,77,80,78,84,81,79,98,87,78,108,80,88,88,96,79,83,87,80,77,80,79,76,68,70,78,68,73,65,77,73,73,75,72,67,53,64,79,78,75,78,110,71,77,74,77,69,76,95,72,74,70,77,83,75,76,91,81,97,77,101,79,82,78,84,75,79,85,104,82,105,80,71,79,78,83,85,79,70,73,66,73,63,67,62,70,79,76,68,72,65,81,65,69,65,67,69,76,65,70,74,74,72,70,70,68,69,70,69,67,72,71,66,63,66,67,68,74,75,73,75,74,66,66,71,64,130,68,56,133,68,94,72,61,76,58,60,59,66,65,69,68,58,67,58,57,56,54,77,58,67,69,52,66,67,66,58,60,62,59,68,62,55,60,62,66,59,55,55,68,59,54,57,72,58,67,67,63,61,56,56,56,65,56,63,57,69,56,57,59,64,62,54,69,56,69,69,66,68,60,60,61,61,62,67,57,63,61,54,61,54,294,62,63,60,59,62,59,67,65,65,67,59,56,55,73,64,64,61,61,58,67,60,61,67,58,62,61,59,62,62,68,67,62,56,60,63,55,63,64,63,56,56,58,59,59,66,73,60,59,56,63,60,57,59,56,61,67,57,57,63,64,59,57,63,61,63,64,59,64,57,57,55,61,61,55,65,56,63,54,58,54,57,57,55,55,59,54,53,54,57,56,56,58,58,62,63,68,65,69,63,63,63,56,62,63,59,62,60,63,53,57,57,55,56,54,53,55,53,112,51,58,56,57,93,52,59,57,53,62,53,54
EPI_ISL_8215701,164,159,162,159,158,109,154,117,109,116,113,120,147,131,131,121,133,135,125,123,123,32,43,28,29,46,46,25,25,26,46,26,24,24,26,78,66,84,84,31,31,86,32,32,68,87,90,87,37,37,29,75,96,43,25,34,31,26,26,41,47,43,47,51,48,51,52,50,46,52,46,51,43,49,39,50,51,49,44,51,50,39,51,45,50,75,51,45,49,58,43,45,38,47,45,53,45,45,51,43,52,67,51,42,50,71,51,49,72,43,51,50,49,39,55,46,63,26,51,47,47,55,48,54,48,48,53,51,47,47,52,26,20,101,25,23,28,28,26,21,24,0,26,22,24,22,25,28,41,151,81,87,83,82,106,55,79,80,79,86,80,84,79,84,80,86,83,81,100,89,80,110,82,90,90,98,81,85,89,82,79,82,81,78,70,72,80,70,75,69,79,75,75,77,74,69,55,66,81,80,77,80,112,73,79,76,79,71,78,97,74,76,72,79,85,77,76,93,83,99,79,103,81,84,80,86,77,81,87,106,84,107,82,73,81,80,85,87,81,72,75,68,75,65,69,64,72,81,78,70,74,67,83,67,69,67,67,69,78,67,72,76,76,74,72,72,70,71,72,71,69,74,73,68,65,68,69,70,76,77,75,77,76,68,68,73,66,132,70,58,135,70,96,74,65,78,62,64,63,70,67,71,70,60,69,60,59,60,56,79,60,69,71,54,68,69,68,60,62,64,61,70,64,57,62,64,68,61,57,57,70,61,56,59,74,60,69,69,65,63,58,58,58,67,58,65,59,71,58,59,61,66,64,56,71,58,71,71,68,70,62,62,61,63,64,69,59,65,63,56,63,56,296,64,65,62,61,64,61,69,67,67,69,61,58,57,75,66,66,63,63,60,69,62,63,69,60,64,63,61,64,64,70,69,64,58,62,63,57,65,66,65,58,58,60,61,61,68,75,62,61,58,65,62,59,61,58,63,69,59,59,65,66,61,59,65,63,65,66,61,66,59,59,57,63,63,57,67,58,65,56,60,56,59,59,57,57,61,56,55,56,59,58,58,60,60,64,65,70,67,71,65,65,65,58,64,65,61,64,62,65,55,59,59,57,58,56,55,57,55,114,53,60,58,59,95,54,61,59,55,64,55,56
EPI_ISL_8215699,158,153,156,153,152,109,154,115,107,114,111,120,147,131,131,121,127,135,125,123,123,32,41,28,29,44,44,25,25,26,44,26,24,24,26,78,66,84,84,29,29,86,30,30,68,87,90,87,35,35,27,75,90,43,15,32,29,24,24,47,37,49,45,49,48,49,52,48,46,42,44,41,43,49,45,40,51,39,42,51,50,47,49,45,50,75,49,45,45,56,43,43,46,45,43,51,45,43,49,43,52,67,47,42,48,71,45,47,72,43,49,48,47,49,55,44,61,26,51,45,47,53,48,54,48,48,53,49,47,45,50,26,18,99,25,23,28,28,24,11,24,26,0,22,24,16,25,28,41,145,81,87,83,82,106,55,79,80,79,86,80,84,79,84,80,86,83,81,100,89,80,110,82,90,90,98,81,85,89,80,79,82,81,78,70,72,80,70,75,69,79,75,75,77,74,69,55,66,81,80,77,80,112,73,79,76,79,71,78,91,74,76,72,79,85,77,78,93,83,99,79,103,81,84,80,86,77,81,87,106,84,107,82,73,81,80,85,87,81,72,75,68,75,65,69,64,72,81,78,70,72,67,83,67,71,67,69,71,76,67,72,74,76,74,72,72,70,71,72,71,69,74,73,68,65,68,69,70,76,71,75,77,76,68,68,73,66,132,70,58,135,70,96,74,65,78,62,64,63,70,67,71,70,60,69,60,59,60,56,79,60,69,71,54,68,69,68,60,62,64,61,70,64,57,62,64,68,61,57,57,70,61,56,59,74,60,69,69,65,63,58,58,58,67,58,65,59,71,58,59,61,66,64,56,71,58,71,71,68,70,62,62,63,63,64,69,59,65,63,56,63,56,296,64,65,62,61,64,61,69,67,67,69,61,58,57,75,66,66,63,63,60,69,62,63,69,60,64,63,61,64,64,70,69,64,58,62,65,57,65,66,65,58,58,54,61,61,68,75,62,61,58,65,62,59,59,58,63,69,59,59,65,66,61,59,65,63,65,66,61,66,59,59,57,63,63,57,67,58,65,56,60,56,59,59,57,57,61,56,55,56,59,58,58,60,60,64,65,70,67,71,65,65,65,58,64,65,61,64,62,65,55,59,59,57,58,56,55,57,55,114,53,60,58,59,95,54,61,59,55,64,55,56
EPI_ISL_8215697,160,155,158,155,154,105,150,113,105,112,109,116,143,127,127,117,129,131,121,119,119,28,39,24,25,42,42,21,21,22,42,22,20,20,22,74,62,80,80,27,26,82,28,28,64,83,86,83,32,32,25,71,92,39,21,30,27,22,22,43,43,45,43,47,42,47,48,46,42,48,42,47,35,45,41,46,49,45,40,45,46,45,47,39,48,71,47,43,47,54,37,45,44,43,41,49,41,41,47,39,46,63,49,40,50,67,49,49,68,39,47,46,45,45,51,42,59,20,47,43,43,51,44,50,44,44,47,47,43,43,48,22,16,97,21,19,24,24,22,17,18,22,22,0,20,18,19,22,37,147,77,83,79,78,102,51,75,76,75,82,76,80,75,80,76,82,79,77,96,85,76,106,78,86,86,94,77,81,85,78,75,78,77,74,66,68,76,66,71,65,75,71,71,73,70,65,51,62,77,76,73,76,108,69,75,72,75,67,74,93,70,72,66,75,81,73,74,89,79,95,75,99,77,80,76,82,73,77,83,102,80,103,78,69,77,76,81,83,77,68,71,64,71,61,65,60,68,77,74,66,70,63,79,63,67,63,65,67,74,63,68,72,72,70,68,68,66,67,68,67,65,70,69,64,61,64,65,66,72,73,71,73,72,64,64,69,62,128,66,54,131,66,92,70,61,74,58,60,59,66,63,67,66,56,65,56,55,56,52,75,56,65,67,50,64,65,64,56,58,60,57,66,60,53,58,60,64,57,53,53,66,57,52,55,70,56,65,65,61,59,54,54,54,63,54,61,55,67,54,55,57,62,60,52,67,54,67,67,64,66,58,58,59,59,60,65,55,61,59,52,59,52,292,60,61,58,57,60,57,65,63,63,65,57,54,53,71,62,62,59,59,56,65,58,59,65,56,60,59,57,60,60,66,65,60,54,58,61,53,61,62,61,54,54,56,57,57,64,71,58,57,54,61,58,55,55,54,59,65,55,55,61,62,57,55,61,57,61,62,57,62,55,55,53,57,59,53,63,54,61,52,56,52,55,55,53,53,57,52,51,52,55,54,54,56,56,60,61,66,63,67,61,61,61,54,60,61,57,60,58,61,51,55,55,53,54,52,51,53,51,110,49,56,54,55,91,50,57,55,51,60,51,52
EPI_ISL_8215696,162,157,160,157,156,107,152,115,107,114,111,118,145,129,129,119,131,133,123,121,121,18,29,26,27,32,32,23,23,24,32,24,22,22,24,76,64,82,82,29,29,84,30,30,66,85,88,85,35,35,27,73,94,39,23,32,29,24,24,45,45,47,45,49,46,49,48,48,32,50,44,49,41,47,43,48,51,47,42,49,48,47,49,43,50,71,49,45,49,56,41,47,46,45,41,51,31,43,49,41,50,65,51,42,52,69,51,51,68,41,49,48,47,47,53,44,61,24,49,45,45,53,46,52,46,46,51,49,45,45,50,12,18,99,23,9,14,14,24,19,22,24,24,20,0,20,23,26,37,149,79,85,81,80,104,53,77,78,77,84,78,82,77,81,78,84,81,79,98,87,78,108,80,88,88,96,79,83,87,80,77,80,79,76,68,70,78,68,73,67,75,73,73,75,72,67,53,64,79,78,75,78,110,69,77,72,77,69,76,95,72,74,70,77,83,75,76,91,81,95,77,101,78,82,78,84,75,79,85,102,82,105,80,71,79,78,83,85,79,70,73,66,73,63,67,62,70,79,76,68,72,65,81,65,69,65,67,69,76,65,70,74,74,72,70,70,68,69,70,69,67,72,70,66,63,66,67,68,73,73,73,75,74,66,66,71,64,130,68,56,133,68,94,72,63,76,60,62,61,68,65,69,68,58,67,58,57,58,54,77,58,67,69,52,66,67,66,58,60,62,59,68,62,55,60,62,66,59,55,55,68,59,54,57,72,58,67,67,63,61,56,56,56,65,56,63,57,69,56,57,59,64,62,54,69,56,69,69,66,68,60,60,61,61,62,67,57,63,61,54,61,54,294,62,63,60,59,62,59,67,65,65,67,59,56,55,73,64,64,61,61,58,67,60,61,67,58,62,61,59,62,62,68,67,62,56,60,63,55,63,64,63,56,56,58,59,59,66,73,60,59,56,63,60,57,59,56,61,67,57,57,63,64,59,57,63,61,63,64,59,64,57,57,55,61,61,55,65,56,63,54,58,54,57,57,55,55,59,54,53,54,57,56,56,58,58,62,63,68,65,69,63,63,63,56,62,63,59,62,60,63,53,57,57,55,56,54,53,55,53,112,51,58,56,57,93,52,59,57,53,62,53,54
EPI_ISL_8215695,160,155,158,155,154,105,150,113,105,112,109,116,143,127,127,117,129,131,121,119,119,28,37,24,25,40,40,21,21,22,40,22,20,20,22,74,62,80,80,25,25,82,26,26,64,83,86,83,31,31,23,71,92,39,15,28,25,20,20,43,37,45,41,45,44,45,48,44,42,42,40,41,39,45,41,40,47,39,38,47,46,43,45,41,46,71,45,41,43,52,39,41,42,41,39,47,41,39,45,39,48,63,43,38,46,67,43,45,68,39,45,44,43,45,51,40,57,22,47,41,43,49,44,50,44,44,49,43,43,41,46,22,14,95,21,19,24,24,20,11,20,22,16,18,20,0,21,24,37,147,77,83,79,78,102,51,75,76,75,82,76,80,75,80,76,82,79,77,96,85,76,106,78,86,86,94,77,81,85,76,75,78,77,74,66,68,76,66,71,65,75,71,71,73,70,65,51,62,77,76,73,76,108,69,75,72,75,67,74,93,70,72,68,75,81,73,74,89,79,95,75,99,77,80,76,82,73,75,83,102,80,103,78,69,77,76,81,83,77,68,71,64,71,61,65,60,68,77,74,66,68,63,79,63,67,63,65,67,72,63,68,70,72,70,68,68,66,67,68,67,65,70,69,64,61,64,65,66,72,73,71,73,72,64,64,69,62,128,66,54,131,66,92,70,61,74,58,60,59,66,63,67,66,56,65,56,55,56,52,75,56,65,67,50,64,65,64,56,58,60,57,66,60,53,58,60,64,57,53,53,66,57,52,55,70,56,65,65,61,59,54,54,54,63,54,61,55,67,54,55,57,62,60,52,67,54,67,67,64,66,58,58,59,59,60,65,55,61,59,52,59,52,292,60,61,58,57,60,57,65,63,63,65,57,54,53,71,62,62,59,59,56,65,58,59,65,56,60,59,57,60,60,66,65,60,54,58,61,53,61,62,61,54,54,56,57,57,64,71,58,57,54,61,58,55,55,54,59,65,55,55,61,62,57,55,61,59,61,62,57,62,55,55,53,59,59,53,63,54,61,52,56,52,55,55,53,53,57,52,51,52,55,54,54,56,56,60,61,66,63,67,61,61,61,54,60,61,57,60,58,61,51,55,55,53,54,52,51,53,51,110,49,56,54,55,91,50,57,55,51,60,51,52
EPI_ISL_8215694,163,158,161,158,157,108,153,116,108,115,112,119,146,130,130,120,132,134,124,122,122,31,42,27,28,45,45,24,24,25,45,25,23,23,25,77,65,83,83,30,30,85,31,31,67,86,89,86,36,36,28,74,95,42,24,33,28,25,25,46,46,48,46,50,45,50,51,49,45,51,45,50,40,48,44,49,52,48,43,48,49,48,50,42,51,74,50,46,50,57,40,48,47,46,44,52,44,44,50,42,39,66,52,43,53,70,52,52,71,42,50,49,48,48,54,45,62,23,50,46,46,54,47,53,47,47,50,48,46,46,49,25,19,98,24,22,27,27,25,20,21,25,25,19,23,21,0,17,40,150,80,86,82,81,105,54,78,79,78,85,79,83,78,83,79,85,82,80,99,88,79,109,81,89,89,97,80,84,88,79,78,81,80,77,69,71,79,69,74,68,78,74,74,76,73,68,54,65,80,79,76,79,111,72,78,75,78,70,77,96,73,75,71,78,84,76,77,92,82,98,78,102,80,83,79,85,76,80,86,105,83,106,81,72,80,79,84,86,78,71,74,67,74,64,68,63,71,80,77,69,73,66,82,66,70,66,68,70,77,66,71,75,75,73,71,71,69,70,71,70,68,73,72,67,64,67,68,69,75,76,74,76,75,67,67,72,65,131,69,57,134,69,95,73,64,77,61,63,62,69,66,70,69,59,66,59,58,59,55,76,59,68,70,53,65,68,67,59,61,63,60,69,63,56,61,63,67,60,56,56,69,60,55,58,73,59,68,68,64,62,57,57,57,66,57,64,58,70,57,58,60,65,63,55,70,57,70,70,67,69,61,61,62,62,63,68,58,64,62,55,62,55,295,63,64,61,60,63,60,68,66,66,68,60,57,56,74,65,65,62,62,59,68,61,62,68,59,63,62,60,63,63,69,68,63,57,61,64,56,64,65,64,57,57,59,60,60,67,74,61,60,57,64,61,58,60,57,62,68,58,58,64,65,60,58,64,62,64,65,60,65,58,58,56,62,62,56,66,57,64,55,59,55,58,58,56,56,60,55,54,55,58,57,57,59,59,63,64,69,66,70,64,64,64,57,63,64,60,63,59,64,54,58,58,56,57,55,54,56,54,113,52,59,57,58,94,53,60,58,54,63,54,55
EPI_ISL_4748283,162,157,160,157,156,105,152,115,107,114,111,118,145,129,129,119,131,133,123,121,121,34,35,20,21,38,38,17,17,18,38,18,16,16,18,72,62,80,80,25,21,82,26,26,64,83,86,83,27,27,31,71,92,43,27,36,31,28,28,47,47,47,47,49,46,51,52,50,46,52,46,51,41,49,45,50,53,49,44,49,50,49,51,43,52,75,51,47,51,58,41,49,48,47,45,53,45,45,49,43,42,65,53,44,54,69,53,53,72,43,51,50,49,49,55,46,63,26,49,47,47,55,48,54,48,48,51,49,47,47,50,28,22,99,27,25,30,30,28,23,24,28,28,22,26,24,17,0,43,147,79,83,81,80,104,51,77,76,77,84,78,82,77,82,78,84,79,79,98,85,76,108,80,86,86,96,79,83,87,78,77,80,77,76,66,68,74,66,71,65,77,71,73,73,70,67,51,62,79,78,75,78,108,71,75,72,75,67,74,93,70,74,68,75,81,75,74,89,81,97,77,101,77,80,78,84,75,79,83,104,80,103,80,69,77,78,83,85,77,68,71,64,71,61,65,60,68,77,74,66,70,63,81,63,67,63,65,67,74,63,68,72,72,70,68,68,66,67,68,67,65,70,69,64,61,64,63,66,72,73,71,73,72,64,64,67,62,128,66,54,131,66,92,70,61,74,58,60,59,66,63,67,66,56,63,56,55,56,52,73,56,65,67,50,62,65,64,56,58,60,57,66,60,53,58,60,64,57,53,53,66,57,52,55,70,56,65,65,61,59,54,54,54,63,54,61,55,67,54,55,57,62,60,52,67,54,67,67,64,66,58,58,59,59,60,65,55,61,59,52,59,52,292,60,61,58,57,60,57,65,63,63,65,57,54,53,71,62,62,59,59,56,63,58,59,65,56,60,59,57,60,60,66,65,60,54,58,61,53,61,62,61,54,54,56,57,57,64,71,58,57,54,61,58,55,57,54,59,65,55,55,61,62,57,55,61,59,61,62,57,62,55,55,53,59,59,53,63,54,61,52,56,52,55,55,53,53,57,52,51,52,55,54,54,55,56,60,61,66,63,67,61,61,61,54,60,61,57,60,58,61,51,55,55,53,54,52,51,53,51,110,49,56,54,55,91,50,57,55,51,60,51,52
EPI_ISL_8215692,157,152,155,152,151,102,147,110,102,109,106,113,140,124,126,116,126,128,120,118,118,47,58,43,44,61,61,40,40,41,61,41,39,39,41,71,59,77,77,44,44,79,45,45,61,80,83,80,50,50,44,68,87,25,40,49,46,41,41,60,62,64,60,64,61,64,65,63,61,65,61,66,58,62,60,63,66,64,57,62,63,62,64,56,65,54,64,60,66,69,56,62,61,60,58,64,58,60,64,56,65,68,68,57,67,56,68,68,51,56,64,61,62,62,68,59,76,41,64,60,60,66,57,65,59,59,66,64,60,58,65,41,35,94,40,38,43,43,41,36,39,41,41,37,37,37,40,43,0,142,72,76,76,75,99,46,70,71,70,79,71,75,72,77,73,79,76,72,93,78,73,103,73,79,79,91,74,76,80,75,70,75,74,71,63,65,71,63,68,58,72,66,68,70,67,62,46,57,74,73,68,75,101,66,70,67,70,62,69,88,65,69,65,70,76,70,71,84,74,92,70,96,72,75,73,77,68,72,78,99,75,96,73,64,72,73,76,78,72,63,66,59,66,56,58,55,61,72,69,61,63,58,76,56,62,58,60,60,69,58,63,67,67,65,63,63,61,62,63,62,60,67,64,59,56,59,60,61,65,66,68,68,67,59,58,66,57,123,61,49,126,59,87,65,56,69,53,55,54,61,58,62,61,51,60,51,50,51,47,70,51,60,62,45,59,60,59,51,53,55,52,61,55,48,53,55,59,52,48,48,61,52,47,50,65,51,60,60,56,54,49,49,49,58,49,56,50,62,49,50,52,57,55,47,62,49,62,62,59,61,53,53,54,54,55,60,50,56,54,47,54,47,286,55,56,53,52,55,52,60,58,58,60,52,49,48,66,57,57,54,54,51,60,53,54,60,51,55,54,52,55,55,61,60,55,49,53,56,48,56,57,56,49,49,51,52,52,59,66,53,52,49,56,53,50,52,49,54,60,50,50,56,57,52,50,56,54,56,57,52,57,50,50,48,54,54,48,58,49,56,47,51,47,50,50,48,48,52,47,46,47,50,49,49,51,51,55,56,61,58,62,56,56,56,49,55,56,52,55,53,56,46,50,50,48,49,47,46,48,46,105,44,51,49,50,86,45,52,50,46,55,46,47
EPI_ISL_8215721,192,190,190,187,186,138,189,149,141,148,145,141,168,171,171,163,167,174,167,175,175,157,162,147,148,165,165,142,142,143,165,145,143,143,145,116,116,122,122,148,148,124,149,149,118,125,128,125,154,154,154,125,65,144,150,159,156,151,151,144,146,146,144,146,145,148,149,147,145,149,145,150,142,146,144,147,150,148,141,144,147,146,148,140,149,152,148,144,150,152,140,146,145,144,142,146,142,144,146,140,150,134,152,141,151,141,152,152,149,140,148,147,146,146,152,143,160,151,146,144,144,152,141,148,143,143,150,148,144,142,149,151,145,141,150,148,153,153,151,146,149,151,145,147,149,147,150,147,142,0,129,89,133,122,158,107,129,128,129,138,130,134,131,134,132,126,135,129,152,90,130,160,130,91,93,150,131,135,139,132,127,134,131,128,120,122,129,120,125,120,131,82,125,127,124,121,106,115,131,130,127,132,99,125,128,127,132,117,129,66,121,128,122,84,122,129,126,96,133,151,127,155,127,86,132,134,127,131,133,158,130,116,130,118,127,130,135,135,88,118,126,113,126,116,120,115,123,131,127,121,125,116,123,118,122,117,120,122,129,116,123,127,122,121,118,119,116,117,118,118,115,124,119,114,114,115,114,119,122,122,125,123,121,113,115,121,117,79,116,109,181,116,142,127,116,124,113,115,114,121,113,117,116,111,115,111,110,111,107,125,111,115,122,105,114,115,114,111,113,110,112,116,115,108,113,115,114,107,108,108,116,107,107,110,123,111,115,120,111,114,109,109,109,118,109,115,110,117,109,110,112,112,110,107,117,109,117,117,114,116,108,108,114,114,110,115,110,111,109,107,110,107,347,111,111,108,112,110,107,115,119,116,120,112,109,108,121,112,112,114,114,111,115,113,114,120,109,115,114,107,110,115,116,115,115,109,113,116,103,111,117,111,109,109,100,110,110,114,121,113,110,109,114,111,110,112,109,114,115,110,110,109,112,112,110,111,109,111,112,107,112,110,108,108,109,109,108,118,109,116,107,111,107,110,111,108,108,112,107,106,107,110,109,107,111,109,113,111,115,113,115,111,111,111,109,112,111,107,110,108,111,106,110,110,108,109,107,106,103,106,165,104,111,109,110,146,105,112,105,106,110,106,107
EPI_ISL_2566506,150,148,148,145,144,90,140,99,90,98,95,105,133,109,109,93,111,115,97,97,95,87,94,79,80,97,97,76,76,77,97,77,75,75,77,23,31,27,31,80,80,29,81,81,33,34,37,30,86,86,84,28,74,74,80,89,86,81,81,72,74,74,72,74,73,74,77,75,73,77,73,78,68,75,72,75,78,76,69,74,75,74,76,68,77,80,76,73,78,79,68,74,73,72,70,74,70,72,74,68,78,59,80,70,79,71,81,81,77,68,76,75,74,74,80,71,88,81,74,72,72,80,69,75,71,71,78,76,72,70,77,81,75,42,80,78,83,83,81,76,79,81,81,77,79,77,80,79,72,129,0,61,20,21,43,36,16,29,16,25,15,19,18,21,17,29,20,16,39,66,33,49,17,58,66,37,16,22,24,51,14,21,50,23,25,29,60,27,28,49,22,51,44,38,29,16,35,46,16,17,14,19,82,18,59,34,37,40,58,75,38,17,27,55,65,14,27,67,20,36,12,42,28,60,17,21,15,16,34,45,31,83,17,40,28,16,22,22,53,35,55,35,55,45,49,44,51,59,54,49,54,45,24,47,51,45,49,49,57,47,50,56,49,38,35,36,33,34,31,36,44,25,30,31,45,32,36,50,51,57,26,34,43,35,32,32,46,112,27,38,98,33,59,56,45,41,42,44,43,50,30,34,33,40,32,40,39,40,36,42,40,28,51,34,31,32,29,38,40,27,41,27,44,37,38,40,35,34,35,37,27,28,36,39,54,32,32,49,24,37,38,38,38,47,38,45,39,34,38,39,41,35,31,36,28,38,34,38,33,27,33,27,43,37,27,40,39,22,28,36,27,36,276,28,28,33,35,29,34,36,38,47,49,39,36,37,38,23,31,43,43,40,32,42,43,49,40,44,43,36,23,44,29,28,44,38,42,43,30,38,46,22,38,38,33,41,41,29,38,42,41,38,45,42,39,41,38,43,32,39,35,30,23,41,39,28,38,28,29,36,29,39,39,37,38,26,37,47,38,45,36,40,36,39,40,37,37,41,36,35,36,39,38,38,40,40,44,22,45,30,34,28,28,28,38,29,38,28,21,27,24,35,39,39,37,38,36,35,30,35,94,33,40,38,39,75,32,39,34,35,29,35,36
EPI_ISL_2566474,152,150,150,147,146,92,143,101,92,100,97,107,135,120,120,110,122,124,114,112,112,93,98,83,84,101,101,80,80,81,101,81,79,79,81,64,52,68,70,84,84,70,85,85,54,73,76,71,90,90,90,61,38,80,86,95,92,87,87,78,80,80,78,80,79,80,83,81,79,83,79,84,74,81,78,81,84,82,75,80,81,80,82,74,83,86,82,79,84,86,74,80,79,78,76,82,76,78,80,74,84,68,86,76,85,75,87,87,83,74,82,79,80,80,86,77,94,87,80,78,78,84,75,82,77,77,84,82,78,76,83,87,81,89,86,84,89,89,87,82,85,87,87,83,85,83,86,83,76,89,61,0,67,70,92,41,63,62,61,72,62,68,65,68,66,74,69,63,86,23,66,96,64,17,23,84,65,69,73,66,61,68,65,62,54,56,65,54,59,54,65,18,59,61,58,55,40,49,65,64,61,66,46,59,64,61,66,51,63,39,55,62,56,18,70,63,60,30,67,85,61,89,61,19,66,68,62,65,67,92,64,48,64,54,61,65,69,69,24,52,60,49,60,50,54,49,57,65,62,55,59,51,71,52,56,52,54,56,63,50,57,61,56,55,52,53,50,51,52,52,49,58,53,48,48,49,50,53,56,62,59,57,57,49,49,55,51,117,50,43,115,50,76,61,50,58,47,49,48,55,47,51,50,45,49,45,44,45,41,59,45,49,56,39,48,49,48,43,47,44,46,50,49,42,47,49,48,41,42,42,50,41,41,44,59,45,49,54,45,48,43,43,43,52,43,50,44,51,43,44,46,46,44,41,51,43,51,51,48,50,42,42,48,48,44,49,44,45,43,41,44,41,281,45,45,42,46,44,39,49,53,50,54,46,43,42,55,46,46,48,48,45,49,47,48,54,43,49,48,41,44,49,50,49,49,43,47,50,35,43,51,45,43,43,38,44,44,46,55,47,44,43,48,45,44,46,43,48,49,44,44,45,46,46,44,45,43,45,46,41,46,44,42,42,43,43,42,52,43,50,41,45,41,44,45,42,42,46,41,40,41,44,43,41,45,43,47,45,50,47,51,45,45,45,43,46,43,41,44,42,45,40,44,44,42,43,41,40,35,40,99,38,45,43,44,80,39,46,39,40,44,40,41
EPI_ISL_2566473,154,152,152,149,148,94,144,103,94,102,99,109,137,111,109,93,113,117,97,97,95,89,96,81,82,99,99,78,78,79,99,79,77,77,79,27,33,31,31,82,82,33,83,83,35,34,37,34,88,88,86,30,78,78,82,91,88,83,83,74,76,76,74,76,75,78,79,77,75,79,75,80,72,77,74,77,80,78,71,76,77,76,78,70,79,84,78,75,80,79,70,76,75,74,72,76,72,74,76,70,80,63,82,72,81,75,83,83,81,70,78,77,76,76,82,73,90,83,76,74,74,82,71,77,73,73,80,78,74,72,79,83,77,39,82,80,85,85,83,78,81,83,83,79,81,79,82,81,76,133,20,67,0,25,47,40,18,33,18,23,21,25,18,21,21,29,22,20,37,70,35,49,21,64,70,41,20,24,30,55,16,21,54,25,27,31,64,29,30,53,24,55,48,40,31,18,39,50,20,17,18,17,86,20,63,36,41,44,62,79,42,15,29,59,69,18,29,71,24,40,18,40,32,64,21,27,17,22,38,47,35,87,17,44,32,20,24,22,57,39,59,39,59,49,53,48,55,63,58,53,58,48,26,51,55,49,53,53,61,51,56,60,53,42,39,40,37,38,35,40,48,29,34,35,49,36,40,54,55,61,30,40,47,39,36,36,50,116,31,42,102,37,63,60,49,45,46,48,47,54,34,38,37,44,36,44,43,44,40,46,44,32,55,38,35,36,33,44,44,31,45,31,48,41,42,44,39,40,39,41,31,32,40,43,58,36,36,53,28,41,42,42,42,51,42,49,43,38,42,43,45,39,35,40,32,42,38,42,37,31,37,31,47,41,31,46,43,26,32,40,31,40,280,32,32,37,39,33,40,40,42,51,53,43,40,41,42,27,35,47,47,44,36,46,47,53,44,48,47,40,27,48,33,32,48,42,46,47,36,44,50,26,42,42,39,45,45,35,42,46,45,42,49,46,43,45,42,47,36,43,39,34,27,45,43,32,42,32,33,40,33,43,43,41,42,30,41,51,42,49,40,44,40,43,44,41,41,45,40,39,40,43,42,42,44,44,48,26,49,34,38,32,32,32,42,33,44,32,25,31,28,39,43,43,41,42,40,39,36,39,98,37,44,42,43,79,36,43,38,39,33,39,40
EPI_ISL_8215720,156,154,154,151,150,96,146,105,97,104,101,97,125,101,101,83,103,107,87,101,97,88,95,80,81,98,98,77,77,78,98,78,76,76,78,12,32,16,18,81,81,18,82,82,34,21,24,19,87,87,85,27,67,77,81,90,87,82,82,75,77,77,75,77,76,79,80,78,76,80,76,81,73,77,75,78,81,79,72,77,78,75,79,71,80,85,79,75,81,82,71,77,74,75,73,77,73,75,77,71,81,66,83,72,82,76,83,83,82,71,79,78,77,77,83,74,91,82,77,75,75,83,72,78,74,74,81,79,75,73,80,82,76,29,81,79,84,84,82,77,80,82,82,78,80,78,81,80,75,122,21,70,25,0,46,43,21,34,21,26,22,22,21,24,18,16,21,23,42,72,32,50,22,67,73,40,21,25,27,58,21,24,57,26,28,32,67,30,31,56,25,58,51,41,30,19,42,53,19,22,17,22,89,21,66,37,42,47,65,68,45,18,30,62,60,15,30,74,23,39,19,45,35,67,18,24,19,19,41,48,36,90,24,47,35,20,27,27,60,40,62,42,62,52,56,51,58,66,61,56,61,52,11,54,58,51,56,56,64,54,57,63,56,43,40,41,38,39,36,41,51,26,35,36,52,37,43,57,58,64,27,39,50,42,37,37,53,119,32,45,103,38,64,63,52,46,49,51,50,57,35,39,38,47,37,47,46,47,43,47,47,33,58,41,36,37,34,47,47,32,48,32,51,44,43,45,42,41,42,44,32,35,43,46,61,39,37,56,29,44,45,45,45,54,45,51,46,39,45,46,48,42,38,43,35,45,39,43,40,32,40,32,50,42,32,47,46,27,33,43,32,43,283,33,33,40,40,34,43,43,43,54,56,44,43,44,43,28,36,50,50,47,37,49,50,56,47,51,50,43,28,51,34,33,51,45,49,50,39,47,53,27,45,45,42,48,48,36,43,49,48,45,52,49,46,48,45,50,37,46,42,35,28,48,46,33,45,33,34,43,34,46,46,44,45,31,44,54,45,52,43,47,43,46,47,44,44,48,43,42,43,46,45,45,47,47,51,27,52,35,39,33,33,33,45,34,47,35,26,34,29,42,46,46,44,45,43,42,39,42,101,40,47,45,46,82,39,46,41,42,34,42,43
EPI_ISL_2566521,177,175,175,172,171,119,165,126,117,125,122,132,160,136,136,118,138,142,122,122,120,112,119,104,105,122,122,101,101,102,122,102,100,100,102,48,56,52,56,105,105,54,106,106,58,59,62,55,111,111,109,53,103,101,105,114,111,106,106,79,81,81,77,79,78,83,82,80,80,82,78,83,75,78,79,82,81,83,76,77,80,79,79,73,82,85,77,72,79,84,73,75,80,81,79,89,77,79,81,79,89,82,81,69,78,82,80,82,82,77,85,80,81,83,87,80,91,106,85,77,81,87,84,82,80,74,87,83,81,87,90,106,100,67,105,103,108,108,106,101,104,106,106,102,104,102,105,104,99,158,43,92,47,46,0,63,43,56,43,50,44,46,43,48,42,54,45,45,34,95,58,38,46,89,95,32,41,49,29,78,43,46,79,50,50,54,87,50,53,76,47,80,73,63,54,41,62,71,43,44,41,46,93,43,84,59,64,67,85,104,63,42,52,84,92,39,54,94,45,33,41,31,57,89,42,46,42,43,61,30,60,88,46,69,57,43,49,51,82,64,84,64,82,74,74,73,77,87,82,77,81,72,49,74,78,73,76,76,82,74,77,81,78,67,64,65,62,63,60,65,73,52,59,60,72,61,65,77,80,86,53,63,72,64,61,61,73,141,56,67,127,62,88,83,74,70,71,73,72,79,59,63,62,69,61,69,68,69,63,71,69,57,80,61,60,61,58,67,67,56,68,56,71,66,67,67,64,63,64,64,56,57,63,66,81,59,61,76,53,66,65,65,65,74,65,72,66,63,65,66,70,62,60,63,57,65,63,67,62,54,60,56,70,66,56,69,68,51,57,63,56,63,305,57,57,62,62,58,65,65,67,74,76,66,63,64,67,52,60,70,70,69,61,71,70,76,67,71,70,65,52,71,58,57,71,67,71,70,61,69,73,51,65,67,64,68,68,60,67,71,68,65,72,71,66,68,67,70,61,66,62,59,52,68,68,57,67,57,58,65,58,66,66,64,67,55,64,74,67,73,64,69,63,66,68,64,65,68,65,64,65,68,65,65,69,67,71,51,74,59,63,57,57,57,67,58,69,57,50,56,53,62,66,68,66,67,65,64,61,64,121,62,69,66,66,104,61,66,61,62,58,62,63
EPI_ISL_2566482,128,126,126,123,122,68,119,75,66,74,71,83,111,95,95,85,95,99,89,87,87,61,66,51,52,69,69,48,48,49,69,49,47,47,49,37,25,41,43,52,52,43,53,53,27,46,49,44,58,58,58,34,52,48,54,63,60,55,55,47,49,49,47,49,48,51,52,50,48,52,48,53,45,50,47,50,53,51,44,49,50,49,51,43,52,55,51,48,53,54,43,49,48,47,45,51,45,47,49,43,53,31,55,45,54,41,56,56,52,43,51,50,49,49,55,46,63,55,49,47,47,55,44,50,46,46,53,51,47,45,52,55,49,62,54,52,57,57,55,50,53,55,55,51,53,51,54,51,46,107,36,41,40,43,63,0,36,35,36,45,37,41,38,41,39,47,42,36,59,44,39,69,37,44,44,57,36,42,44,37,34,41,38,35,27,29,26,27,32,21,38,29,32,34,31,28,1,18,38,37,34,39,66,32,25,34,29,24,24,53,28,35,29,33,31,36,33,47,38,58,34,62,34,38,39,41,35,38,38,63,37,61,37,28,34,38,42,42,35,25,27,23,27,17,21,16,24,33,30,22,26,19,44,19,23,19,21,23,30,19,24,28,29,28,25,26,23,24,25,26,22,33,26,21,17,22,24,22,29,25,34,30,31,23,22,28,18,84,23,8,88,23,49,28,17,31,14,16,15,22,20,24,23,12,22,12,11,12,8,32,12,22,23,6,21,22,21,8,14,17,13,23,14,5,10,14,17,14,5,3,23,12,2,5,20,6,22,21,18,13,6,4,4,19,4,11,11,24,4,5,13,17,17,2,22,4,24,22,21,23,11,15,13,11,17,16,9,18,16,2,17,2,248,18,18,11,7,17,14,22,20,13,15,7,4,3,28,19,19,15,11,12,22,14,15,21,12,16,15,14,17,16,23,22,16,10,14,17,10,18,18,18,10,8,13,13,13,21,28,14,13,10,17,14,11,13,10,9,22,9,5,18,19,13,7,18,16,18,19,14,19,11,11,9,16,16,9,13,10,16,8,12,8,11,10,9,9,13,8,7,8,9,10,8,12,12,16,18,23,20,24,18,18,18,10,19,14,14,17,15,18,7,11,9,9,8,4,7,10,7,66,5,11,10,11,47,6,7,6,7,17,7,8
EPI_ISL_2566480,150,148,148,145,144,90,140,99,90,98,95,103,131,105,107,89,107,111,93,95,93,85,92,77,78,95,95,74,74,75,95,75,73,73,75,23,29,27,25,78,78,29,79,79,31,28,31,30,84,84,82,26,74,72,78,87,84,79,79,70,72,72,70,72,71,74,75,73,71,75,71,76,68,73,70,73,76,74,67,72,73,72,74,66,75,78,74,71,76,77,66,72,71,70,68,72,68,70,72,66,76,59,78,68,77,69,79,79,75,66,74,73,72,72,78,67,86,79,72,70,70,78,67,73,69,69,76,74,70,68,75,79,73,38,78,76,81,81,79,74,77,79,79,75,77,75,78,77,70,129,16,63,18,21,43,36,0,27,12,21,15,19,14,19,17,25,18,16,35,66,31,45,17,60,66,37,18,18,24,51,12,17,50,23,23,27,60,25,26,49,20,51,44,36,27,14,35,46,18,15,16,17,82,16,59,32,35,40,58,75,38,13,25,55,65,14,27,67,18,36,14,38,28,60,17,21,11,16,34,43,31,83,15,40,28,18,18,20,53,35,55,35,55,45,49,44,51,59,54,49,54,45,22,47,51,45,49,49,57,47,52,56,49,38,35,36,33,34,31,36,44,25,30,31,45,32,36,50,51,57,26,36,43,35,32,32,46,112,27,38,98,33,59,56,45,41,42,44,43,50,30,34,33,40,32,40,39,40,36,42,40,28,51,34,31,32,29,40,40,27,41,27,44,37,38,40,35,36,35,37,27,28,36,39,54,32,32,49,24,37,38,38,38,47,38,45,39,34,38,39,41,35,31,36,28,38,34,38,33,27,33,27,43,37,27,42,39,22,28,36,27,36,276,28,28,33,35,29,36,36,38,47,49,39,36,37,38,23,31,43,43,40,32,42,43,49,40,44,43,36,23,44,29,28,44,38,42,43,32,40,46,22,38,38,35,41,41,31,38,42,41,38,45,42,39,41,38,43,32,39,35,30,23,41,39,28,38,28,29,36,29,39,39,37,38,26,37,47,38,45,36,40,36,39,40,37,37,41,36,35,36,39,38,38,40,40,44,22,45,30,34,28,28,28,38,29,40,28,21,27,24,35,39,39,37,38,36,35,32,35,94,33,40,38,39,75,32,39,34,35,29,35,36
EPI_ISL_2566511,149,147,147,144,143,89,140,98,89,97,94,102,130,108,110,92,110,114,96,98,96,86,91,76,77,94,94,73,73,74,94,74,72,72,74,34,18,38,40,77,77,40,78,78,20,43,46,41,83,83,83,17,73,71,79,88,85,80,80,71,73,73,71,73,72,75,76,74,72,76,72,77,69,74,71,74,75,75,68,73,74,73,75,67,76,79,75,72,77,78,67,73,72,71,69,75,69,71,73,67,77,62,79,69,78,68,80,80,76,67,75,74,73,73,79,70,87,80,73,71,71,79,68,74,70,70,77,75,71,69,76,80,74,53,79,77,82,82,80,75,78,80,80,76,78,76,79,76,71,128,29,62,33,34,56,35,27,0,27,36,28,32,29,33,30,40,33,29,50,65,22,60,30,61,65,50,31,33,37,52,27,32,51,20,12,18,59,18,17,48,33,50,45,27,20,27,34,45,31,30,29,32,85,29,58,27,32,39,57,74,37,28,16,54,64,27,18,66,31,49,27,53,17,59,30,34,26,29,25,56,22,82,30,39,19,31,33,35,54,34,54,34,54,44,48,43,50,58,53,48,53,44,35,46,50,44,48,48,56,46,51,55,48,37,34,35,32,33,30,35,43,16,29,30,44,31,35,49,50,56,17,35,42,34,31,31,45,111,26,37,97,32,58,55,44,40,41,43,42,49,29,33,32,39,31,39,38,39,35,41,39,27,50,33,30,31,28,39,39,26,40,26,43,36,37,39,34,35,34,36,26,27,35,38,53,31,31,48,23,36,37,37,37,46,37,44,38,33,37,38,40,34,30,35,27,37,33,37,30,26,32,26,42,36,26,41,38,21,27,35,26,35,275,27,27,32,34,28,35,35,37,46,48,38,35,36,37,22,30,42,42,39,31,41,42,48,39,43,42,35,22,43,28,27,43,37,41,42,31,39,45,21,37,37,34,40,40,30,37,41,40,37,44,41,38,40,37,42,31,38,34,29,22,40,38,27,37,27,28,35,28,38,38,36,37,25,36,46,37,44,35,39,35,38,39,36,36,40,35,34,35,38,37,37,39,39,43,21,44,29,33,27,27,27,37,28,39,27,20,26,23,34,38,38,36,37,35,34,31,34,93,32,39,37,38,74,31,38,33,34,28,34,35
EPI_ISL_2566514,150,148,148,145,144,90,140,99,90,98,95,103,131,105,107,89,107,111,93,95,93,85,92,77,78,95,95,74,74,75,95,75,73,73,75,23,29,27,27,78,78,29,79,79,31,30,33,30,84,84,82,26,74,72,78,87,84,79,79,70,72,72,70,72,71,74,75,73,71,75,71,76,68,73,70,73,76,74,67,72,73,72,74,66,75,78,74,71,76,77,66,72,71,70,68,72,68,70,72,66,76,59,78,68,77,69,79,79,75,66,74,73,72,72,78,69,86,79,72,70,70,78,67,73,69,69,76,74,70,68,75,79,73,38,78,76,81,81,79,74,77,79,79,75,77,75,78,77,70,129,16,61,18,21,43,36,12,27,0,21,15,19,6,19,17,25,18,16,35,66,31,39,17,60,66,37,18,10,24,51,12,17,50,23,23,27,60,25,26,49,20,51,44,36,27,14,35,46,18,7,16,17,82,16,59,32,35,40,58,75,38,13,25,55,65,14,27,67,18,36,14,38,28,60,17,21,11,16,34,43,31,83,15,40,28,18,18,20,53,35,55,35,55,45,49,44,51,59,54,49,54,45,22,47,51,45,49,49,57,47,52,56,49,38,35,36,33,34,31,36,44,25,30,31,45,32,36,50,51,57,26,36,43,35,32,32,46,112,27,38,98,33,59,56,45,41,42,44,43,50,30,34,33,40,32,40,39,40,36,42,40,28,51,34,31,32,29,40,40,27,41,27,44,37,38,40,35,36,35,37,27,28,36,39,54,32,32,49,24,37,38,38,38,47,38,45,39,34,38,39,41,35,31,36,28,38,34,38,33,27,33,27,43,37,27,42,39,22,28,36,27,36,276,28,28,33,35,29,36,36,38,47,49,39,36,37,38,23,31,43,43,40,32,42,43,49,40,44,43,36,23,44,29,28,44,38,42,43,32,40,46,22,38,38,35,41,41,31,38,42,41,38,45,42,39,41,38,43,32,39,35,30,23,41,39,28,38,28,29,36,29,39,39,37,38,26,37,47,38,45,36,40,36,39,40,37,37,41,36,35,36,39,38,38,40,40,44,22,45,30,34,28,28,28,38,29,40,28,21,27,24,35,39,39,37,38,36,35,32,35,94,33,40,38,39,75,32,39,34,35,29,35,36
EPI_ISL_2566485,159,157,157,154,153,99,149,108,99,107,104,112,140,112,112,94,114,118,98,100,96,92,99,84,85,102,102,81,81,82,102,82,80,80,82,30,36,32,32,85,85,34,86,86,38,35,38,35,91,91,89,31,83,81,85,94,91,86,86,77,79,79,77,79,78,81,82,80,78,82,78,83,75,80,77,80,83,81,74,79,80,77,81,73,82,87,81,78,83,84,73,79,76,77,75,79,75,77,79,73,83,68,85,75,84,78,86,86,84,73,81,80,79,79,85,76,93,86,79,77,77,85,74,80,76,76,83,81,77,75,82,86,80,41,85,83,88,88,86,81,84,86,86,82,84,82,85,84,79,138,25,72,23,26,50,45,21,36,21,0,24,26,21,24,22,30,23,25,40,75,36,50,24,69,75,44,25,25,31,60,21,24,59,28,30,34,69,32,33,58,27,60,53,43,32,21,44,55,23,22,21,20,91,23,68,39,44,49,67,84,47,16,32,64,74,19,32,76,25,43,23,43,37,69,22,28,20,23,43,50,38,92,22,49,37,25,27,19,62,42,64,44,64,54,58,53,60,68,63,58,63,54,27,56,60,53,58,58,66,56,61,65,58,45,42,43,40,41,38,43,53,30,37,38,54,39,45,59,60,66,31,43,52,44,39,39,55,119,34,47,105,40,66,65,54,48,51,53,52,59,37,41,40,49,39,49,48,49,45,49,49,35,60,43,38,39,36,49,49,34,50,34,53,46,45,47,44,45,44,46,34,37,45,48,63,41,39,58,31,46,47,47,47,56,47,54,48,41,47,48,50,44,40,45,37,47,41,45,42,34,42,34,52,44,34,49,48,29,35,45,34,45,285,35,35,42,42,36,45,45,45,56,58,46,45,46,45,30,38,52,52,49,39,51,52,58,49,53,52,45,30,53,36,35,53,47,51,52,41,49,55,29,47,47,44,50,50,38,45,51,50,47,54,51,48,50,47,52,39,48,44,37,30,50,48,35,47,35,36,45,36,48,48,46,47,33,46,56,47,54,45,49,45,48,49,46,46,50,45,44,45,48,47,47,49,49,53,29,54,37,41,35,35,35,47,36,49,37,28,36,31,44,48,48,46,47,45,44,41,44,103,42,49,47,48,84,41,48,43,44,36,44,45
EPI_ISL_2566510,151,149,149,146,145,91,141,100,91,99,96,104,132,108,110,92,110,114,96,98,96,86,93,78,79,96,96,75,75,76,96,76,74,74,76,24,30,28,30,79,79,30,80,80,32,33,36,31,85,85,83,27,75,73,79,88,85,80,80,71,73,73,71,73,72,73,76,74,72,76,72,77,67,74,71,74,77,75,68,73,74,73,75,67,76,79,75,72,77,78,67,73,72,71,69,73,69,71,73,67,77,60,79,69,78,70,80,80,76,67,75,74,73,73,79,70,87,80,73,71,71,79,68,74,70,70,77,75,71,69,76,80,74,41,79,77,82,82,80,75,78,80,80,76,78,76,79,78,71,130,15,62,21,22,44,37,15,28,15,24,0,20,17,22,18,28,21,17,38,67,32,48,18,59,67,38,19,21,25,52,15,20,51,24,24,28,61,26,27,50,21,52,45,37,28,15,36,47,19,18,17,20,83,17,60,33,36,41,59,76,39,16,26,56,66,15,28,68,19,37,15,41,29,61,18,22,14,17,35,44,32,84,18,41,29,19,21,23,54,36,56,36,56,46,50,45,52,60,55,50,55,46,23,48,52,46,50,50,58,48,53,57,50,39,36,37,34,35,32,37,45,24,31,32,46,33,37,51,52,58,25,37,44,36,33,33,47,113,28,39,99,34,60,57,46,42,43,45,44,51,31,35,34,41,33,41,40,41,37,43,41,29,52,35,32,33,30,39,41,28,42,28,45,38,39,41,36,37,36,38,28,29,37,40,55,33,33,50,25,38,39,39,39,48,39,46,40,35,39,40,42,36,32,37,29,39,35,39,34,28,34,28,44,38,28,43,40,23,29,37,28,37,277,29,29,34,36,30,35,37,39,48,50,40,37,38,39,24,32,44,44,41,33,43,44,50,41,45,44,37,24,45,30,29,45,39,43,44,31,39,47,23,39,39,34,42,42,30,39,43,42,39,46,43,40,42,39,44,33,40,36,31,24,42,40,29,39,29,30,37,30,40,40,38,39,27,38,48,39,46,37,41,37,40,41,38,38,42,37,36,37,40,39,39,41,41,45,23,46,31,35,29,29,29,39,30,39,29,22,28,25,36,40,40,38,39,37,36,31,36,95,34,41,39,40,76,33,40,35,36,30,36,37
EPI_ISL_2566481,155,153,153,150,149,95,145,104,95,103,100,108,136,112,114,96,114,118,100,102,98,90,97,82,83,100,100,79,79,80,100,80,78,78,80,26,34,28,32,81,83,30,82,82,36,35,38,31,89,89,87,29,79,77,83,92,89,84,84,75,77,77,75,77,76,77,80,78,76,80,76,81,73,78,75,78,79,79,72,77,78,75,79,71,80,83,79,76,81,82,71,77,74,75,73,77,73,75,77,71,81,64,83,73,82,74,84,84,80,71,79,78,77,77,83,74,91,84,77,75,75,83,72,78,74,74,81,79,75,73,80,84,78,43,83,81,86,86,84,79,82,84,84,80,82,80,83,82,75,134,19,68,25,22,46,41,19,32,19,26,20,0,21,24,18,30,21,21,42,71,34,50,20,65,71,40,21,23,25,56,19,24,55,26,28,32,65,30,31,54,25,56,49,41,30,19,40,51,19,22,17,22,87,21,64,37,40,45,63,80,43,18,30,60,70,13,30,72,21,39,17,45,33,65,18,22,18,17,39,48,34,88,22,45,33,21,25,25,58,38,60,40,60,50,54,49,56,64,58,54,59,50,25,52,56,49,54,54,62,52,55,61,54,41,38,39,36,37,34,39,49,28,33,34,50,35,41,55,56,62,29,37,48,40,35,35,51,117,30,43,101,36,62,61,50,42,47,49,48,55,33,37,36,45,35,45,44,45,41,45,45,31,56,39,34,35,32,45,45,30,46,30,49,42,41,43,40,39,40,42,30,33,41,44,59,37,35,54,27,42,43,43,43,52,43,50,44,37,43,44,46,40,36,41,33,43,37,41,38,30,38,30,48,40,30,45,44,25,31,41,30,41,281,31,31,38,38,32,41,41,41,52,54,42,41,42,41,26,34,48,48,45,35,47,48,54,45,49,48,41,26,49,32,31,49,43,47,48,37,45,51,25,43,43,40,46,46,34,39,47,46,43,50,47,44,46,43,48,35,44,40,33,26,46,44,31,43,31,32,41,32,44,44,42,43,29,42,52,43,50,41,45,41,44,45,42,42,46,41,40,41,44,43,43,45,45,49,25,50,33,37,31,31,31,43,32,45,33,24,32,27,40,44,44,42,43,41,40,37,40,99,38,45,43,44,80,37,44,39,40,32,40,41
EPI_ISL_2566490,152,150,150,147,146,92,142,101,92,100,97,105,133,107,107,89,109,113,93,95,93,85,92,77,78,95,95,74,74,75,95,75,73,73,75,23,29,27,27,78,78,29,79,79,31,30,33,30,84,84,82,26,76,74,78,87,84,79,79,70,72,72,70,72,71,74,75,73,71,75,71,76,68,73,70,73,76,74,67,72,73,72,74,66,75,80,74,71,76,77,66,72,71,70,68,72,68,70,72,66,76,61,78,68,77,71,79,79,77,66,74,73,72,72,78,69,86,79,72,70,70,78,67,73,69,69,76,74,70,68,75,79,73,38,78,76,81,81,79,74,77,79,79,75,77,75,78,77,72,131,18,65,18,21,43,38,14,29,6,21,17,21,0,19,17,25,18,18,35,68,31,39,19,62,68,37,18,12,26,53,14,17,52,23,23,27,62,25,26,51,20,53,46,36,27,14,37,48,18,7,16,17,84,16,61,32,37,42,60,77,40,13,25,57,67,14,27,69,20,36,16,38,30,62,17,23,13,18,36,43,33,85,17,42,30,18,20,22,55,37,57,37,57,47,51,46,53,61,56,51,56,47,22,49,53,47,51,51,59,49,54,58,51,40,37,38,35,36,33,38,46,25,32,33,47,34,38,52,53,59,26,38,45,37,34,34,48,114,29,40,100,35,61,58,47,43,44,46,45,52,32,36,35,42,34,42,41,42,38,44,42,30,53,36,33,34,31,42,42,29,43,29,46,39,40,42,37,38,37,39,29,30,38,41,56,34,34,51,26,39,40,40,40,49,40,47,41,36,40,41,43,37,33,38,30,40,36,40,35,29,35,29,45,39,29,44,41,24,30,38,29,38,278,30,30,35,37,31,38,38,40,49,51,41,38,39,40,25,33,45,45,42,34,44,45,51,42,46,45,38,25,46,31,30,46,40,44,45,34,42,48,24,40,40,37,43,43,33,40,44,43,40,47,44,41,43,40,45,34,41,37,32,25,43,41,30,40,30,31,38,31,41,41,39,40,28,39,49,40,47,38,42,38,41,42,39,39,43,38,37,38,41,40,40,42,42,46,24,47,32,36,30,30,30,40,31,42,30,23,29,26,37,41,41,39,40,38,37,34,37,96,35,42,40,41,77,34,41,36,37,31,37,38
EPI_ISL_2566486,155,153,153,150,149,95,145,104,95,103,100,110,138,112,110,94,114,118,98,98,94,89,96,82,83,99,99,79,79,80,99,80,78,78,80,28,34,30,30,83,83,32,84,84,36,33,36,33,89,89,87,29,79,79,83,92,89,84,84,75,77,77,75,75,76,79,80,78,75,80,76,81,73,78,75,78,81,79,72,77,78,75,79,71,80,85,79,76,81,82,71,77,74,75,73,77,72,75,77,71,81,64,83,73,82,76,84,84,82,71,79,78,77,77,83,74,91,84,77,75,75,83,72,78,74,74,81,79,75,73,80,83,78,41,83,80,85,85,84,79,80,84,84,80,81,80,83,82,77,134,21,68,21,24,48,41,19,33,19,24,22,24,19,0,20,28,21,21,40,71,34,48,20,65,71,40,21,23,29,56,17,22,55,24,28,32,65,30,31,52,25,56,49,41,30,19,40,51,19,18,17,18,87,21,64,37,42,45,63,80,43,16,30,60,70,17,28,72,23,40,19,43,32,65,20,26,18,21,39,47,34,88,20,45,33,21,25,23,58,38,60,40,60,50,54,49,56,64,59,54,59,50,25,52,56,49,54,54,62,52,57,61,54,41,38,39,36,37,34,39,49,28,33,34,50,35,41,55,55,62,29,39,48,40,35,35,51,117,30,43,101,36,62,61,48,44,45,47,46,53,33,37,36,45,35,45,44,43,41,45,45,31,56,39,34,35,32,45,45,30,46,30,49,42,41,43,40,41,40,42,30,33,41,44,59,37,35,54,27,42,43,43,43,52,43,50,44,37,43,44,46,40,36,41,33,43,37,41,37,30,38,30,48,40,30,45,44,25,31,41,30,41,281,31,31,38,38,32,41,41,41,52,54,42,41,42,41,26,34,48,48,45,35,47,48,54,45,49,48,41,26,49,32,31,49,43,47,48,37,45,51,25,43,43,40,46,46,34,41,47,46,43,50,47,44,46,43,48,35,44,40,33,26,46,44,31,43,31,32,41,32,44,44,42,43,29,42,52,43,50,41,45,41,44,45,42,42,46,41,40,41,44,43,43,45,45,49,25,50,33,37,31,31,31,43,32,45,33,24,32,27,40,44,44,42,43,41,40,37,40,98,38,45,43,44,80,37,44,39,40,32,40,41
EPI_ISL_2566487,153,151,151,148,147,93,143,102,93,101,98,106,134,110,110,92,112,116,96,98,94,86,93,78,79,96,96,75,75,76,96,76,74,74,76,22,30,24,28,79,79,26,80,80,32,31,34,27,85,85,83,25,77,75,79,88,85,80,80,71,73,73,71,73,72,75,76,74,72,76,72,77,69,74,71,74,77,75,68,73,74,71,75,67,76,81,75,72,77,78,67,73,70,71,69,73,69,71,73,67,77,62,79,69,78,72,80,80,78,67,75,74,73,73,79,70,87,80,73,71,71,79,68,74,70,70,77,75,71,69,76,80,74,39,79,77,82,82,80,75,78,80,80,76,78,76,79,78,73,132,17,66,21,18,42,39,17,30,17,22,18,18,17,20,0,26,17,19,38,69,30,46,18,63,69,36,17,21,23,54,17,20,53,22,24,28,63,26,27,52,21,54,47,37,26,15,38,49,15,18,13,18,85,17,62,33,38,43,61,78,41,14,26,58,68,11,26,70,19,35,15,41,31,63,14,20,16,15,37,44,32,86,20,43,31,17,23,23,56,36,58,38,58,48,52,47,54,62,57,52,57,48,21,50,54,47,52,52,60,50,53,59,52,39,36,37,34,35,32,37,47,24,31,32,48,33,39,53,54,60,25,35,46,38,33,33,49,115,28,41,99,34,60,59,48,42,45,47,46,53,31,35,34,43,33,43,42,43,39,43,43,29,54,37,32,33,30,43,43,28,44,28,47,40,39,41,38,37,38,40,28,31,39,42,57,35,33,52,25,40,41,41,41,50,41,48,42,35,41,42,44,38,34,39,31,41,35,39,36,28,36,28,46,38,28,43,42,23,29,39,28,39,279,29,29,36,36,30,39,39,39,50,52,40,39,40,39,24,32,46,46,43,33,45,46,52,43,47,46,39,24,47,30,29,47,41,45,46,35,43,49,23,41,41,38,44,44,32,39,45,44,41,48,45,42,44,41,46,33,42,38,31,24,44,42,29,41,29,30,39,30,42,42,40,41,27,40,50,41,48,39,43,39,42,43,40,40,44,39,38,39,42,41,41,43,43,47,23,48,31,35,29,29,29,41,30,43,31,22,30,25,38,42,42,40,41,39,38,35,38,97,36,43,41,42,78,35,42,37,38,30,38,39
EPI_ISL_8215718,160,158,158,155,154,100,150,109,101,108,105,101,129,105,105,87,107,109,91,105,101,92,99,84,85,102,102,81,81,82,102,82,80,80,82,20,38,24,22,85,85,26,86,86,40,25,28,27,91,91,89,33,71,81,85,94,91,86,86,79,81,79,79,81,80,83,84,82,80,84,80,85,77,81,79,82,85,83,76,81,82,79,83,75,84,89,83,79,85,86,75,81,78,79,77,81,77,79,81,75,85,70,87,76,86,80,87,87,86,75,83,82,81,81,87,78,95,86,81,79,79,87,76,82,78,78,85,83,79,77,84,86,80,33,85,83,88,88,86,81,84,86,86,82,84,82,85,84,79,126,29,74,29,16,54,47,25,40,25,30,28,30,25,28,26,0,27,29,46,76,38,54,28,71,77,48,29,29,35,62,25,28,61,32,34,38,71,36,37,60,31,62,55,45,36,25,46,57,27,26,25,26,93,27,70,43,48,51,69,72,49,22,36,66,64,23,36,78,29,47,27,49,41,71,26,32,23,27,47,54,42,94,28,51,41,28,29,31,64,44,66,46,66,56,58,55,60,70,65,60,65,56,17,58,62,55,60,60,68,58,63,67,60,47,44,45,42,43,40,45,55,32,39,40,56,41,47,61,62,68,33,45,54,46,41,41,57,123,36,49,107,42,68,67,56,50,53,55,54,61,39,43,42,51,41,51,50,51,47,51,51,37,62,45,40,41,38,51,51,36,52,36,55,48,47,49,46,47,46,48,36,39,47,50,65,43,41,60,33,48,49,49,49,58,49,55,50,43,49,50,52,46,42,47,37,49,43,47,44,36,44,36,54,46,36,51,50,31,37,47,36,47,287,37,37,44,44,38,47,47,47,58,60,48,47,48,47,32,40,54,54,51,41,53,54,60,51,55,54,47,32,55,38,37,55,49,53,54,43,51,57,31,49,49,46,52,52,40,47,53,52,49,56,53,50,52,49,54,41,50,46,39,32,52,50,37,49,37,38,47,38,50,50,48,49,35,48,58,49,56,47,51,47,50,51,48,48,52,47,46,47,50,49,49,51,51,55,31,56,39,43,37,37,37,49,38,51,39,30,38,33,46,50,50,48,49,47,46,43,46,105,44,51,49,50,86,43,50,45,46,38,46,47
EPI_ISL_2566509,156,154,154,151,150,96,146,105,96,104,101,109,137,111,111,93,113,117,97,99,95,89,96,81,82,99,99,78,78,79,99,79,77,77,79,25,33,27,29,82,80,29,83,83,35,32,35,30,86,86,86,28,80,78,82,91,88,83,83,74,76,76,74,76,75,76,79,77,75,79,75,80,72,77,74,77,80,78,71,76,77,74,78,70,79,84,78,75,80,81,70,76,73,74,72,76,72,74,76,70,80,65,82,72,81,75,83,83,81,70,78,77,76,76,82,73,90,83,76,74,74,82,71,77,73,73,80,78,74,72,79,83,77,40,82,80,85,85,83,78,81,83,83,79,81,79,82,79,76,135,20,69,22,21,45,42,18,33,18,23,21,21,18,21,17,27,0,22,39,72,33,47,21,66,72,39,20,22,26,57,18,21,54,25,27,31,64,29,30,55,24,57,50,40,29,18,41,52,18,19,16,19,88,20,65,36,41,46,64,81,44,15,29,61,71,14,27,73,22,38,18,42,34,66,17,23,17,18,40,47,35,89,21,46,34,20,24,24,59,39,61,41,61,51,55,50,57,65,60,55,60,51,24,53,57,50,55,55,63,53,56,62,55,42,39,40,37,38,35,40,50,27,34,35,51,36,42,56,57,63,28,38,49,41,36,34,52,118,31,44,102,37,63,62,51,45,48,50,49,56,34,38,37,46,36,46,45,46,42,46,46,32,57,40,35,36,33,46,46,31,47,31,50,43,42,44,41,40,41,43,31,34,42,45,60,38,36,55,28,43,44,44,44,53,44,51,45,38,44,45,47,41,37,42,34,44,38,42,39,31,39,31,49,41,31,46,45,26,32,42,31,42,282,32,32,39,39,33,42,42,42,53,55,43,42,43,42,27,35,49,49,46,36,48,49,55,46,50,49,42,27,50,33,32,50,44,48,49,38,46,52,26,44,44,41,47,47,35,42,48,47,44,51,48,45,47,44,49,36,45,41,34,27,47,45,32,44,32,33,42,33,45,45,43,44,30,43,53,44,51,42,46,42,45,46,43,43,47,42,41,42,45,44,44,45,46,50,26,51,34,38,32,32,32,44,33,46,34,25,33,28,41,45,45,43,44,42,41,38,41,100,39,46,44,45,81,38,45,40,41,33,41,42
EPI_ISL_2566508,150,148,148,145,144,90,140,99,90,98,95,105,133,109,109,93,111,115,97,97,95,87,94,79,80,97,97,76,76,77,97,77,75,75,77,25,31,29,31,80,80,31,81,81,33,34,37,32,86,86,84,28,74,74,80,89,86,81,81,72,74,74,72,74,73,76,77,75,73,77,73,78,70,75,72,75,78,76,69,74,75,74,76,68,77,80,76,73,78,79,68,74,73,72,70,74,70,72,74,68,78,59,80,70,79,71,81,81,77,68,76,75,74,74,80,71,88,81,74,72,72,80,69,75,71,71,78,76,72,70,77,81,75,42,80,78,83,83,81,76,79,81,81,77,79,77,80,79,72,129,16,63,20,23,45,36,16,29,16,25,17,21,18,21,19,29,22,0,39,66,33,49,17,60,66,39,18,22,26,51,14,21,50,23,25,29,60,27,28,49,22,51,44,38,29,16,35,46,18,17,16,19,82,18,59,34,37,40,58,75,38,17,27,55,65,16,27,67,20,38,14,42,28,60,19,23,15,18,34,43,31,83,17,40,28,18,22,22,53,35,55,35,55,45,49,44,51,59,54,49,54,45,24,47,51,45,49,49,57,47,52,56,49,38,35,36,33,34,31,36,44,27,30,31,45,32,36,50,51,57,28,36,43,35,32,32,46,112,27,38,98,33,59,56,45,39,42,44,43,50,30,34,33,40,32,40,39,40,36,42,40,28,51,34,31,32,29,40,40,27,41,27,44,37,38,40,35,36,35,37,27,28,36,39,54,32,32,49,24,37,38,38,38,47,38,45,39,34,38,39,41,35,31,36,28,38,34,38,33,27,33,27,43,37,27,42,39,22,28,36,27,36,276,28,28,33,35,29,36,36,38,47,49,39,36,37,38,23,31,43,43,40,32,42,43,49,40,44,43,36,23,44,29,28,44,38,42,43,32,40,46,22,38,38,35,41,41,31,36,42,41,38,45,42,39,41,38,43,32,39,35,30,23,41,39,28,38,28,29,36,29,39,39,37,38,26,37,47,38,45,36,40,36,39,40,37,37,41,36,35,36,39,38,38,40,40,44,22,45,30,34,28,28,28,38,29,40,28,21,27,24,35,39,39,37,38,36,35,32,35,94,33,40,38,39,75,32,39,34,35,29,35,36
EPI_ISL_2566530,173,171,171,168,167,113,163,122,113,121,118,126,154,128,128,110,130,134,114,116,114,106,113,98,99,116,116,95,95,96,116,96,94,94,96,44,50,48,48,99,99,50,100,100,52,51,54,51,105,105,103,47,97,95,99,108,105,100,100,75,77,77,73,75,74,79,78,76,76,82,74,79,71,76,75,78,81,83,72,77,80,77,77,71,82,85,79,72,79,84,69,75,76,77,75,85,73,77,79,75,85,80,79,69,78,78,80,82,82,73,81,78,77,79,87,76,93,100,81,75,77,85,84,82,78,74,83,79,77,81,86,100,94,55,99,97,102,102,100,95,98,100,100,96,98,96,99,98,93,152,39,86,37,42,34,59,35,50,35,40,38,42,35,40,38,46,39,39,0,89,52,30,40,83,89,23,39,41,47,74,35,38,73,44,44,46,83,44,47,72,41,74,67,57,48,35,58,67,39,36,37,36,88,37,82,53,58,61,81,98,57,32,46,78,88,35,48,88,41,24,37,21,51,83,38,44,34,39,57,31,54,79,36,63,51,39,41,41,76,58,78,58,78,68,72,67,74,82,77,72,75,68,43,70,74,68,72,72,78,70,75,77,72,61,58,59,56,57,54,59,67,46,53,54,68,55,59,73,74,78,47,59,66,58,55,55,69,135,50,61,121,56,82,77,68,64,65,67,66,73,53,57,56,63,55,63,62,63,59,65,63,51,74,57,54,55,52,63,63,50,64,50,67,60,61,63,58,59,58,60,50,51,59,62,77,55,55,72,47,60,61,61,61,70,61,68,62,57,61,62,64,58,54,59,51,61,57,61,56,48,56,50,66,60,50,65,62,45,51,59,50,59,299,51,51,56,58,52,59,59,61,70,72,62,59,60,61,46,54,66,66,63,55,65,66,72,63,67,66,59,46,67,52,51,67,61,65,66,55,63,69,45,61,61,58,64,64,54,61,65,64,61,68,65,62,62,61,66,55,62,58,53,46,64,62,51,61,51,52,59,52,62,62,60,61,49,60,70,61,68,59,63,59,62,63,60,60,64,59,58,59,62,61,61,63,63,67,45,68,53,57,51,51,51,61,52,63,51,44,50,47,58,62,62,60,61,59,58,55,58,117,56,63,61,62,98,55,62,57,58,52,58,59
EPI_ISL_2566512,152,150,150,147,146,92,143,103,96,102,99,107,135,119,119,111,121,123,115,111,111,95,100,85,86,103,103,82,82,83,103,83,81,81,83,66,54,71,72,86,86,73,87,87,56,75,78,74,92,92,92,63,39,82,88,97,94,89,89,81,83,83,81,83,82,85,86,84,82,86,82,87,79,82,81,84,87,85,78,83,84,83,85,77,86,89,85,80,87,89,77,83,80,81,79,85,79,81,83,77,87,71,89,77,88,78,88,88,86,77,85,82,83,83,89,80,97,89,83,81,81,87,78,85,80,80,87,85,81,79,86,89,83,91,88,86,91,91,89,84,87,89,89,85,87,85,88,85,78,90,66,23,70,72,95,44,66,65,66,75,67,71,68,71,69,76,72,66,89,0,68,99,67,24,24,87,68,72,76,69,64,71,68,65,57,59,68,57,62,57,68,19,62,64,61,58,43,52,68,67,64,69,48,62,67,64,69,54,66,40,58,65,59,19,73,66,63,29,70,88,64,92,64,22,69,71,63,68,70,95,67,49,67,57,64,66,72,72,25,55,63,52,63,53,57,52,60,68,65,58,62,54,73,55,59,55,57,59,66,53,60,64,59,58,55,56,53,54,55,55,52,62,56,51,51,52,53,56,59,65,63,60,60,52,52,58,54,118,53,46,118,53,79,64,53,61,50,52,51,58,50,54,53,48,52,48,47,48,44,62,46,52,59,42,51,52,51,48,50,47,49,53,52,45,50,52,51,44,45,45,53,44,44,47,62,48,52,57,48,51,46,46,46,55,46,53,47,54,46,47,49,49,47,44,54,46,54,54,51,53,45,45,51,51,47,52,47,48,46,44,47,44,284,48,48,45,49,47,44,52,56,53,57,49,46,45,58,49,49,51,51,48,52,50,51,57,46,52,51,44,47,52,53,52,52,46,48,53,40,48,54,48,46,46,43,47,47,51,58,50,47,46,51,46,47,49,46,51,52,47,47,48,49,49,47,48,46,48,49,44,49,47,45,45,46,46,45,55,46,53,44,48,44,47,48,45,45,49,44,43,44,47,46,44,48,46,50,48,53,50,54,48,48,48,46,49,48,44,47,45,48,43,47,47,45,46,44,43,40,43,101,41,48,46,47,83,42,49,42,43,47,43,44
EPI_ISL_8215719,150,150,150,147,146,92,143,101,93,100,97,105,133,111,111,93,113,117,97,99,95,86,91,76,77,94,94,73,73,74,94,74,72,72,74,34,20,38,38,77,77,40,78,78,22,41,44,41,83,83,83,15,75,75,79,88,85,80,80,73,75,75,73,75,74,77,78,76,74,78,74,79,71,75,73,76,79,77,70,75,76,73,77,69,78,83,77,73,79,80,69,75,72,73,71,77,71,73,75,69,79,66,81,70,80,72,81,81,80,69,77,76,75,75,81,72,89,80,75,73,73,81,70,76,72,72,79,77,73,71,78,80,74,51,79,77,82,82,80,75,78,80,80,76,78,76,79,76,73,130,33,66,35,32,58,39,31,22,31,36,32,34,31,34,30,38,33,33,52,68,0,60,32,65,69,52,33,35,39,56,31,34,55,22,16,20,63,20,19,52,35,54,49,31,20,29,38,49,31,32,29,32,89,31,62,29,36,43,61,76,41,28,18,58,68,27,20,70,33,51,31,55,23,63,30,36,29,31,29,58,24,86,34,43,23,32,37,37,58,36,58,38,58,48,52,47,54,62,57,52,57,48,33,50,54,47,52,52,60,50,55,59,52,39,36,37,34,35,32,37,47,14,31,32,48,33,39,53,54,60,15,37,46,38,33,33,49,115,28,41,99,34,60,59,48,42,45,47,46,53,31,35,34,43,33,43,42,43,39,41,43,29,54,37,32,33,30,43,43,28,44,28,47,40,39,41,38,39,38,40,28,31,39,42,57,35,33,52,25,40,41,41,41,50,41,48,42,35,41,42,44,38,34,39,31,41,35,39,36,28,36,28,46,38,28,43,42,23,29,39,28,39,279,29,29,36,36,30,39,39,39,50,52,40,39,40,39,24,32,46,46,43,33,45,46,52,43,47,46,39,24,47,30,29,47,41,45,46,35,43,49,23,41,41,38,44,44,32,39,45,44,41,48,45,42,44,41,46,33,42,38,31,24,44,42,29,41,29,30,39,30,42,42,40,41,27,40,50,41,48,39,43,39,42,43,40,40,44,39,38,39,42,41,41,43,43,47,23,48,29,35,29,29,29,41,30,43,31,22,30,25,38,42,42,40,41,39,38,35,38,97,36,43,41,42,78,35,42,37,38,30,38,39
EPI_ISL_2566529,179,177,177,174,173,121,169,130,121,129,126,136,162,138,136,120,140,142,124,124,120,116,123,108,109,126,126,105,105,106,126,106,104,104,106,54,60,56,56,109,109,58,110,110,62,59,62,59,115,115,113,55,107,105,109,118,115,110,110,85,87,87,83,85,84,89,88,86,86,88,84,89,81,86,85,88,87,89,82,83,86,83,85,77,88,91,85,80,87,90,79,83,84,87,85,95,83,85,87,85,95,86,87,77,86,88,88,90,88,83,91,86,87,89,95,86,99,110,91,83,87,93,90,86,86,82,93,89,87,91,96,110,104,67,109,107,112,112,110,105,108,110,110,106,108,106,109,108,103,160,49,96,49,50,38,69,45,60,39,50,48,50,39,48,46,54,47,49,30,99,60,0,48,93,99,33,49,43,55,84,45,48,83,52,54,56,91,54,57,80,51,84,77,67,56,45,68,75,47,40,45,46,96,47,88,63,68,71,89,108,67,42,56,88,98,43,56,98,49,28,47,31,61,93,46,52,44,47,67,39,62,85,48,73,61,49,51,51,86,66,88,68,86,78,80,77,82,91,86,81,85,76,51,78,82,76,80,80,88,78,83,87,82,69,66,67,64,65,62,67,77,54,61,62,76,63,69,81,84,90,55,67,74,68,63,61,77,143,58,71,129,64,90,87,78,72,75,77,76,83,61,65,64,73,63,73,72,73,67,73,73,59,84,65,62,63,60,73,71,58,72,58,75,70,69,71,68,69,68,70,58,61,69,72,87,65,63,80,55,70,71,71,71,78,71,78,70,65,71,72,74,66,64,69,61,71,65,69,66,56,66,58,74,68,58,73,72,53,59,69,58,69,309,59,59,66,66,60,69,69,69,80,82,70,69,70,69,54,62,74,76,73,63,75,74,80,71,75,74,69,54,75,60,59,75,71,75,74,65,73,77,53,69,71,68,72,72,62,69,75,72,69,76,75,70,72,71,76,63,70,68,61,54,72,72,59,71,59,60,69,60,70,70,68,71,57,68,80,71,77,66,72,67,70,72,68,69,72,69,66,67,72,69,69,73,71,75,53,78,61,65,59,59,59,71,60,73,61,52,60,55,66,70,72,70,71,69,68,65,68,125,66,72,70,70,108,65,72,67,66,60,66,67
EPI_ISL_2566513,151,149,149,146,145,91,141,100,91,99,96,106,134,110,110,94,112,116,98,98,94,88,95,80,81,98,98,77,77,78,98,78,76,76,78,26,32,28,30,81,81,30,82,82,34,33,36,31,87,87,85,27,75,75,81,90,87,82,82,73,75,75,73,75,74,77,78,76,74,78,74,79,71,76,73,76,79,77,70,75,76,73,77,69,78,81,75,74,79,80,69,75,72,73,71,75,71,73,75,69,79,60,81,71,80,72,82,82,78,69,77,76,75,75,81,72,89,82,75,73,73,81,70,76,72,72,79,77,73,71,76,82,76,41,81,79,84,84,82,77,80,82,82,78,80,78,81,80,73,130,17,64,21,22,46,37,17,30,17,24,18,20,19,20,18,28,21,17,40,67,32,48,0,61,67,40,19,21,25,52,15,22,51,20,26,30,61,28,29,50,23,52,45,39,28,17,36,47,17,18,15,18,83,19,60,35,38,41,59,76,39,16,28,56,66,15,26,68,19,39,15,43,29,61,18,22,16,17,35,46,30,84,18,41,29,19,23,21,54,34,56,36,56,46,50,45,52,60,55,50,55,46,21,48,52,45,50,50,58,48,53,57,50,37,34,35,32,33,30,35,45,26,29,30,46,31,37,51,52,58,27,35,44,36,31,31,47,113,26,39,97,32,58,57,46,40,43,45,44,51,29,33,32,41,31,41,40,41,37,41,41,27,52,35,30,31,28,41,41,26,42,26,45,38,37,39,36,37,36,38,26,29,37,40,55,33,31,50,23,38,39,39,39,48,39,46,40,33,39,40,42,36,32,37,29,39,33,37,34,26,34,26,44,36,26,41,40,21,27,37,26,37,277,27,27,34,34,28,37,37,37,48,50,38,37,38,37,22,30,44,44,41,31,43,44,50,41,45,44,37,22,45,28,27,45,39,43,44,33,41,47,21,39,39,36,42,42,30,37,43,42,39,46,43,40,42,39,44,31,40,36,29,22,42,40,27,39,27,28,37,28,40,40,38,39,25,38,48,39,46,37,41,37,40,41,38,38,42,37,36,37,40,39,39,41,41,45,21,46,29,33,27,27,27,39,28,41,29,20,28,23,36,40,40,38,39,37,36,33,36,95,34,41,39,40,76,33,40,35,36,28,36,37
EPI_ISL_2566483,154,152,152,149,148,94,145,105,96,104,101,109,137,117,117,109,119,121,113,109,109,96,101,86,87,104,104,83,83,84,104,84,82,82,84,63,55,67,69,87,87,69,88,88,57,72,75,70,93,93,93,60,40,83,89,98,95,90,90,81,83,83,81,83,82,83,86,84,82,86,82,87,77,84,81,84,87,85,78,83,84,83,85,77,86,89,85,82,87,89,77,83,82,81,79,85,79,81,83,77,87,71,89,79,88,78,90,90,86,77,85,82,83,83,89,80,97,90,83,81,81,87,78,85,80,80,87,85,81,79,86,90,84,86,89,87,92,92,90,85,88,90,90,86,88,86,89,86,79,91,58,17,64,67,89,44,60,61,60,69,59,65,62,65,63,71,66,60,83,24,65,93,61,0,20,81,62,66,70,69,58,65,68,61,53,57,68,55,60,57,64,19,62,64,59,54,43,52,62,61,58,63,44,56,67,62,65,54,66,41,58,61,57,19,73,60,59,29,64,82,58,86,60,22,63,65,59,62,66,89,63,49,61,57,60,62,66,66,21,55,63,52,63,53,57,52,60,68,65,58,62,54,68,55,59,55,57,59,66,53,60,64,59,58,55,56,53,54,55,55,52,57,54,51,51,52,53,56,59,65,58,60,60,52,52,56,54,120,51,46,118,53,79,64,53,61,50,52,51,58,50,54,53,48,52,48,47,48,44,62,48,52,59,42,51,52,51,46,50,47,49,51,52,45,50,52,51,44,45,45,51,44,44,47,62,46,52,57,48,51,46,46,46,55,46,53,47,54,46,47,49,49,47,44,52,46,54,54,51,51,45,45,51,51,47,52,47,46,46,44,47,44,284,48,48,45,49,47,42,52,56,53,57,49,46,45,58,47,49,51,51,48,52,50,51,57,46,52,51,44,45,52,51,50,52,46,50,53,38,46,54,46,46,46,41,47,47,49,58,50,47,46,51,48,47,49,46,51,52,47,47,48,47,49,47,48,46,48,49,44,49,47,45,45,46,46,45,55,46,53,44,48,44,47,48,45,45,49,44,43,44,47,46,44,48,46,50,46,53,50,54,48,48,48,46,49,46,44,45,45,48,43,47,47,45,46,44,43,38,43,102,41,48,46,47,83,42,49,42,43,47,43,44
EPI_ISL_2566479,154,152,152,149,148,94,145,105,96,104,101,109,137,121,121,113,123,125,117,113,113,96,101,86,87,104,104,83,83,84,104,84,82,82,84,67,55,71,73,87,87,73,88,88,57,76,79,74,93,93,93,64,40,83,89,98,95,90,90,81,83,83,81,83,82,85,86,84,82,86,82,87,79,84,81,84,87,85,78,83,84,83,85,77,86,89,85,82,87,89,77,83,82,81,79,85,79,81,83,77,87,71,89,79,88,78,90,90,86,77,85,82,83,83,89,80,97,90,83,81,81,87,78,85,80,80,87,85,81,79,86,90,84,92,89,87,92,92,90,85,88,90,90,86,88,86,89,86,79,93,66,23,70,73,95,44,66,65,66,75,67,71,68,71,69,77,72,66,89,24,69,99,67,20,0,87,68,72,76,69,64,71,68,65,57,59,68,57,62,57,68,19,62,64,61,58,43,52,68,67,64,69,48,62,67,64,69,54,66,41,58,65,59,19,73,66,63,31,70,88,64,92,64,22,69,71,65,68,70,95,67,49,67,57,64,68,72,72,25,55,63,52,63,53,57,52,60,68,65,58,62,54,74,55,59,55,57,59,66,53,60,64,59,58,55,56,53,54,55,55,52,63,56,51,51,52,53,56,59,65,64,60,60,52,52,58,54,118,53,46,118,53,79,64,53,61,50,52,51,58,50,54,53,48,52,48,47,48,44,62,48,52,59,42,51,52,51,48,50,47,49,53,52,45,50,52,51,44,45,45,53,44,44,47,62,48,52,57,48,51,46,46,46,55,46,53,47,54,46,47,49,49,47,44,54,46,54,54,51,53,45,45,51,51,47,52,47,48,46,44,47,44,284,48,48,45,49,47,44,52,56,53,57,49,46,45,58,49,49,51,51,48,52,50,51,57,46,52,51,44,47,52,53,52,52,46,50,53,40,48,54,48,46,46,43,47,47,51,58,50,47,46,51,48,47,49,46,51,52,47,47,48,49,49,47,48,46,48,49,44,49,47,45,45,46,46,45,55,46,53,44,48,44,47,48,45,45,49,44,43,44,47,46,44,48,46,50,48,53,50,54,48,48,48,46,49,48,44,47,45,48,43,47,47,45,46,44,43,40,43,102,41,48,46,47,83,42,49,42,43,47,43,44
EPI_ISL_2566523,171,169,169,166,165,111,161,120,111,119,116,124,152,128,128,110,130,134,114,116,114,104,111,96,97,114,114,93,93,94,114,94,92,92,94,42,50,46,50,95,97,48,96,96,52,53,56,49,103,103,101,47,95,93,97,106,103,98,98,73,75,74,71,73,72,75,76,74,74,82,72,77,69,74,73,76,79,81,70,77,80,77,75,71,82,85,79,72,77,84,67,73,76,77,75,85,73,77,79,75,83,76,79,69,78,76,80,80,82,73,79,78,77,79,85,76,91,98,79,73,77,83,81,80,76,74,83,79,77,79,86,98,92,61,95,95,100,100,98,93,96,98,98,94,96,94,97,96,91,150,37,84,41,40,32,57,37,50,37,44,38,40,37,40,36,48,39,39,23,87,52,33,40,81,87,0,37,43,45,72,37,40,71,44,44,46,81,44,47,70,41,72,65,57,48,35,56,65,37,38,33,40,83,37,80,53,58,59,79,96,55,36,46,76,86,33,48,86,41,17,35,25,51,81,36,42,36,37,57,21,54,70,40,61,51,37,43,45,74,56,76,56,74,66,70,65,72,80,75,70,71,66,43,68,72,66,68,70,75,68,71,73,70,59,56,57,54,55,52,57,65,46,51,52,66,53,57,71,72,78,47,55,64,56,53,53,67,133,48,59,119,54,80,75,66,62,63,65,64,71,51,55,54,61,53,61,60,61,57,63,61,49,72,55,52,53,50,61,59,48,62,48,63,58,59,61,56,55,56,58,48,49,57,60,75,53,53,70,45,58,59,59,59,68,59,66,60,55,59,60,62,56,52,57,49,59,55,59,54,46,54,48,62,58,48,63,60,43,49,57,48,57,297,49,49,54,56,50,57,57,59,68,70,60,57,58,59,44,52,64,64,61,53,63,64,70,61,65,64,57,44,65,50,49,65,59,63,62,53,61,67,43,59,59,56,62,62,52,59,63,62,59,66,63,60,58,59,64,53,60,56,51,44,60,60,49,59,49,50,57,50,60,60,58,57,47,58,68,59,66,57,61,57,60,61,58,58,62,57,56,57,60,59,59,61,61,65,43,66,51,55,49,49,49,59,50,61,49,42,48,45,56,60,58,58,59,57,56,53,56,115,54,61,59,60,96,53,60,55,56,50,56,57
EPI_ISL_2566478,152,150,150,147,146,92,142,99,90,98,95,107,135,111,109,93,113,117,97,97,95,87,94,79,80,97,97,76,76,77,97,77,75,75,77,23,31,27,31,80,80,29,81,81,33,34,37,30,86,86,84,28,76,76,80,89,86,81,81,72,74,74,72,74,73,76,77,75,73,77,73,78,70,75,72,75,78,76,69,74,75,74,76,68,77,82,76,73,78,79,68,74,73,72,70,74,70,72,74,68,78,59,80,70,79,73,81,81,79,68,76,75,74,74,80,71,88,81,74,72,72,80,69,75,71,71,78,76,72,70,77,81,75,42,80,78,83,83,81,76,79,81,81,77,79,77,80,79,74,131,16,65,20,21,41,36,18,31,18,25,19,21,18,21,17,29,20,18,39,68,33,49,19,62,68,37,0,24,24,51,16,21,52,23,25,29,60,27,28,51,22,53,46,38,29,16,35,48,16,17,14,19,84,18,59,34,39,42,58,77,38,17,27,57,64,14,27,69,20,36,14,42,30,62,17,21,17,18,34,43,33,85,19,42,30,16,24,24,55,37,57,37,57,47,51,46,53,61,56,51,56,47,24,49,53,47,51,51,59,49,52,58,51,40,37,38,35,36,33,38,46,27,32,33,47,34,38,52,53,59,28,36,45,37,34,34,48,114,29,40,100,35,61,58,47,43,44,46,45,52,32,36,35,42,34,42,41,42,38,44,42,28,53,36,33,34,29,40,42,29,43,29,46,39,40,42,37,36,37,37,29,30,36,39,54,32,34,51,26,39,38,38,38,49,38,45,41,36,38,39,43,37,31,36,30,38,36,40,35,29,33,29,45,39,29,42,41,24,30,36,29,36,278,30,30,35,35,31,38,38,40,47,49,39,36,37,40,25,33,45,43,42,34,44,43,49,42,44,43,38,25,44,31,30,44,40,44,45,34,42,46,24,40,40,37,43,43,33,40,44,43,40,47,44,41,43,40,41,34,41,35,32,25,43,41,30,40,30,31,38,31,41,41,39,40,28,39,47,40,47,38,42,38,41,42,39,39,43,38,37,38,41,40,40,42,42,46,24,47,32,36,30,30,30,40,31,42,30,23,29,26,37,41,41,39,40,38,37,34,37,96,35,42,40,41,77,34,39,34,37,31,37,38
EPI_ISL_2566488,156,154,154,151,150,96,146,105,96,104,101,109,137,111,113,95,113,117,99,101,95,91,98,83,84,101,101,80,80,81,101,81,79,79,81,29,35,31,31,84,84,33,85,85,37,34,37,34,90,90,88,30,80,78,84,93,90,85,85,76,78,78,76,78,77,80,81,79,77,81,77,82,74,79,76,79,82,80,73,78,79,76,80,72,81,84,80,77,82,83,72,78,75,76,74,78,74,76,78,72,82,65,84,74,83,75,85,85,81,72,80,79,78,78,84,75,92,85,78,76,76,84,73,79,75,75,82,80,76,74,81,85,79,42,84,82,87,87,85,80,83,85,85,81,83,81,84,83,76,135,22,69,24,25,49,42,18,33,10,25,21,23,12,23,21,29,22,22,41,72,35,43,21,66,72,43,24,0,28,51,18,19,52,27,29,33,66,31,32,55,26,57,46,42,31,20,41,52,22,13,20,21,88,20,63,38,41,44,64,81,44,17,31,61,71,18,31,73,22,42,20,42,34,66,21,25,17,20,40,49,35,89,21,46,34,24,18,24,59,39,61,41,61,51,55,50,57,65,60,55,60,51,26,53,57,50,55,55,63,53,58,62,55,42,39,40,37,38,35,40,50,29,34,35,51,36,42,56,57,63,30,40,49,41,36,36,52,118,31,44,102,37,63,62,51,45,48,50,49,56,34,38,37,46,36,46,45,46,42,46,46,32,57,40,35,36,33,46,46,31,47,31,50,43,42,44,41,42,41,43,31,34,42,45,60,38,36,55,28,43,44,44,44,53,44,51,45,38,44,45,47,41,37,42,34,44,38,42,39,31,39,31,49,41,31,46,45,26,32,42,31,42,282,32,32,39,39,33,42,42,42,53,55,43,42,43,42,27,35,49,49,46,36,48,49,55,46,50,49,42,27,50,33,32,50,44,48,49,38,46,52,26,44,44,41,47,47,35,42,48,47,44,51,48,45,47,44,49,36,45,41,34,27,47,45,32,44,32,33,42,33,45,45,43,44,30,43,53,44,51,42,46,42,45,46,43,43,47,42,41,42,45,44,44,46,46,50,26,51,34,38,32,32,32,44,33,46,34,25,33,28,41,45,45,43,44,42,41,38,41,100,39,46,44,45,81,38,45,40,41,33,41,42
EPI_ISL_2566476,160,158,158,155,154,100,148,107,98,106,103,113,141,117,119,101,119,123,105,107,103,95,102,87,88,105,105,84,84,85,105,85,83,83,85,31,39,33,37,88,88,35,89,89,41,40,43,36,94,94,92,34,84,82,88,97,94,89,89,80,82,82,80,82,81,84,85,83,81,85,81,86,78,83,80,83,86,84,77,82,83,80,84,76,85,88,84,81,86,87,76,82,79,80,78,82,78,80,82,76,86,67,88,78,87,79,89,89,85,76,84,83,82,82,88,79,96,89,82,80,80,88,77,83,79,79,86,84,80,78,85,89,83,48,88,86,91,91,89,84,87,89,89,85,87,85,88,87,80,139,24,73,30,27,29,44,24,37,24,31,25,25,26,29,23,35,26,26,47,76,39,55,25,70,76,45,24,28,0,59,24,29,60,31,33,37,68,35,36,59,30,61,54,46,35,24,43,56,24,27,22,27,92,26,67,42,45,50,66,85,48,23,35,65,73,20,35,77,24,44,22,50,38,70,23,25,23,22,42,51,39,93,27,50,38,26,30,30,63,43,65,45,65,55,57,54,60,69,64,59,64,55,30,57,61,54,59,59,65,57,60,64,59,46,43,44,41,42,39,44,54,33,38,39,55,40,46,60,61,67,34,42,53,45,40,40,56,122,35,48,106,41,67,66,55,49,52,54,53,60,38,42,41,50,40,50,49,50,46,50,50,36,61,44,39,40,37,48,50,35,51,35,54,47,46,46,45,44,45,45,35,38,44,47,62,40,40,59,32,47,46,46,46,57,46,53,49,42,46,47,51,45,41,44,38,46,42,46,43,35,41,35,53,45,35,48,49,30,36,44,35,44,286,36,36,43,41,37,46,46,46,55,57,45,44,45,46,31,39,53,51,50,40,52,53,59,50,54,53,46,31,54,37,36,54,48,52,53,42,50,56,30,48,48,45,51,51,39,46,52,51,48,55,52,49,51,48,51,40,49,43,38,31,51,49,36,48,36,37,46,37,49,49,47,48,34,47,55,48,55,46,50,46,49,50,47,47,51,46,45,46,49,48,48,50,50,54,30,55,38,42,36,36,36,48,37,50,38,29,37,32,45,49,49,47,48,46,45,42,45,104,43,50,48,49,85,42,47,42,45,37,45,46
EPI_ISL_2566515,149,147,147,144,143,89,140,98,89,97,94,104,132,116,114,104,118,120,108,106,104,88,93,80,81,96,96,77,77,78,96,78,76,76,78,54,44,58,60,81,81,60,82,82,46,63,66,61,87,87,85,51,77,77,79,90,85,82,79,73,73,75,73,75,74,77,78,76,74,76,74,77,69,76,73,74,79,75,70,75,74,75,77,69,78,83,77,74,79,78,69,75,74,73,71,77,71,73,75,69,77,60,77,71,78,74,78,80,80,69,75,76,75,75,81,72,89,82,75,73,73,81,70,76,72,72,77,75,73,71,76,82,76,75,81,79,84,84,82,75,80,82,80,78,80,76,79,78,75,132,51,66,55,58,78,37,51,52,51,60,52,56,53,56,54,62,57,51,74,69,56,84,52,69,69,72,51,51,59,0,49,52,13,50,46,48,61,44,49,50,53,54,9,51,48,45,36,49,53,52,49,54,91,47,58,53,58,45,59,78,45,50,46,58,66,51,50,72,53,73,49,75,51,63,54,56,50,53,55,78,54,86,52,45,51,53,51,57,60,42,58,40,58,48,52,47,54,62,57,52,57,48,59,48,54,48,50,54,61,48,55,59,54,45,42,43,40,41,38,43,47,50,43,38,48,39,41,53,54,60,51,45,48,40,39,45,49,115,40,41,105,40,66,59,48,48,45,47,46,53,37,41,40,43,37,43,42,43,39,47,43,39,54,37,36,39,38,41,45,34,44,40,47,40,43,45,42,39,38,38,40,33,37,40,55,37,39,52,35,44,39,39,39,50,39,46,42,41,39,40,44,42,34,37,41,39,41,43,38,38,34,32,46,42,34,43,42,35,33,37,34,37,279,35,35,38,38,34,39,39,43,48,50,42,39,38,45,36,36,46,44,43,39,45,46,52,43,47,46,39,34,47,40,39,47,41,45,48,35,43,49,35,41,41,38,44,44,38,45,45,44,41,48,45,42,44,41,44,39,42,36,37,36,44,42,35,41,35,36,39,36,42,42,40,41,33,40,48,41,48,39,43,39,42,43,39,40,44,39,38,39,42,41,41,42,43,47,35,48,37,41,35,35,35,41,36,43,31,34,32,35,38,42,42,40,41,39,38,35,38,97,36,43,41,42,78,37,40,35,38,34,38,39
EPI_ISL_2566475,148,146,146,143,142,88,138,97,88,96,93,103,131,105,105,89,107,111,93,93,91,85,92,77,78,95,95,74,74,75,95,75,73,73,75,23,29,27,27,78,78,29,79,79,31,30,33,30,84,84,82,26,72,72,78,87,84,79,79,70,72,72,70,72,71,74,75,73,71,75,71,76,68,73,70,73,76,74,67,72,73,72,74,66,75,78,74,71,76,77,66,72,71,70,68,72,68,70,72,66,76,57,78,68,77,69,79,79,75,66,74,73,72,72,78,69,86,79,72,70,70,76,67,73,69,69,76,74,70,68,75,79,73,38,78,76,81,81,79,74,77,79,79,75,77,75,78,77,70,127,14,61,16,21,43,34,12,27,12,21,15,19,14,17,17,25,18,14,35,64,31,45,15,58,64,37,16,18,24,49,0,17,48,21,23,27,58,25,26,47,20,49,42,36,27,14,33,44,16,13,14,15,80,16,57,32,35,38,56,73,36,13,25,53,63,14,25,65,18,36,12,38,26,58,17,21,11,16,32,43,29,81,13,38,26,16,18,18,51,33,53,33,53,43,47,42,49,57,52,47,52,43,22,45,49,43,47,47,55,45,50,54,47,36,33,34,31,32,29,34,42,25,28,29,43,30,34,48,49,55,26,34,41,33,30,30,44,109,25,36,96,31,57,54,43,39,40,42,41,48,28,32,31,38,30,38,37,38,34,40,38,26,49,32,29,30,27,38,38,25,39,25,42,35,36,38,33,34,33,35,25,26,34,37,52,30,30,47,22,35,36,36,36,45,36,43,37,32,36,37,39,33,29,34,26,36,32,36,31,25,31,25,41,35,25,40,37,20,26,34,25,34,274,26,26,31,33,27,34,34,36,45,47,37,34,35,36,21,29,41,41,38,30,40,41,47,38,42,41,34,21,42,27,26,42,36,40,41,30,38,44,20,36,36,33,39,39,29,36,40,39,36,43,40,37,39,36,41,30,37,33,28,21,39,37,26,36,26,27,34,27,37,37,35,36,24,35,45,36,43,34,38,34,37,38,35,35,39,34,33,34,37,36,36,38,38,42,20,43,28,32,26,26,26,36,27,38,26,19,25,22,33,37,37,35,36,34,33,30,33,92,31,38,36,37,73,30,37,32,33,27,33,34
EPI_ISL_2566489,155,153,153,150,149,95,145,104,95,103,100,108,136,110,110,92,112,116,96,98,94,88,95,80,81,98,98,77,77,78,98,78,76,76,78,26,32,30,30,81,81,32,82,82,34,33,36,33,87,87,85,29,79,77,81,90,87,82,82,73,75,75,73,75,74,77,78,76,74,78,74,79,71,76,73,76,79,77,70,75,76,75,77,69,78,83,77,74,79,80,69,75,74,73,71,75,71,73,75,69,79,64,81,71,80,74,82,82,80,69,77,76,75,75,81,72,89,82,75,73,73,81,70,76,72,72,79,77,73,69,78,82,76,41,81,79,84,84,82,77,80,82,82,78,80,78,81,80,75,134,21,68,21,24,46,41,17,32,17,24,20,24,17,22,20,28,21,21,38,71,34,48,22,65,71,40,21,19,29,52,17,0,51,26,26,30,65,28,29,54,23,56,45,39,30,17,40,51,21,18,19,20,87,17,62,35,40,43,63,80,43,16,28,60,70,17,30,72,23,39,19,39,33,65,20,26,16,21,39,46,36,88,20,45,33,21,19,25,58,40,60,40,60,50,54,49,56,64,59,54,59,50,25,52,56,50,54,54,62,52,57,61,54,43,40,41,38,39,36,41,49,28,35,36,50,37,41,55,56,62,29,41,48,40,37,37,51,117,32,43,103,38,64,61,50,46,47,49,48,55,35,39,38,45,37,45,44,45,41,45,45,33,56,39,36,37,34,45,45,32,46,32,49,42,43,45,40,41,40,42,32,33,41,44,59,37,37,54,29,42,43,43,43,52,43,50,44,39,43,44,46,40,36,41,33,43,39,43,38,32,38,32,48,42,32,47,44,27,33,41,32,41,281,33,33,38,40,34,41,41,43,52,54,44,41,42,43,28,36,48,48,45,37,47,48,54,45,49,48,41,28,49,32,33,49,43,47,48,37,45,51,27,43,43,40,46,46,36,43,47,46,43,50,47,44,46,43,48,37,44,40,35,28,46,44,33,43,33,34,41,34,44,44,42,43,31,42,52,43,50,41,45,41,44,45,42,42,46,41,40,41,44,43,43,45,45,49,27,50,35,39,33,33,33,43,34,45,33,26,32,29,40,44,44,42,43,41,40,37,40,99,38,45,43,44,80,37,44,39,40,34,40,41
EPI_ISL_2566477,148,146,146,143,142,88,139,99,90,98,95,103,131,115,113,103,117,119,107,105,103,87,94,79,80,97,97,76,76,77,97,77,75,75,77,53,43,57,59,80,78,59,81,81,45,62,65,60,84,84,84,50,76,76,80,89,86,81,79,72,74,74,72,74,73,76,77,75,73,77,73,78,70,75,72,75,78,76,69,74,73,74,76,68,77,82,76,73,78,77,68,74,73,72,70,76,70,72,74,68,78,61,80,70,79,73,81,81,79,68,74,75,74,74,80,71,88,81,74,72,72,80,69,75,71,71,76,76,72,70,77,81,75,74,80,78,83,83,81,76,79,81,81,77,79,77,80,77,74,131,50,65,54,57,79,38,50,51,50,59,51,55,52,55,53,61,54,50,73,68,55,83,51,68,68,71,52,52,60,13,48,51,0,49,45,47,60,43,48,49,52,53,10,50,47,44,37,48,52,51,48,53,90,46,59,52,57,44,60,77,44,49,45,57,67,50,49,71,54,72,48,74,50,62,53,57,49,52,56,79,53,85,51,44,50,52,52,56,59,41,57,39,57,47,51,46,53,61,56,51,56,47,58,47,53,47,51,53,60,47,54,58,53,44,41,42,39,40,37,42,46,49,42,37,47,38,40,52,53,59,50,44,47,39,38,42,48,114,39,40,104,39,65,58,47,47,44,46,45,52,36,40,39,42,38,42,41,42,38,48,42,38,53,36,37,38,37,42,44,33,43,39,46,39,42,44,41,38,37,39,39,32,38,41,56,38,38,51,34,43,40,40,40,49,40,47,41,40,40,41,43,41,33,38,40,40,40,42,37,37,35,31,45,41,33,42,41,34,32,38,33,38,278,34,34,37,39,33,38,38,42,49,51,43,40,39,44,35,35,45,45,42,38,44,45,51,42,46,45,38,33,46,39,38,46,40,44,47,34,42,48,34,40,40,37,43,43,37,44,44,43,40,47,44,41,43,40,45,38,41,37,36,35,43,41,34,40,34,35,38,35,41,41,39,40,32,39,49,40,47,38,42,38,41,42,38,39,43,38,37,38,41,40,40,40,42,46,34,47,36,40,34,34,34,40,35,42,30,33,31,34,37,41,41,39,40,38,37,34,37,96,35,42,40,41,77,36,41,36,37,33,37,38
EPI_ISL_2566507,149,147,147,144,143,89,140,98,89,97,94,104,132,110,108,92,112,116,96,96,92,84,91,76,77,94,94,73,73,74,94,74,72,72,74,30,20,32,34,77,77,34,78,78,22,37,40,35,83,83,81,17,73,73,77,86,83,78,78,69,71,71,69,71,70,73,74,72,70,74,70,75,67,72,69,72,75,73,66,71,72,69,73,65,74,79,71,70,75,76,65,71,68,69,67,71,67,69,71,65,75,58,77,67,76,70,78,78,76,65,73,72,71,71,77,68,85,78,71,69,69,77,66,72,68,68,75,73,69,67,74,78,72,45,77,75,80,80,78,73,76,78,78,74,76,74,77,76,71,128,23,62,25,26,50,35,23,20,23,28,24,26,23,24,22,32,25,23,44,65,22,52,20,61,65,44,23,27,31,50,21,26,49,0,14,20,59,20,19,48,27,50,43,29,20,21,34,45,21,22,19,22,83,23,58,27,34,39,57,74,37,20,18,54,64,19,14,66,25,43,21,47,19,59,22,28,22,23,27,50,22,82,24,39,21,23,29,27,54,32,54,34,54,44,48,43,50,58,53,48,53,44,27,46,50,43,48,48,56,46,51,55,48,35,32,33,30,31,28,33,43,16,27,28,44,29,35,49,50,56,17,33,42,34,29,29,45,111,24,37,94,30,56,55,44,38,41,43,42,49,27,31,30,39,29,39,38,39,35,39,39,25,50,33,28,29,26,39,39,24,40,24,43,36,35,37,34,35,34,36,24,27,35,38,53,31,29,48,21,36,37,37,37,46,37,44,38,31,37,38,40,34,30,35,27,37,31,35,32,24,32,24,42,34,24,39,38,19,25,35,24,35,275,25,25,32,32,26,35,35,35,46,48,36,35,36,35,20,28,42,42,39,29,41,42,48,39,43,42,35,20,43,26,25,43,37,41,42,31,39,45,19,37,37,34,40,40,28,35,41,40,37,44,41,38,40,37,42,29,38,34,27,20,40,38,25,37,25,26,35,26,38,38,36,37,23,36,46,37,44,35,39,35,38,39,36,36,40,35,34,35,38,37,37,39,39,43,19,44,27,31,25,25,25,37,26,39,27,18,26,21,34,38,38,36,37,35,34,31,34,93,32,39,37,38,74,31,38,33,34,26,34,35
EPI_ISL_1936144,141,139,139,136,135,81,132,90,81,89,86,94,122,100,100,82,102,106,86,88,86,76,81,66,67,84,84,63,63,64,84,64,62,62,64,26,8,30,32,67,67,32,68,68,10,35,38,33,73,73,73,11,65,65,69,78,75,70,70,61,63,63,61,63,62,65,66,64,62,66,62,67,59,64,61,64,67,65,58,63,64,63,65,57,66,71,65,62,67,68,57,63,62,61,59,65,59,61,63,57,67,54,69,59,68,60,70,70,68,57,65,64,63,63,69,60,77,70,63,61,61,69,58,64,60,60,67,65,61,59,66,70,64,47,69,67,72,72,70,65,68,70,70,66,68,66,69,66,63,120,25,54,27,28,50,27,23,12,23,30,24,28,23,28,24,34,27,25,44,57,16,54,26,53,57,44,25,29,33,46,23,26,45,14,0,8,51,10,11,40,25,42,39,19,14,17,26,37,25,24,23,26,77,19,50,19,26,31,49,66,31,22,10,46,56,21,12,58,27,43,23,47,13,51,24,30,22,25,21,50,18,74,26,33,15,25,29,31,46,28,46,28,46,36,40,35,43,51,46,40,45,36,29,38,42,36,40,42,48,38,43,47,40,31,28,29,26,27,24,29,35,10,23,24,36,25,29,41,42,48,11,29,36,28,25,25,37,103,20,29,91,26,52,47,36,34,33,35,34,41,23,27,26,31,25,31,30,31,27,35,31,21,42,25,24,25,22,31,31,20,32,20,35,28,31,31,26,27,28,28,20,21,27,30,45,25,25,40,17,28,29,29,29,38,29,36,30,27,29,30,32,26,24,27,21,29,27,29,26,20,26,20,34,28,20,33,30,15,21,27,20,27,267,21,21,26,26,22,27,29,31,38,40,30,27,28,31,16,24,34,34,31,25,33,34,40,31,35,34,27,16,35,22,21,35,29,33,34,23,31,37,15,29,29,26,32,32,24,31,33,32,29,36,33,30,32,29,34,25,30,28,23,16,32,30,21,29,21,22,27,22,30,30,28,29,19,28,38,29,36,27,31,27,30,31,28,28,32,27,26,27,30,29,29,31,31,35,15,36,23,27,21,21,21,29,22,31,21,14,20,17,26,30,30,28,29,27,26,23,26,85,24,31,29,30,66,23,32,25,26,22,26,27
EPI_ISL_1936116,143,141,141,138,137,83,134,92,83,91,88,96,124,102,102,84,104,108,88,90,88,78,83,68,69,86,86,65,65,66,86,66,64,64,66,28,12,32,34,69,69,34,70,70,14,37,40,35,75,75,75,15,67,67,71,80,77,72,72,63,65,65,63,65,64,67,68,66,64,68,64,69,61,66,63,66,69,67,60,65,66,65,67,59,68,73,67,64,69,70,59,65,64,63,61,67,61,63,65,59,69,56,71,61,70,62,72,72,70,59,67,66,65,65,71,62,79,72,65,63,63,71,60,66,62,62,69,67,63,61,68,72,66,51,71,69,74,74,72,67,70,72,72,68,70,68,71,68,65,122,29,56,31,32,54,29,27,18,27,34,28,32,27,32,28,38,31,29,46,59,20,56,30,57,59,46,29,33,37,48,27,30,47,20,8,0,53,12,13,42,27,44,41,23,16,19,28,39,29,28,27,30,77,23,52,21,30,33,51,68,33,24,12,48,58,25,18,60,31,45,27,49,19,53,28,34,26,29,25,52,22,74,30,35,19,29,33,35,48,30,48,30,48,38,42,37,45,53,48,42,47,38,33,40,44,38,42,44,50,40,45,49,42,33,30,31,28,29,26,31,37,10,27,26,38,27,31,43,44,50,11,31,38,30,27,29,39,105,24,31,93,28,54,49,38,36,35,37,36,43,25,29,28,33,27,33,32,33,29,37,33,23,44,27,26,27,24,33,33,22,34,24,37,30,33,33,28,29,30,30,24,23,29,32,47,29,27,42,19,30,31,31,31,40,31,38,32,29,31,32,34,28,26,29,25,31,29,31,28,24,28,22,36,30,22,35,32,19,23,29,22,29,269,23,23,28,28,24,29,31,33,40,42,32,29,30,33,20,26,36,36,33,27,35,36,42,33,37,36,29,20,37,26,25,37,31,35,36,25,33,39,19,31,31,28,34,34,26,33,35,34,31,38,35,32,34,31,36,27,32,30,25,20,34,32,23,31,23,24,29,24,32,32,30,31,21,30,40,31,38,29,33,29,32,33,30,30,34,29,28,29,32,31,31,33,33,37,19,38,25,29,23,23,23,31,24,33,23,18,22,19,28,32,32,30,31,29,28,25,28,87,26,33,31,32,68,25,34,27,28,24,28,29
EPI_ISL_1936130,150,148,148,145,144,90,141,95,88,94,91,105,133,117,117,107,117,121,111,109,109,86,91,76,77,94,94,73,73,74,94,74,72,72,74,61,49,65,67,77,75,67,78,78,51,70,73,68,81,81,83,58,76,73,79,88,85,80,80,71,73,73,71,73,72,75,76,74,71,76,72,77,69,74,71,74,77,75,68,73,74,73,75,67,76,79,75,72,77,78,67,73,72,71,69,75,69,71,73,67,77,53,79,69,78,65,80,80,76,67,75,74,73,73,79,70,87,80,73,71,71,79,68,72,70,70,77,75,71,69,76,80,74,86,79,77,82,82,80,75,78,80,80,76,78,76,79,74,71,129,60,65,64,67,87,26,60,59,60,69,61,65,62,65,63,71,64,60,83,68,63,91,61,68,68,81,60,66,68,61,58,65,60,59,51,53,0,51,56,43,62,53,56,58,55,52,25,42,62,61,58,63,90,56,15,58,45,38,14,77,50,59,53,57,23,60,57,71,62,80,56,86,58,62,63,65,59,62,61,87,61,85,61,50,58,62,66,66,59,49,50,45,51,41,43,40,46,56,53,45,50,43,68,41,45,42,45,45,53,43,48,52,53,52,49,50,47,48,49,50,46,57,50,45,41,46,46,46,53,45,58,54,53,45,46,50,42,106,47,32,112,47,73,52,41,55,38,40,39,46,44,48,47,36,45,36,35,36,32,55,36,46,47,30,44,46,45,32,38,41,37,47,38,29,34,38,41,38,29,27,47,36,26,29,14,30,46,43,42,37,30,28,28,41,28,23,35,48,28,29,37,41,41,26,46,28,48,46,43,47,35,39,37,35,41,40,33,42,40,26,41,26,272,42,42,35,31,41,38,46,44,37,23,31,28,27,52,43,43,39,35,36,46,38,37,43,36,38,37,38,41,38,47,46,38,34,38,41,34,42,40,42,34,32,37,37,37,45,52,38,37,34,41,38,35,37,34,33,46,33,29,42,43,37,31,42,40,42,43,38,43,33,35,33,40,40,33,25,34,40,32,36,32,35,34,33,33,37,32,31,32,33,34,32,35,36,40,42,47,44,48,42,42,42,34,43,38,38,41,39,42,31,35,33,33,32,28,31,34,31,90,29,35,34,35,71,30,23,30,31,41,31,32
EPI_ISL_1936134,141,139,139,136,135,81,132,90,81,89,86,94,122,100,100,82,102,106,86,88,86,76,81,66,67,84,84,63,63,64,84,64,62,62,64,26,12,30,32,67,67,32,68,68,14,35,38,33,73,73,73,15,65,65,69,78,75,70,70,61,63,63,61,63,62,65,66,64,62,66,62,67,59,64,61,64,67,65,58,63,64,63,65,57,66,71,65,62,67,68,57,63,62,61,59,65,59,61,63,57,67,54,69,59,68,60,70,70,68,57,65,64,63,63,69,60,77,70,63,61,61,69,58,64,60,60,67,65,61,59,66,70,64,49,69,67,72,72,70,65,68,70,70,66,68,66,69,66,63,120,27,54,29,30,50,27,25,18,25,32,26,30,25,30,26,36,29,27,44,57,20,54,28,55,57,44,27,31,35,44,25,28,43,20,10,12,51,0,13,40,25,42,37,21,14,17,26,37,27,26,25,28,75,23,50,21,32,33,49,66,31,22,12,46,56,23,18,58,29,43,25,47,19,51,26,32,24,27,25,50,18,74,28,31,15,27,31,33,46,28,46,26,46,36,40,35,42,50,45,40,45,36,31,38,42,36,40,42,48,38,43,47,42,31,28,29,26,27,24,29,35,14,25,24,36,25,27,41,42,48,15,29,34,26,25,27,37,103,22,29,91,26,52,47,36,34,33,35,34,41,23,27,26,31,25,31,30,31,27,35,31,21,42,25,24,25,22,31,33,20,32,22,35,28,31,33,26,27,26,28,22,19,27,30,45,25,25,40,17,30,29,29,29,38,29,36,30,27,29,30,32,28,22,27,23,29,27,31,24,22,24,18,34,30,20,33,30,17,19,27,20,27,267,21,21,24,28,20,27,27,31,38,40,30,27,28,31,18,22,34,34,31,25,33,34,40,31,35,34,27,18,35,24,23,35,29,33,36,23,31,37,17,29,29,26,32,32,24,31,33,32,29,36,33,30,32,29,34,25,30,26,23,18,32,30,21,29,21,22,27,22,30,30,28,29,19,28,38,29,36,27,31,27,30,31,28,28,32,27,26,27,30,29,29,31,31,35,17,36,23,27,21,21,21,29,22,31,19,16,18,17,26,30,30,28,29,27,26,23,26,85,24,31,29,30,66,23,30,25,26,20,26,27
EPI_ISL_1936145,146,144,144,141,140,86,137,95,86,94,91,99,127,105,105,87,107,111,91,93,91,81,86,71,72,89,89,68,68,69,89,69,67,67,69,29,15,33,35,72,72,35,73,73,17,38,41,36,78,78,78,14,70,70,74,83,80,75,75,66,68,68,66,68,67,70,71,69,67,71,67,72,64,69,66,69,72,70,63,68,69,68,70,62,71,76,70,67,72,73,62,68,67,66,64,70,64,66,68,62,72,59,74,64,73,65,75,75,73,62,70,69,68,68,74,65,82,75,68,66,66,74,63,69,65,65,72,70,66,64,71,75,69,50,74,72,77,77,75,70,73,75,75,71,73,71,74,71,68,125,28,59,30,31,53,32,26,17,26,33,27,31,26,31,27,37,30,28,47,62,19,57,29,60,62,47,28,32,36,49,26,29,48,19,11,13,56,13,0,45,28,47,42,24,15,22,31,42,28,27,26,29,82,26,55,22,31,36,54,71,34,23,11,51,61,24,17,63,30,46,26,50,18,56,27,33,25,28,24,53,21,79,29,36,18,28,32,34,51,31,51,31,51,41,45,40,47,55,50,45,50,41,32,43,47,41,45,45,53,43,48,52,45,34,31,32,29,30,27,32,40,13,28,27,41,28,32,46,45,53,14,32,39,31,28,30,42,108,25,34,94,29,55,52,41,37,38,40,39,46,26,30,29,36,28,36,35,36,32,38,36,24,47,30,27,28,25,36,36,23,37,25,40,33,34,36,31,32,31,33,25,24,32,35,50,30,28,45,20,33,33,34,34,43,34,41,35,30,34,35,37,31,27,32,26,34,30,34,29,25,29,23,39,33,23,38,35,20,24,32,23,32,272,24,24,29,31,25,32,32,34,43,45,35,32,33,34,21,27,39,39,36,28,38,39,45,36,40,39,32,21,40,27,26,40,34,38,39,28,36,42,20,34,34,31,37,37,27,34,38,37,34,41,38,35,37,34,39,28,35,31,26,21,37,35,24,34,24,25,32,25,35,35,33,34,22,33,41,34,41,32,36,32,35,36,33,33,37,32,31,32,35,34,34,36,36,40,20,41,26,30,24,24,24,34,25,36,24,19,23,20,31,35,35,33,34,32,31,28,31,90,29,36,34,35,71,28,35,30,31,25,31,32
EPI_ISL_1936141,139,137,137,134,133,79,130,88,79,87,84,94,122,106,106,96,108,110,100,98,98,75,80,65,66,83,83,62,62,63,83,63,61,61,63,50,38,54,56,66,66,56,67,67,40,59,62,57,72,72,72,47,65,60,68,77,74,69,69,60,62,62,60,62,61,64,65,63,61,63,61,66,58,63,60,63,64,62,57,60,61,60,64,54,63,64,62,61,66,65,56,62,61,60,58,64,58,58,60,56,66,48,68,58,67,54,69,69,61,56,64,63,62,62,68,59,74,69,62,60,60,66,55,61,59,59,66,64,60,58,65,69,63,73,68,66,71,71,69,64,65,69,69,65,67,65,68,65,58,120,49,54,53,56,76,21,49,48,49,58,50,54,51,52,52,60,55,49,72,57,52,80,50,57,57,70,51,55,59,50,47,54,49,48,40,42,43,40,45,0,51,42,43,47,44,41,20,27,51,50,47,52,77,45,42,47,46,37,43,66,41,48,42,46,48,49,46,60,53,71,45,75,47,51,52,56,48,51,53,78,50,74,50,39,47,51,55,55,48,36,38,34,34,28,28,25,31,44,40,31,39,28,57,26,30,29,31,31,42,28,31,41,42,41,38,39,36,37,38,39,35,46,39,34,26,35,35,31,42,40,47,43,42,34,35,41,27,95,36,21,101,36,62,39,26,44,23,25,24,31,31,35,34,23,35,23,22,21,15,45,25,35,34,15,34,33,34,25,21,30,22,36,23,20,27,29,34,27,22,22,36,27,21,22,35,25,35,28,31,28,23,23,23,26,23,28,20,37,23,24,24,30,30,21,37,23,37,37,32,36,28,28,22,28,30,33,24,31,29,21,30,21,259,31,31,28,26,30,27,35,33,30,32,26,23,20,41,32,32,24,24,21,35,25,22,28,21,23,22,27,30,23,36,35,23,23,27,24,23,31,25,31,17,21,26,22,22,34,41,25,22,19,26,27,20,26,21,28,35,20,24,31,32,20,22,31,29,31,32,27,32,18,20,18,29,29,18,30,23,27,18,24,17,20,22,18,20,22,21,18,19,22,19,19,24,21,25,31,36,33,37,31,31,31,23,32,31,27,30,28,31,16,20,22,22,21,21,18,23,18,75,18,23,21,20,58,19,26,25,16,30,16,17
EPI_ISL_1936135,152,150,150,147,146,92,142,101,92,100,97,105,133,109,109,91,111,115,95,97,95,83,90,77,78,93,93,74,74,75,93,75,73,73,75,23,29,27,29,78,78,29,79,79,31,32,35,30,84,84,82,30,76,74,78,87,84,79,79,70,72,72,70,72,71,74,75,73,69,75,71,76,68,73,70,73,76,74,67,72,73,72,74,66,75,80,74,71,76,77,66,72,71,70,66,72,66,70,72,66,76,61,78,68,77,71,79,79,77,66,74,73,72,72,78,69,86,79,72,70,70,78,67,73,69,69,76,74,70,68,75,77,73,44,78,74,79,79,79,74,77,79,79,75,75,75,78,77,72,131,22,65,24,25,47,38,20,33,20,27,21,25,20,25,21,31,24,22,41,68,35,51,23,64,68,41,22,26,30,53,20,23,52,27,25,27,62,25,28,51,0,53,46,36,29,14,37,48,22,21,20,23,84,12,61,34,41,42,60,77,40,17,27,57,67,18,31,69,24,40,20,44,34,62,21,27,19,22,40,47,37,85,23,42,34,22,26,28,55,37,57,37,57,47,51,46,53,61,56,51,56,47,26,49,53,47,51,53,59,49,54,58,51,40,37,38,35,36,31,38,46,29,33,33,47,34,38,52,53,59,30,36,45,37,34,36,48,114,31,40,100,35,61,58,47,43,44,46,45,52,32,36,35,42,34,42,41,42,38,44,42,30,53,36,33,34,31,42,42,29,43,31,46,39,40,42,37,38,37,39,31,30,38,41,56,36,34,51,26,39,40,40,40,49,40,47,41,36,40,41,43,37,33,38,32,40,36,40,35,31,35,29,45,39,29,44,41,26,30,38,29,38,278,30,30,35,37,31,38,38,40,49,51,41,38,39,40,27,33,45,45,42,34,44,45,51,42,46,45,38,27,46,33,32,46,40,44,45,34,42,48,26,40,40,37,43,43,33,40,44,43,40,47,44,41,43,40,45,34,41,37,32,27,43,41,30,40,30,31,38,31,41,41,39,40,28,39,49,40,47,38,42,38,41,42,39,39,43,38,37,38,41,40,40,42,42,46,26,47,32,36,30,30,30,40,31,42,30,25,29,26,37,41,41,39,40,38,37,34,37,96,35,42,40,41,77,34,41,36,37,31,37,38
EPI_ISL_1936111,139,137,137,134,133,79,130,90,81,89,86,94,122,106,106,98,108,110,102,98,98,81,86,71,72,89,89,68,68,69,89,69,67,67,69,52,40,56,58,72,72,58,73,73,42,61,64,59,78,78,78,49,29,68,74,83,80,75,75,66,68,68,66,68,67,70,71,69,67,71,67,72,64,69,66,69,72,70,63,68,69,68,70,62,71,74,70,67,72,74,62,68,67,66,64,70,64,66,68,62,72,56,74,64,73,63,75,75,71,62,70,69,68,68,74,65,82,75,68,66,66,74,63,70,65,65,72,70,66,64,71,75,69,77,74,72,77,77,75,70,73,75,75,71,73,71,74,71,66,82,51,18,55,58,80,29,51,50,51,60,52,56,53,56,54,62,57,51,74,19,54,84,52,19,19,72,53,57,61,54,49,56,53,50,42,44,53,42,47,42,53,0,47,49,46,43,28,37,53,52,49,54,41,47,52,49,54,39,51,30,43,50,44,6,58,51,48,20,55,73,49,77,49,11,54,56,50,53,55,80,52,38,52,42,49,53,57,57,14,40,48,37,48,38,42,37,45,53,50,43,47,39,59,40,44,40,42,44,51,38,45,49,44,43,40,41,38,39,40,40,37,48,41,36,36,37,38,41,44,50,49,45,45,37,37,43,39,105,38,31,103,38,64,49,38,46,35,37,36,43,35,39,38,33,37,33,32,33,29,47,33,37,44,27,36,37,36,33,35,32,34,38,37,30,35,37,36,29,30,30,38,29,29,32,47,33,37,42,33,36,31,31,31,40,31,38,32,39,31,32,34,34,32,29,39,31,39,39,36,38,30,30,36,36,32,37,32,33,31,29,32,29,269,33,33,30,34,32,29,37,41,38,42,34,31,30,43,34,34,36,36,33,37,35,36,42,31,37,36,29,32,37,38,37,37,31,35,38,25,33,39,33,31,31,28,32,32,36,43,35,32,31,36,33,32,34,31,36,37,32,32,33,34,34,32,33,31,33,34,29,34,32,30,30,31,31,30,40,31,38,29,33,29,32,33,30,30,34,29,28,29,32,31,29,33,31,35,33,38,35,39,33,33,33,31,34,33,29,32,30,33,28,32,32,30,31,29,28,25,28,87,26,33,31,32,68,27,34,27,28,32,28,29
EPI_ISL_1936104,144,142,142,139,138,84,135,93,84,92,89,99,127,111,109,99,113,115,103,101,99,81,88,73,74,91,91,70,70,71,91,71,69,69,71,47,37,51,53,74,74,53,75,75,39,56,59,54,80,80,78,44,70,70,74,83,80,75,72,66,68,68,66,68,67,70,71,69,67,71,67,72,62,69,66,69,72,70,63,68,67,68,70,62,71,76,70,67,72,71,62,68,67,66,64,70,64,66,68,62,72,55,72,64,73,67,73,73,73,62,68,69,68,68,74,65,82,75,68,66,66,74,63,69,65,65,70,70,66,64,71,75,69,68,74,72,77,77,75,70,73,75,75,71,73,71,74,73,68,125,44,59,48,51,73,32,44,45,44,53,45,49,46,49,47,55,50,44,67,62,49,77,45,62,62,65,46,46,54,9,42,45,10,43,39,41,56,37,42,43,46,47,0,44,41,38,31,42,46,45,42,47,84,40,53,46,51,38,54,71,38,43,39,51,61,44,43,65,48,66,42,68,44,56,47,51,43,46,50,73,47,79,45,38,44,46,46,50,53,35,51,33,49,41,45,40,47,55,50,45,50,41,52,41,47,41,43,47,54,41,48,52,45,38,35,36,33,34,31,36,40,43,36,31,41,32,34,46,47,53,44,38,41,33,32,38,42,108,33,34,98,33,59,52,41,41,38,40,39,46,30,34,33,36,32,36,35,36,32,42,36,32,47,30,31,32,31,36,38,27,37,31,40,33,36,38,35,30,31,33,33,26,32,35,50,32,32,43,28,37,34,34,34,41,34,41,35,34,34,35,37,35,27,32,34,34,34,36,31,29,29,25,39,35,27,38,35,28,26,32,27,32,272,28,28,31,33,27,32,30,36,43,45,37,34,33,38,29,29,37,39,36,32,38,39,45,36,40,39,32,27,40,33,32,40,34,38,41,28,36,42,28,34,34,31,37,37,31,38,38,37,32,41,38,33,37,34,39,32,35,31,30,29,37,35,28,34,28,29,32,29,35,35,33,34,26,33,43,34,41,32,36,32,35,36,32,33,37,32,31,32,35,34,34,35,36,40,28,41,30,34,28,28,28,34,29,36,24,27,25,28,31,35,35,33,34,32,31,28,31,90,29,36,34,35,69,30,35,30,31,27,31,32
EPI_ISL_1936103,148,146,146,143,142,88,139,97,88,96,93,101,129,111,111,95,113,115,99,101,99,83,88,73,74,91,91,70,70,71,91,71,69,69,71,35,19,39,41,74,74,41,75,75,21,44,47,42,80,80,80,26,72,72,76,85,82,77,77,68,70,70,68,70,69,72,73,71,69,73,69,74,66,71,68,71,74,72,65,70,71,70,72,64,73,77,72,69,74,75,64,70,69,68,66,72,66,68,70,64,74,61,76,66,75,66,77,77,74,64,72,71,70,70,76,67,84,77,68,68,68,76,65,71,67,67,74,72,68,66,73,77,71,60,76,74,79,79,77,72,75,77,77,73,75,73,76,73,70,127,38,61,40,41,63,34,36,27,36,43,37,41,36,41,37,45,40,38,57,64,31,67,39,64,64,57,38,42,46,51,36,39,50,29,19,23,58,21,24,47,36,49,44,0,23,30,33,44,38,37,36,39,86,31,56,30,40,37,56,73,36,33,23,53,63,34,27,67,40,56,36,60,28,58,37,43,35,38,36,63,33,81,39,38,30,38,42,44,55,33,53,33,53,43,47,42,49,57,52,47,52,43,42,45,49,43,47,49,54,45,50,53,47,36,33,34,31,32,29,34,42,25,30,29,43,30,34,48,49,55,26,34,41,33,30,32,44,110,27,36,96,31,57,54,43,39,40,42,41,48,28,32,31,38,30,38,37,38,34,40,38,26,49,32,29,30,27,38,38,25,39,27,42,35,36,38,33,34,33,35,27,26,34,37,52,32,30,47,22,35,36,36,36,45,36,43,37,32,36,37,39,33,29,34,28,36,32,36,31,27,31,25,41,35,25,40,37,22,26,34,25,34,273,26,26,31,33,27,34,34,36,45,47,37,34,35,36,23,29,41,41,38,30,40,41,47,38,42,41,34,23,42,29,28,42,36,40,41,30,38,44,22,36,36,33,39,39,29,36,40,39,36,43,40,37,39,36,41,30,37,33,28,23,39,37,26,36,26,27,34,27,37,37,35,36,24,35,45,36,43,34,38,34,37,38,35,35,39,34,33,34,37,36,36,38,38,42,22,43,26,32,26,26,26,36,27,38,26,21,25,22,33,37,37,35,36,34,33,30,33,92,31,38,36,37,73,30,37,32,33,27,33,34
EPI_ISL_1936102,145,143,143,140,139,85,136,94,85,93,90,98,126,104,104,88,106,110,92,94,90,80,85,70,71,88,88,67,67,68,88,68,66,66,68,28,16,30,32,71,71,32,72,72,18,35,38,33,77,77,77,15,69,69,73,82,79,74,74,65,67,67,65,67,66,69,70,68,66,70,66,71,63,68,65,68,71,69,62,67,68,65,69,61,70,75,69,66,71,72,61,67,64,65,63,69,63,65,67,61,71,58,73,63,72,64,74,74,72,61,69,68,67,67,73,64,81,74,67,65,65,73,62,68,64,64,71,69,65,63,70,74,68,49,73,71,76,76,74,69,72,74,74,70,72,70,73,70,67,124,29,58,31,30,54,31,27,20,27,32,28,30,27,30,26,36,29,29,48,61,20,56,28,59,61,48,29,31,35,48,27,30,47,20,14,16,55,14,15,44,29,46,41,23,0,23,30,41,27,28,25,28,81,25,54,21,32,35,53,70,33,22,14,50,60,23,18,62,29,47,27,51,21,55,26,32,26,27,27,54,22,78,30,35,21,29,33,33,50,28,50,30,50,40,44,39,46,54,49,44,49,40,31,42,46,39,44,44,52,42,47,51,44,31,28,29,26,27,24,29,39,14,25,24,40,25,31,45,46,52,15,29,38,30,25,27,41,107,22,33,91,26,52,51,40,34,37,39,38,45,23,27,26,35,25,35,34,35,31,35,35,21,46,29,24,25,22,35,35,20,36,22,39,32,31,33,30,31,30,32,22,23,31,34,49,29,25,44,17,32,33,33,33,42,33,40,34,27,33,34,36,30,26,31,25,33,27,31,28,22,28,20,38,30,20,35,34,17,21,31,20,31,271,21,21,28,28,22,31,31,31,42,44,32,31,32,31,18,24,38,38,35,25,37,38,44,35,39,38,31,18,39,24,23,39,33,37,38,27,35,41,17,33,33,30,36,36,24,31,37,36,33,40,37,34,36,33,38,25,34,30,23,18,36,34,21,33,21,22,31,22,34,34,32,33,19,32,42,33,40,31,35,31,34,35,32,32,36,31,30,31,34,33,33,35,35,39,17,40,23,27,21,21,21,33,22,35,23,16,22,17,30,34,34,32,33,31,30,27,30,89,28,35,33,34,70,27,34,29,30,22,30,31
EPI_ISL_1936127,142,140,140,137,136,82,132,91,82,90,87,95,123,99,99,81,101,105,85,87,85,75,82,67,68,85,85,64,64,65,85,65,63,63,65,17,19,21,23,68,68,23,69,69,21,26,29,24,74,74,72,24,66,64,68,77,74,69,69,60,62,62,60,62,61,64,65,63,61,65,61,66,58,63,60,63,66,64,57,62,63,62,64,56,65,70,64,61,66,67,56,62,61,60,58,62,58,60,62,56,66,51,68,58,67,61,69,69,67,56,64,63,62,62,68,59,76,69,62,60,60,68,57,63,59,59,66,64,60,58,65,69,63,38,68,66,71,71,69,64,67,69,69,65,67,65,68,67,62,121,16,55,18,19,41,28,14,27,14,21,15,19,14,19,15,25,18,16,35,58,29,45,17,54,58,35,16,20,24,45,14,17,44,21,17,19,52,17,22,41,14,43,38,30,23,0,27,38,16,15,14,17,74,10,51,26,33,34,50,67,34,11,21,47,57,12,25,59,18,34,14,38,28,52,15,21,13,16,34,41,31,75,17,34,28,16,20,22,45,31,47,29,47,37,41,36,44,52,47,41,46,37,20,39,43,37,41,43,49,39,44,48,43,34,31,32,29,30,27,32,36,23,28,27,37,28,30,42,43,49,24,32,37,29,28,30,38,104,25,30,94,29,55,48,37,37,34,36,35,42,26,30,29,32,28,32,31,32,28,38,32,24,43,26,27,28,25,32,34,23,33,25,36,29,34,34,27,28,29,29,25,22,28,31,46,28,28,41,20,31,30,30,30,39,30,37,31,30,30,31,33,29,25,28,26,30,30,32,27,25,27,21,35,31,23,34,31,20,22,28,23,28,268,24,24,27,29,23,28,30,34,39,41,31,28,29,34,21,25,35,35,32,28,34,35,41,32,36,35,28,21,36,27,26,36,30,34,37,24,32,38,20,30,30,27,33,33,27,34,34,33,30,37,34,31,33,30,35,28,31,29,26,21,33,31,24,30,24,25,28,25,31,31,29,30,22,29,39,30,37,28,32,28,31,32,29,29,33,28,27,28,31,30,30,32,32,36,20,37,26,30,24,24,24,30,25,32,22,19,21,20,27,31,31,29,30,28,27,24,27,86,25,32,30,31,67,24,33,26,27,23,27,28
EPI_ISL_1936132,127,125,125,122,121,67,118,74,65,73,70,82,110,94,94,84,94,98,88,86,86,61,66,51,52,69,69,48,48,49,69,49,47,47,49,36,24,40,42,52,52,42,53,53,26,45,48,43,58,58,58,33,51,48,54,63,60,55,55,46,48,48,46,48,47,50,51,49,47,51,47,52,44,49,46,49,52,50,43,48,49,48,50,42,51,54,50,47,52,53,42,48,47,46,44,50,44,46,48,42,52,30,54,44,53,40,55,55,51,42,50,49,48,48,54,45,62,55,48,46,46,54,43,49,45,45,52,50,46,44,51,55,49,61,54,52,57,57,55,50,53,55,55,51,53,51,54,51,46,106,35,40,39,42,62,1,35,34,35,44,36,40,37,40,38,46,41,35,58,43,38,68,36,43,43,56,35,41,43,36,33,40,37,34,26,28,25,26,31,20,37,28,31,33,30,27,0,17,37,36,33,38,65,31,24,33,28,23,23,52,27,34,28,32,30,35,32,46,37,57,33,61,33,37,38,40,34,37,37,62,36,60,36,27,33,37,41,41,34,24,26,22,26,16,20,15,23,32,29,21,25,18,43,18,22,18,20,22,29,18,23,27,28,27,24,25,22,23,24,25,21,32,25,20,16,21,23,21,28,24,33,29,30,22,21,27,17,83,22,7,87,22,48,27,16,30,13,15,14,21,19,23,22,11,21,11,10,11,7,31,11,21,22,5,20,21,20,7,13,16,12,22,13,4,9,13,16,13,4,2,22,11,1,4,19,5,21,20,17,12,5,3,3,18,3,10,10,23,3,4,12,16,16,1,21,3,23,21,20,22,10,14,12,10,16,15,8,17,15,1,16,1,247,17,17,10,6,16,13,21,19,12,14,6,3,2,27,18,18,14,10,11,21,13,14,20,11,15,14,13,16,15,22,21,15,9,13,16,9,17,17,17,9,7,12,12,12,20,27,13,12,9,16,13,10,12,9,8,21,8,4,17,18,12,6,17,15,17,18,13,18,10,10,8,15,15,8,12,9,15,7,11,7,10,9,8,8,12,7,6,7,8,9,7,11,11,15,17,22,19,23,17,17,17,9,18,13,13,16,14,17,6,10,8,8,7,3,6,9,6,65,4,10,9,10,46,5,6,5,6,16,6,7
EPI_ISL_1936107,138,136,136,133,132,78,129,87,78,86,83,93,121,105,105,95,107,109,99,97,97,72,77,62,63,80,80,59,59,60,80,60,58,58,60,47,35,51,53,63,63,53,64,64,37,56,59,54,69,69,69,44,60,59,65,74,69,66,66,55,57,57,55,57,54,59,60,56,56,58,56,61,53,58,55,58,59,57,52,55,56,55,59,49,58,61,57,56,61,60,51,57,56,55,53,61,53,53,55,51,61,45,63,53,62,51,64,64,58,51,59,58,57,57,63,54,69,66,57,55,55,61,52,56,54,54,61,59,55,53,58,66,60,72,65,63,68,68,66,61,64,66,66,62,64,62,65,62,57,115,46,49,50,53,71,18,46,45,46,55,47,51,48,51,49,57,52,46,67,52,49,75,47,52,52,65,48,52,56,49,44,51,48,45,37,39,42,37,42,27,48,37,42,44,41,38,17,0,48,47,44,49,70,42,41,44,43,34,40,61,38,45,39,41,47,46,43,55,50,66,44,70,44,46,49,53,45,48,50,73,47,67,47,38,44,48,52,52,43,35,35,33,33,25,27,24,30,36,31,24,36,13,54,25,29,20,28,29,40,19,30,38,39,38,35,34,33,34,35,36,32,43,36,31,17,32,34,22,39,35,44,40,39,33,32,38,20,92,33,18,98,33,59,36,25,41,22,24,23,30,30,34,33,20,32,20,19,20,14,42,22,32,31,12,31,30,31,22,20,27,21,33,22,19,24,26,31,24,19,19,33,24,18,19,36,22,32,27,28,25,20,20,20,25,20,27,17,34,20,21,21,25,27,18,34,20,34,34,31,33,25,25,21,25,27,32,21,28,26,18,27,18,255,28,28,25,23,27,24,32,30,23,31,23,20,17,38,29,29,21,23,20,32,22,21,27,14,22,21,24,27,22,33,32,22,20,24,23,20,28,24,28,16,18,23,15,15,31,38,22,15,16,19,22,17,23,18,25,32,19,21,28,29,19,19,28,26,28,29,24,29,17,13,15,26,26,15,29,20,24,15,21,14,17,19,15,17,19,18,15,16,19,16,12,21,14,18,28,33,28,34,28,28,28,20,29,28,24,27,25,28,13,17,21,19,18,18,15,20,15,71,15,20,18,17,55,16,23,22,13,27,13,14
EPI_ISL_2566470,152,150,150,147,146,92,142,101,92,100,97,107,135,111,109,93,113,117,97,97,93,87,94,79,80,97,97,76,76,77,97,77,75,75,77,23,31,25,29,80,80,27,81,81,33,32,35,28,86,86,84,26,76,76,80,89,86,81,81,72,74,74,72,74,73,76,77,75,73,77,73,78,70,75,72,75,78,76,69,74,75,72,76,68,77,82,76,73,78,79,68,74,71,72,70,74,70,72,74,68,78,61,80,70,79,73,81,81,79,68,76,75,74,74,80,71,88,81,74,72,72,80,69,75,71,71,78,76,72,70,77,81,75,40,80,78,83,83,81,76,79,81,81,77,79,77,80,79,74,131,16,65,20,19,43,38,18,31,18,23,19,19,18,19,15,27,18,18,39,68,31,47,17,62,68,37,16,22,24,53,16,21,52,21,25,29,62,27,28,51,22,53,46,38,27,16,37,48,0,17,12,17,84,18,61,34,39,42,60,77,40,15,27,57,67,12,25,69,20,36,14,42,30,62,15,21,17,16,36,45,31,85,19,42,30,16,24,22,55,35,57,37,57,47,51,46,53,61,56,51,56,47,22,49,53,46,51,51,59,49,52,58,51,38,35,34,33,34,31,36,46,25,30,31,47,32,38,52,53,59,26,34,43,37,32,32,48,114,27,40,98,33,59,58,47,41,44,46,45,52,30,34,33,42,32,42,41,42,38,42,42,28,53,36,31,32,29,42,42,27,43,27,46,39,38,40,37,36,37,39,27,30,38,41,56,34,32,51,24,39,40,40,40,49,40,47,41,34,40,41,43,37,33,38,30,40,34,38,35,27,35,27,45,37,27,42,41,22,28,38,27,38,278,28,28,35,35,29,38,38,38,49,51,39,38,39,38,23,31,45,45,42,32,44,45,51,42,46,45,38,23,46,29,28,46,40,44,45,34,42,48,22,40,40,37,43,43,31,38,44,43,40,47,44,41,43,40,45,32,41,37,30,23,43,41,28,40,28,29,38,29,41,41,39,40,26,39,49,40,47,38,42,38,41,42,39,39,43,38,37,38,41,40,40,42,42,46,22,47,30,34,28,28,28,40,29,42,30,21,29,24,37,41,41,39,40,38,37,34,37,96,35,42,40,41,77,34,41,36,37,29,37,38
EPI_ISL_2566469,151,149,149,146,145,91,141,100,91,99,96,106,134,108,106,90,110,114,94,94,92,86,93,78,79,96,96,75,75,76,96,76,74,74,76,24,30,28,28,79,79,30,80,80,32,31,34,31,85,85,83,27,75,75,79,88,85,80,80,71,73,73,71,73,72,75,76,74,72,76,72,77,69,74,71,74,77,75,68,73,74,73,75,67,76,81,75,72,77,78,67,73,72,71,69,73,69,71,73,67,77,60,79,69,78,72,80,80,78,67,75,74,73,73,79,70,87,80,73,71,71,79,68,74,70,70,77,75,71,69,76,80,74,39,79,77,82,82,80,75,78,80,80,76,78,76,79,78,73,130,17,64,17,22,44,37,15,30,7,22,18,22,7,18,18,26,19,17,36,67,32,40,18,61,67,38,17,13,27,52,13,18,51,22,24,28,61,26,27,50,21,52,45,37,28,15,36,47,17,0,15,16,83,17,60,33,38,41,59,76,39,14,26,56,66,15,26,68,21,37,15,39,29,61,18,24,14,19,35,44,32,84,16,41,29,17,21,21,54,36,56,36,56,46,50,45,52,60,55,50,55,46,23,48,52,46,50,50,58,48,53,57,50,39,36,37,34,35,32,37,45,26,31,32,46,33,37,51,52,58,27,37,44,36,33,33,47,113,28,39,99,34,60,57,46,42,43,45,44,51,31,35,34,41,33,41,40,41,37,43,41,29,52,35,32,33,30,41,41,28,42,28,45,38,39,41,36,37,36,38,28,29,37,40,55,33,33,50,25,38,39,39,39,48,39,46,40,35,39,40,42,36,32,37,29,39,35,39,34,28,34,28,44,38,28,43,40,23,29,37,28,37,277,29,29,34,36,30,37,37,39,48,50,40,37,38,39,24,32,44,44,41,33,43,44,50,41,45,44,37,24,45,30,29,45,39,43,44,33,41,47,23,39,39,36,42,42,32,39,43,42,39,46,43,40,42,39,44,33,40,36,31,24,42,40,29,39,29,30,37,30,40,40,38,39,27,38,48,39,46,37,41,37,40,41,38,38,42,37,36,37,40,39,39,41,41,45,23,46,31,35,29,29,29,39,30,41,29,22,28,25,36,40,40,38,39,37,36,33,36,95,34,41,39,40,76,33,40,35,36,30,36,37
EPI_ISL_2566468,148,146,146,143,142,88,138,97,88,96,93,103,131,107,105,89,109,113,93,93,89,83,90,75,76,93,93,72,72,73,93,73,71,71,73,21,29,23,27,76,76,25,77,77,31,30,33,26,82,82,80,24,72,72,76,85,82,77,77,68,70,70,68,70,69,72,73,71,69,73,69,74,66,71,68,71,74,72,65,70,71,68,72,64,73,78,72,69,74,75,64,70,67,68,66,70,66,68,70,64,74,57,76,66,75,69,77,77,75,64,72,71,70,70,76,67,84,77,70,68,68,76,65,71,67,67,74,72,68,66,73,77,71,38,76,74,79,79,77,72,75,77,77,73,75,73,76,75,68,127,14,61,18,17,41,34,16,29,16,21,17,17,16,17,13,25,16,16,37,64,29,45,15,58,64,33,14,20,22,49,14,19,48,19,23,27,58,25,26,47,20,49,42,36,25,14,33,44,12,15,0,15,80,16,57,32,37,38,56,73,36,13,25,53,63,10,23,65,18,34,12,40,28,58,13,19,15,14,34,43,29,81,17,38,28,14,22,20,51,31,53,33,53,43,47,42,49,57,52,47,52,43,20,45,49,42,47,47,55,45,48,54,47,34,31,32,29,30,27,32,42,23,26,27,43,28,34,48,49,55,24,30,41,33,28,28,44,110,23,36,94,29,55,54,43,37,40,42,41,48,26,30,29,38,28,38,37,38,34,38,38,24,49,32,27,28,25,38,38,23,39,23,42,35,34,36,33,32,33,35,23,26,34,37,52,30,28,47,20,35,36,36,36,45,36,43,37,30,36,37,39,33,29,34,26,36,30,34,31,23,31,23,41,33,23,38,37,18,24,34,23,34,274,24,24,31,31,25,34,34,34,45,47,35,34,35,34,19,27,41,41,38,28,40,41,47,38,42,41,34,19,42,25,24,42,36,40,41,30,38,44,18,36,36,33,39,39,27,34,40,39,36,43,40,37,39,36,41,28,37,33,26,19,39,37,24,36,24,25,34,25,37,37,35,36,22,35,45,36,43,34,38,34,37,38,35,35,39,34,33,34,37,36,36,38,38,42,18,43,26,30,24,24,24,36,25,38,26,17,25,20,33,37,37,35,36,34,33,30,33,92,31,38,36,37,73,30,37,32,33,25,33,34
EPI_ISL_2566467,151,149,149,146,145,91,141,100,91,99,96,106,134,108,106,90,110,114,94,94,90,86,93,78,79,96,96,75,75,76,96,76,74,74,76,26,32,28,28,79,79,30,80,80,34,31,34,31,85,85,83,27,77,77,79,88,83,80,80,71,73,73,71,73,72,75,76,74,72,76,72,77,69,74,71,74,77,75,68,73,74,71,75,67,76,83,75,72,77,78,67,73,70,71,69,71,69,71,73,67,77,60,79,69,78,74,80,80,80,67,75,74,73,73,77,70,85,80,73,71,71,79,66,72,68,70,77,75,71,69,72,80,74,37,79,77,82,82,80,75,78,80,80,76,78,76,79,78,75,132,19,66,17,22,46,39,17,32,17,20,20,22,17,18,18,26,19,19,36,69,32,46,18,63,69,40,19,21,27,54,15,20,53,22,26,30,63,28,29,52,23,54,47,39,28,17,38,49,17,16,15,0,85,19,62,35,40,43,61,78,41,12,28,58,68,15,26,70,21,39,17,35,31,63,18,24,16,19,37,46,32,86,16,43,31,19,23,19,56,36,58,38,58,48,52,47,54,62,57,52,57,48,23,50,54,47,52,52,60,50,55,59,52,39,36,37,34,35,32,37,47,26,31,32,48,33,39,53,54,60,27,37,46,38,33,33,49,115,28,41,99,34,60,57,48,42,45,47,46,53,31,35,34,43,33,43,42,43,39,43,43,29,54,37,32,33,30,43,43,28,44,28,47,40,39,41,38,39,38,40,28,31,39,42,57,35,33,52,25,40,41,41,41,50,41,48,42,35,41,40,44,38,34,39,31,41,35,39,36,28,36,28,46,38,28,43,42,23,29,39,28,39,279,29,29,36,36,30,39,39,39,50,52,40,39,40,39,24,32,46,46,43,33,45,46,52,43,47,46,39,24,47,30,29,47,41,45,46,35,43,49,23,41,41,38,44,44,32,39,45,44,41,48,45,42,44,41,46,33,42,38,31,24,44,42,29,41,29,30,39,30,42,42,40,41,27,40,50,41,48,39,43,39,42,43,40,40,44,39,38,39,42,41,41,43,43,47,23,48,31,35,29,29,29,41,30,43,31,22,30,25,38,42,42,40,41,39,38,35,38,97,36,43,41,42,78,35,42,37,38,30,38,39
EPI_ISL_2510688,158,156,156,153,152,98,149,109,100,108,105,113,141,139,139,131,141,143,135,131,131,118,123,108,109,126,126,103,103,104,126,106,104,104,106,83,75,87,89,109,109,89,110,110,77,92,95,90,115,115,115,84,46,105,111,120,117,112,112,91,93,93,91,93,92,95,96,94,92,92,92,97,89,94,91,94,95,93,88,91,94,91,95,87,92,95,93,92,97,97,87,93,92,91,89,101,89,89,91,91,99,89,99,89,98,90,100,100,94,89,95,92,93,95,99,90,107,112,95,91,93,95,96,95,92,88,97,95,93,93,100,112,106,108,111,109,114,114,112,107,110,112,112,108,110,108,111,108,101,99,82,46,86,89,93,66,82,85,82,91,83,87,84,87,85,93,88,82,88,48,89,96,83,44,48,83,84,88,92,91,80,87,90,83,77,77,90,75,82,77,84,41,84,86,81,74,65,70,84,83,80,85,0,78,89,84,89,74,88,47,76,81,79,41,95,82,83,53,86,84,80,91,84,45,85,87,81,84,90,91,87,51,83,79,84,84,88,88,45,77,85,74,81,75,77,74,80,89,86,79,82,74,90,75,79,76,75,79,87,73,80,84,81,80,77,78,75,76,77,77,74,83,78,73,71,74,75,76,81,85,84,82,82,74,74,80,74,142,75,68,140,75,101,84,75,83,72,74,73,80,72,76,75,70,74,70,69,70,64,84,70,74,81,62,73,74,73,70,68,69,69,75,70,67,72,74,73,66,67,67,75,66,66,69,84,70,74,77,70,73,68,68,68,75,68,75,67,76,68,69,71,69,69,66,76,68,76,76,73,73,67,67,69,73,69,74,69,70,68,66,69,66,306,70,70,67,71,69,66,74,78,75,79,71,68,67,80,71,71,71,73,70,74,72,71,77,66,72,71,66,69,72,75,74,72,68,72,69,62,70,74,70,66,68,65,67,67,73,80,72,67,66,71,70,67,69,68,73,74,67,69,70,71,67,67,70,68,70,71,66,71,67,65,65,68,68,65,77,68,74,65,70,64,67,69,65,66,69,66,65,66,69,66,64,70,66,70,70,75,72,76,70,70,70,68,71,70,66,69,67,70,63,67,67,67,68,66,65,62,65,122,63,70,67,67,105,64,71,64,63,69,63,64
EPI_ISL_1936244,146,144,144,141,140,86,136,95,86,94,91,99,127,103,103,87,105,109,91,93,91,77,84,71,72,87,87,68,68,69,87,69,67,67,69,19,23,23,25,72,72,25,73,73,25,28,31,26,78,78,76,26,70,68,72,81,78,73,73,64,66,66,64,66,65,68,69,67,63,69,65,70,62,67,64,67,70,68,61,66,67,66,68,60,69,74,68,65,70,71,60,66,65,64,60,66,60,64,66,60,70,55,72,62,71,65,73,73,71,60,68,67,66,66,72,63,80,73,66,64,64,72,61,67,63,63,70,68,64,62,69,71,67,40,72,68,73,73,73,68,71,73,73,69,69,69,72,71,66,125,18,59,20,21,43,32,16,29,16,23,17,21,16,21,17,27,20,18,37,62,31,47,19,56,62,37,18,20,26,47,16,17,46,23,19,23,56,23,26,45,12,47,40,31,25,10,31,42,18,17,16,19,78,0,51,28,31,32,54,71,36,15,25,51,61,14,27,63,20,36,16,38,30,56,17,23,15,18,36,43,33,79,19,38,30,18,20,24,49,33,51,33,51,41,45,40,48,56,51,45,50,41,22,43,47,41,45,47,53,43,48,52,45,36,33,34,31,32,27,34,40,25,27,29,41,30,34,46,47,53,26,32,41,33,30,30,42,108,25,34,96,31,57,52,41,39,38,40,39,46,28,32,31,36,30,36,35,36,32,40,36,26,47,30,29,30,27,36,36,25,37,25,40,33,36,36,31,32,33,33,25,26,32,35,50,30,30,45,22,33,34,34,34,43,34,41,35,32,34,35,37,31,29,32,26,34,32,34,31,25,31,25,39,33,25,38,35,20,26,32,25,32,272,26,26,31,31,27,32,34,36,43,45,35,32,33,36,21,29,39,39,36,30,38,39,45,36,40,39,32,21,40,27,26,40,34,38,39,28,36,42,20,34,34,31,37,37,29,36,38,37,34,41,38,35,37,34,39,30,35,33,28,21,37,35,26,34,26,27,32,27,35,35,33,34,24,33,43,34,41,32,36,32,35,36,33,33,37,32,31,32,35,34,34,36,36,40,20,41,28,32,26,26,26,34,27,36,26,19,25,22,31,35,35,33,34,32,31,28,31,90,29,36,34,35,71,28,37,30,31,27,31,32
EPI_ISL_1936251,147,145,145,142,141,89,138,96,87,95,92,104,132,116,116,106,116,120,110,106,106,85,90,75,76,93,93,72,72,73,93,73,71,71,73,60,48,64,66,76,76,66,77,77,50,69,72,67,82,82,82,57,75,72,78,87,84,79,79,70,72,72,70,72,71,74,75,73,71,73,71,76,68,73,70,73,74,72,67,70,71,72,72,64,73,76,72,69,74,75,66,70,71,70,68,74,68,70,72,66,76,50,76,66,75,64,77,77,73,66,74,71,72,72,76,69,84,79,72,68,70,78,65,69,67,67,76,74,70,68,75,79,73,85,78,76,81,81,79,74,77,79,79,75,77,75,78,75,70,128,59,64,63,66,84,25,59,58,59,68,60,64,61,64,62,70,65,59,82,67,62,88,60,67,67,80,59,63,67,58,57,62,59,58,50,52,15,50,55,42,61,52,53,56,54,51,24,41,61,60,57,62,89,51,0,57,42,31,17,76,49,58,52,56,24,59,56,70,61,79,55,81,57,61,62,64,58,61,60,86,60,84,60,49,57,61,63,65,58,48,50,44,50,40,42,39,45,55,52,44,49,42,67,40,44,41,44,44,52,42,47,51,52,51,48,49,46,47,48,49,45,56,49,44,40,45,45,45,52,44,57,53,52,44,45,51,41,105,46,31,111,46,72,51,40,54,37,39,38,45,43,47,46,35,44,35,34,35,31,54,35,45,46,29,43,45,44,31,37,40,36,46,37,28,33,37,40,37,28,26,46,35,25,28,15,29,45,42,41,36,29,27,27,40,27,22,34,47,27,28,36,40,40,25,45,27,47,45,42,46,34,38,36,34,40,39,32,41,39,25,40,25,271,41,41,34,30,40,37,45,43,36,22,30,27,26,51,42,42,38,34,35,45,37,36,42,35,37,36,37,40,37,46,45,37,33,37,40,33,41,39,41,33,31,36,36,36,44,51,37,36,33,40,37,34,36,33,32,45,32,28,41,42,36,30,41,39,41,42,37,42,32,34,32,39,39,32,24,33,39,31,35,31,34,33,32,32,36,31,30,31,32,33,31,35,35,39,41,46,43,47,41,41,41,33,42,37,37,40,38,41,30,34,32,32,31,27,30,33,30,89,28,34,33,34,70,29,22,29,30,40,30,31
EPI_ISL_1936255,148,146,146,143,142,88,139,97,88,96,93,101,129,107,107,91,109,113,95,97,95,82,87,72,73,90,90,69,69,70,90,70,68,68,70,33,21,37,39,73,73,39,74,74,23,42,45,40,79,79,79,24,72,69,75,84,81,76,76,68,70,70,68,70,69,72,73,71,69,73,69,74,66,71,68,71,74,72,65,70,71,70,72,64,73,76,72,69,74,75,64,70,69,68,66,72,66,68,70,64,74,61,76,66,75,67,77,77,73,64,72,71,70,70,76,67,84,76,70,68,68,76,65,71,67,67,74,72,68,66,73,76,70,56,75,73,78,78,76,71,74,76,76,72,72,72,75,72,67,127,34,61,36,37,59,34,32,27,32,39,33,37,32,37,33,43,36,34,53,64,29,63,35,62,64,53,34,38,42,53,32,35,52,27,19,21,58,21,22,47,34,49,46,30,21,26,33,44,34,33,32,35,84,28,57,0,33,38,56,73,38,29,21,53,63,30,25,65,36,52,32,56,28,58,33,39,31,34,34,59,31,81,35,40,28,34,38,40,53,35,53,35,53,43,45,42,48,58,53,47,52,43,38,43,48,43,47,46,55,45,50,54,45,38,35,36,33,34,31,36,42,23,32,31,43,32,36,48,49,53,24,36,43,35,32,34,44,110,29,36,98,33,59,54,43,41,40,42,41,48,30,34,33,38,32,38,37,38,34,42,38,28,49,32,31,32,29,38,38,27,39,29,42,35,38,38,33,34,35,35,29,28,34,37,52,34,32,47,24,35,36,36,36,45,36,43,37,34,36,37,39,33,31,34,30,36,34,36,33,29,33,27,41,35,27,40,37,24,28,34,27,34,274,28,28,33,33,29,34,36,38,45,47,37,34,35,38,25,31,41,41,38,32,40,41,47,38,42,41,34,25,42,31,30,42,36,40,41,30,38,44,24,36,36,33,39,39,31,38,40,39,36,43,40,37,39,36,41,32,37,35,30,25,39,37,28,36,28,29,34,29,37,37,35,36,26,35,45,36,43,34,38,34,37,38,35,35,39,34,33,34,37,36,36,38,38,42,24,43,30,34,28,28,28,36,29,38,28,23,27,24,33,37,37,35,36,34,33,30,33,92,31,38,36,37,73,30,39,32,33,29,33,34
EPI_ISL_1936259,153,151,151,148,147,93,144,102,93,101,98,106,134,112,114,98,112,118,102,104,102,85,90,75,76,93,93,72,72,73,93,73,71,71,73,40,30,44,46,76,76,46,77,77,32,49,52,47,82,82,82,31,77,72,78,87,84,79,79,70,72,72,70,72,71,74,75,73,71,75,71,76,68,73,70,73,76,74,67,72,73,72,74,66,75,78,74,71,76,77,66,72,71,70,68,74,68,70,72,66,76,58,78,68,77,64,79,79,75,66,74,73,72,72,78,69,86,79,72,70,70,78,67,73,69,69,76,74,70,68,74,79,73,61,78,76,81,81,79,74,77,79,79,75,77,75,78,75,70,132,37,66,41,42,64,29,35,32,35,44,36,40,37,42,38,48,41,37,58,69,36,68,38,65,69,58,39,41,45,58,35,40,57,34,26,30,45,32,31,46,41,54,51,40,32,33,28,43,39,38,37,40,89,31,42,33,0,37,41,78,41,36,30,58,50,35,32,70,39,57,35,61,33,63,38,42,34,37,38,64,36,86,38,45,33,39,41,43,58,40,52,40,52,42,46,41,49,57,52,46,51,42,43,44,48,42,46,46,54,44,49,53,52,43,40,41,38,39,38,41,47,30,37,36,42,37,41,47,54,48,31,43,48,40,37,39,43,109,34,33,103,38,64,53,42,46,39,41,40,47,35,39,38,37,36,37,36,37,33,46,37,35,48,31,35,37,36,35,37,32,38,34,39,30,33,35,34,39,30,30,34,31,29,32,39,29,37,46,31,32,33,31,31,44,31,34,36,39,31,31,38,36,36,29,33,31,39,39,38,34,36,32,38,30,32,41,34,29,33,29,32,29,273,33,33,34,28,34,39,41,37,40,40,34,29,30,43,30,36,40,38,37,37,39,40,46,37,41,40,39,30,41,36,35,41,35,39,40,35,43,43,29,35,33,38,38,38,36,43,39,38,35,42,39,36,38,35,36,37,34,30,35,30,38,32,33,41,33,34,39,34,36,36,34,41,31,34,36,35,41,33,37,33,36,35,34,34,38,33,32,33,34,35,33,37,37,41,29,48,35,39,33,33,33,35,34,39,33,28,32,31,32,36,34,34,33,29,32,35,32,91,30,36,35,36,72,31,32,33,32,34,32,33
EPI_ISL_1936252,138,136,136,133,132,78,129,87,78,86,83,93,121,103,103,93,105,107,97,95,95,77,82,67,68,85,85,64,64,65,85,65,63,63,65,41,31,45,47,68,68,47,69,69,33,50,53,48,74,74,74,38,62,64,70,79,76,71,71,60,62,62,60,62,61,64,65,63,61,65,61,66,58,63,60,63,66,64,57,62,63,62,64,56,65,68,64,61,66,67,56,62,61,60,58,64,58,60,62,56,66,49,68,58,67,57,69,69,65,56,64,63,62,62,68,59,74,71,62,60,60,68,59,63,59,59,66,64,60,58,65,71,65,66,70,68,73,73,71,66,69,71,71,67,69,67,70,67,62,117,40,51,44,47,67,24,40,39,40,49,41,45,42,45,43,51,46,40,61,54,43,71,41,54,54,59,42,44,50,45,38,43,44,39,31,33,38,33,36,37,42,39,38,37,35,34,23,34,42,41,38,43,74,32,31,38,37,0,36,63,26,39,33,43,43,40,37,57,44,60,38,62,38,48,43,47,39,42,44,67,41,69,41,34,38,42,44,46,45,27,43,29,43,33,35,32,38,48,45,38,42,34,48,33,37,34,37,37,45,35,40,44,37,30,27,28,25,26,29,28,32,37,30,23,33,24,30,38,39,43,38,34,37,29,24,32,34,100,27,26,90,27,53,44,33,33,30,32,31,38,22,26,25,28,24,28,27,28,24,34,28,26,39,22,23,26,25,28,28,19,29,27,32,25,28,28,25,24,25,25,27,20,24,27,32,28,24,35,22,27,26,26,26,33,26,29,27,26,26,27,29,25,25,24,28,26,26,28,27,27,25,21,31,29,19,28,27,22,22,24,19,24,264,20,20,23,25,23,24,30,30,35,35,29,24,25,30,23,25,31,31,28,26,30,29,35,28,30,29,24,21,30,27,26,30,26,30,31,20,28,32,22,26,26,23,29,29,23,30,30,29,26,33,30,27,29,26,31,26,27,25,22,23,29,27,20,26,20,21,24,21,25,27,25,26,18,25,31,26,33,24,28,24,27,28,25,25,29,24,23,24,27,26,26,28,28,32,22,33,24,26,20,20,20,26,21,28,22,21,21,22,23,27,27,25,26,24,23,20,23,82,21,28,26,27,63,22,25,22,23,23,23,24
EPI_ISL_1936257,148,146,146,143,142,88,139,93,86,92,89,103,131,115,115,105,115,119,109,107,107,84,89,74,75,92,92,71,71,72,92,72,70,70,72,59,47,63,65,75,75,65,76,76,49,68,71,66,81,81,81,56,74,71,77,86,83,78,78,69,71,71,69,71,70,73,74,72,70,74,70,75,67,72,69,72,75,73,66,71,72,71,73,65,74,77,73,70,75,76,65,71,70,69,67,73,67,69,71,65,75,51,77,67,76,63,78,78,74,65,73,72,71,71,77,68,85,78,71,69,69,77,66,70,68,68,75,73,69,67,74,78,72,84,77,75,80,80,78,73,76,78,78,74,76,74,77,74,69,129,58,63,62,65,85,24,58,57,58,67,59,63,60,63,61,69,64,58,81,66,61,89,59,66,66,79,58,64,66,59,56,63,60,57,49,51,14,49,54,43,60,51,54,56,53,50,23,40,60,59,56,61,88,54,17,56,41,36,0,75,48,57,51,55,23,58,55,69,60,78,56,84,56,60,61,63,57,60,59,85,59,83,59,50,56,60,64,64,57,47,49,45,49,39,41,38,44,54,52,44,48,41,66,39,43,41,43,43,52,41,46,50,51,50,47,48,45,46,47,48,44,55,46,43,39,44,46,44,51,43,56,52,53,45,44,50,40,106,45,30,110,45,71,50,39,53,36,38,37,44,42,46,45,34,43,34,33,34,30,53,34,44,45,28,42,44,43,30,36,39,35,45,36,27,32,36,39,36,27,25,45,34,24,27,16,28,44,41,40,35,28,26,26,39,26,23,33,46,26,27,35,39,39,24,44,26,46,44,43,45,33,37,35,33,39,38,31,40,38,24,39,24,270,40,40,33,29,39,36,44,42,35,23,29,26,25,50,41,41,37,33,34,44,36,35,41,34,36,35,36,39,36,45,44,36,32,36,39,32,40,38,40,32,30,35,35,35,43,50,36,35,32,39,36,33,35,32,31,44,31,27,40,41,35,29,40,38,40,41,36,41,31,33,31,38,38,31,25,32,38,30,34,30,33,32,31,31,35,30,29,30,31,32,30,34,34,38,40,45,42,46,40,40,40,32,41,36,36,39,37,40,29,33,31,31,30,26,29,32,29,88,27,33,32,33,69,28,21,28,29,39,29,30
EPI_ISL_2955336,138,136,136,133,132,84,135,95,87,94,91,87,115,117,117,109,113,121,113,121,121,103,108,93,94,111,111,88,88,89,111,91,89,89,91,62,62,68,68,94,94,70,95,95,64,71,74,71,100,100,100,71,11,90,96,105,102,97,97,90,92,92,90,92,91,94,95,93,91,95,91,96,88,92,90,93,96,94,87,90,93,92,94,86,95,98,94,90,96,98,86,92,91,90,88,94,88,90,92,86,96,80,98,87,97,87,98,98,95,86,94,93,92,92,98,89,106,97,92,90,90,98,87,94,89,89,96,94,90,88,95,97,91,87,96,94,99,99,97,92,95,97,91,93,95,93,96,93,88,66,75,39,79,68,104,53,75,74,75,84,76,80,77,80,78,72,81,75,98,40,76,108,76,41,41,96,77,81,85,78,73,80,77,74,66,68,77,66,71,66,77,30,71,73,70,67,52,61,77,76,73,78,47,71,76,73,78,63,75,0,67,74,68,32,70,75,72,44,79,97,73,101,73,34,78,80,73,77,79,104,76,64,76,66,73,76,79,81,34,64,72,61,72,62,66,61,69,77,74,67,71,63,67,64,68,64,66,68,75,62,69,73,68,67,64,65,62,63,64,63,61,70,65,60,60,61,62,65,68,68,71,69,69,61,61,67,63,129,62,55,127,62,88,73,62,68,59,61,60,67,59,63,62,57,61,57,56,57,53,71,57,61,68,51,60,61,60,57,59,56,58,62,61,54,59,61,60,53,54,54,62,53,53,56,71,57,61,66,57,60,55,55,55,64,55,61,56,63,55,56,58,58,56,53,63,55,63,63,60,62,54,54,60,60,56,61,56,57,55,53,56,53,293,57,57,54,58,56,53,61,65,62,66,58,55,54,67,58,58,60,60,57,61,57,60,66,55,61,60,53,56,61,62,61,61,55,59,62,49,57,63,57,55,55,46,56,56,60,67,59,56,55,60,57,56,58,55,60,61,56,56,57,58,58,56,57,55,57,58,53,58,56,54,54,55,55,54,64,55,62,53,57,53,56,57,54,54,58,53,52,53,56,55,53,57,55,59,57,62,59,63,57,57,57,55,58,57,53,56,54,57,52,56,56,54,55,53,52,49,50,111,50,57,55,56,92,51,58,51,52,56,52,53
EPI_ISL_1936274,142,139,140,137,136,82,133,89,80,88,85,97,125,105,105,95,107,109,97,97,97,80,84,70,71,87,87,67,67,68,87,68,66,66,68,39,31,43,45,71,71,45,72,72,33,48,51,46,77,77,75,36,66,67,73,82,79,74,72,62,64,64,62,64,63,66,67,65,63,67,63,68,60,65,62,65,68,66,59,64,65,64,66,58,67,70,66,63,68,69,58,64,63,62,60,66,60,62,64,56,67,53,70,60,69,59,71,71,67,58,66,65,64,64,69,61,78,74,64,62,62,70,61,64,61,61,68,66,61,60,67,74,68,64,73,71,76,76,74,69,72,74,74,70,72,70,73,70,65,121,38,55,42,45,63,28,38,37,38,47,39,43,40,43,41,49,44,38,57,58,41,67,39,58,58,55,38,44,48,45,36,43,44,37,31,33,50,31,34,41,40,43,38,36,33,34,27,38,40,39,36,41,76,36,49,38,41,26,48,67,0,37,31,47,55,38,35,61,42,56,36,60,36,52,41,45,37,40,42,63,39,71,39,32,36,40,44,44,49,25,47,27,47,37,41,36,43,51,46,41,46,37,46,39,43,37,41,43,49,39,44,48,41,26,25,24,23,24,27,26,36,35,28,21,37,20,28,42,43,49,36,32,35,27,20,30,38,104,25,30,88,25,51,48,37,31,34,36,35,42,20,24,23,32,22,32,31,32,28,32,32,24,43,26,21,24,23,32,32,17,33,25,36,29,30,32,27,28,27,29,25,20,28,31,44,28,22,41,20,29,30,30,30,39,30,37,31,24,30,31,33,27,23,28,26,30,24,28,25,23,25,19,35,29,17,32,29,20,20,28,15,28,268,16,18,25,27,21,28,28,26,39,41,33,28,29,28,21,23,35,35,32,24,34,33,39,32,34,33,28,19,34,25,24,34,30,34,35,24,32,36,20,30,30,27,33,33,21,28,34,33,28,37,34,29,33,30,33,24,31,27,22,21,33,31,18,30,18,19,28,19,31,31,29,30,16,29,39,30,37,28,32,28,31,31,29,29,33,28,27,28,31,28,30,32,32,36,20,37,22,24,18,18,18,30,19,32,20,19,19,20,27,31,31,29,30,28,27,24,27,86,25,32,30,31,67,26,31,26,27,21,27,28
EPI_ISL_1936275,149,147,147,144,143,89,139,98,89,97,94,102,130,104,104,86,106,110,90,92,88,82,89,74,75,92,92,71,71,72,92,72,70,70,72,20,26,22,22,75,75,24,76,76,28,25,28,25,81,81,79,23,73,71,75,84,81,76,76,67,69,69,67,69,68,71,72,70,68,72,68,73,65,70,67,70,73,71,64,69,70,67,71,63,72,77,71,68,73,74,63,69,66,67,65,69,65,67,69,63,73,58,75,65,74,68,76,76,74,63,71,70,69,69,75,66,83,76,69,67,67,75,64,70,66,66,73,71,67,65,72,76,70,33,75,73,78,78,76,71,74,76,76,72,74,72,75,74,69,128,17,62,15,18,42,35,13,28,13,16,16,18,13,16,14,22,15,17,32,65,28,42,16,61,65,36,17,17,23,50,13,16,49,20,22,24,59,22,23,48,17,50,43,33,22,11,34,45,15,14,13,12,81,15,58,29,36,39,57,74,37,0,22,54,64,11,24,66,17,35,15,35,29,59,14,20,12,15,35,42,30,82,14,39,29,17,19,17,52,32,54,34,54,44,48,43,50,58,53,48,53,44,19,46,50,43,48,48,56,46,51,55,48,35,32,33,30,31,28,33,43,22,29,28,44,29,35,49,50,56,23,33,42,34,29,31,45,111,26,37,95,30,56,55,44,38,41,43,42,49,27,31,30,39,29,39,38,39,35,39,39,25,50,33,28,29,26,39,39,24,40,26,43,36,35,37,34,35,34,36,26,27,35,38,53,33,29,48,21,36,37,37,37,46,37,44,38,31,37,38,40,34,30,35,29,37,31,35,32,26,32,24,42,34,24,39,38,21,25,35,24,35,275,25,25,32,32,26,35,35,35,46,48,36,35,36,35,22,28,42,42,39,29,41,42,48,39,43,42,35,22,43,28,27,43,37,41,42,31,39,45,21,37,37,34,40,40,28,35,41,40,37,44,41,38,40,37,42,29,38,34,27,22,40,38,25,37,25,26,35,26,38,38,36,37,23,36,46,37,44,35,39,35,38,39,36,36,40,35,34,35,38,37,37,39,39,43,21,44,27,31,25,25,25,37,26,39,27,20,26,21,34,38,38,36,37,35,34,31,34,93,32,39,37,38,74,31,38,33,34,26,34,35
EPI_ISL_1936273,143,141,141,138,137,83,134,92,83,91,88,96,124,102,102,86,104,108,90,90,90,78,83,68,69,86,86,65,65,66,86,66,64,64,66,28,14,32,34,69,68,34,70,70,16,37,40,35,74,74,75,13,67,67,71,80,77,72,72,63,65,65,63,65,64,67,68,66,64,68,64,69,61,66,63,66,69,67,60,65,66,65,67,59,68,73,67,64,69,70,59,65,64,63,61,67,61,63,65,59,69,56,71,61,70,62,72,72,70,59,67,66,65,65,71,62,79,72,65,63,63,71,60,66,62,62,69,67,63,61,68,72,66,49,71,69,74,74,72,67,70,72,72,66,70,68,71,68,65,122,27,56,29,30,52,29,25,16,25,32,26,30,25,30,26,36,29,27,46,59,18,56,28,57,59,46,27,31,35,46,25,28,45,18,10,12,53,12,11,42,27,44,39,23,14,21,28,39,27,26,25,28,79,25,52,21,30,33,51,68,31,22,0,48,58,23,16,60,29,45,25,49,17,53,26,32,24,27,23,52,20,76,28,33,17,27,31,33,48,28,48,28,48,38,42,37,44,52,47,42,47,38,31,40,44,38,42,42,50,40,45,49,42,31,28,29,26,27,26,29,37,12,27,24,38,25,29,43,44,50,13,31,36,28,25,29,39,105,24,31,91,26,52,49,38,34,35,37,36,43,23,27,26,33,25,33,32,33,29,35,33,23,44,27,24,25,22,33,33,20,34,24,37,30,31,33,30,29,28,30,24,21,29,32,47,27,25,42,19,30,31,31,31,40,31,38,32,27,31,32,34,28,24,29,25,31,27,31,26,24,26,20,36,30,20,35,32,19,21,29,20,29,269,21,21,26,28,22,29,29,31,40,42,32,29,30,31,20,24,36,36,33,25,35,36,42,33,37,36,29,18,37,24,23,37,31,35,36,25,33,39,19,31,31,28,34,34,24,31,35,34,31,38,35,32,34,31,36,25,32,28,23,20,34,32,21,31,21,22,29,22,32,32,30,31,19,30,40,31,38,29,33,29,32,33,30,30,34,29,28,29,32,31,31,33,33,37,19,38,23,27,21,21,21,31,22,33,21,18,20,19,28,32,32,30,31,29,28,25,28,87,26,33,31,32,68,25,32,27,28,22,28,29
EPI_ISL_1936276,143,141,141,138,137,83,134,94,85,93,90,98,126,110,110,102,112,114,106,102,102,85,90,75,76,93,93,72,72,73,93,73,71,71,73,56,44,60,62,76,76,62,77,77,46,65,68,63,82,82,82,53,31,72,78,87,84,79,79,70,72,72,70,72,71,74,75,73,71,75,71,76,68,73,70,73,76,74,67,72,73,72,74,66,75,78,74,71,76,78,66,72,71,70,68,74,68,70,72,66,76,60,78,68,77,67,79,79,75,66,74,73,72,72,78,69,86,79,72,70,70,78,67,74,69,69,76,74,70,68,75,79,73,81,78,76,81,81,79,74,77,79,79,75,77,75,78,75,70,84,55,18,59,62,84,33,55,54,55,64,56,60,57,60,58,66,61,55,78,19,58,88,56,19,19,76,57,61,65,58,53,60,57,54,46,48,57,46,51,46,57,6,51,53,50,47,32,41,57,56,53,58,41,51,56,53,58,43,55,32,47,54,48,0,62,55,52,20,59,77,53,81,53,11,58,60,54,57,59,84,56,42,56,46,53,57,61,61,16,44,52,41,52,42,46,41,49,57,54,47,51,43,63,44,48,44,46,48,55,42,49,53,48,47,44,45,42,43,44,44,41,52,45,40,40,41,42,45,48,54,53,49,49,41,41,47,43,109,42,35,107,42,68,53,42,50,39,41,40,47,39,43,42,37,41,37,36,37,33,51,37,41,48,31,40,41,40,37,39,36,38,42,41,34,39,41,40,33,34,34,42,33,33,36,51,37,41,46,37,40,35,35,35,44,35,42,36,43,35,36,38,38,36,33,43,35,43,43,40,42,32,34,40,40,36,41,36,37,35,33,36,33,273,37,37,34,38,36,33,41,45,42,46,38,35,34,47,38,38,40,40,37,41,39,40,46,35,41,40,33,36,41,42,41,41,35,39,42,29,37,43,37,35,35,32,36,36,40,47,39,36,35,40,37,36,38,35,40,41,36,36,37,38,38,36,37,35,37,38,33,38,36,34,34,35,35,34,44,35,42,33,37,33,36,37,34,34,38,33,32,33,36,35,33,37,35,39,37,42,39,43,37,37,37,35,38,37,33,36,34,37,32,36,36,34,35,33,32,29,32,91,30,37,35,36,72,31,38,31,32,36,32,33
EPI_ISL_3274165,155,153,153,150,149,95,146,102,93,101,98,98,126,110,110,100,110,114,104,114,114,91,96,81,82,99,99,78,78,79,99,79,77,77,79,54,54,58,60,82,82,60,83,83,56,63,66,61,88,88,88,63,69,78,84,92,90,84,85,76,78,78,76,78,75,80,81,78,77,81,77,82,74,79,76,79,82,80,72,78,79,78,80,72,81,84,79,77,82,83,70,78,77,76,74,79,74,76,76,72,82,60,84,74,83,70,85,85,81,72,80,78,77,78,84,74,92,85,78,76,76,84,73,79,75,75,80,80,76,74,81,85,79,79,84,82,87,87,85,80,83,85,85,81,83,81,84,81,76,122,65,70,69,60,92,31,65,64,65,74,66,70,67,70,68,64,71,65,88,73,68,98,66,73,73,86,64,71,73,66,63,70,67,64,56,58,23,56,61,48,67,58,61,63,60,57,30,47,67,66,63,68,95,61,24,63,50,43,23,70,55,64,58,62,0,65,62,76,67,87,61,91,63,67,68,70,64,67,66,92,66,90,66,54,63,67,71,71,64,54,56,50,56,46,48,45,51,61,58,50,55,48,61,46,50,47,50,50,58,48,53,57,58,57,54,55,52,53,54,55,51,62,53,50,46,51,51,51,58,50,63,59,58,50,51,57,47,111,52,37,117,52,78,57,46,60,43,45,44,51,49,53,52,41,50,41,40,41,37,60,41,50,52,35,49,51,49,37,43,46,42,52,43,34,39,43,46,43,34,32,52,41,31,34,17,35,51,48,47,42,35,33,33,46,33,25,38,53,33,34,42,46,46,31,51,33,53,51,48,52,40,44,42,40,46,45,38,47,45,31,46,31,277,47,47,40,36,46,43,51,49,42,26,36,33,32,57,48,48,44,40,41,51,43,42,48,41,43,42,42,46,43,52,51,43,39,43,46,39,47,45,47,39,37,42,42,42,50,57,43,42,39,46,43,40,42,39,38,51,38,34,47,48,42,36,47,45,47,48,43,48,38,40,38,45,45,38,28,39,45,37,41,37,40,39,38,38,42,37,36,37,38,39,37,41,41,45,47,50,49,53,47,47,47,39,48,43,43,46,44,47,36,40,38,38,37,33,36,39,36,94,34,40,39,40,76,35,28,35,36,46,36,37
EPI_ISL_2566500,150,148,148,145,144,90,140,99,90,98,95,103,131,107,107,89,109,113,93,95,91,83,90,75,76,93,93,72,72,73,93,73,71,71,73,19,27,21,25,76,76,23,77,77,29,28,31,24,82,82,80,22,74,72,76,85,82,77,77,68,70,70,68,70,69,72,73,71,69,73,69,74,66,71,68,71,74,72,65,70,71,68,72,64,73,78,72,69,74,75,64,70,67,68,66,70,66,68,70,64,74,59,76,66,75,69,77,77,75,64,72,71,70,70,76,67,84,77,70,68,68,76,65,71,67,67,74,72,68,66,73,77,71,36,76,74,79,79,77,72,75,77,77,73,75,73,76,75,70,129,14,63,18,15,39,36,14,27,14,19,15,13,14,17,11,23,14,16,35,66,27,43,15,60,66,33,14,18,20,51,14,17,50,19,21,25,60,23,24,49,18,51,44,34,23,12,35,46,12,15,10,15,82,14,59,30,35,40,58,75,38,11,23,55,65,0,23,67,16,32,12,38,28,60,11,17,13,12,34,41,29,83,17,40,28,14,20,20,53,33,55,35,55,45,49,44,51,59,53,49,54,45,18,47,51,44,49,49,57,47,50,56,49,36,33,34,31,32,29,34,44,21,28,29,45,30,36,50,51,57,22,32,43,35,30,30,46,112,25,38,96,31,57,56,45,39,42,44,43,50,28,32,31,40,30,40,39,40,36,40,40,26,51,34,29,30,27,40,40,25,41,25,44,37,36,38,35,34,35,37,25,28,36,39,54,32,30,49,22,37,38,38,38,47,38,45,39,32,38,39,41,35,31,36,28,38,32,36,33,25,33,25,43,35,25,40,39,20,26,36,25,36,276,26,26,33,33,27,36,36,36,47,49,37,36,37,36,21,29,43,43,40,30,42,43,49,40,44,43,36,21,44,27,26,44,38,42,43,32,40,46,20,38,38,35,41,41,29,36,42,41,38,45,42,39,41,38,43,30,39,35,28,21,41,39,26,38,26,27,36,27,39,39,37,38,24,37,47,38,45,36,40,36,39,40,37,37,41,36,35,36,39,38,38,40,40,44,20,45,28,32,26,26,26,38,27,40,28,19,27,22,35,39,39,37,38,36,35,32,35,94,33,40,38,39,75,32,39,34,35,27,35,36
EPI_ISL_2566493,147,145,145,142,141,87,138,96,87,95,92,102,130,108,106,90,110,114,94,94,90,84,89,74,75,92,92,71,71,72,92,72,70,70,72,32,18,34,36,75,75,36,76,76,20,39,42,37,81,81,81,15,71,73,77,86,83,78,78,69,71,71,69,71,70,71,74,72,70,74,70,75,67,72,69,72,75,73,66,71,72,69,73,65,74,79,73,70,75,76,65,71,68,69,67,73,67,69,71,65,75,60,77,67,76,68,78,78,76,65,73,72,71,71,77,68,85,78,71,69,69,77,66,72,68,68,75,73,69,67,74,78,72,49,77,75,80,80,78,73,76,76,78,74,76,74,77,74,71,126,27,60,29,30,54,33,27,18,27,32,28,30,27,28,26,36,27,27,48,63,20,56,26,59,63,48,27,31,35,50,25,30,49,14,12,18,57,18,17,46,31,48,43,27,18,25,32,43,25,26,23,26,83,27,56,25,32,37,55,72,35,24,16,52,62,23,0,64,29,47,25,51,17,57,26,32,26,27,25,54,20,80,28,37,19,27,33,31,52,30,52,32,52,42,46,41,48,56,51,46,51,42,31,44,48,41,46,46,54,44,49,53,46,33,30,31,28,29,26,31,41,14,25,26,42,27,33,47,48,54,15,31,40,32,27,27,43,109,22,35,93,28,54,53,42,36,39,41,40,47,25,29,28,37,27,37,36,37,33,37,37,23,48,31,26,27,24,37,37,22,38,22,41,34,33,35,32,33,32,34,22,25,33,36,51,29,27,46,19,34,35,35,35,44,35,42,36,29,35,36,38,32,28,33,25,35,29,33,30,22,30,22,40,32,22,37,36,17,23,33,22,33,273,23,23,30,30,24,33,33,33,44,46,34,33,34,33,18,26,40,40,37,27,39,40,46,37,41,40,33,18,41,24,23,41,35,39,40,29,37,43,17,35,35,32,38,38,26,33,39,38,35,42,39,36,38,35,40,27,36,32,25,18,38,36,23,35,23,24,33,24,36,36,34,35,21,34,44,35,42,33,37,33,36,37,34,34,38,33,32,33,36,35,35,37,37,41,17,42,25,29,23,23,23,35,24,37,25,16,24,19,32,36,36,34,35,33,32,29,32,91,30,37,35,36,72,29,36,31,32,24,32,33
EPI_ISL_2566503,155,153,153,150,149,97,146,108,99,107,104,112,140,122,122,114,124,126,118,114,114,99,104,89,90,107,107,86,86,87,107,87,85,85,87,68,58,72,74,90,90,74,91,91,60,77,80,75,96,96,96,65,43,86,92,101,98,93,93,84,86,86,84,86,85,88,89,87,85,89,85,90,82,87,84,87,90,88,81,86,87,86,88,80,89,92,88,85,90,92,80,86,85,84,82,88,82,84,86,80,90,74,92,82,91,81,93,93,89,80,88,87,86,86,92,83,100,93,86,84,84,92,81,88,83,83,90,88,84,82,89,93,87,93,92,90,95,95,93,88,91,93,93,89,91,89,92,89,84,96,67,30,71,74,94,47,67,66,67,76,68,72,69,72,70,78,73,67,88,29,70,98,68,29,31,86,69,73,77,72,65,72,71,66,58,60,71,58,63,60,69,20,65,67,62,59,46,55,69,68,65,70,53,63,70,65,70,57,69,44,61,66,60,20,76,67,64,0,71,87,65,91,65,15,70,72,66,69,71,94,66,54,68,60,63,69,73,73,26,58,66,55,66,56,60,53,63,71,68,61,65,57,75,58,62,58,60,62,69,56,63,67,62,61,58,59,56,57,58,58,55,64,59,54,54,55,56,59,62,68,65,63,63,55,55,61,57,123,56,49,121,56,82,67,56,64,53,55,54,61,53,57,56,51,55,51,50,51,47,65,51,55,62,45,54,55,54,51,53,50,52,56,55,48,53,55,54,47,48,48,56,47,47,50,65,51,55,60,51,54,49,49,49,58,49,56,50,57,49,50,52,52,50,47,57,49,57,57,54,56,48,48,54,54,50,55,50,51,49,47,50,47,287,51,51,48,52,50,47,55,59,56,60,52,49,48,61,52,52,54,54,51,55,53,54,60,49,55,54,47,50,55,56,55,55,49,53,56,43,51,57,51,49,49,46,50,50,54,61,53,50,49,54,51,50,52,49,54,55,50,50,51,52,52,50,51,49,51,52,47,52,50,48,48,49,49,48,58,49,56,47,51,47,50,51,48,48,52,47,46,47,50,49,47,51,49,53,51,56,53,57,51,51,51,49,52,51,47,50,48,51,46,50,50,48,49,47,46,43,46,105,44,51,49,50,86,45,52,45,46,50,46,47
EPI_ISL_2566496,154,152,152,149,148,94,144,101,92,100,97,107,135,111,113,95,113,117,99,101,97,89,96,81,82,99,99,78,78,79,99,79,77,77,79,27,33,29,31,82,82,31,83,83,35,34,37,32,88,88,86,28,78,76,82,91,88,83,83,74,76,76,74,76,75,78,79,77,75,79,75,80,72,77,74,77,80,78,71,76,77,74,78,70,79,82,78,75,80,81,70,76,73,74,72,76,72,74,76,70,80,61,82,72,81,73,83,83,79,70,78,77,76,76,82,73,90,83,76,74,74,82,71,77,73,73,80,78,74,72,79,83,77,42,82,80,85,85,83,78,81,83,83,79,81,79,82,81,74,133,20,67,24,23,45,38,18,31,18,25,19,21,20,23,19,29,22,20,41,70,33,49,19,64,70,41,20,22,24,53,18,23,54,25,27,31,62,29,30,53,24,55,48,40,29,18,37,50,20,21,18,21,86,20,61,36,39,44,60,79,42,17,29,59,67,16,29,71,0,40,18,44,32,64,19,21,17,18,36,45,33,87,21,44,32,22,24,24,57,37,59,39,59,49,53,48,55,63,58,53,58,49,24,51,55,48,53,53,61,51,56,60,53,40,37,38,35,36,33,38,48,27,32,33,49,34,40,54,55,61,28,38,47,39,34,34,50,116,29,42,100,35,61,60,49,43,46,48,47,54,32,36,35,44,34,44,43,44,40,44,44,30,55,38,33,34,31,42,44,29,45,29,48,41,40,42,39,40,39,39,29,32,38,41,56,34,34,53,26,41,40,40,40,51,40,47,43,36,40,41,45,39,35,38,32,40,36,40,37,29,35,29,47,39,29,42,43,24,30,38,29,38,280,30,30,37,35,31,40,40,40,49,51,39,38,39,40,25,33,47,45,44,34,46,47,53,44,48,47,40,25,48,31,30,48,42,46,47,36,44,50,24,42,42,39,45,45,33,40,46,45,42,49,46,43,45,42,45,34,43,37,32,25,45,43,30,42,30,31,40,31,43,43,41,42,28,41,49,42,49,40,44,40,43,44,41,41,45,40,39,40,43,42,42,44,44,48,24,49,32,36,30,30,30,42,31,44,32,23,31,26,39,43,43,41,42,40,39,36,39,98,37,44,42,43,79,36,41,36,39,31,39,40
EPI_ISL_2566525,172,170,170,167,166,112,162,121,112,120,117,125,153,129,129,111,131,135,115,117,115,103,110,97,98,113,113,94,94,95,113,95,93,93,95,41,49,45,49,98,98,47,99,99,51,52,55,48,104,104,102,46,96,94,98,107,104,99,99,74,76,76,72,74,73,78,77,75,73,83,73,78,70,75,74,77,82,82,71,78,81,78,76,72,83,86,80,73,78,85,68,74,77,78,76,86,72,78,80,76,84,77,80,70,79,77,81,81,83,74,80,79,78,80,86,77,94,99,80,74,78,84,85,81,79,75,84,80,78,80,87,97,93,60,98,94,99,99,99,94,97,99,99,95,95,95,98,97,92,151,36,85,40,39,33,58,36,49,36,43,37,39,36,40,35,47,38,38,24,88,51,28,39,82,88,17,36,42,44,73,36,39,72,43,43,45,80,43,46,71,40,73,66,56,47,34,57,66,36,37,34,39,84,36,79,52,57,60,78,97,56,35,45,77,87,32,47,87,40,0,34,29,49,82,35,41,35,36,56,25,53,71,39,62,50,36,42,44,75,57,77,57,75,67,71,66,73,81,76,71,72,67,42,69,73,67,69,71,76,69,72,74,71,60,57,58,55,56,53,58,66,45,52,53,67,54,58,72,72,79,46,56,65,57,54,54,68,134,49,60,120,55,81,76,67,63,64,66,65,72,52,56,55,62,54,62,61,62,58,64,62,50,73,56,53,54,51,62,60,49,63,49,64,59,60,62,57,56,57,59,49,50,58,61,76,54,54,71,46,59,60,60,60,69,60,67,61,56,60,61,63,57,53,58,50,60,56,60,55,47,55,49,63,59,49,64,61,44,50,58,49,58,298,50,50,55,57,51,58,58,60,69,71,61,58,59,60,45,53,65,65,62,54,64,65,71,62,66,65,58,45,66,51,50,66,60,64,63,54,62,68,44,60,60,57,63,63,53,60,64,63,60,67,64,61,59,60,65,54,61,57,52,45,61,61,50,60,50,51,58,51,61,61,59,60,48,59,69,60,67,58,62,58,61,62,59,59,63,58,57,58,61,60,60,62,62,66,44,67,52,56,50,50,50,60,51,62,50,43,49,46,57,61,59,59,60,58,57,54,57,116,55,62,60,61,97,54,61,56,57,51,57,58
EPI_ISL_2566517,148,146,146,143,142,88,138,97,88,96,93,103,131,107,107,91,109,113,95,95,93,85,92,77,78,95,95,74,74,75,95,75,73,73,75,21,29,25,29,78,78,27,79,79,31,32,35,28,84,84,82,26,72,72,78,87,84,79,79,70,72,72,70,72,71,74,75,73,71,75,71,76,68,73,70,73,76,74,67,72,73,72,74,66,75,78,74,71,76,77,66,72,71,70,68,72,68,70,72,66,76,57,78,68,77,69,79,79,75,66,74,73,72,72,78,69,86,79,72,70,70,77,67,73,69,69,76,74,70,68,75,79,73,40,78,76,81,81,79,74,77,79,79,75,77,75,78,77,70,127,12,61,18,19,41,34,14,27,14,23,15,17,16,19,15,27,18,14,37,64,31,47,15,58,64,35,14,20,22,49,12,19,48,21,23,27,56,25,26,45,20,49,42,36,27,14,33,44,14,15,12,17,80,16,55,32,35,38,56,73,36,15,25,53,61,12,25,65,18,34,0,40,26,58,15,19,13,14,32,43,29,81,15,36,26,14,20,20,51,33,53,31,53,43,47,42,49,57,51,46,52,43,22,45,49,42,47,47,54,45,48,54,47,36,33,34,31,32,29,34,42,25,28,29,43,30,32,48,49,55,26,32,39,31,30,30,44,110,25,36,96,31,57,54,43,39,40,42,41,48,28,32,31,38,30,38,37,38,34,40,38,26,49,32,29,30,27,38,38,25,39,25,42,35,36,38,33,32,33,35,25,26,34,37,50,30,30,47,22,35,36,36,36,45,36,41,37,32,36,37,39,33,29,34,26,36,32,36,29,25,31,25,41,35,25,40,37,20,26,34,25,34,274,26,26,31,33,27,34,34,36,45,45,37,34,35,36,21,29,41,41,38,30,40,41,47,38,42,41,34,21,42,27,26,42,36,40,41,30,38,44,20,36,36,33,39,39,29,36,40,39,36,43,40,37,39,36,41,30,37,33,28,21,39,37,26,36,26,27,34,27,37,37,35,36,24,35,43,36,43,34,38,34,37,38,35,35,39,34,33,34,37,36,36,38,38,42,20,43,28,32,26,26,26,36,27,38,26,19,25,22,33,37,37,35,36,34,33,30,33,92,31,38,36,37,73,30,37,32,33,27,33,34
EPI_ISL_2566527,174,172,172,169,168,116,164,125,116,124,121,129,157,131,131,113,133,137,117,117,115,109,116,101,102,119,119,98,98,99,119,99,97,97,99,47,53,51,51,101,102,53,102,102,55,54,57,54,108,108,106,50,100,98,102,111,106,103,103,78,80,78,76,78,77,81,81,79,79,83,77,82,74,79,78,81,81,84,75,78,81,80,78,72,83,86,80,73,80,85,72,76,79,80,78,88,76,80,82,78,88,81,80,70,79,81,81,83,83,76,84,79,80,82,88,79,94,103,84,76,80,88,83,83,79,75,86,82,80,84,87,103,97,60,102,100,105,105,103,98,101,103,103,99,101,99,102,101,96,155,42,89,40,45,31,62,38,53,38,43,41,45,38,43,41,49,42,42,21,92,55,31,43,86,92,25,42,42,50,75,38,39,74,47,47,49,86,47,50,75,44,77,68,60,51,38,61,70,42,39,40,35,91,38,81,56,61,62,84,101,60,35,49,81,91,38,51,91,44,29,40,0,54,86,41,47,37,42,60,30,57,82,39,66,54,42,42,44,79,61,81,61,81,71,75,70,77,85,80,75,78,71,46,73,77,71,75,75,81,73,78,80,75,64,61,62,59,60,57,62,70,49,56,57,71,58,62,76,77,83,50,62,69,61,58,58,72,138,53,64,124,59,85,78,71,67,68,70,69,76,56,60,59,66,58,66,65,66,62,68,66,54,77,60,57,58,55,66,66,53,67,53,70,63,64,66,61,62,61,63,53,54,62,65,80,58,58,75,50,63,64,64,64,73,64,71,65,60,64,63,67,61,57,62,54,64,60,64,59,51,59,53,69,63,53,68,65,48,54,62,53,62,302,54,54,59,61,55,62,62,64,73,75,65,62,63,64,49,57,69,69,66,58,68,69,75,66,70,69,62,49,70,55,54,70,64,68,69,58,66,72,48,64,64,61,67,67,57,64,68,67,64,71,68,65,65,64,69,58,65,61,56,49,67,65,54,64,54,55,62,55,65,65,63,63,52,63,73,64,71,62,66,62,65,66,63,63,67,62,61,62,65,64,64,66,66,70,48,71,56,60,54,54,54,64,55,66,54,47,53,50,61,65,65,63,64,62,61,58,61,120,59,66,64,65,101,58,65,60,61,55,61,62
EPI_ISL_2566502,148,146,146,143,142,88,139,97,88,96,93,103,131,109,109,93,111,115,97,97,95,86,91,77,78,94,94,74,74,75,94,75,73,73,75,35,19,39,41,78,78,41,79,79,21,44,47,42,84,84,84,18,72,74,80,89,86,81,81,72,74,74,72,74,73,76,77,75,72,77,73,78,70,75,72,75,78,76,69,74,75,74,76,68,77,80,76,73,78,79,68,74,73,72,70,76,69,72,74,68,78,61,80,70,79,69,81,81,77,68,76,75,74,74,80,71,88,81,74,72,72,80,69,75,71,71,78,76,72,70,77,80,75,54,80,77,82,82,81,76,79,81,81,77,78,77,80,77,72,127,28,61,32,35,57,34,28,17,28,37,29,33,30,32,31,41,34,28,51,64,23,61,29,60,64,51,30,34,38,51,26,33,50,19,13,19,58,19,18,47,34,49,44,28,21,28,33,44,30,29,28,31,84,30,57,28,33,38,56,73,36,29,17,53,63,28,17,65,32,49,26,54,0,58,31,35,27,30,24,56,21,81,29,38,18,30,34,34,53,33,51,33,53,43,47,42,49,57,52,47,52,43,36,45,49,43,47,47,55,45,50,54,47,36,33,34,31,32,29,34,42,17,28,29,43,30,34,48,45,55,18,34,41,33,30,30,44,110,25,36,96,31,57,54,43,39,40,42,41,48,28,32,31,38,30,38,37,38,34,40,38,26,49,32,29,30,27,38,38,25,39,25,42,35,36,38,33,34,33,35,25,26,34,37,52,30,30,47,22,35,36,36,36,45,36,43,37,32,36,37,39,33,29,34,26,36,32,36,31,25,31,25,41,35,25,40,37,20,26,34,25,34,274,26,26,31,33,27,34,34,36,43,47,37,34,35,36,21,29,41,41,38,30,40,41,47,38,42,41,34,21,42,27,26,42,36,40,41,30,38,44,20,36,36,33,39,39,29,36,40,39,36,43,40,37,39,36,41,30,37,33,28,21,39,37,26,36,26,27,34,27,37,37,35,36,24,35,45,36,43,34,38,34,37,38,35,35,39,34,33,34,37,36,36,38,38,42,20,43,28,32,26,26,26,36,27,38,26,19,25,22,33,37,37,35,36,34,33,30,33,92,31,38,36,37,73,30,37,32,33,27,33,34
EPI_ISL_2566505,147,145,145,142,141,87,138,98,89,97,94,102,130,115,115,107,117,119,111,107,107,90,95,80,81,98,98,77,77,78,98,78,76,76,78,61,49,65,67,81,81,67,82,82,51,70,73,68,87,87,87,58,33,77,83,92,89,84,84,75,77,77,75,77,76,79,80,78,76,80,76,81,73,78,75,78,81,79,72,77,78,77,79,71,80,83,79,76,81,83,71,77,76,75,73,79,73,75,77,71,81,65,83,73,82,72,84,84,80,71,79,78,77,77,83,74,91,84,77,75,75,83,72,79,74,74,81,79,75,73,80,84,78,86,83,81,86,86,84,79,82,84,84,80,82,80,83,80,75,86,60,19,64,67,89,38,60,59,60,69,61,65,62,65,63,71,66,60,83,22,63,93,61,22,22,81,62,66,70,63,58,65,62,59,51,53,62,51,56,51,62,11,56,58,55,52,37,46,62,61,58,63,45,56,61,58,63,48,60,34,52,59,53,11,67,60,57,15,64,82,58,86,58,0,63,65,59,62,64,89,59,47,61,51,56,62,66,66,19,49,57,46,57,47,51,44,54,62,59,52,56,48,68,49,53,49,51,53,60,47,54,58,53,52,49,50,47,48,49,49,46,57,50,45,45,46,47,50,53,59,58,54,54,46,46,52,48,114,47,40,112,47,73,58,47,55,44,46,45,52,44,48,47,42,46,42,41,42,38,56,42,46,53,36,45,46,45,42,44,41,43,47,46,39,44,46,45,38,39,39,47,38,38,41,56,42,46,51,42,45,40,40,40,49,40,47,41,48,40,41,43,43,41,38,48,40,48,48,45,47,39,39,45,45,41,46,41,42,40,38,41,38,278,42,42,39,43,41,38,46,50,47,51,43,40,39,52,43,43,45,45,42,46,44,45,51,40,46,45,38,41,46,47,46,46,40,44,47,34,42,48,42,40,40,37,41,41,45,52,44,41,40,45,42,41,43,40,45,46,41,41,42,43,43,41,42,40,42,43,38,43,41,39,39,40,40,39,49,40,47,38,42,38,41,42,39,39,43,38,37,38,41,40,38,42,40,44,42,47,44,48,42,42,42,40,43,42,38,41,39,42,37,41,41,39,40,38,37,34,37,96,35,42,40,41,77,36,43,36,37,41,37,38
EPI_ISL_2566495,153,151,151,148,147,93,143,102,93,101,98,106,134,110,110,92,112,116,96,98,94,86,93,78,79,96,96,75,75,76,96,76,74,74,76,22,30,24,28,79,79,26,80,80,32,31,34,27,85,85,83,25,77,75,79,88,85,80,80,71,73,73,71,73,72,75,76,74,72,76,72,77,69,74,71,74,77,75,68,73,74,71,75,67,76,81,75,72,77,78,67,73,70,71,69,73,69,71,73,67,77,62,79,69,78,72,80,80,78,67,75,74,73,73,79,70,87,80,73,71,71,79,68,74,70,70,77,75,71,69,76,80,74,39,79,77,82,82,80,75,78,80,80,76,78,76,79,78,73,132,17,66,21,18,42,39,17,30,17,22,18,18,17,20,14,26,17,19,38,69,30,46,18,63,69,36,17,21,23,54,17,20,53,22,24,28,63,26,27,52,21,54,47,37,26,15,38,49,15,18,13,18,85,17,62,33,38,43,61,78,41,14,26,58,68,11,26,70,19,35,15,41,31,63,0,20,16,15,37,44,32,86,20,43,31,17,23,21,56,36,58,38,56,48,52,47,54,62,57,52,57,48,21,50,54,47,52,52,60,50,53,59,52,39,36,37,34,35,32,37,47,24,31,32,48,33,39,53,54,60,25,35,46,38,33,33,49,115,28,41,99,34,60,59,48,42,45,47,46,53,31,35,34,43,33,43,42,43,39,43,43,29,54,37,32,33,30,43,43,28,44,28,47,40,39,41,38,37,38,40,28,31,39,42,57,35,33,52,25,40,41,41,41,50,41,48,42,35,41,42,44,38,34,39,31,41,35,39,36,28,36,28,46,38,28,43,42,23,29,39,28,39,279,29,29,36,36,30,39,39,39,50,52,40,39,40,39,24,32,46,46,43,33,45,46,52,43,47,46,39,24,47,30,29,47,41,45,46,35,43,49,23,41,41,38,44,44,32,39,45,44,41,48,45,42,44,41,46,33,42,38,31,24,44,42,29,41,29,30,39,30,42,42,40,41,27,40,50,41,48,39,43,39,42,43,40,40,44,39,38,39,42,41,41,43,43,47,23,48,31,35,29,29,29,41,30,43,31,22,30,25,38,42,42,40,41,39,38,35,38,97,36,43,41,42,78,35,42,37,38,30,38,39
EPI_ISL_2566491,157,153,153,150,149,95,145,104,95,103,100,108,136,112,114,96,114,118,100,102,98,92,99,84,85,102,102,81,81,82,102,82,80,80,82,28,36,30,34,85,85,32,86,86,38,37,40,33,91,91,89,31,79,79,85,94,91,86,86,77,79,79,77,79,78,81,82,80,78,82,78,83,75,80,77,80,83,81,74,79,80,77,81,73,82,85,81,78,83,84,73,79,76,77,75,79,75,77,79,73,83,64,85,75,84,76,86,86,82,73,81,80,79,79,85,76,93,86,79,77,77,83,74,80,76,76,83,81,77,75,82,86,80,45,85,83,88,88,86,81,84,86,86,82,84,82,85,84,77,134,21,68,27,24,46,41,21,34,21,28,22,22,23,26,20,32,23,23,44,71,36,52,22,65,71,42,21,25,25,56,21,26,57,28,30,34,65,32,33,56,27,56,51,43,32,21,40,53,21,24,19,24,87,23,64,39,42,47,63,80,45,20,32,60,70,17,32,72,21,41,19,47,35,65,20,0,20,19,39,48,36,88,24,47,35,23,27,27,58,40,62,42,62,50,56,51,58,66,61,56,61,52,27,54,58,51,56,56,64,54,57,63,56,43,40,41,38,39,36,39,51,30,35,36,52,37,43,57,58,64,31,39,50,42,37,37,53,119,32,45,103,38,64,63,52,46,49,51,50,57,35,39,38,47,37,47,46,47,43,47,47,33,58,41,36,37,34,45,47,32,48,32,51,44,43,45,42,41,42,42,32,35,41,44,59,37,37,56,29,44,43,43,43,54,43,50,46,39,43,44,48,42,38,41,35,43,39,43,40,32,38,32,50,42,32,45,46,27,33,41,32,41,283,33,33,40,38,34,43,43,43,52,54,42,41,42,43,28,36,50,48,47,37,49,50,56,47,51,50,43,28,51,34,33,51,45,49,50,39,47,53,27,45,45,42,48,48,36,43,49,48,45,52,49,46,48,45,48,37,46,40,35,28,48,46,33,45,33,34,43,34,46,46,44,45,31,44,52,45,52,43,47,43,46,47,44,44,48,43,42,43,46,45,45,47,47,51,27,52,35,39,33,33,33,45,34,47,35,26,34,29,42,46,46,44,45,43,42,39,42,101,40,47,45,46,82,39,44,39,42,34,42,43
EPI_ISL_2566492,147,145,145,142,141,87,137,96,89,95,92,100,128,102,104,86,104,108,90,92,90,83,90,75,76,93,93,71,72,73,93,73,71,71,72,21,27,26,25,76,76,28,77,77,29,28,31,29,82,82,80,24,72,70,76,85,82,77,77,69,71,71,69,71,70,73,74,72,70,74,70,75,67,70,69,72,75,73,66,71,72,71,73,65,74,77,73,68,75,76,65,71,70,69,67,71,67,69,71,65,75,58,77,65,76,68,76,76,74,65,73,72,71,71,77,68,85,77,71,69,69,77,66,72,68,68,75,73,69,67,74,77,71,36,76,74,79,79,77,72,75,77,77,73,75,73,76,75,68,127,15,62,17,19,42,35,11,26,11,20,14,18,13,18,16,23,17,15,34,63,29,44,16,59,65,36,17,17,23,50,11,16,49,22,22,26,59,24,25,48,19,50,43,35,26,13,34,45,17,14,15,16,81,15,58,31,34,39,57,73,37,12,24,54,64,13,26,66,17,35,13,37,27,59,16,20,0,15,33,42,30,82,14,39,27,15,17,19,52,34,54,34,54,44,48,43,50,58,53,48,53,44,20,46,50,44,48,48,56,46,51,55,48,37,34,35,32,33,30,35,43,23,29,30,44,31,35,49,50,56,24,35,40,34,31,31,45,111,26,37,97,32,58,55,44,40,41,43,42,49,29,33,32,39,31,39,38,39,35,41,39,27,50,33,30,31,28,39,39,26,40,26,43,36,37,39,34,35,34,36,26,27,35,38,53,29,31,48,23,36,37,37,37,46,37,44,38,33,37,38,40,34,30,35,27,37,33,37,32,26,32,26,42,36,26,41,38,21,27,35,26,35,275,27,27,32,34,28,35,35,37,46,48,38,35,36,37,22,30,42,42,39,31,41,42,48,39,43,42,35,22,43,28,27,43,37,41,42,31,39,45,21,37,37,34,40,40,30,37,41,40,37,44,41,38,40,37,42,31,38,34,29,22,40,38,27,37,27,28,35,28,38,38,36,37,25,36,46,37,44,35,39,35,38,39,36,36,40,35,34,35,38,37,37,39,39,43,21,42,29,33,27,27,27,37,28,39,27,20,26,23,34,38,38,36,37,35,34,31,34,93,32,39,37,38,74,31,38,33,34,28,34,35
EPI_ISL_2566494,152,150,150,147,146,92,142,101,92,100,97,105,133,109,111,93,111,115,97,99,95,87,94,79,80,97,97,76,76,77,97,77,75,75,77,23,31,25,29,80,80,27,81,81,33,32,35,28,86,86,84,26,76,74,80,89,86,81,81,72,74,74,72,74,73,76,77,75,73,77,73,78,70,75,72,75,78,76,69,74,75,72,76,68,77,80,76,73,78,79,68,74,71,72,70,74,70,72,74,68,78,61,80,70,79,71,81,81,77,68,76,75,74,74,80,71,88,81,74,72,72,80,69,75,71,71,78,74,72,70,77,81,75,40,80,78,83,83,81,76,79,81,81,77,79,75,80,79,72,131,16,65,22,19,43,38,16,29,16,23,17,17,18,21,15,27,18,18,39,68,31,47,17,62,68,37,18,20,22,53,16,21,52,23,25,29,62,27,28,51,22,53,46,38,27,16,37,48,16,19,14,19,84,18,61,34,37,42,60,77,40,15,27,57,67,12,27,69,18,36,14,42,30,62,15,19,15,0,36,45,31,85,19,42,30,18,22,22,55,35,57,37,57,47,51,46,53,61,56,51,56,47,22,49,53,46,51,51,59,49,52,58,51,38,35,36,33,34,31,36,46,25,30,31,47,32,38,52,53,59,26,34,45,37,32,32,48,114,27,40,98,33,59,58,47,41,44,46,45,52,30,34,33,42,32,42,41,42,38,42,42,28,53,36,31,32,29,42,42,27,43,27,46,39,38,40,37,36,37,39,27,30,38,41,56,34,32,51,24,39,40,40,40,49,40,47,41,34,40,41,43,37,33,38,30,40,34,38,35,27,35,27,45,37,27,42,41,22,28,38,27,38,278,28,28,35,35,29,38,38,38,47,51,39,38,39,38,23,31,45,45,42,32,44,45,51,42,46,45,38,23,46,29,28,46,40,44,45,34,42,48,22,40,40,37,43,43,31,38,44,43,40,47,44,41,43,40,44,32,41,37,30,23,43,41,28,40,28,29,38,29,41,41,39,40,26,39,49,40,47,38,42,38,41,42,39,39,43,38,37,38,41,40,40,42,42,46,22,47,30,34,28,28,28,40,29,42,30,21,29,24,37,41,41,39,40,38,37,34,37,96,35,42,40,41,77,34,41,36,37,29,37,38
EPI_ISL_2566472,154,152,152,149,148,94,145,101,92,100,97,109,137,115,115,99,117,121,103,103,101,93,98,83,84,101,101,80,80,81,101,81,79,79,81,41,27,45,47,84,84,47,85,85,29,50,53,48,90,90,90,24,78,80,86,95,92,87,87,78,80,80,78,80,79,82,83,81,79,83,79,84,76,81,78,81,84,82,75,80,81,80,82,74,83,84,82,79,84,85,74,80,79,78,76,82,76,78,80,74,84,65,86,76,85,73,87,87,81,74,82,81,80,80,86,77,94,87,80,78,78,86,75,81,77,77,84,82,78,76,83,87,81,60,86,84,89,89,87,82,85,87,87,83,85,83,86,83,78,133,34,67,38,41,61,38,34,25,34,43,35,39,36,39,37,47,40,34,57,70,29,67,35,66,70,57,34,40,42,55,32,39,56,27,21,25,61,25,24,53,40,55,50,36,27,34,37,50,36,35,34,37,90,36,60,34,38,44,59,79,42,35,23,59,66,34,25,71,36,56,32,60,24,64,37,39,33,36,0,61,27,87,35,44,24,36,40,40,59,39,59,39,59,49,53,48,55,62,58,53,58,49,42,51,55,49,53,53,61,49,56,60,53,42,39,40,37,38,35,40,48,23,34,35,47,36,40,52,54,60,24,40,47,39,36,36,48,116,31,42,102,37,61,60,49,45,46,48,47,54,34,38,37,44,32,44,43,44,40,42,44,32,55,38,31,36,33,42,44,31,45,31,48,41,42,44,39,40,39,39,31,32,38,41,55,34,36,53,28,41,40,40,40,51,40,46,43,38,40,41,45,39,35,38,32,40,38,42,37,31,35,31,47,41,31,44,43,26,32,38,31,38,280,32,32,37,37,33,40,40,42,49,51,41,38,39,42,27,35,47,45,44,36,46,47,53,44,48,47,40,27,48,33,32,48,42,46,47,36,44,50,26,42,42,39,45,45,35,42,46,45,42,49,46,43,45,42,45,36,43,37,34,27,45,43,32,42,32,33,40,33,43,43,41,42,30,41,48,42,49,40,44,40,43,44,41,41,45,40,39,40,43,42,42,44,44,48,26,49,34,38,32,32,32,42,33,44,32,25,31,28,39,43,43,41,42,40,39,36,39,98,37,44,42,43,79,36,40,36,39,33,39,40
EPI_ISL_2566524,179,177,177,174,173,119,169,126,117,125,122,132,160,136,136,118,138,142,122,124,122,110,117,104,105,120,120,101,101,102,120,102,100,100,102,50,56,54,56,104,105,56,105,105,58,59,62,57,111,111,109,53,103,101,105,114,111,106,106,79,81,79,77,79,78,82,82,80,78,88,78,83,75,78,79,82,86,87,76,83,86,83,81,79,88,91,83,76,81,90,73,77,82,83,81,91,77,83,85,81,89,82,85,73,82,82,84,84,88,79,85,84,83,85,89,82,95,106,85,79,83,89,86,86,82,78,89,85,83,87,92,104,100,67,105,101,106,106,106,101,104,106,106,102,102,102,105,104,99,158,45,92,47,48,30,63,43,56,43,50,44,48,43,47,44,54,47,43,31,95,58,39,46,89,95,21,43,49,51,78,43,46,79,50,50,52,87,50,53,78,47,80,73,63,54,41,62,73,45,44,43,46,91,43,86,59,64,67,85,104,63,42,52,84,92,41,54,94,45,25,43,30,56,89,44,48,42,45,61,0,60,78,46,69,57,45,49,51,82,64,84,64,84,74,78,73,80,88,83,78,81,74,49,76,80,74,78,78,84,76,81,83,78,67,64,65,62,63,60,65,73,52,59,60,74,61,65,79,79,86,53,65,72,64,61,61,75,141,56,67,127,62,88,83,74,70,71,73,72,79,59,63,62,69,61,69,68,69,65,71,69,57,78,63,60,61,58,67,69,56,70,56,73,66,67,69,64,65,64,64,56,57,63,66,81,59,61,78,53,66,65,65,65,76,65,72,68,63,65,66,70,64,60,63,57,65,63,67,62,54,60,56,72,66,56,69,68,51,57,63,56,63,305,57,57,62,62,58,65,65,67,74,76,66,63,64,67,52,60,72,70,69,61,71,72,78,69,73,72,65,52,73,58,57,73,67,71,72,61,69,75,51,67,67,64,70,70,60,67,71,70,67,74,71,68,68,67,70,61,68,62,59,52,70,68,57,67,57,58,65,58,68,68,66,66,55,66,74,67,74,65,69,65,68,69,66,66,70,65,64,65,68,67,67,69,69,73,51,74,59,63,57,57,57,67,58,69,57,50,56,53,64,68,68,66,67,65,64,61,64,123,62,69,67,68,104,61,66,61,64,58,64,65
EPI_ISL_2566501,151,149,149,146,145,91,142,100,91,99,96,106,134,112,112,96,114,118,100,100,96,90,95,80,81,98,98,77,77,78,98,78,76,76,78,38,24,40,42,81,81,42,82,82,26,45,48,43,87,87,87,19,74,77,83,92,89,84,84,75,77,77,75,77,76,79,80,78,76,80,76,81,73,78,75,78,81,79,72,77,78,75,79,71,80,83,79,76,81,82,71,77,74,75,73,79,73,75,77,71,81,64,83,73,82,72,84,84,80,71,79,78,77,77,83,74,91,84,77,75,75,83,72,78,74,74,81,79,75,73,80,84,78,55,83,81,86,86,84,79,82,84,84,80,82,80,83,80,75,130,31,64,35,36,60,37,31,22,31,38,32,34,33,34,32,42,35,31,54,67,24,62,30,63,67,54,33,35,39,54,29,36,53,22,18,22,61,18,21,50,37,52,47,33,22,31,36,47,31,32,29,32,87,33,60,31,36,41,59,76,39,30,20,56,66,29,20,66,33,53,29,57,21,59,32,36,30,31,27,60,0,84,32,41,9,33,37,35,56,34,56,36,56,46,50,45,52,60,55,50,55,46,37,48,52,45,50,50,58,48,53,57,50,37,34,35,32,33,30,35,45,18,29,30,46,31,37,51,50,58,19,35,44,36,31,31,47,113,26,39,97,32,58,57,46,40,43,45,44,51,29,33,32,41,31,41,40,41,37,41,41,27,52,35,30,31,28,41,41,26,42,26,45,38,37,39,36,37,36,38,26,29,37,40,55,33,31,50,23,38,39,39,39,48,39,46,40,33,39,40,42,36,32,37,29,39,33,37,34,26,34,26,44,36,26,41,40,21,27,37,26,37,277,27,27,34,34,28,37,37,37,48,50,38,37,38,37,22,30,44,44,41,31,43,44,50,41,45,44,37,22,45,28,27,45,39,43,44,33,41,47,21,39,39,36,42,42,30,37,43,42,39,46,43,40,42,39,44,31,40,36,29,22,42,40,27,39,27,28,37,28,40,40,38,39,25,38,48,39,46,37,41,37,40,41,38,38,42,37,36,37,40,39,39,41,41,45,21,46,29,33,27,27,27,39,28,41,29,20,28,23,36,40,40,38,39,37,36,33,36,95,34,41,39,40,76,33,40,35,36,28,36,37
EPI_ISL_2566526,171,169,169,166,165,111,162,122,113,121,118,126,154,138,138,130,140,142,134,130,130,113,118,103,104,121,121,100,100,101,121,101,99,99,101,84,72,88,90,104,104,90,105,105,74,93,96,91,110,110,110,81,63,100,106,115,112,107,107,80,82,82,80,82,81,84,85,83,81,91,81,86,78,83,80,85,90,90,77,86,89,86,84,82,91,92,88,81,86,94,76,82,85,86,84,96,82,86,88,84,92,86,88,78,87,79,89,89,89,82,88,85,86,88,92,85,102,107,88,82,86,90,95,92,87,83,92,88,86,88,93,107,101,109,106,104,109,109,107,102,105,107,107,103,105,103,106,103,96,116,83,48,87,90,88,61,83,82,83,92,84,88,85,88,86,94,89,83,79,49,86,85,84,49,49,70,85,89,93,86,81,88,85,82,74,74,85,74,79,74,85,38,79,81,78,75,60,67,85,84,81,86,51,79,84,81,86,69,83,64,71,82,76,42,90,83,80,54,87,71,81,82,81,47,86,88,82,85,87,78,84,0,84,74,81,85,89,89,48,72,80,69,78,70,74,69,77,85,82,75,77,71,91,72,76,72,72,76,82,70,77,79,74,75,72,73,70,71,72,72,69,80,73,68,68,69,70,73,76,82,81,77,77,69,69,75,71,137,70,63,135,70,96,79,70,78,67,69,68,75,67,71,70,65,69,65,64,65,61,79,65,69,76,59,68,69,68,65,65,64,66,70,67,62,67,69,68,61,62,62,70,61,61,64,79,65,69,74,65,68,63,63,63,72,63,70,64,71,63,64,66,66,64,61,71,63,71,71,68,68,62,62,66,68,64,69,64,65,63,61,64,61,301,65,65,62,66,64,61,69,73,70,74,66,63,62,75,66,66,68,68,65,69,67,68,74,63,69,68,61,64,69,70,69,69,63,67,68,57,65,71,65,63,63,60,64,64,68,75,67,64,63,68,65,64,64,63,68,69,64,64,65,66,64,64,65,63,65,66,61,66,64,62,62,63,63,62,72,63,70,61,65,61,64,65,62,62,66,61,60,61,64,63,61,65,63,67,65,70,67,71,65,65,65,63,66,65,61,64,62,65,60,64,62,62,63,61,60,57,60,119,58,65,63,64,100,59,66,59,60,64,58,61
EPI_ISL_2566497,151,149,149,146,145,91,141,100,91,99,96,106,134,108,108,92,110,114,96,96,94,88,95,80,81,98,98,77,77,78,98,78,76,76,78,26,32,30,30,81,81,32,82,82,34,33,36,33,87,87,85,29,75,75,81,90,87,82,82,73,75,75,73,75,74,77,78,76,74,78,74,79,71,76,73,76,79,77,70,75,76,75,77,69,78,81,77,74,79,80,69,75,74,73,71,75,71,73,75,69,79,60,81,71,80,72,82,82,78,69,77,76,75,75,81,72,89,82,75,71,73,81,70,76,72,72,79,77,73,71,78,82,76,39,81,79,84,84,82,77,80,82,82,78,80,78,81,80,73,130,17,64,17,24,46,37,15,30,15,22,18,22,17,20,20,28,21,17,36,67,34,48,18,61,67,40,19,21,27,52,13,20,51,24,26,30,61,28,29,50,23,52,45,39,30,17,36,47,19,16,17,16,83,19,60,35,38,41,59,76,39,14,28,56,66,17,28,68,21,39,15,39,29,61,20,24,14,19,35,46,32,84,0,41,29,19,21,19,54,36,56,36,56,46,50,45,52,60,55,50,55,46,25,48,52,46,50,50,58,48,53,57,50,39,36,37,34,35,32,37,45,28,31,32,46,33,37,51,52,58,29,37,44,36,33,33,47,113,28,39,99,34,60,57,46,42,43,45,44,51,31,35,34,41,33,41,40,41,37,43,41,29,52,35,32,33,30,41,41,28,42,28,45,38,39,41,36,37,36,38,28,29,37,40,55,33,33,50,25,38,39,39,39,48,39,46,40,35,39,40,42,36,32,37,29,39,35,39,34,28,34,28,44,38,28,43,40,23,29,37,28,37,277,29,29,34,36,30,37,37,39,48,50,40,37,38,39,24,32,44,44,41,33,43,44,50,41,45,44,37,24,45,30,29,45,39,43,44,33,41,47,23,39,39,36,42,42,32,39,43,42,39,46,43,40,42,39,44,33,40,36,31,24,42,40,29,39,29,30,37,30,40,40,38,39,27,38,48,39,46,37,41,37,40,41,38,38,42,37,36,37,40,39,39,41,41,45,23,46,31,35,29,29,29,39,30,41,29,22,28,25,36,40,40,38,39,36,36,33,36,95,34,41,39,40,76,33,40,35,36,30,36,37
EPI_ISL_3274161,141,139,139,136,135,81,132,90,81,89,86,96,124,106,106,94,108,110,98,96,94,79,84,69,70,87,87,66,66,67,87,67,65,65,67,39,31,43,47,70,70,45,71,71,33,50,53,46,76,76,76,38,65,66,72,81,78,73,73,64,66,66,64,66,65,68,69,67,65,69,65,70,62,67,64,67,70,68,61,66,67,66,68,60,69,72,68,65,70,73,60,66,65,64,62,68,62,64,66,60,70,55,72,62,71,61,73,73,69,60,68,67,66,66,72,63,80,73,66,64,64,72,61,69,63,63,70,68,64,62,69,73,67,66,72,70,75,75,73,68,71,73,73,69,71,69,72,69,64,118,40,54,44,47,69,28,40,39,40,49,41,45,42,45,43,51,46,40,63,57,43,73,41,57,57,61,42,46,50,45,38,45,44,39,33,35,50,31,36,39,42,42,38,38,35,34,27,38,42,41,38,43,79,38,49,40,45,34,50,66,32,39,33,46,54,40,37,60,44,62,36,66,38,51,43,47,39,42,44,69,41,74,41,0,38,42,46,46,48,29,47,17,47,37,41,36,43,51,40,40,46,36,48,39,43,35,40,43,48,39,44,48,43,32,29,30,27,28,29,28,36,37,30,25,37,26,12,42,43,49,38,34,19,11,26,32,38,104,27,30,92,27,53,48,37,35,34,36,35,40,24,28,27,32,26,32,31,32,28,36,32,26,43,26,25,26,25,32,34,21,33,27,36,29,32,34,29,28,27,29,27,20,28,31,44,28,26,41,22,31,30,30,30,39,30,35,31,28,28,31,33,29,23,28,28,30,28,32,23,27,25,19,35,31,21,34,31,22,20,28,21,28,268,22,22,25,29,21,28,28,32,39,39,33,28,29,32,23,23,35,35,32,26,34,35,41,32,36,35,28,21,36,27,26,36,30,34,37,24,32,38,22,30,30,27,33,33,25,32,34,33,30,37,34,31,33,30,35,26,31,27,24,23,33,31,22,30,22,23,28,23,31,31,29,30,20,29,37,30,37,28,32,28,31,32,29,29,33,28,27,28,31,30,30,32,32,36,22,37,24,28,22,22,22,30,23,32,20,21,19,22,27,31,31,29,30,28,27,24,27,85,25,32,30,31,67,26,31,26,27,21,27,28
EPI_ISL_2566504,148,146,146,143,142,88,139,97,88,96,93,103,131,109,109,93,111,115,97,97,95,87,92,77,78,95,95,74,74,75,95,75,73,73,75,35,21,39,41,78,78,41,79,79,23,44,47,42,84,84,84,18,72,74,80,89,86,81,81,72,74,74,72,74,73,76,77,75,73,77,73,78,70,75,72,75,78,76,69,74,75,74,76,68,77,80,76,73,78,79,68,74,73,72,70,76,70,72,74,68,78,61,80,70,79,69,81,81,77,68,76,75,74,74,80,71,88,81,74,72,72,80,69,75,71,71,78,76,72,70,77,81,75,54,80,78,83,83,81,76,79,81,81,77,79,77,80,77,72,127,28,61,32,35,57,34,28,19,28,37,29,33,30,33,31,41,34,28,51,64,23,61,29,60,64,51,30,34,38,51,26,33,50,21,15,19,58,15,18,47,34,49,44,30,21,28,33,44,30,29,28,31,84,30,57,28,33,38,56,73,36,29,17,53,63,28,19,63,32,50,26,54,18,56,31,35,27,30,24,57,9,81,29,38,0,30,34,34,53,33,53,33,53,43,47,42,49,57,52,47,52,43,36,45,49,43,47,47,55,45,50,54,47,36,33,34,31,32,29,34,42,17,28,29,43,30,34,48,47,55,18,34,41,33,30,30,44,110,25,36,96,31,57,54,43,39,40,42,41,48,28,32,31,38,30,38,37,38,34,40,38,26,49,32,29,30,27,38,38,25,39,25,42,35,36,38,33,34,33,35,25,26,34,37,52,30,30,47,22,35,36,36,36,45,36,43,37,32,36,37,39,33,29,34,26,36,32,36,31,25,31,25,41,35,25,40,37,20,26,34,25,34,274,26,26,31,33,27,34,34,36,45,47,37,34,35,36,21,29,41,41,38,30,40,41,47,38,42,41,34,21,42,27,26,42,36,40,41,30,38,44,20,36,36,33,39,39,29,36,40,39,36,43,40,37,39,36,41,30,37,33,28,21,39,37,26,36,26,27,34,27,37,37,35,36,24,35,45,36,43,34,38,34,37,38,35,35,39,34,33,34,37,36,36,38,38,42,20,43,28,32,26,26,26,36,27,38,26,19,25,22,33,37,37,35,36,34,33,30,33,92,31,38,36,37,73,30,37,32,33,27,33,34
EPI_ISL_2566498,150,148,148,145,144,90,140,99,92,98,95,105,133,109,107,91,111,115,95,95,93,86,93,78,79,96,96,75,75,76,96,76,74,74,76,22,30,27,30,79,79,29,80,80,32,33,36,30,85,85,83,27,75,75,79,88,85,80,80,72,74,74,72,74,73,76,77,75,73,77,73,78,70,73,72,75,78,76,69,74,75,74,76,68,77,82,76,71,78,79,68,74,73,72,70,74,70,72,74,68,78,61,80,68,79,73,79,79,79,68,76,75,74,74,80,71,88,80,74,72,72,80,69,75,71,71,78,76,72,70,77,80,74,41,79,77,82,82,80,75,78,80,80,76,78,76,79,78,73,130,16,65,20,20,43,38,18,31,18,25,19,21,18,21,17,28,20,18,39,66,32,49,19,62,68,37,16,24,26,53,16,21,52,23,25,29,62,27,28,51,22,53,46,38,29,16,37,48,16,17,14,19,84,18,61,34,39,42,60,76,40,17,27,57,67,14,27,69,22,36,14,42,30,62,17,23,15,18,36,45,33,85,19,42,30,0,24,24,55,37,57,37,57,47,51,46,53,61,56,51,56,47,23,49,53,47,51,51,59,49,52,58,51,40,37,38,35,36,33,38,46,26,32,33,47,34,38,52,53,59,27,36,45,37,34,34,48,114,29,40,100,35,61,58,46,43,43,45,44,51,32,36,35,41,34,41,40,41,38,44,42,30,51,36,33,34,31,42,42,29,43,29,46,39,40,42,37,36,37,39,29,30,38,41,56,34,34,51,26,39,40,40,40,49,40,47,41,36,40,41,43,37,33,38,30,40,36,40,35,29,35,29,45,39,29,44,41,24,30,38,29,38,278,30,30,35,37,31,38,38,40,49,51,41,38,39,40,25,33,45,45,42,34,44,45,51,42,46,45,38,25,46,31,30,46,40,44,45,34,42,48,24,40,40,37,43,43,33,40,43,43,40,47,44,41,43,40,45,34,41,37,32,25,43,41,30,40,30,31,38,31,41,41,39,40,28,39,49,40,47,38,42,38,41,42,39,39,43,38,37,38,41,40,40,42,42,46,24,47,32,36,30,30,30,40,31,42,30,23,29,26,37,41,41,39,40,38,37,34,37,96,35,42,40,41,77,34,41,36,37,31,37,38
EPI_ISL_2566471,156,154,154,151,150,96,146,105,96,104,101,109,137,111,113,95,113,117,99,101,97,91,98,83,84,101,101,80,80,81,101,81,79,79,81,29,35,33,33,84,84,35,85,85,37,36,39,36,90,90,88,32,80,78,84,93,90,85,85,76,78,78,76,78,77,80,81,79,77,81,77,82,74,79,76,79,82,80,73,76,79,78,80,72,81,84,80,77,82,83,72,78,77,76,74,78,74,76,78,72,82,65,84,74,83,75,85,85,81,72,80,79,78,78,84,75,92,85,78,76,76,84,73,79,75,75,82,80,76,74,81,85,79,44,84,82,87,87,85,80,83,85,85,81,83,81,84,83,76,135,22,69,24,27,49,42,18,33,18,27,21,25,20,25,23,29,24,22,41,72,37,51,23,66,72,43,24,18,30,51,18,19,52,29,29,33,66,31,32,55,26,57,46,42,33,20,41,52,24,21,22,23,88,20,63,38,41,44,64,79,44,19,31,61,71,20,33,73,24,42,20,42,34,66,23,27,17,22,40,49,37,89,21,46,34,24,0,26,59,41,61,41,61,51,55,50,57,65,60,55,60,51,28,53,57,51,55,55,63,53,58,62,55,44,41,42,39,40,37,42,50,31,36,37,51,38,42,56,57,63,32,42,49,41,38,38,52,118,33,44,104,39,65,62,51,47,48,50,49,56,36,40,39,46,38,46,45,46,42,48,46,34,57,40,37,38,35,46,46,33,47,33,50,43,44,46,41,42,41,43,33,34,42,45,60,38,38,55,30,43,44,44,44,53,44,51,45,40,44,45,47,41,37,42,34,44,40,44,39,33,39,33,49,43,33,48,45,28,34,42,33,42,282,34,34,39,41,35,42,42,44,53,55,45,42,43,44,29,37,49,49,46,38,48,49,55,46,50,49,42,29,50,35,34,50,44,48,49,38,46,52,28,44,44,41,47,47,37,44,48,47,44,51,48,45,47,44,49,38,45,41,36,29,47,45,34,44,34,35,42,35,45,45,43,44,32,43,53,44,51,42,46,42,45,46,43,43,47,42,41,42,45,44,44,46,46,50,28,51,36,40,34,34,34,44,35,46,34,27,33,30,41,45,45,43,44,42,41,38,41,100,39,46,44,45,81,38,45,40,41,35,41,42
EPI_ISL_2566499,156,154,154,151,150,96,146,105,96,104,101,111,139,111,111,95,113,117,99,99,95,93,100,85,86,103,103,82,82,83,103,83,81,81,83,31,37,33,33,86,86,35,87,87,39,36,39,36,92,92,90,32,80,80,86,95,92,87,87,78,80,80,78,80,79,82,83,81,79,83,79,84,76,81,78,81,84,82,75,80,81,78,82,74,83,86,82,79,84,85,74,80,77,78,76,80,76,78,80,74,84,65,86,76,85,77,87,87,83,74,82,81,80,80,86,77,94,87,80,76,78,86,75,81,77,77,84,82,78,76,83,87,81,42,86,84,89,89,87,82,85,87,87,83,85,83,86,85,78,135,22,69,22,27,51,42,20,35,20,19,23,25,22,23,23,31,24,22,41,72,37,51,21,66,72,45,24,24,30,57,18,25,56,27,31,35,66,33,34,55,28,57,50,44,33,22,41,52,22,21,20,19,88,24,65,40,43,46,64,81,44,17,33,61,71,20,31,73,24,44,20,44,34,66,21,27,19,22,40,51,35,89,19,46,34,24,26,0,59,39,61,41,61,51,55,50,57,65,60,55,60,51,28,53,57,50,55,55,63,53,58,62,55,42,39,40,37,38,35,40,50,31,34,35,51,36,42,56,57,63,32,40,49,41,36,36,52,118,31,44,102,37,63,62,51,45,48,50,49,56,34,38,37,46,36,46,45,46,42,46,46,32,57,40,35,36,33,46,46,31,47,31,50,43,42,44,41,42,41,43,31,34,42,45,60,38,36,55,28,43,44,44,44,53,44,51,45,38,44,45,47,41,37,42,34,44,38,42,39,31,39,31,49,41,31,46,45,26,32,42,31,42,282,32,32,39,39,33,42,42,42,53,55,43,42,43,42,27,35,49,49,46,36,48,49,55,46,50,49,42,27,50,33,32,50,44,48,49,38,46,52,26,44,44,41,47,47,35,42,48,47,44,51,48,45,47,44,49,36,45,41,34,27,47,45,32,44,32,33,42,33,45,45,43,44,30,43,53,44,51,42,46,42,45,46,43,43,47,42,41,42,45,44,44,46,46,50,26,49,34,38,32,32,32,44,33,46,34,25,33,28,41,45,45,43,44,42,41,38,41,100,39,46,44,45,81,38,45,40,41,33,41,42
EPI_ISL_2566516,145,143,143,140,139,85,136,96,87,95,92,100,128,108,108,100,110,112,104,100,100,87,92,77,78,95,95,74,74,75,95,75,73,73,75,54,46,58,60,78,78,60,79,79,48,63,66,61,84,84,84,53,33,74,80,89,86,81,81,72,74,74,72,74,73,76,77,75,73,77,73,78,70,75,72,75,78,76,69,74,75,74,76,68,77,80,76,73,78,80,68,74,73,72,70,76,70,72,74,68,76,62,80,70,79,69,81,81,77,68,76,75,74,74,80,71,88,81,74,72,72,80,69,76,71,71,78,76,72,70,77,81,75,79,80,78,83,83,81,76,79,81,81,77,79,77,78,77,72,88,53,24,57,60,82,35,53,54,53,62,54,58,55,58,56,64,59,53,76,25,58,86,54,21,25,74,55,59,63,60,51,58,59,54,46,48,59,46,51,48,55,14,53,55,50,45,34,43,55,54,51,56,45,49,58,53,58,45,57,34,49,52,48,16,64,53,52,26,57,75,51,79,53,19,56,58,52,55,59,82,56,48,54,48,53,55,59,59,0,46,54,43,54,44,48,43,51,59,56,49,53,45,61,46,50,46,48,50,57,44,51,55,50,49,46,47,44,45,46,46,43,52,47,42,42,43,44,47,50,56,53,51,51,43,43,49,45,111,44,37,109,44,70,55,44,52,41,43,42,49,41,45,44,39,43,39,38,39,35,53,39,43,50,33,42,43,42,39,41,38,40,44,43,36,41,43,42,35,36,36,44,35,35,38,53,39,43,48,39,42,37,37,37,46,37,44,38,45,37,38,40,40,38,35,43,37,45,45,42,44,36,36,42,42,38,43,38,39,37,35,38,35,275,39,39,36,40,38,35,43,47,44,48,40,37,36,49,40,40,42,42,39,43,41,42,48,37,43,42,35,38,43,44,43,43,37,41,44,31,39,45,39,37,37,34,38,38,42,49,41,38,37,42,39,38,40,37,42,43,38,38,39,40,40,38,39,37,39,40,35,40,38,36,36,37,37,36,46,37,44,35,39,35,38,39,36,36,40,35,34,35,38,37,35,39,37,41,39,44,41,45,39,39,39,37,40,39,35,38,34,39,34,38,38,36,37,35,34,31,34,93,32,39,37,38,74,33,40,33,34,38,34,35
EPI_ISL_1936358,139,137,137,134,133,79,130,88,79,87,84,94,121,104,104,92,106,108,96,94,92,78,83,68,69,86,86,65,65,66,86,66,64,64,66,36,28,38,40,69,69,40,70,70,30,43,46,41,75,75,75,31,63,65,71,80,77,72,72,63,65,65,63,65,64,67,68,66,64,68,64,69,61,66,63,66,69,67,60,65,66,63,67,59,68,69,67,64,69,70,59,65,62,63,61,67,61,63,65,59,69,52,71,61,70,58,72,72,66,59,67,66,65,65,71,62,79,72,65,63,63,71,60,66,62,62,69,67,63,61,68,72,66,59,71,69,74,74,72,67,70,72,72,68,70,68,71,68,63,118,35,52,39,40,64,25,35,34,35,42,36,38,37,38,36,44,39,35,58,55,36,66,34,55,55,56,37,39,43,42,33,40,41,32,28,30,49,28,31,36,37,40,35,33,28,31,24,35,35,36,31,36,77,33,48,35,40,27,47,64,25,32,28,44,54,33,30,58,37,57,33,61,33,49,36,40,34,35,39,64,34,72,36,29,33,37,41,39,46,0,44,24,44,34,38,33,40,48,43,38,43,34,41,36,40,33,38,40,46,36,41,45,38,23,20,21,18,19,22,21,33,30,23,16,34,17,25,39,40,44,31,27,32,24,17,25,35,101,20,27,83,20,46,45,34,26,31,33,32,39,5,9,8,29,17,29,28,29,25,27,29,19,40,23,16,19,18,29,29,12,30,20,33,26,25,27,24,25,24,26,20,17,25,28,43,25,17,38,15,26,27,27,27,36,27,34,28,19,27,28,30,24,20,25,23,27,19,21,22,20,22,14,32,24,12,27,28,15,15,25,12,25,265,13,13,22,22,16,25,25,23,36,38,28,25,26,23,16,18,32,32,29,19,31,32,38,29,33,32,25,14,33,20,19,33,27,31,32,21,29,35,15,27,27,24,30,30,16,23,31,30,27,34,31,28,30,27,32,19,28,24,17,16,30,28,13,27,13,14,25,14,28,28,26,27,11,26,36,27,34,25,29,25,28,29,26,26,30,25,24,25,28,27,27,29,29,33,15,33,17,19,13,13,13,27,14,29,17,14,16,15,24,28,28,26,27,25,24,21,24,83,22,29,27,28,64,23,28,23,24,16,24,25
EPI_ISL_1936344,147,145,145,142,141,87,138,96,87,95,92,102,130,114,114,104,116,118,108,106,106,81,86,71,72,89,89,68,68,69,89,69,67,67,69,56,44,60,62,72,72,62,73,73,46,65,68,63,78,78,76,53,71,68,74,83,80,75,75,66,68,68,66,68,67,70,71,69,65,71,67,72,64,69,66,69,72,70,63,68,69,68,70,62,71,74,70,67,72,73,62,68,67,66,64,70,64,66,68,62,70,54,74,64,73,62,75,75,71,62,70,69,68,68,74,65,82,75,68,66,66,74,63,69,65,65,72,70,66,64,71,75,69,81,74,72,77,77,75,70,73,75,75,71,73,71,74,71,66,126,55,60,59,62,84,27,55,54,55,64,56,60,57,60,58,66,61,55,78,63,58,88,56,63,63,76,57,61,65,58,53,60,57,54,46,48,50,46,51,38,57,48,51,53,50,47,26,35,57,56,53,58,85,51,50,53,52,43,49,72,47,54,48,52,56,55,52,66,59,77,53,81,51,57,58,62,54,57,59,84,56,80,56,47,53,57,61,61,54,44,0,42,44,32,38,31,41,51,48,40,45,36,63,36,40,37,39,40,49,34,41,47,48,47,44,45,42,43,44,45,41,52,45,40,34,41,43,39,46,46,53,49,50,42,41,45,35,88,42,27,107,42,68,45,32,49,29,31,30,37,39,43,42,27,41,27,26,27,25,51,31,41,40,23,40,39,40,29,31,36,32,42,33,28,33,35,40,33,28,28,42,33,27,26,45,31,41,38,37,34,29,29,29,36,29,36,28,43,29,30,22,38,36,27,43,29,43,43,40,42,34,34,32,34,36,41,30,37,35,27,36,27,263,37,37,34,32,36,31,41,39,36,40,32,29,26,47,38,38,32,30,27,41,31,32,38,29,33,32,31,36,33,42,41,33,27,33,34,29,35,35,37,27,25,32,30,30,40,46,29,30,27,34,33,28,32,25,34,41,30,30,37,38,30,28,37,35,37,38,31,38,28,28,26,35,35,26,36,29,34,23,29,25,28,29,26,27,30,27,22,23,27,27,27,30,29,33,37,42,39,43,37,37,37,29,38,35,33,36,34,37,24,28,30,28,25,27,22,29,22,83,24,28,28,28,62,25,32,31,24,36,24,25
EPI_ISL_3274158,136,134,134,131,130,76,127,85,76,84,81,91,119,101,101,89,103,105,93,91,89,74,79,64,65,82,82,61,61,62,82,62,60,60,62,36,26,40,42,65,65,42,66,66,28,45,48,43,71,71,71,33,60,61,67,76,73,68,68,59,61,61,57,61,60,63,64,62,60,64,58,65,57,62,59,62,65,63,56,61,62,59,63,55,64,67,63,60,65,68,55,61,58,59,57,63,57,59,61,55,65,50,67,57,66,56,68,68,64,55,63,62,61,61,67,58,75,68,61,59,59,67,56,64,58,58,65,63,59,57,64,68,62,61,67,65,70,70,68,63,66,68,68,64,66,64,67,64,59,113,35,49,39,42,64,23,35,34,35,44,36,40,37,40,38,46,41,35,58,52,38,68,36,52,52,56,37,41,45,40,33,40,39,34,28,30,45,26,31,34,37,37,33,33,30,29,22,33,37,36,33,38,74,33,44,35,40,29,45,61,27,34,28,41,50,35,32,55,39,57,31,61,33,46,38,42,34,37,39,64,36,69,36,17,33,37,41,41,43,24,42,0,42,32,36,31,38,46,37,35,41,31,43,34,38,30,36,38,43,34,39,43,38,27,24,25,22,23,24,23,31,32,25,20,32,21,13,37,38,44,33,29,20,12,21,27,33,99,22,25,87,22,48,43,32,30,29,31,30,35,19,23,22,27,21,27,26,27,23,31,27,21,38,21,20,21,20,27,29,16,28,22,31,24,27,29,24,23,22,24,22,15,23,26,39,23,21,36,17,26,25,25,25,34,25,30,26,23,25,26,28,24,18,23,23,25,23,27,18,22,20,14,30,26,16,29,26,17,15,23,16,23,263,17,17,20,24,16,23,23,27,34,34,28,23,24,27,18,18,30,30,27,21,29,30,36,27,31,30,23,16,31,22,21,31,25,29,32,19,27,33,17,25,25,22,28,28,20,27,29,28,25,32,29,26,28,25,30,21,26,22,19,18,28,26,17,25,17,18,23,18,26,26,24,25,15,24,32,25,32,23,27,23,26,27,24,24,28,23,22,23,26,25,25,27,27,31,17,32,19,23,17,17,17,25,18,27,15,16,14,17,22,26,26,24,25,23,22,19,22,81,20,27,25,26,62,21,26,21,22,16,22,23
EPI_ISL_8215716,147,145,145,142,141,87,138,96,87,95,92,102,128,112,112,102,114,114,104,106,106,79,86,71,72,89,89,68,68,69,89,69,67,67,69,56,44,60,62,72,72,62,73,73,46,65,68,63,78,78,78,53,71,68,74,83,80,75,75,66,68,68,66,68,67,70,71,69,67,69,67,72,64,69,66,69,70,68,63,66,67,66,70,60,69,72,68,67,72,71,62,68,67,66,64,70,64,64,66,62,72,54,74,64,73,62,75,75,69,62,70,69,66,68,74,65,80,75,68,66,66,72,61,67,65,65,72,70,66,64,71,73,69,81,74,72,75,75,75,70,73,75,75,71,73,71,74,71,66,126,55,60,59,62,82,27,55,54,55,64,56,60,57,60,58,66,61,55,78,63,58,86,56,63,63,74,57,61,65,58,53,60,57,54,46,48,51,46,51,34,57,48,49,53,50,47,26,33,57,56,53,58,81,51,50,53,52,43,49,72,47,54,48,52,56,55,52,66,59,75,53,81,53,57,56,62,54,57,59,84,56,78,56,47,53,57,61,61,54,44,44,42,0,32,32,33,35,49,47,39,43,34,63,30,34,36,35,35,48,34,35,45,45,47,42,45,40,41,44,45,41,52,44,40,32,41,43,35,48,46,53,49,50,42,41,45,33,101,42,27,107,42,68,45,34,50,31,33,32,39,39,43,42,29,41,29,28,29,21,51,31,41,40,21,40,39,40,31,23,36,28,40,27,26,33,35,40,31,28,28,42,33,27,28,45,31,41,32,37,34,29,29,29,30,29,36,26,43,29,30,30,36,36,27,43,29,43,43,38,40,34,34,26,34,36,41,30,37,35,27,36,27,264,37,37,34,32,36,33,39,39,36,40,32,29,26,47,38,38,28,32,29,41,31,28,34,27,29,28,33,36,29,42,41,29,29,33,26,29,37,31,37,23,27,32,28,28,40,47,31,28,23,32,33,24,30,27,32,41,26,28,37,38,22,28,37,35,37,38,33,38,24,26,24,35,35,24,38,29,33,24,30,23,26,28,24,26,28,27,24,25,28,25,25,30,27,31,37,42,39,43,37,37,37,29,38,37,33,36,34,37,22,26,26,28,27,27,24,29,24,81,24,29,27,26,62,25,32,31,22,36,22,23
EPI_ISL_890230,136,134,134,131,130,77,127,85,76,84,81,92,119,103,103,93,105,107,97,95,95,71,76,61,62,79,79,58,58,59,79,59,57,57,59,46,34,50,52,62,62,52,63,63,36,55,58,53,68,68,68,43,61,58,64,73,70,65,65,56,58,58,56,58,57,60,61,59,57,61,57,62,54,59,56,59,62,60,53,58,59,58,60,52,61,64,60,57,62,63,52,58,57,56,54,60,54,56,58,52,62,44,64,54,63,52,65,65,61,52,60,59,58,58,64,55,72,65,58,56,56,62,53,59,55,55,62,60,56,54,61,65,59,71,64,62,67,67,65,60,63,65,65,61,63,61,64,61,56,116,45,50,49,52,74,17,45,44,45,54,46,50,47,50,48,56,51,45,68,53,48,78,46,53,53,66,47,51,55,48,43,50,47,44,36,38,41,36,41,28,47,38,41,43,40,37,16,25,47,46,43,48,75,41,40,43,42,33,39,62,37,44,38,42,46,45,42,56,49,67,43,71,43,47,48,50,44,47,49,74,46,70,46,37,43,47,51,51,44,34,32,32,32,0,26,21,29,40,38,30,35,26,53,24,28,27,29,28,39,26,29,37,38,37,34,35,32,33,34,35,31,42,35,30,24,31,33,29,38,36,43,39,40,32,31,37,25,89,32,17,97,32,58,35,22,40,19,21,20,27,29,33,32,17,31,17,16,17,15,41,21,31,30,13,30,29,30,21,21,26,22,32,23,18,23,25,30,23,18,18,32,23,17,16,35,21,31,28,27,24,19,19,19,26,19,26,18,33,19,20,18,28,26,17,33,19,33,33,30,32,24,24,22,24,26,31,20,27,25,17,26,17,255,27,27,24,22,26,23,31,29,26,30,22,19,16,37,28,28,22,20,17,31,21,22,28,19,23,22,23,26,23,32,31,23,17,23,24,19,27,25,27,17,15,22,20,20,30,37,19,20,17,24,23,18,22,15,24,31,20,20,27,28,20,18,27,25,27,28,23,28,18,18,16,25,25,16,28,19,24,13,19,15,18,19,16,17,20,17,12,13,17,17,17,20,19,23,27,32,29,33,27,27,27,19,28,27,23,26,24,27,14,18,20,18,15,17,12,19,12,73,14,18,18,18,52,15,22,21,14,26,14,15
EPI_ISL_890224,141,139,139,136,135,81,132,90,81,89,86,96,124,108,108,98,110,112,102,100,100,75,80,65,66,83,83,62,62,63,83,63,61,61,63,50,38,54,56,66,66,56,67,67,40,59,62,57,72,72,72,47,65,60,68,77,74,69,69,60,62,62,60,62,61,64,65,63,61,63,61,66,58,61,60,63,64,62,57,60,61,60,64,54,63,64,62,61,66,65,56,62,61,60,58,64,58,58,60,56,66,48,68,58,67,54,69,69,61,56,64,63,62,62,68,59,74,69,62,60,58,66,55,61,59,59,66,64,60,56,65,69,63,75,68,66,71,71,69,64,67,69,69,65,67,65,68,65,58,120,49,54,53,56,74,21,49,48,49,58,50,54,51,54,52,58,55,49,72,57,52,80,50,57,57,70,51,55,57,52,47,54,51,48,40,42,43,40,45,28,51,42,45,47,44,41,20,27,51,50,47,52,77,45,42,45,46,35,41,66,41,48,42,46,48,49,46,60,53,71,47,75,47,51,52,56,48,51,53,78,50,74,50,41,47,51,55,55,48,38,38,36,32,26,0,27,4,41,41,33,39,28,57,16,21,30,31,20,43,28,29,41,40,41,38,39,36,37,38,39,35,46,39,34,26,35,37,31,42,40,47,43,44,36,35,41,27,95,36,21,101,36,62,39,28,44,25,27,26,33,33,37,36,23,35,23,22,23,15,45,25,35,34,15,34,33,34,25,21,30,22,36,23,18,27,29,34,27,22,22,36,27,21,22,37,25,35,26,31,28,23,23,23,24,23,30,20,37,23,24,24,30,30,21,37,23,37,37,34,36,28,28,22,28,30,35,24,31,29,21,30,21,258,31,31,28,26,30,27,35,33,30,34,26,23,20,41,32,32,24,26,23,35,25,20,26,21,21,20,27,30,21,36,35,21,23,27,24,23,31,23,31,17,21,26,22,22,34,41,25,22,19,26,27,20,26,21,28,35,20,24,31,32,20,22,31,29,31,32,27,32,14,20,18,29,29,18,32,23,27,18,24,17,20,22,18,20,22,21,18,19,22,19,19,24,21,25,31,36,33,37,31,31,31,23,32,31,27,30,28,31,16,20,22,22,21,21,18,23,18,75,18,23,21,20,58,19,26,25,16,30,16,17
EPI_ISL_890222,136,134,134,131,130,76,127,85,76,84,81,91,119,103,103,93,105,107,97,95,95,70,75,60,61,78,78,57,57,58,78,58,56,56,58,45,33,49,51,61,61,51,62,62,35,54,57,52,67,67,65,42,60,57,63,72,69,64,64,55,57,57,55,57,56,59,60,58,56,60,56,61,53,58,55,58,61,59,52,57,58,57,59,51,60,63,59,56,61,62,51,57,56,55,53,59,53,55,57,51,61,43,63,53,62,51,64,64,60,51,59,58,57,57,63,54,71,64,57,55,55,63,52,58,54,54,61,59,55,53,60,64,58,70,63,61,66,66,64,59,62,64,64,60,62,60,63,60,55,115,44,49,48,51,73,16,44,43,44,53,45,49,46,49,47,55,50,44,67,52,47,77,45,52,52,65,46,50,54,47,42,49,46,43,35,37,40,35,40,25,46,37,40,42,39,36,15,24,46,45,42,47,74,40,39,42,41,32,38,61,36,43,37,41,45,44,41,53,48,66,42,70,42,44,47,51,43,46,48,73,45,69,45,36,42,46,50,50,43,33,31,31,33,21,27,0,28,38,37,27,32,25,52,25,27,26,28,29,38,25,30,36,37,36,33,34,31,32,33,34,30,41,34,29,23,30,32,28,37,35,42,38,39,31,30,36,24,88,31,16,96,31,57,34,21,39,18,20,19,26,28,32,31,16,30,16,15,16,14,40,20,30,29,12,29,28,29,20,20,25,21,31,22,17,22,24,29,22,17,17,31,22,16,15,34,20,30,27,26,23,18,18,18,25,18,25,17,32,18,19,17,27,25,16,32,18,32,32,29,31,23,23,21,23,25,30,19,26,24,16,25,16,254,26,26,23,21,25,22,30,28,25,29,21,18,15,36,27,27,21,15,12,30,20,21,27,18,22,21,22,25,22,31,30,22,16,22,23,18,26,24,26,16,14,21,19,19,29,36,18,19,16,23,22,17,21,14,23,30,19,19,26,27,19,17,26,24,26,27,22,27,17,17,15,24,24,15,27,18,23,12,18,14,17,18,15,16,19,16,11,12,16,16,16,19,18,22,26,31,28,32,26,26,26,18,27,26,22,25,23,26,13,17,19,17,14,16,11,18,11,72,13,17,17,17,51,14,21,20,13,25,13,14
EPI_ISL_890220,144,142,142,139,138,84,135,93,84,92,89,99,127,111,111,101,113,115,105,103,103,78,83,68,69,86,86,65,65,66,86,66,64,64,66,52,41,56,58,69,69,58,70,70,43,61,64,59,75,75,75,49,68,63,71,80,77,72,72,63,65,65,63,65,64,67,68,66,64,66,64,69,61,64,63,66,67,65,60,63,64,63,67,57,66,67,65,64,69,68,59,65,64,63,61,67,61,61,63,59,69,51,71,61,70,57,72,72,64,59,67,66,65,65,71,62,77,72,65,63,61,69,58,64,62,62,69,67,63,59,68,72,66,77,71,69,74,74,72,67,70,72,72,68,70,68,71,68,61,123,51,57,55,58,77,24,51,50,51,60,52,56,53,56,54,60,57,51,74,60,54,82,52,60,60,72,53,57,60,54,49,56,53,50,43,45,46,42,47,31,53,45,47,49,46,44,23,30,53,52,49,54,80,48,45,48,49,38,44,69,43,50,44,49,51,51,48,63,55,73,49,77,49,54,54,58,50,53,55,80,52,77,52,43,49,53,57,57,51,40,41,38,35,29,4,28,0,40,42,36,40,31,59,19,22,33,34,23,46,31,32,44,43,43,40,41,38,39,40,41,38,48,41,36,29,37,39,34,45,43,49,45,46,38,37,43,30,98,38,24,103,38,64,42,31,46,28,30,29,36,35,39,38,26,37,26,25,26,18,47,28,37,37,18,36,35,36,28,24,32,25,38,26,21,29,32,37,30,24,25,38,29,24,25,40,27,37,29,33,31,26,26,26,27,26,33,23,39,26,27,27,33,32,24,39,26,39,40,36,38,30,30,25,31,32,38,27,33,31,24,32,24,261,33,33,30,29,32,30,37,35,33,37,29,26,23,43,34,34,27,29,26,37,28,23,29,24,24,23,30,32,24,38,37,24,26,30,27,26,34,26,33,20,24,29,25,25,36,43,28,25,22,29,30,23,29,24,31,37,23,26,33,34,23,25,33,32,33,34,30,34,17,23,21,32,31,21,35,26,30,21,27,20,23,25,21,23,25,24,21,22,25,22,22,27,24,28,33,39,35,39,33,33,33,26,34,34,29,32,30,33,19,23,25,25,24,24,21,26,21,78,21,26,24,23,61,22,28,28,19,32,19,20
EPI_ISL_890219,153,151,151,148,147,93,144,102,93,101,98,108,136,120,120,109,122,124,113,111,111,87,92,77,78,95,95,74,74,75,95,75,73,73,75,60,49,64,66,78,78,66,79,79,51,69,72,67,84,84,84,57,76,74,80,89,86,81,81,72,74,74,72,74,73,76,77,75,73,76,73,78,70,75,72,75,77,75,69,73,74,73,76,67,76,79,75,73,78,78,68,74,73,72,70,76,70,71,73,68,78,60,80,70,79,68,81,81,76,68,76,75,74,74,80,71,87,81,74,72,72,79,68,74,71,71,78,76,72,70,77,81,75,85,80,78,83,83,81,76,79,81,81,77,79,77,80,77,72,131,59,65,63,66,87,33,59,58,59,68,60,64,61,64,62,70,65,59,82,68,62,91,60,68,68,80,61,65,69,62,57,64,61,58,51,53,56,50,55,44,61,53,55,57,54,52,32,36,61,60,57,62,89,56,55,58,57,48,54,77,51,58,52,57,61,59,56,71,63,81,57,85,57,62,62,66,58,61,62,88,60,85,60,51,57,61,65,65,59,48,51,46,49,40,41,38,40,0,35,34,49,35,67,39,41,34,43,43,55,35,46,53,54,51,48,49,46,47,48,49,47,56,49,44,33,45,47,38,54,52,57,53,54,46,45,51,35,108,46,34,111,46,72,51,41,54,38,40,39,46,43,47,46,36,45,36,35,36,31,55,37,45,47,29,44,44,44,37,37,40,37,46,39,33,38,41,44,39,33,34,45,38,33,35,50,36,45,43,41,39,35,35,35,41,35,42,34,47,35,36,37,41,40,33,47,35,47,48,44,46,38,38,38,39,40,47,36,41,39,33,40,33,271,41,41,39,38,40,39,45,43,41,46,38,35,33,51,42,42,38,39,36,45,38,37,43,33,38,37,39,40,38,46,45,38,35,39,40,35,43,40,41,33,34,38,34,34,44,51,38,34,33,38,38,34,38,34,40,45,35,35,42,42,36,35,41,41,41,42,39,42,32,32,32,41,39,32,44,35,39,30,35,31,34,34,32,30,36,33,31,32,35,33,31,35,33,37,41,48,42,47,41,41,41,35,42,43,37,40,38,41,30,34,36,34,34,33,31,35,31,89,30,36,31,34,71,31,37,37,30,40,30,31
EPI_ISL_890216,150,148,148,145,144,90,141,99,90,98,95,105,133,117,117,106,119,121,110,108,107,84,89,74,75,92,92,71,71,72,92,72,70,70,72,55,44,59,61,75,75,61,76,76,46,64,67,62,81,81,81,52,73,71,77,86,83,78,78,69,71,71,69,71,69,73,74,72,70,73,70,75,67,72,69,72,74,72,66,70,71,70,73,64,73,76,72,70,75,75,65,71,70,69,67,73,67,68,70,65,74,57,77,67,76,65,78,78,73,65,73,72,71,71,77,68,84,78,71,69,69,76,65,71,68,68,75,73,69,67,74,78,72,80,77,75,80,80,78,73,76,78,78,74,76,74,77,74,69,127,54,62,58,61,82,30,54,53,54,63,55,58,56,59,57,65,60,54,77,65,57,86,55,65,65,75,56,60,64,57,52,59,56,53,46,48,53,45,50,40,56,50,50,52,49,47,29,31,56,55,52,57,86,51,52,53,52,45,52,74,46,53,47,54,58,53,51,68,58,76,51,80,52,59,57,61,53,56,58,83,55,82,55,40,52,56,60,60,56,43,48,37,47,38,41,37,42,35,0,25,48,23,62,39,43,23,40,43,50,36,44,50,51,46,43,43,41,42,43,44,44,51,44,39,34,40,36,39,51,49,52,48,43,35,40,46,36,105,41,31,106,41,67,49,38,49,35,37,36,42,38,42,41,33,40,33,32,33,28,50,34,40,44,26,39,39,39,34,34,35,34,41,36,31,35,37,41,36,30,31,41,33,30,32,47,32,40,41,36,36,32,32,32,39,32,38,31,42,32,33,33,38,35,30,42,32,42,43,38,41,35,33,35,35,35,44,33,36,34,30,35,30,268,36,36,36,33,35,36,40,37,38,42,35,32,30,46,37,37,35,36,33,40,35,35,41,30,36,35,36,35,36,41,40,36,32,36,37,32,40,38,36,30,31,35,31,31,39,46,35,31,30,35,35,31,35,31,37,40,32,31,37,37,33,32,36,38,36,37,36,37,31,29,29,38,34,29,40,32,36,27,32,28,31,31,29,27,33,30,28,29,32,30,28,32,30,34,36,45,37,42,36,36,36,32,37,40,32,35,33,36,27,31,33,31,31,30,28,32,28,86,27,33,28,31,68,28,34,34,27,35,27,28
EPI_ISL_890197,142,140,140,137,136,82,133,91,82,90,87,97,125,109,109,99,111,113,103,101,101,76,81,66,67,84,84,63,63,64,84,64,62,62,64,50,38,54,56,67,67,56,68,68,40,59,62,57,73,73,72,47,66,63,69,78,75,70,70,61,63,63,61,63,62,65,66,64,62,65,62,67,59,64,61,64,66,64,58,62,63,62,65,56,65,68,64,62,67,67,57,63,62,61,59,65,59,60,62,57,67,49,69,59,68,57,70,70,65,57,65,64,63,63,69,60,76,70,63,61,61,68,57,63,60,60,67,65,61,59,66,70,64,75,69,67,72,72,70,65,68,70,70,66,68,66,69,66,61,121,49,55,53,56,77,22,49,48,49,58,50,54,51,54,52,60,55,49,72,58,52,81,50,58,58,70,51,55,59,52,47,54,51,48,40,42,45,40,45,31,51,43,45,47,44,41,21,24,51,50,47,52,79,45,44,47,46,38,44,67,41,48,42,47,50,49,46,61,53,71,46,75,47,52,52,56,48,51,53,78,50,75,50,40,47,51,55,55,49,38,40,35,39,30,33,27,36,34,25,0,37,22,57,31,35,14,32,35,39,29,36,40,43,41,38,39,36,37,38,39,36,46,39,34,27,35,36,32,43,41,47,43,43,35,35,41,28,97,36,23,101,36,62,41,30,44,27,29,28,35,33,37,36,25,35,25,24,25,20,45,26,35,36,18,34,34,34,26,26,30,26,36,28,23,28,30,35,28,23,23,36,27,22,24,39,25,35,33,31,29,24,24,24,31,24,30,23,37,24,25,26,31,30,22,37,24,37,37,33,36,29,28,27,28,30,36,25,31,29,22,30,22,260,31,31,29,26,30,28,35,33,31,34,27,24,22,41,32,32,27,26,23,35,27,27,33,23,28,27,28,30,28,36,35,28,24,28,29,24,32,30,31,22,23,27,24,24,34,41,27,24,22,28,28,23,25,23,29,35,24,25,31,32,25,24,31,30,31,32,28,32,23,22,21,30,29,21,32,24,28,19,24,20,23,23,21,19,25,22,20,21,24,22,21,24,23,27,31,37,32,37,31,31,31,24,32,32,27,30,28,31,19,23,25,23,23,22,20,24,20,77,19,25,20,23,60,20,27,26,19,30,19,20
EPI_ISL_890196,146,144,144,141,140,86,137,95,86,94,91,101,129,113,113,103,115,117,107,105,105,80,83,70,71,86,86,67,67,68,86,68,66,66,68,55,43,59,61,69,69,61,70,70,45,64,67,62,75,75,75,52,70,67,71,80,77,72,72,65,65,67,61,63,64,67,68,64,66,66,62,67,61,66,65,64,67,65,60,65,66,63,65,59,66,71,65,62,67,68,59,63,62,61,59,67,61,61,63,59,69,53,69,59,68,61,70,70,68,59,65,64,63,65,73,60,77,74,65,61,63,69,60,68,64,62,69,65,63,61,68,74,66,77,73,71,76,76,72,67,72,74,72,70,72,68,73,70,63,125,54,59,58,61,81,26,54,53,54,63,55,59,56,59,57,65,60,54,75,62,57,85,55,62,62,71,56,60,64,57,52,59,56,53,45,47,50,45,50,39,56,47,50,52,49,46,25,36,56,55,52,57,82,50,49,52,51,42,48,71,46,53,47,51,55,54,51,65,58,72,52,78,52,56,57,61,53,56,58,81,55,77,55,46,52,56,60,60,53,43,45,41,43,35,39,32,40,49,48,37,0,37,62,37,39,35,37,41,34,37,42,30,47,46,43,44,41,42,43,44,40,51,44,39,35,40,40,40,47,47,52,48,49,39,40,46,36,102,41,28,106,41,67,46,35,49,32,34,33,40,38,42,41,30,40,30,29,30,26,50,30,40,39,24,39,40,39,30,30,35,31,41,32,27,32,34,39,32,27,27,41,32,26,29,44,30,40,39,36,33,28,28,28,37,28,35,29,42,28,29,31,37,35,26,42,28,42,42,39,39,33,33,31,33,35,40,29,36,34,26,35,26,266,36,36,33,31,35,32,38,38,37,39,31,28,27,46,37,37,33,33,30,40,32,33,39,30,34,33,32,35,34,41,40,34,28,32,33,28,36,36,36,28,28,31,31,31,39,46,32,31,28,35,32,29,19,28,33,40,29,29,36,37,29,29,36,34,36,37,32,37,29,29,27,34,34,27,37,28,35,26,30,26,29,30,27,27,31,26,25,26,29,28,28,30,30,34,36,41,38,42,36,36,36,28,37,36,32,35,33,36,25,29,27,27,28,26,25,28,25,84,23,30,28,29,65,24,31,30,25,35,25,26
EPI_ISL_890195,139,137,137,134,133,79,130,88,79,87,84,94,122,106,106,96,108,110,100,98,98,73,78,63,64,81,81,60,60,61,81,61,59,59,61,46,34,50,52,64,64,52,65,65,36,55,58,53,70,70,70,43,62,60,66,75,72,67,67,58,60,60,58,60,58,62,63,61,59,61,59,64,56,61,58,61,62,60,55,58,59,58,62,52,61,64,60,59,64,62,54,60,59,58,56,62,56,56,58,54,64,46,66,56,65,54,67,67,61,54,62,61,60,60,66,57,72,67,60,58,58,64,53,59,57,57,64,62,58,56,63,67,61,71,66,64,69,69,67,62,65,67,67,63,65,63,66,63,58,116,45,51,48,52,72,19,45,44,45,54,46,50,47,50,48,56,51,45,68,54,48,76,46,54,54,66,47,51,55,48,43,50,47,44,36,38,43,36,41,28,47,39,41,43,40,37,18,13,47,46,43,48,74,41,42,43,42,34,41,63,37,44,38,43,48,45,42,57,49,67,43,71,43,48,48,52,44,47,49,74,46,71,46,36,43,47,51,51,45,34,36,31,34,26,28,25,31,35,23,22,37,0,53,26,30,13,29,30,41,21,31,39,40,37,34,34,32,33,34,35,33,42,35,30,19,31,32,24,40,36,43,39,39,31,31,37,21,93,32,19,97,32,58,37,26,40,23,25,24,31,29,33,32,21,31,21,20,21,15,41,23,31,32,13,30,29,30,23,21,26,22,32,23,20,25,26,31,25,20,20,32,23,19,20,37,22,31,28,27,26,21,21,21,26,21,28,18,33,21,22,22,26,26,19,33,21,33,33,30,32,26,24,22,25,26,33,22,27,25,19,26,19,256,27,27,26,22,26,25,31,29,25,32,24,21,18,37,28,28,22,24,21,31,23,22,28,16,23,22,25,26,23,32,31,23,21,25,24,21,29,25,27,17,19,24,17,17,30,37,23,17,17,21,24,18,24,19,26,31,20,21,27,28,20,20,27,27,27,28,25,28,18,15,16,27,25,16,30,21,25,16,22,15,18,20,16,18,20,19,16,17,20,17,14,22,16,20,27,34,27,33,27,27,27,21,28,29,23,26,24,27,14,18,22,20,19,19,16,21,16,73,16,21,19,18,56,17,24,23,14,26,14,15
EPI_ISL_3274160,157,155,155,152,151,97,147,106,98,105,102,98,126,102,102,84,104,108,88,102,98,89,96,81,82,99,99,78,78,79,99,79,77,77,79,15,33,19,19,82,82,21,83,83,35,22,25,22,88,88,86,28,68,78,82,91,88,83,83,76,78,78,76,78,77,80,81,79,77,81,77,82,74,78,76,79,82,80,73,78,79,76,80,72,79,86,80,76,82,83,72,78,75,76,74,78,74,76,78,72,82,67,84,73,83,77,84,84,83,72,80,79,78,78,84,75,92,83,78,76,76,84,73,79,75,75,82,80,76,74,81,83,77,30,82,80,85,85,83,78,81,83,83,79,81,79,82,81,76,123,24,71,26,11,49,44,22,35,22,27,23,25,22,25,21,17,24,24,43,73,33,51,21,68,74,43,24,26,30,59,22,25,58,27,29,33,68,31,32,57,26,59,52,42,31,20,43,54,22,23,20,23,90,22,67,38,43,48,66,67,46,19,31,63,61,18,31,75,24,42,22,46,36,68,21,27,20,22,42,49,37,91,25,48,36,23,28,28,61,41,63,43,63,53,57,52,59,67,62,57,62,53,0,55,59,52,57,57,65,55,60,64,57,44,41,42,39,40,37,42,52,27,36,37,53,38,44,58,59,65,28,42,51,43,38,38,54,120,33,46,104,39,65,64,53,47,50,52,51,58,36,40,39,48,38,48,47,48,44,48,48,34,59,42,37,38,35,48,48,33,49,33,52,45,44,46,43,44,43,45,33,36,44,47,62,40,38,57,30,45,46,46,46,55,46,52,47,40,46,47,49,43,39,44,36,46,40,44,41,33,41,33,51,43,33,48,47,28,34,44,33,44,284,34,34,41,41,35,44,44,44,55,57,45,44,45,44,29,37,51,51,48,38,50,51,57,48,52,51,44,29,52,35,34,52,46,50,51,40,48,54,28,46,46,43,49,49,37,44,50,49,46,53,50,47,49,46,51,38,47,43,36,29,49,47,34,46,34,35,44,35,47,47,45,46,32,45,55,46,53,44,48,44,47,48,45,45,49,44,43,44,47,46,46,48,48,52,28,53,36,40,34,34,34,46,35,48,36,27,35,30,43,47,47,45,46,44,43,40,43,102,41,48,46,47,83,40,47,42,43,35,43,44
EPI_ISL_862788,139,137,137,134,133,79,130,88,79,87,84,94,122,106,106,96,108,110,100,98,98,71,78,63,64,81,81,60,60,61,81,61,59,59,61,48,36,52,54,64,64,54,65,65,38,57,60,55,70,70,70,45,63,58,66,75,72,67,67,58,60,60,58,60,59,62,63,61,59,61,59,64,56,61,58,61,62,60,55,58,57,58,62,52,61,62,60,59,64,61,54,60,59,58,56,62,56,56,58,54,64,46,66,56,65,52,67,67,59,54,60,61,60,58,66,57,72,67,60,58,58,64,53,59,57,57,64,62,58,56,63,67,61,73,66,64,69,69,67,62,65,67,67,63,65,63,66,63,56,118,47,52,51,54,74,19,47,46,47,56,48,52,49,52,50,58,53,47,70,55,50,78,48,55,55,68,49,53,57,48,45,52,47,46,38,40,41,38,43,26,49,40,41,45,42,39,18,25,49,48,45,50,75,43,40,43,44,33,39,64,39,46,40,44,46,47,44,58,51,69,45,73,45,49,50,54,46,49,51,76,48,72,48,39,45,49,53,53,46,36,36,34,30,24,16,25,19,39,39,31,37,26,55,0,21,28,29,20,39,26,27,37,38,39,36,37,34,35,36,37,33,44,37,32,24,33,35,29,40,38,45,41,42,34,33,39,25,93,34,19,99,34,60,37,26,42,23,25,24,31,31,35,34,21,33,21,20,21,13,43,23,33,32,13,32,31,32,23,19,28,20,34,21,16,25,27,32,25,20,20,34,25,19,20,35,23,33,24,29,26,21,21,21,22,21,28,18,35,21,22,22,28,28,19,35,21,35,35,32,34,26,26,20,26,28,33,22,29,27,19,28,19,256,29,29,26,24,28,25,33,31,28,32,24,21,18,39,30,30,22,24,21,33,23,18,24,19,19,18,25,28,19,34,33,19,21,25,22,21,29,21,29,15,19,24,20,20,32,39,23,20,17,24,25,18,24,19,26,33,18,22,29,30,18,20,29,27,29,30,25,30,12,18,16,27,27,16,30,21,24,16,22,15,18,20,16,18,20,19,16,17,20,17,17,22,19,23,29,34,31,35,29,29,29,21,30,29,25,28,26,29,14,18,20,20,19,19,16,21,16,73,16,21,19,18,56,17,24,23,14,28,14,15
EPI_ISL_862797,143,141,141,138,137,83,134,92,83,91,88,98,126,110,110,100,112,114,104,102,102,77,82,67,68,85,85,64,64,65,85,65,63,63,65,52,40,56,58,68,68,58,69,69,42,61,64,59,74,74,74,49,67,64,70,79,76,71,71,62,64,64,62,64,63,66,67,65,63,65,63,68,60,65,62,65,66,64,59,62,63,62,66,56,65,68,64,63,68,66,58,64,63,62,60,66,60,60,62,58,68,50,70,60,69,58,71,71,65,58,66,65,64,64,70,61,76,71,64,62,62,68,57,63,61,61,68,66,62,60,67,71,65,77,70,68,73,73,71,66,69,69,71,67,69,67,70,67,62,122,51,56,55,58,78,23,51,50,51,60,52,56,53,56,54,62,57,51,74,59,54,82,52,59,59,72,53,57,61,54,49,56,53,50,42,44,45,42,47,30,53,44,47,49,46,43,22,29,53,52,49,54,79,47,44,48,48,37,43,68,43,50,44,48,50,51,48,62,55,73,49,77,49,53,54,58,50,53,55,80,52,76,52,43,49,53,57,57,50,40,40,38,34,28,21,27,22,41,43,35,39,30,59,21,0,32,33,5,45,30,31,43,43,43,40,41,38,39,40,41,37,48,41,36,28,37,39,33,44,42,49,45,46,38,37,43,29,97,38,23,103,38,64,41,30,46,27,29,28,35,35,39,38,25,37,25,24,25,17,47,27,37,35,17,36,35,36,27,23,32,24,38,25,20,29,31,36,29,24,24,38,29,23,24,39,27,37,28,33,30,25,25,25,26,25,32,22,39,25,26,26,32,32,23,39,25,39,39,36,38,30,30,24,30,32,37,26,33,31,23,32,23,261,33,33,30,28,32,29,37,35,32,36,28,25,22,43,34,34,26,28,25,37,27,22,28,23,23,22,29,32,23,38,37,23,25,29,26,25,33,25,33,19,23,28,24,24,36,43,27,24,21,28,29,22,28,23,30,37,22,26,33,34,22,24,33,31,33,34,29,34,16,22,20,31,31,20,34,25,29,20,26,19,22,24,20,22,24,23,20,21,24,21,21,26,23,27,33,38,35,39,33,33,33,25,34,33,29,32,30,33,18,22,24,24,23,23,20,25,20,77,20,25,23,22,60,21,28,27,18,32,18,19
EPI_ISL_907114,139,137,137,134,133,79,130,88,79,87,84,94,122,106,106,96,108,110,100,98,97,73,78,63,64,81,81,60,60,61,81,61,59,59,61,46,34,49,51,64,64,51,65,65,36,54,57,52,70,70,70,42,63,60,66,75,72,67,67,58,60,60,58,60,59,62,63,61,59,62,59,64,56,61,58,61,63,61,55,59,60,58,62,53,62,65,61,59,64,64,54,60,58,58,56,62,56,57,59,54,64,46,66,56,65,54,67,67,62,54,62,61,60,60,66,57,73,67,60,58,58,65,54,60,57,57,64,62,58,56,63,67,61,70,66,64,69,69,67,62,65,67,67,63,65,63,66,63,58,117,45,52,49,51,73,19,45,44,45,53,46,49,47,49,47,55,50,45,68,55,47,76,45,55,55,66,47,50,54,48,43,50,47,43,36,38,42,36,41,29,47,40,41,43,39,37,18,20,46,46,42,47,76,41,41,43,42,34,41,64,37,43,38,44,47,44,41,58,48,67,42,71,43,49,47,51,44,46,49,74,45,72,46,35,43,47,51,50,46,33,37,30,36,27,30,26,33,34,23,14,35,13,52,28,32,0,29,32,37,25,33,38,40,36,33,34,31,32,33,34,33,41,34,29,23,30,31,28,40,37,42,38,38,30,30,36,24,94,31,20,96,31,57,38,27,39,24,26,25,32,28,32,31,22,30,22,21,22,17,40,23,30,33,15,29,29,29,23,23,25,23,31,25,20,24,25,31,25,20,20,31,23,19,21,36,22,30,30,26,26,21,21,21,28,21,27,20,32,21,22,23,27,26,19,33,21,32,32,29,31,26,23,24,24,25,32,22,26,24,19,25,19,257,26,26,26,21,25,25,31,28,27,31,23,21,19,36,27,27,24,25,22,30,24,24,30,19,25,24,25,25,25,31,30,25,21,25,26,21,29,27,26,19,20,24,20,20,29,36,24,20,19,24,25,20,23,20,26,30,21,21,26,27,22,21,26,27,26,27,25,27,20,18,18,27,24,18,29,21,25,16,21,17,20,20,18,16,22,19,17,18,21,19,17,21,19,23,26,34,26,32,26,26,26,21,27,29,23,25,24,26,16,20,22,20,20,19,17,21,17,75,16,22,17,20,57,17,24,23,16,25,16,17
EPI_ISL_862806,141,139,139,136,135,81,132,90,81,89,86,96,124,108,108,98,110,112,102,100,100,75,80,65,66,83,83,62,62,63,83,63,61,61,63,50,38,54,56,66,66,56,67,67,40,59,62,57,72,72,72,47,65,62,68,77,74,69,68,58,62,60,60,62,61,64,65,63,61,63,61,66,56,63,58,63,62,62,57,60,61,58,64,54,61,66,62,59,64,65,56,60,59,60,58,64,58,58,60,56,66,48,64,56,65,56,65,65,63,56,64,63,62,60,68,59,74,69,62,60,60,66,55,61,59,59,66,64,60,58,65,69,63,75,68,66,71,71,69,64,67,67,69,65,67,65,68,65,60,120,49,54,53,56,76,21,49,48,49,58,50,54,51,54,52,60,55,49,72,57,52,80,50,57,57,68,51,55,59,50,47,54,51,48,40,42,45,40,45,31,51,42,43,47,44,41,20,28,51,50,47,52,75,45,44,47,46,37,43,66,41,48,42,46,50,49,46,60,53,69,47,75,47,51,52,56,48,51,53,78,50,72,50,40,47,51,55,55,48,38,39,36,35,29,31,28,34,43,40,32,37,29,57,29,33,29,0,33,42,29,34,39,42,41,38,39,36,37,38,39,35,46,39,34,27,35,37,32,42,41,47,43,44,36,35,41,28,96,36,22,101,34,62,40,29,44,26,28,27,34,33,37,36,24,35,24,23,24,18,45,25,35,35,16,34,34,34,25,22,30,24,36,24,22,27,29,34,27,22,22,36,27,21,23,39,25,35,31,31,28,23,23,23,29,23,30,21,37,23,24,25,30,30,21,37,23,37,37,34,36,28,28,23,28,30,35,24,31,29,21,30,21,260,31,31,28,26,30,27,35,33,31,34,26,23,21,41,32,32,25,27,24,35,26,25,31,22,26,25,27,30,26,36,35,26,23,27,23,23,29,28,31,20,22,26,23,23,34,41,26,23,20,27,27,21,24,22,28,35,22,24,31,32,21,23,31,29,31,32,27,32,21,21,19,29,29,19,32,23,28,19,23,18,21,23,19,19,23,21,19,20,23,20,20,23,22,26,31,36,33,37,31,31,31,23,32,31,27,30,28,31,17,21,22,22,22,21,19,23,19,76,18,24,20,21,59,19,26,25,17,30,17,18
EPI_ISL_862799,143,141,141,138,137,83,134,92,83,91,88,98,126,110,110,100,112,114,104,102,102,77,82,67,68,85,85,64,64,65,85,65,63,63,65,52,40,56,58,68,68,58,69,69,42,61,64,59,74,74,74,47,67,62,70,79,76,71,71,62,64,64,62,64,63,66,67,65,63,65,63,68,60,65,62,65,66,64,59,62,63,62,66,56,65,66,64,63,68,66,58,64,63,62,60,66,60,60,62,58,68,50,70,60,69,56,71,71,63,58,66,65,64,64,70,61,76,71,64,62,62,68,57,63,61,61,68,66,62,60,67,71,65,75,70,68,73,73,71,66,69,69,71,67,69,67,70,67,60,122,49,56,53,56,76,23,49,48,49,58,50,54,51,54,52,60,55,49,72,59,52,80,50,59,59,70,51,55,59,54,47,54,53,48,42,44,45,42,45,31,53,44,47,49,44,43,22,29,51,50,47,52,79,47,44,46,46,37,43,68,43,48,42,48,50,49,46,62,53,71,47,75,47,53,52,56,48,51,53,78,50,76,50,43,47,51,55,55,50,40,40,38,35,28,20,29,23,43,43,35,41,30,57,20,5,32,33,0,45,30,32,43,43,43,40,41,38,39,40,41,37,46,41,36,28,37,39,33,44,42,47,45,46,38,37,43,29,97,38,23,103,38,64,41,30,46,27,29,28,35,35,39,38,25,37,25,24,25,18,47,27,37,35,17,36,35,36,27,24,32,25,38,26,21,29,31,36,29,24,24,38,29,23,24,39,27,37,29,33,30,25,25,25,27,25,32,22,39,25,26,26,32,32,23,39,25,39,39,36,38,30,30,25,30,32,37,26,33,31,23,32,23,260,33,33,30,28,32,29,37,35,32,36,28,25,22,43,34,34,26,28,25,37,27,23,29,23,24,23,29,32,24,38,37,24,25,29,27,25,33,26,33,20,23,28,24,24,36,43,27,24,21,28,29,22,28,23,30,37,23,26,33,34,23,24,33,31,33,34,29,34,17,22,20,31,31,20,34,25,29,20,26,19,22,24,20,22,24,23,20,21,24,21,21,26,23,27,33,38,35,39,33,33,33,25,34,33,29,32,30,33,18,22,25,24,23,23,20,25,20,77,20,25,23,22,60,21,28,27,18,32,18,19
EPI_ISL_862796,150,148,148,145,144,90,141,99,90,98,95,105,133,116,116,106,118,120,110,108,108,84,87,74,75,90,90,71,71,72,90,72,70,70,72,58,46,62,64,73,73,64,74,74,48,67,70,65,79,79,79,55,74,70,75,84,80,76,76,69,69,71,65,67,68,71,72,68,70,70,66,71,65,70,69,68,71,69,64,69,70,67,69,63,70,75,69,66,71,72,63,67,66,65,63,71,65,65,67,63,73,57,73,63,72,65,74,74,72,63,69,68,67,69,77,64,81,77,69,65,67,73,64,72,68,66,73,69,67,65,72,78,70,81,77,75,80,80,76,71,76,78,76,74,76,72,77,74,69,129,57,63,61,64,82,30,57,56,57,66,58,62,59,62,60,68,63,57,78,66,60,88,58,66,66,75,59,63,65,61,55,62,60,56,48,50,53,48,53,42,59,51,54,54,52,49,29,40,59,58,55,60,87,53,52,55,54,45,52,75,49,56,50,55,58,57,54,69,61,76,54,81,55,60,60,64,56,59,61,84,58,82,58,48,55,59,63,63,57,46,49,43,48,39,43,38,46,55,50,39,34,41,65,39,45,37,42,45,0,41,46,7,51,49,46,47,44,45,46,47,44,54,47,42,39,43,44,44,51,51,55,51,51,43,43,49,40,106,44,32,108,44,70,50,39,52,36,38,37,44,41,45,44,34,43,34,33,34,30,53,34,43,45,28,42,43,42,34,35,36,35,44,37,31,36,36,42,36,31,31,44,35,30,33,47,34,41,43,39,36,32,32,32,41,32,38,33,45,32,33,35,40,39,30,45,32,45,46,41,44,37,36,36,37,38,43,33,39,37,30,38,30,270,39,39,36,35,38,36,43,42,41,42,35,31,31,49,40,40,37,37,34,43,36,37,43,34,38,37,36,38,38,44,43,38,32,36,38,32,40,40,39,32,32,35,35,35,42,49,36,35,32,39,36,33,25,32,37,43,33,33,39,40,34,33,39,38,39,40,36,40,33,33,31,38,37,30,40,32,39,30,34,30,33,34,31,31,35,30,29,30,33,32,32,34,34,38,39,45,41,45,39,39,39,32,40,40,36,38,36,39,29,33,32,31,32,30,29,32,29,88,27,34,32,33,69,28,35,34,29,38,29,30
EPI_ISL_862787,139,137,137,134,133,79,130,88,79,87,84,94,122,106,106,96,108,110,100,98,98,73,78,63,64,81,81,60,60,61,81,61,59,59,61,48,36,52,54,64,64,54,65,65,38,57,60,55,70,70,70,45,61,60,66,75,72,67,67,58,60,60,58,60,59,62,63,61,59,61,59,64,56,61,58,61,62,60,55,58,59,58,62,52,61,64,60,59,64,63,54,60,59,58,56,62,56,56,58,54,64,46,66,56,65,54,67,67,61,54,62,61,60,60,66,57,72,67,60,58,58,64,53,59,57,57,62,62,58,56,63,67,61,73,66,64,69,69,67,62,65,67,67,63,65,63,66,63,58,116,47,50,51,54,74,19,47,46,47,56,48,52,49,52,50,58,53,47,70,53,50,78,48,53,53,68,49,53,57,48,45,52,47,46,38,40,43,38,43,28,49,38,41,45,42,39,18,19,49,48,45,50,73,43,42,45,44,35,41,62,39,46,40,42,48,47,44,56,51,69,45,73,45,47,50,54,46,49,49,76,48,70,48,39,45,49,53,53,44,36,34,34,34,26,28,25,31,35,36,29,37,21,55,26,30,25,29,30,41,0,31,39,40,39,36,37,34,35,34,37,33,44,37,32,10,33,35,15,40,38,45,39,42,34,33,39,13,93,34,19,99,34,60,36,26,42,23,25,24,31,31,35,34,21,33,21,20,21,15,43,23,33,32,13,32,31,32,23,21,28,22,34,23,20,25,27,32,25,20,20,34,25,19,20,37,23,33,28,29,26,21,21,21,26,21,28,18,35,21,22,22,26,28,19,35,21,35,35,32,34,26,26,22,26,28,33,22,29,27,19,28,19,256,29,29,26,24,28,25,33,31,24,32,24,21,18,39,30,30,22,24,21,33,23,22,28,15,23,22,25,28,23,34,33,23,21,25,24,21,29,25,29,17,19,24,16,16,32,39,23,16,17,20,23,18,24,19,26,33,20,22,29,30,20,20,29,27,29,30,25,30,18,14,16,27,27,16,30,21,25,16,22,15,18,20,16,18,20,19,16,17,20,17,13,22,15,19,29,34,31,35,29,29,29,21,30,29,25,28,26,29,14,18,22,20,19,19,16,21,16,73,16,21,19,18,56,17,24,23,14,28,14,15
EPI_ISL_857341,144,142,142,139,138,84,135,93,84,92,89,99,127,111,111,101,113,115,105,103,103,78,83,68,69,86,86,65,65,66,86,66,64,64,66,51,41,55,59,69,69,57,70,70,43,62,65,58,75,75,75,50,68,65,71,80,77,72,72,63,65,65,63,65,64,67,68,66,64,66,64,69,61,66,63,66,67,65,60,63,64,63,67,57,66,69,65,64,69,68,59,65,64,63,61,67,61,61,63,59,69,51,71,61,70,59,72,72,66,59,67,66,65,65,71,62,77,72,65,63,63,69,58,64,62,62,69,67,63,61,68,72,66,76,71,69,74,74,72,65,70,72,72,68,70,68,71,68,63,123,50,57,56,57,77,24,52,51,52,61,53,55,54,57,53,63,56,52,75,60,55,83,53,60,60,71,52,58,60,55,50,57,54,51,43,45,48,43,48,31,54,45,48,50,47,44,23,30,52,53,48,55,80,48,47,50,49,40,46,69,44,51,45,49,53,50,49,63,56,72,48,78,50,54,53,57,51,52,56,81,53,77,53,44,50,52,58,58,51,41,41,39,35,29,29,30,32,46,44,36,42,31,60,27,31,33,34,32,46,31,0,44,45,44,41,42,39,40,41,42,38,49,42,37,29,38,40,34,45,43,50,44,47,39,38,44,30,98,39,24,104,39,65,42,31,47,28,30,29,36,36,40,39,26,38,26,25,26,18,48,28,38,37,18,37,36,37,28,24,33,25,39,26,23,30,32,37,28,25,25,39,30,24,25,42,28,38,31,34,31,26,26,26,29,26,33,23,40,26,27,27,33,33,24,40,26,40,40,37,39,31,31,25,31,33,38,27,34,32,24,33,24,262,34,34,31,29,33,30,38,36,33,37,29,26,23,44,35,35,27,29,26,38,28,25,31,24,26,25,30,33,26,39,38,26,26,30,27,26,34,28,34,20,24,29,25,25,37,44,28,25,22,29,30,23,29,24,31,38,23,27,34,35,23,25,34,32,34,35,30,35,21,23,21,32,32,21,35,26,30,21,27,20,23,25,21,23,25,24,21,22,25,22,22,27,24,28,34,39,36,40,34,34,34,26,35,34,30,33,31,34,19,23,25,25,24,24,21,26,21,78,21,26,24,23,61,22,29,28,19,33,19,20
EPI_ISL_857330,148,146,146,143,142,88,139,97,88,96,93,103,131,115,115,105,117,119,109,107,107,82,85,72,73,88,88,69,69,70,88,70,68,68,70,57,45,61,63,71,71,63,72,72,47,66,69,64,77,77,77,54,72,67,73,82,77,74,74,67,67,69,63,65,66,69,70,66,68,68,64,69,63,68,67,66,69,67,62,67,68,65,67,61,68,73,67,64,69,70,61,65,64,63,61,69,63,63,65,61,71,55,71,61,70,63,72,72,70,61,67,66,65,67,75,62,79,75,67,63,65,71,62,70,66,64,71,67,65,63,70,76,68,80,75,73,78,78,74,69,74,76,74,72,74,70,75,72,67,127,56,61,60,63,81,28,56,55,56,65,57,61,58,61,59,67,62,56,77,64,59,87,57,64,64,73,58,62,64,59,54,61,58,55,47,49,52,47,52,41,58,49,52,53,51,48,27,38,58,57,54,59,84,52,51,54,53,44,50,73,48,55,49,53,57,56,53,67,60,74,54,80,54,58,59,63,55,58,60,83,57,79,57,48,54,58,62,62,55,45,47,43,45,37,41,36,44,53,50,40,30,39,64,37,43,38,39,43,7,39,44,0,49,48,45,46,43,44,45,46,42,53,46,41,37,42,44,42,49,49,54,50,51,43,42,48,38,104,43,30,107,43,69,48,37,51,34,36,35,42,40,44,43,32,42,32,31,32,28,52,32,42,43,26,41,42,41,32,32,35,33,43,34,29,34,34,41,34,29,29,43,34,28,31,46,32,40,41,38,35,30,30,30,39,30,37,31,44,30,31,33,39,37,28,44,30,44,44,41,43,35,35,33,35,37,42,31,38,36,28,37,28,268,38,38,35,33,37,34,41,40,39,41,33,30,29,48,39,39,35,35,32,42,34,35,41,32,36,35,34,37,36,43,42,36,30,34,35,30,38,38,38,30,30,33,33,33,41,48,34,33,30,37,34,31,21,30,35,42,31,31,38,39,31,31,38,36,38,39,34,39,31,31,29,36,36,27,39,30,37,28,32,28,31,32,29,29,33,28,27,28,31,30,30,32,32,36,38,43,40,44,38,38,38,30,39,38,34,37,35,38,27,31,29,29,30,28,27,30,27,86,25,32,30,31,67,26,33,32,27,37,27,28
EPI_ISL_17424328,141,139,139,136,135,81,132,90,81,89,86,98,124,108,108,98,110,112,102,100,100,82,87,72,73,90,90,69,69,70,90,70,68,68,70,50,40,54,56,73,73,56,74,74,42,59,62,57,79,79,79,47,67,69,75,84,81,74,76,67,69,69,67,69,68,71,72,70,68,72,68,73,65,70,67,70,73,71,64,69,70,69,71,63,72,73,71,68,73,74,63,69,68,67,65,71,65,67,69,63,73,56,75,65,74,62,76,76,70,63,71,70,69,69,75,66,83,76,69,67,67,73,64,70,66,66,73,71,67,65,72,76,70,75,75,73,78,78,76,71,74,76,76,72,74,72,75,72,67,122,49,56,53,56,78,29,49,48,49,58,50,54,51,54,52,60,55,49,72,59,52,82,50,59,59,70,51,55,59,54,47,54,53,48,40,42,53,42,45,42,51,44,45,47,44,43,28,39,51,50,47,52,81,45,52,45,52,37,51,68,41,48,42,48,58,49,46,62,53,71,47,75,47,53,52,56,48,51,53,78,50,74,50,43,47,51,55,55,50,38,48,38,45,38,40,37,43,54,51,43,47,40,57,38,43,40,42,43,51,40,45,49,0,41,35,39,33,34,38,39,35,46,39,34,38,35,39,42,44,50,47,43,46,38,35,41,39,105,36,31,101,36,62,49,38,44,35,37,36,43,33,37,36,33,35,33,32,33,29,45,33,35,42,27,34,35,34,33,33,30,34,34,37,30,33,35,36,27,30,30,36,29,29,32,47,33,35,40,31,34,31,31,31,38,31,38,32,37,31,32,34,32,32,29,37,31,37,37,36,34,30,30,36,34,30,37,32,31,31,29,30,29,269,31,31,30,32,32,29,35,39,40,42,34,31,30,41,32,34,34,36,33,35,35,36,42,33,37,36,29,30,37,36,35,37,31,35,36,25,33,39,31,31,31,28,34,34,34,41,35,34,29,38,35,30,34,31,36,35,32,32,31,32,34,32,31,31,31,32,29,32,32,32,30,31,29,30,40,31,38,29,33,29,32,33,30,30,34,29,28,29,32,31,31,33,33,37,31,38,33,37,31,31,31,31,32,33,29,30,30,31,28,32,32,30,31,29,28,25,28,87,26,33,31,32,66,27,34,27,28,32,26,29
EPI_ISL_17424307,142,139,140,137,136,82,133,91,82,90,87,97,125,107,107,95,109,111,99,97,95,80,85,70,71,88,88,67,67,68,88,68,66,66,68,39,31,41,43,71,71,43,72,72,33,46,49,44,77,77,77,34,66,67,73,82,79,74,74,66,68,68,66,68,67,68,71,69,67,71,67,72,64,69,66,69,72,70,63,68,69,66,70,62,71,74,70,67,72,73,62,68,65,66,64,70,64,66,68,62,71,55,74,64,73,63,75,75,71,62,70,69,68,68,74,65,82,74,68,66,66,74,63,69,65,65,72,70,66,62,71,74,68,62,71,71,76,76,74,69,72,74,74,70,72,70,73,70,65,121,38,55,42,43,67,28,38,37,38,45,39,41,40,41,39,47,42,38,61,58,39,69,37,58,58,59,40,42,46,45,36,43,44,35,31,33,52,31,34,41,40,43,38,36,31,34,27,38,38,39,34,39,80,36,51,38,43,30,50,67,26,35,31,47,57,36,33,61,40,60,36,64,36,52,39,43,37,38,42,67,37,75,39,32,36,40,44,42,49,23,47,27,47,37,41,36,43,51,46,41,46,37,44,39,43,36,41,43,49,39,44,48,41,0,23,22,21,22,25,24,36,33,26,19,37,18,28,42,43,49,34,30,35,27,18,28,38,104,23,30,86,23,49,48,37,29,34,36,35,42,18,22,21,32,20,32,31,32,28,30,32,22,43,26,19,22,21,32,32,15,33,23,36,29,28,30,27,28,27,29,23,20,28,31,46,28,20,41,18,29,30,30,30,39,30,37,31,22,30,31,33,27,23,28,26,30,22,26,25,23,25,17,35,27,15,30,31,18,18,28,13,28,268,14,16,25,25,19,28,28,22,39,41,31,28,29,26,19,21,35,35,32,22,34,35,41,32,36,35,28,17,36,23,22,36,30,34,35,24,32,38,18,30,30,27,33,33,19,26,34,33,30,37,34,31,33,30,35,22,31,27,20,19,33,31,16,30,16,17,28,17,31,31,29,30,14,29,39,30,37,28,32,28,31,31,29,29,33,28,27,28,31,30,30,32,32,36,18,37,20,22,16,16,16,30,17,32,20,17,19,18,27,31,31,29,30,28,27,24,27,84,25,32,30,31,67,26,31,26,27,19,27,28
EPI_ISL_17424313,137,135,135,132,131,77,128,86,77,85,82,94,120,102,102,90,104,106,94,92,90,78,83,68,69,86,86,65,65,66,86,66,64,64,66,36,28,38,40,69,69,40,70,70,30,43,46,41,75,75,75,31,63,65,71,80,77,72,72,63,65,65,63,65,64,67,68,66,64,68,64,69,61,66,63,66,69,67,60,65,66,63,67,59,68,71,67,64,69,70,59,65,62,63,61,67,61,63,65,59,69,52,71,61,70,60,72,72,68,59,67,66,65,65,71,62,79,72,65,63,63,71,60,66,62,62,69,67,63,61,68,72,66,59,71,69,74,74,72,67,70,72,72,68,70,68,71,68,63,118,35,52,39,40,64,25,35,34,35,42,36,38,37,38,36,44,39,35,58,55,36,66,34,55,55,56,37,39,43,42,33,40,41,32,28,30,49,28,31,38,37,40,35,33,28,31,24,35,35,36,31,36,77,33,48,35,40,27,47,64,25,32,28,44,54,33,30,58,37,57,33,61,33,49,36,40,34,35,39,64,34,72,36,29,33,37,41,39,46,20,44,24,42,34,38,33,40,48,43,38,43,34,41,36,40,33,38,40,46,36,41,45,35,23,0,21,4,3,22,21,31,30,23,16,34,17,25,37,40,46,31,27,32,24,17,25,35,101,20,27,83,20,46,45,34,26,31,33,32,39,15,19,18,29,17,29,28,29,25,27,29,19,40,23,16,19,18,29,29,12,30,20,33,26,25,27,24,25,24,26,20,17,25,28,43,25,17,38,15,26,27,27,27,36,27,34,28,19,27,28,30,24,20,25,23,27,19,23,22,20,22,14,32,24,12,27,28,13,15,25,12,25,265,13,13,22,22,16,25,25,23,36,38,28,25,26,23,16,18,32,32,29,19,31,32,38,29,33,32,25,14,33,20,19,33,27,31,32,21,29,35,15,27,27,24,30,30,16,23,31,30,27,34,31,28,30,27,32,19,28,24,17,16,30,28,13,27,13,14,25,14,28,28,26,27,11,26,36,27,34,25,29,25,28,29,26,26,30,25,24,25,28,27,27,29,29,33,15,34,17,19,13,13,13,27,14,29,17,14,16,15,24,28,28,26,27,25,24,21,24,83,22,29,27,28,64,23,28,23,24,16,24,25
EPI_ISL_17424316,140,137,138,135,134,80,131,89,80,88,85,95,123,105,105,93,107,109,97,95,93,78,83,68,69,86,86,65,65,66,86,66,64,64,66,37,29,39,41,69,69,41,70,70,31,44,47,42,75,75,75,32,64,65,71,80,77,72,72,64,66,66,64,66,63,68,69,67,65,69,65,70,62,67,64,67,70,68,61,66,67,64,68,60,69,72,68,65,70,71,60,66,63,64,62,68,62,64,66,60,69,53,72,62,71,61,73,73,69,60,68,67,66,66,72,63,80,72,66,64,64,72,61,67,63,63,70,68,64,62,69,72,66,60,71,69,74,74,72,67,70,72,72,68,70,68,71,68,63,119,36,53,40,41,65,26,36,35,36,43,37,39,38,39,37,45,40,36,59,56,37,67,35,56,56,57,38,40,44,43,34,41,42,33,29,31,50,29,32,39,38,41,36,34,29,32,25,34,34,37,32,37,78,34,49,36,41,28,48,65,24,33,29,45,55,34,31,59,38,58,34,62,34,50,37,41,35,36,40,65,35,73,37,30,34,38,42,40,47,21,45,25,45,35,39,34,41,49,43,39,44,34,42,37,41,34,39,41,47,37,42,46,39,22,21,0,19,20,23,22,34,31,24,17,35,16,26,40,41,47,32,28,31,25,16,26,36,102,21,28,84,21,47,46,35,27,32,34,33,40,16,20,19,30,18,30,29,30,26,28,30,20,41,24,17,20,19,30,30,13,31,21,34,27,26,28,25,26,25,27,21,18,26,29,44,26,18,39,16,27,28,28,28,37,28,35,29,20,28,29,31,25,21,26,24,28,20,24,23,21,23,15,33,25,13,28,29,16,16,26,11,26,266,12,14,23,23,17,26,26,22,37,39,29,26,27,24,17,19,33,33,30,20,32,33,39,30,34,33,26,15,34,21,20,34,28,32,33,22,30,36,16,28,28,25,31,31,17,24,32,31,28,35,32,29,31,28,33,20,29,25,18,17,31,29,14,28,14,15,26,15,29,29,27,28,12,27,37,28,35,26,30,26,29,29,27,27,31,26,25,26,29,28,28,30,30,34,16,35,18,20,14,14,14,28,15,30,18,15,17,16,25,29,29,27,28,26,25,22,25,84,23,30,28,29,65,24,29,24,25,17,25,26
EPI_ISL_17424317,135,133,133,130,129,75,126,84,75,83,80,92,118,100,100,88,102,104,92,90,88,76,81,66,67,84,84,63,63,64,84,64,62,62,64,34,26,36,38,67,67,38,68,68,28,41,44,39,73,73,73,29,61,63,69,78,75,70,70,61,63,63,61,63,62,65,66,64,62,66,62,67,59,64,61,64,67,65,58,63,64,61,65,57,66,69,65,62,67,68,57,63,60,61,59,65,59,61,63,57,67,50,69,59,68,58,70,70,66,57,65,64,63,63,69,60,77,70,63,61,61,69,58,64,60,60,67,65,61,59,66,70,64,57,69,67,72,72,70,65,68,70,70,66,68,66,69,66,61,116,33,50,37,38,62,23,33,32,33,40,34,36,35,36,34,42,37,33,56,53,34,64,32,53,53,54,35,37,41,40,31,38,39,30,26,28,47,26,29,36,35,38,33,31,26,29,22,33,33,34,29,34,75,31,46,33,38,25,45,62,23,30,26,42,52,31,28,56,35,55,31,59,31,47,34,38,32,33,37,62,32,70,34,27,31,35,39,37,44,18,42,22,40,32,36,31,38,46,41,36,41,32,39,34,38,31,36,38,44,34,39,43,33,21,4,19,0,1,20,19,29,28,21,14,32,15,23,35,38,44,29,25,30,22,15,23,33,99,18,25,81,18,44,43,32,24,29,31,30,37,13,17,16,27,15,27,26,27,23,25,27,17,38,21,14,17,16,27,27,10,28,18,31,24,23,25,22,23,22,24,18,15,23,26,41,23,15,36,13,24,25,25,25,34,25,32,26,17,25,26,28,22,18,23,21,25,17,21,20,18,20,12,30,22,10,25,26,11,13,23,10,23,263,11,11,20,20,14,23,23,21,34,36,26,23,24,21,14,16,30,30,27,17,29,30,36,27,31,30,23,12,31,18,17,31,25,29,30,19,27,33,13,25,25,22,28,28,14,21,29,28,25,32,29,26,28,25,30,17,26,22,15,14,28,26,11,25,11,12,23,12,26,26,24,25,9,24,34,25,32,23,27,23,26,27,24,24,28,23,22,23,26,25,25,27,27,31,13,32,15,17,11,11,11,25,12,27,15,12,14,13,22,26,26,24,25,23,22,19,22,81,20,27,25,26,62,21,26,21,22,14,22,23
EPI_ISL_17424319,136,134,134,131,130,76,127,85,76,84,81,93,119,101,101,89,103,105,93,91,89,77,82,67,68,85,85,64,64,65,85,65,63,63,65,35,27,37,39,68,68,39,69,69,29,42,45,40,74,74,74,30,62,64,70,79,76,71,71,62,64,64,62,64,63,66,67,65,63,67,63,68,60,65,62,65,68,66,59,64,65,62,66,58,67,70,66,63,68,69,58,64,61,62,60,66,60,62,64,58,68,51,70,60,69,59,71,71,67,58,66,65,64,64,70,61,78,71,64,62,62,70,59,65,61,61,68,66,62,60,67,71,65,58,70,68,73,73,71,66,69,71,71,67,69,67,70,67,62,117,34,51,38,39,63,24,34,33,34,41,35,37,36,37,35,43,38,34,57,54,35,65,33,54,54,55,36,38,42,41,32,39,40,31,27,29,48,27,30,37,36,39,34,32,27,30,23,34,34,35,30,35,76,32,47,34,39,26,46,63,24,31,27,43,53,32,29,57,36,56,32,60,32,48,35,39,33,34,38,63,33,71,35,28,32,36,40,38,45,19,43,23,41,33,37,32,39,47,42,37,42,33,40,35,39,32,37,39,45,35,40,44,34,22,3,20,1,0,21,20,30,29,22,15,33,16,24,36,39,45,30,26,31,23,16,24,34,100,19,26,82,19,45,44,33,25,30,32,31,38,14,18,17,28,16,28,27,28,24,26,28,18,39,22,15,18,17,28,28,11,29,19,32,25,24,26,23,24,23,25,19,16,24,27,42,24,16,37,14,25,26,26,26,35,26,33,27,18,26,27,29,23,19,24,22,26,18,22,21,19,21,13,31,23,11,26,27,12,14,24,11,24,264,12,12,21,21,15,24,24,22,35,37,27,24,25,22,15,17,31,31,28,18,30,31,37,28,32,31,24,13,32,19,18,32,26,30,31,20,28,34,14,26,26,23,29,29,15,22,30,29,26,33,30,27,29,26,31,18,27,23,16,15,29,27,12,26,12,13,24,13,27,27,25,26,10,25,35,26,33,24,28,24,27,28,25,25,29,24,23,24,27,26,26,28,28,32,14,33,16,18,12,12,12,26,13,28,16,13,15,14,23,27,27,25,26,24,23,20,23,82,21,28,26,27,63,22,27,22,23,15,23,24
EPI_ISL_17424320,137,135,135,132,131,77,128,88,79,87,84,92,120,102,102,90,104,106,94,92,88,78,83,68,69,86,86,65,65,66,86,66,64,64,66,32,24,34,36,69,69,36,70,70,26,39,42,37,75,75,75,27,63,65,71,80,77,72,72,63,65,65,63,65,64,67,68,66,64,68,64,69,61,66,63,66,69,67,60,65,66,63,67,59,68,71,67,64,69,70,59,65,62,63,61,67,61,63,65,59,69,52,71,61,70,60,72,72,68,59,67,66,65,65,71,62,79,72,65,63,63,71,60,66,62,62,67,67,63,61,68,72,66,55,71,69,74,74,72,67,70,72,72,68,70,68,71,68,63,118,31,52,35,36,60,25,31,30,31,38,32,34,33,34,32,40,35,31,54,55,32,62,30,55,55,52,33,35,39,38,29,36,37,28,24,26,49,24,27,38,31,40,31,29,24,27,24,35,31,32,27,32,77,27,48,31,38,29,47,64,27,28,26,44,54,29,26,58,33,53,29,57,29,49,32,36,30,31,35,60,30,72,32,29,29,33,37,35,46,22,44,24,44,34,38,33,40,48,43,38,43,34,37,36,40,33,38,40,46,34,41,45,38,25,22,23,20,21,0,23,33,26,19,18,34,19,25,39,40,46,27,7,32,24,19,21,35,101,16,27,85,20,46,45,34,28,31,33,32,39,17,21,20,29,19,29,28,29,25,29,29,15,40,23,18,19,16,29,29,14,30,16,33,26,25,27,24,25,24,26,16,17,25,28,43,23,19,38,11,26,27,27,27,36,27,34,28,21,27,28,30,24,20,25,19,27,21,25,22,16,22,14,32,24,14,29,28,11,15,25,14,25,265,15,15,22,22,16,25,25,25,34,38,26,25,26,25,12,18,32,32,29,19,31,32,38,29,33,32,25,12,33,18,17,33,27,31,32,21,29,35,11,27,27,24,30,30,18,25,31,30,27,34,31,28,30,27,32,19,28,24,17,12,30,28,15,27,15,16,25,16,28,28,26,27,13,26,36,27,34,25,29,25,28,29,26,26,30,25,24,25,28,27,27,29,29,33,11,34,17,21,15,15,15,27,16,29,17,10,16,11,24,28,28,26,27,25,24,21,24,83,22,29,27,28,64,21,28,23,24,16,24,25
EPI_ISL_17424322,139,137,137,134,133,79,130,88,79,87,84,94,122,104,104,92,106,108,96,94,92,77,82,67,68,85,85,64,64,65,85,65,63,63,65,37,29,39,41,68,68,41,69,69,31,44,47,42,74,74,74,32,63,64,70,79,76,71,71,62,64,64,62,64,63,66,67,65,63,67,63,68,60,65,62,65,68,66,59,64,65,62,66,58,67,70,66,63,68,71,58,64,61,62,60,66,60,62,64,58,68,53,70,60,69,59,71,71,67,58,66,65,64,64,70,61,78,71,64,62,62,70,59,67,61,61,68,66,62,60,67,71,65,60,68,68,73,73,71,66,69,71,71,67,69,67,70,67,62,118,36,52,40,41,65,26,36,35,36,43,37,39,38,39,37,45,40,36,59,55,37,67,35,55,55,57,38,40,44,43,34,41,42,33,29,31,50,29,32,39,38,40,36,34,29,32,25,36,36,37,32,37,77,34,49,36,41,28,48,63,26,33,29,44,55,34,31,58,38,58,34,62,34,49,37,39,35,36,40,65,35,72,37,28,34,38,42,40,46,21,45,23,45,35,39,34,41,49,44,39,44,35,42,37,41,34,39,41,47,37,42,46,39,24,21,22,19,20,23,0,34,31,24,17,35,18,24,40,41,47,32,28,31,23,18,26,36,102,21,28,84,21,47,46,35,27,32,34,33,40,16,20,19,30,18,30,29,30,26,28,30,20,41,24,17,20,19,30,30,13,31,21,34,27,26,28,25,26,25,27,21,18,26,29,44,26,18,39,16,27,28,28,28,37,28,35,29,20,28,29,31,25,21,26,24,28,20,24,23,21,23,15,33,25,13,28,29,16,16,26,13,26,266,14,14,23,23,17,26,26,24,37,39,29,26,27,24,17,19,33,33,30,20,32,33,39,30,34,33,26,15,34,21,20,34,28,32,33,22,30,36,16,28,28,25,31,31,17,24,32,31,28,35,32,29,31,28,33,20,29,25,18,17,31,29,14,28,14,15,26,15,29,29,27,28,12,27,37,28,35,26,30,26,29,30,27,27,31,26,25,26,29,28,28,30,30,34,16,35,18,20,14,14,14,28,15,30,18,15,17,16,25,29,29,27,28,26,25,22,25,84,23,30,28,29,65,24,29,24,25,17,25,26
EPI_ISL_17424324,132,130,130,127,126,72,123,83,74,82,79,89,115,99,99,89,101,103,93,91,91,75,80,65,66,83,83,62,62,63,83,63,61,61,63,45,33,49,51,66,66,51,67,67,35,54,57,52,72,72,72,42,60,62,68,77,74,69,69,60,62,62,60,62,61,64,65,63,61,65,61,66,58,63,60,63,66,64,57,62,63,62,64,56,65,68,62,61,66,67,56,62,61,60,58,64,58,60,62,56,66,49,68,58,67,57,69,69,65,56,64,63,62,62,66,59,76,67,62,60,60,68,57,61,59,59,66,64,58,58,65,69,63,68,68,66,71,71,69,64,67,69,69,65,67,65,68,65,60,115,44,49,48,51,73,22,44,43,44,53,45,49,46,49,47,55,50,44,67,52,47,77,45,52,52,65,46,50,54,47,42,49,46,43,35,37,46,35,40,35,46,37,40,42,39,36,21,32,46,45,42,47,74,40,45,42,47,32,44,61,36,43,37,41,51,44,41,55,48,66,42,70,42,46,47,51,43,46,48,73,45,69,45,36,42,46,50,50,43,33,41,31,41,31,35,30,38,47,44,36,40,33,52,33,37,33,35,37,44,33,38,42,35,36,31,34,29,30,33,34,0,41,34,29,31,30,32,36,37,43,42,38,39,31,30,36,32,98,31,24,96,31,57,42,31,39,28,30,29,36,28,32,31,26,30,26,25,26,22,40,26,30,35,20,29,30,29,26,28,25,27,31,30,23,28,30,29,22,23,23,31,22,22,25,40,26,30,35,26,29,24,24,24,33,24,31,25,32,24,25,27,27,25,22,32,24,32,32,29,31,23,23,29,29,25,30,25,26,24,22,25,22,262,26,26,23,27,25,22,30,34,33,35,27,24,23,36,25,27,29,29,26,30,28,29,35,26,30,29,22,25,30,31,30,30,24,28,31,18,26,32,26,24,24,21,27,27,29,36,28,27,24,31,28,25,27,24,29,30,25,25,26,27,27,25,26,24,26,27,22,27,25,25,23,24,24,23,33,24,31,22,26,22,25,26,23,23,27,22,21,22,25,24,24,26,26,30,26,31,28,32,26,26,26,24,27,26,22,25,23,26,21,25,25,23,24,22,21,18,21,80,19,26,24,25,61,20,27,20,21,25,21,22
EPI_ISL_17424325,146,144,144,141,140,86,137,95,87,94,91,99,127,105,105,87,107,111,91,93,89,80,85,70,71,88,88,67,67,68,88,68,66,66,68,28,14,32,32,71,71,34,72,72,16,35,38,35,77,77,77,9,69,69,73,82,79,74,73,67,69,69,67,69,68,69,72,70,68,72,68,73,63,69,67,70,73,71,64,69,70,67,71,63,72,77,71,67,73,74,63,69,66,67,65,71,65,67,69,63,73,60,75,64,74,66,75,75,74,63,71,70,69,69,75,66,83,74,69,67,67,75,64,70,66,66,73,71,67,65,72,74,68,45,73,71,76,76,74,69,72,74,74,70,72,70,73,70,67,124,25,58,29,26,52,33,25,16,25,30,24,28,25,28,24,32,27,27,46,62,14,54,26,57,63,46,27,29,33,50,25,28,49,16,10,10,57,14,13,46,29,48,43,25,14,23,32,43,25,26,23,26,83,25,56,23,30,37,55,70,35,22,12,52,62,21,14,64,27,45,25,49,17,57,24,30,23,25,23,52,18,80,28,37,17,26,31,31,52,30,52,32,52,42,46,41,48,56,51,46,51,42,27,44,48,41,46,46,54,44,49,53,46,33,30,31,28,29,26,31,41,0,25,26,42,27,33,47,48,54,1,31,40,32,27,27,43,109,22,35,93,28,54,53,42,36,39,41,40,47,25,29,28,37,27,37,36,37,33,37,37,23,48,31,26,27,24,35,37,22,38,22,41,34,33,35,32,33,32,34,22,25,33,36,51,29,27,46,19,34,35,35,35,44,35,42,36,29,35,36,38,32,28,33,25,35,29,33,30,22,30,22,40,32,22,37,36,17,23,33,22,33,273,23,23,30,30,24,31,33,33,44,46,34,33,34,33,18,26,40,40,37,27,39,40,46,37,41,40,33,18,41,24,23,41,35,39,40,27,35,43,17,35,35,30,38,38,24,33,39,38,35,42,39,36,38,35,40,27,36,32,25,18,38,36,23,35,23,24,33,24,36,36,34,35,21,34,44,35,42,33,37,33,36,37,34,34,38,33,32,33,36,35,35,37,37,41,17,42,25,29,23,23,23,35,24,35,25,16,24,19,32,36,36,34,35,33,32,27,32,91,30,37,35,36,72,29,36,31,32,24,32,33
EPI_ISL_17424327,140,138,138,135,134,80,131,89,80,88,85,95,123,105,105,91,107,109,95,95,91,78,83,69,70,86,86,66,66,67,86,67,65,65,67,33,25,35,37,70,70,37,71,71,27,40,43,38,76,76,76,26,64,66,72,81,78,73,73,64,66,66,64,66,65,68,69,67,64,69,65,70,62,67,64,67,70,68,61,66,67,64,68,60,69,72,68,65,70,71,60,66,63,64,61,68,61,64,66,60,70,53,72,62,71,61,73,73,69,60,68,67,66,66,72,63,80,73,66,64,64,72,61,67,63,63,70,68,64,62,69,72,67,54,70,69,74,74,73,68,71,73,73,69,70,69,72,69,64,119,30,53,34,35,59,26,30,29,30,37,31,33,32,33,31,39,34,30,53,56,31,61,29,54,56,51,32,34,38,43,28,35,42,27,23,27,50,25,28,39,33,41,36,30,25,28,25,36,30,31,26,31,78,27,49,32,37,30,46,65,28,29,27,45,53,28,25,59,32,52,28,56,28,50,31,35,29,30,34,59,29,73,31,30,28,32,36,34,47,23,45,25,44,35,39,34,41,49,44,39,44,35,36,37,41,34,39,41,47,37,42,46,39,26,23,24,21,22,19,24,34,25,0,19,35,20,26,40,41,47,26,24,33,25,20,20,36,102,15,28,86,21,47,46,35,29,32,34,33,40,18,22,21,30,20,30,29,30,26,30,30,16,41,24,19,20,17,30,30,15,31,15,34,27,26,28,25,26,25,27,15,18,26,29,42,22,20,39,12,27,28,28,28,37,28,33,29,22,28,29,31,25,21,26,18,28,20,26,23,15,23,15,33,25,15,30,29,10,16,26,15,26,266,16,16,23,23,17,26,26,26,37,37,27,26,27,26,11,19,33,33,30,20,32,33,39,30,34,33,26,11,34,17,16,34,28,32,33,22,30,36,10,28,28,25,31,31,19,26,32,31,28,35,32,29,31,28,33,20,29,25,18,11,31,29,16,28,16,17,26,17,29,29,27,28,14,27,35,28,35,26,30,26,29,30,27,27,31,26,25,26,29,28,28,30,30,34,10,35,18,22,16,16,16,28,17,30,18,9,17,12,25,29,29,27,28,26,25,22,25,84,23,30,28,29,65,22,29,24,25,17,25,26
EPI_ISL_17424331,135,133,133,130,129,75,126,84,75,83,80,90,118,100,100,88,102,104,92,90,88,74,79,64,65,82,82,61,61,62,82,62,60,60,62,32,24,34,36,65,65,36,66,66,26,39,42,37,71,71,71,27,59,61,67,76,73,68,68,59,61,61,59,61,60,63,64,62,60,64,60,65,57,62,59,62,65,63,56,61,62,59,63,55,64,67,63,60,65,66,55,61,58,59,57,63,57,59,61,55,65,48,67,57,66,56,68,68,64,55,63,62,61,61,67,58,75,68,61,59,59,67,56,62,58,58,65,63,59,57,64,68,62,55,67,65,70,70,68,63,66,68,68,64,66,64,67,64,59,114,31,48,35,36,60,21,31,30,31,38,32,34,33,34,32,40,35,31,54,51,32,62,30,51,51,52,33,35,39,38,29,36,37,28,24,26,45,24,27,34,33,36,31,29,24,27,20,31,31,32,27,32,73,29,44,31,36,23,43,60,21,28,24,40,50,29,26,54,33,53,29,57,29,45,32,36,30,31,35,60,30,68,32,25,29,33,37,35,42,16,40,20,40,30,34,29,36,44,39,34,39,30,37,32,36,29,34,36,42,32,37,41,34,19,16,17,14,15,18,17,29,26,19,0,30,13,21,35,36,42,27,23,28,20,13,21,31,97,16,23,79,16,42,41,30,22,27,29,28,35,11,15,14,25,13,25,24,25,21,23,25,15,36,19,12,15,14,25,25,8,26,16,29,22,21,23,20,21,20,22,16,13,21,24,39,21,13,34,11,22,23,23,23,32,23,30,24,15,23,24,26,20,16,21,19,23,15,19,18,16,18,10,28,20,8,23,24,11,11,21,8,21,261,9,9,18,18,12,21,21,19,32,34,24,21,22,19,12,14,28,28,25,15,27,28,34,25,29,28,21,10,29,16,15,29,23,27,28,17,25,31,11,23,23,20,26,26,12,19,27,26,23,30,27,24,26,23,28,15,24,20,13,12,26,24,9,23,9,10,21,10,24,24,22,23,7,22,32,23,30,21,25,21,24,25,22,22,26,21,20,21,24,23,23,25,25,29,11,30,13,15,9,9,9,23,10,25,13,10,12,11,20,24,24,22,23,21,20,17,20,78,18,25,23,24,60,19,24,19,20,12,20,21
EPI_ISL_17424332,137,135,135,132,131,77,128,86,77,85,82,92,120,104,104,94,106,108,98,96,96,71,76,61,62,79,79,58,58,59,79,59,57,57,59,46,34,50,52,62,62,52,63,63,36,55,58,53,68,68,68,43,59,58,64,73,70,65,65,56,58,58,56,58,57,60,61,59,57,59,57,62,54,59,56,59,60,58,53,56,57,56,60,50,59,60,58,57,62,61,52,58,57,56,54,60,54,54,56,52,62,44,64,54,63,50,65,65,57,52,60,59,58,58,64,55,70,65,58,56,56,62,51,57,55,55,62,60,56,54,61,65,59,71,64,62,67,67,65,60,63,65,65,61,63,61,64,61,56,114,45,48,49,52,72,17,45,44,45,54,46,50,47,50,48,56,51,45,68,51,48,76,46,51,51,66,47,51,55,48,43,50,47,44,36,38,41,36,41,26,47,36,41,43,40,37,16,17,47,46,43,48,71,41,40,43,42,33,39,60,37,44,38,40,46,45,42,54,49,67,43,71,43,45,48,52,44,47,47,74,46,68,46,37,43,47,51,51,42,34,34,32,32,24,26,23,29,33,34,27,35,19,53,24,28,23,27,28,39,10,29,37,38,37,34,35,32,33,34,35,31,42,35,30,0,31,33,13,38,36,43,39,40,32,31,37,5,91,32,17,97,32,58,34,24,40,21,23,22,29,29,33,32,19,31,19,18,19,13,41,21,31,30,11,30,29,30,21,19,26,20,32,21,18,23,25,30,23,18,18,32,23,17,18,35,21,31,26,27,24,19,19,19,24,19,26,16,33,19,20,20,24,26,17,33,19,33,33,30,32,24,24,20,24,26,31,20,27,25,17,26,17,254,27,27,24,22,26,23,31,29,22,30,22,19,16,37,28,28,20,22,19,31,21,20,26,13,21,20,23,26,21,32,31,21,19,23,22,19,27,23,27,15,17,22,14,14,30,37,21,14,15,18,21,16,22,17,24,31,18,20,27,28,18,18,27,25,27,28,23,28,16,12,14,25,25,14,28,19,23,14,20,13,16,18,14,16,18,17,14,15,18,15,11,20,13,17,27,32,29,33,27,27,27,19,28,27,23,26,24,27,12,16,20,18,17,17,14,19,14,71,14,19,17,16,54,15,22,21,12,26,12,13
EPI_ISL_17424333,136,133,134,131,130,76,127,85,76,84,81,91,119,101,101,89,103,105,93,91,89,74,79,64,65,82,82,61,61,62,82,62,60,60,62,33,25,35,37,65,65,37,66,66,27,40,43,38,71,71,71,28,60,61,67,76,73,68,68,60,62,62,60,62,61,64,65,63,61,65,61,66,58,63,60,63,66,64,57,62,63,60,64,56,65,68,64,61,66,67,56,62,59,60,58,64,58,60,62,56,65,49,68,58,67,57,69,69,65,56,64,63,62,62,68,59,76,68,62,60,60,68,57,63,59,59,66,64,60,58,65,68,62,56,67,65,70,70,68,63,66,68,68,64,66,64,67,64,59,115,32,49,36,37,61,22,32,31,32,39,33,35,34,35,33,41,36,32,55,52,33,63,31,52,52,53,34,36,40,39,30,37,38,29,25,27,46,25,28,35,34,37,32,30,25,28,21,32,32,33,28,33,74,30,45,32,37,24,44,61,20,29,25,41,51,30,27,55,34,54,30,58,30,46,33,37,31,32,36,61,31,69,33,26,30,34,38,36,43,17,41,21,41,31,35,30,37,45,40,35,40,31,38,33,37,30,35,37,43,33,38,42,35,18,17,16,15,16,19,18,30,27,20,13,31,0,22,36,37,43,28,24,29,21,12,22,32,98,17,24,80,17,43,42,31,23,28,30,29,36,12,16,15,26,14,26,25,26,22,24,26,16,37,20,13,16,15,26,26,9,27,17,30,23,22,24,21,22,21,23,17,14,22,25,40,22,14,35,12,23,24,24,24,33,24,31,25,16,24,25,27,21,17,22,20,24,16,20,19,17,19,11,29,21,9,24,25,12,12,22,7,22,262,8,10,19,19,13,22,22,18,33,35,25,22,23,20,13,15,29,29,26,16,28,29,35,26,30,29,22,11,30,17,16,30,24,28,29,18,26,32,12,24,24,21,27,27,13,20,28,27,24,31,28,25,27,24,29,16,25,21,14,13,27,25,10,24,10,11,22,11,25,25,23,24,8,23,33,24,31,22,26,22,25,25,23,23,27,22,21,22,25,24,24,26,26,30,12,31,14,16,10,10,10,24,11,26,14,11,13,12,21,25,25,23,24,22,21,18,21,80,19,26,24,25,61,20,25,20,21,13,21,22
EPI_ISL_17424334,137,135,135,132,131,77,128,86,77,85,82,92,120,102,102,90,104,106,94,92,90,73,80,65,66,83,83,62,62,63,83,63,61,61,63,35,27,39,43,66,66,41,67,67,29,46,49,42,72,72,72,34,61,62,68,77,74,69,69,60,62,62,60,62,61,64,65,63,61,65,61,66,58,63,60,63,66,64,57,62,63,62,64,56,65,68,64,61,66,69,56,62,61,60,58,64,58,60,62,56,66,51,68,58,67,57,69,69,65,56,64,63,62,62,68,59,76,69,62,60,60,68,57,65,59,59,66,64,60,58,65,67,63,62,68,66,69,69,69,64,67,69,69,65,67,65,68,63,60,114,36,50,40,43,65,24,36,35,36,45,37,41,38,41,39,47,42,36,59,53,39,69,37,53,53,57,38,42,46,41,34,41,40,35,29,31,46,27,32,35,38,38,34,34,31,30,23,34,38,37,34,39,75,34,45,36,41,30,46,62,28,35,29,42,51,36,33,56,40,58,32,62,34,47,39,43,35,38,40,65,37,70,37,12,34,38,42,42,44,25,43,13,43,33,37,32,39,47,36,36,40,32,44,35,39,31,37,39,44,35,40,44,39,28,25,26,23,24,25,24,32,33,26,21,33,22,0,38,39,45,34,30,13,1,22,28,34,100,23,26,88,23,49,44,33,31,30,32,31,36,20,24,23,28,22,28,27,28,24,32,28,22,39,22,21,22,21,28,30,17,29,23,32,25,28,30,25,24,23,25,23,16,24,27,40,24,22,37,18,27,26,26,26,35,26,31,27,24,26,27,29,25,19,24,24,26,24,28,19,23,21,15,31,27,17,30,27,18,16,24,17,24,264,18,18,21,25,17,24,24,28,35,35,29,24,25,28,19,19,31,31,28,20,30,31,37,28,32,31,24,17,32,23,22,32,26,30,33,20,28,34,18,26,26,23,29,29,21,28,30,29,26,33,30,27,29,26,31,22,27,23,20,19,29,27,18,26,18,19,24,19,27,27,25,26,16,25,33,26,33,24,28,24,27,28,25,25,29,24,23,24,27,26,26,28,28,32,18,33,20,24,18,18,18,26,19,28,16,17,15,18,23,27,27,25,26,24,23,20,23,82,21,28,26,27,63,22,27,22,23,17,23,24
EPI_ISL_17424335,142,140,140,137,136,82,133,91,82,90,87,97,125,109,109,99,111,113,103,101,101,76,81,66,67,84,84,63,63,64,84,64,62,62,64,51,39,55,57,67,67,57,68,68,41,60,63,58,73,73,73,48,64,63,69,78,75,70,70,61,63,63,61,63,62,65,66,64,62,64,62,67,59,64,61,64,65,63,58,61,62,61,65,55,64,67,63,62,67,66,57,63,62,61,59,65,59,59,61,57,67,49,69,59,68,57,70,70,64,57,65,64,63,63,69,60,75,70,63,61,61,67,56,62,60,60,67,65,61,59,66,70,64,76,69,67,72,72,70,65,68,70,70,66,68,66,69,66,61,119,50,53,54,57,77,22,50,49,50,59,51,55,52,55,53,61,56,50,73,56,53,81,51,56,56,71,52,56,60,53,48,55,52,49,41,43,46,41,46,31,52,41,46,48,45,42,21,22,52,51,48,53,76,46,45,48,47,38,44,65,42,49,43,45,51,50,47,59,54,72,48,76,48,50,53,57,49,52,52,79,51,73,51,42,48,52,56,56,47,39,39,37,35,29,31,28,34,38,39,32,40,24,58,29,33,28,32,33,44,15,34,42,42,42,37,40,35,36,39,40,36,47,40,35,13,36,38,0,43,41,48,44,45,37,36,42,16,96,37,22,102,37,63,39,29,45,26,28,27,34,34,38,37,24,36,24,23,24,18,46,26,36,35,16,35,34,35,26,24,31,25,37,26,23,28,30,35,28,23,23,37,28,22,23,40,26,36,31,32,29,24,24,24,29,24,31,21,38,24,25,25,29,31,22,38,24,38,38,35,37,29,29,25,29,31,36,25,32,30,22,31,22,259,32,32,29,27,31,28,36,34,27,35,27,24,21,42,33,33,25,27,24,36,26,25,31,18,26,25,28,31,26,37,36,26,24,28,27,24,32,28,32,20,22,27,19,19,35,42,26,19,20,23,26,21,27,22,29,36,23,25,32,33,23,23,32,30,32,33,28,33,21,17,19,30,30,19,33,24,28,19,25,18,21,23,19,21,23,22,19,20,23,20,16,25,18,22,32,37,34,38,32,32,32,24,33,32,28,31,29,32,17,21,25,23,22,22,19,24,19,76,19,24,22,21,59,20,27,26,17,31,17,18
EPI_ISL_17424336,143,141,141,138,137,83,134,92,83,91,88,98,126,110,110,100,112,114,104,102,102,81,86,72,73,89,89,69,69,70,89,70,68,68,70,52,40,56,58,73,72,58,74,74,42,61,64,59,78,78,77,49,67,67,75,84,81,76,76,67,69,69,67,69,68,71,72,70,67,72,68,73,65,70,67,70,73,71,64,69,70,69,71,63,72,73,71,68,73,74,63,69,68,67,65,71,64,67,69,63,73,56,75,65,74,64,76,76,70,63,71,70,69,69,75,66,83,76,69,67,67,75,64,70,66,66,73,71,67,65,72,75,70,77,75,72,77,77,76,71,74,76,76,72,73,72,75,72,65,122,51,56,55,58,80,29,51,50,51,60,52,56,53,55,54,62,57,51,74,59,54,84,52,59,59,72,53,57,61,54,49,56,53,50,42,44,53,42,45,42,53,44,47,49,46,43,28,39,53,52,49,54,81,47,52,49,54,39,51,68,43,50,44,48,58,51,48,62,55,72,49,77,45,53,54,58,50,53,54,79,50,76,52,43,47,53,57,57,50,40,46,38,48,38,42,37,45,54,51,43,47,40,59,40,44,40,42,44,51,40,45,49,44,43,40,41,38,39,40,41,37,48,41,36,38,37,39,43,0,50,49,45,46,38,37,41,39,103,38,31,103,38,64,49,38,46,35,37,36,43,35,39,38,33,37,33,32,33,29,47,33,37,44,27,36,37,36,33,35,32,34,38,37,30,35,37,36,29,30,30,38,29,29,32,47,33,37,42,33,36,31,31,31,40,31,38,32,39,31,32,32,34,32,29,39,31,39,39,36,36,30,30,36,36,32,37,32,33,31,29,32,29,269,33,33,30,34,32,29,37,41,40,42,34,31,30,43,34,34,36,36,33,37,35,36,42,33,37,36,27,32,37,38,37,37,31,35,38,25,33,39,33,31,31,28,34,34,36,43,35,34,31,38,35,32,34,31,36,37,32,32,33,34,34,32,33,31,33,34,27,34,32,32,30,31,31,30,38,31,38,29,33,29,32,33,30,30,34,29,28,29,32,31,31,33,33,37,33,38,35,39,33,33,33,31,34,33,29,32,30,33,28,32,32,30,31,29,28,25,28,87,26,33,31,32,68,27,34,27,28,32,28,29
EPI_ISL_17424338,143,141,141,138,137,89,140,98,89,97,94,104,132,116,116,106,110,120,110,108,106,83,88,73,74,91,91,70,70,71,91,71,69,69,71,58,46,62,64,74,74,64,75,75,48,67,70,65,80,80,80,55,67,68,76,85,82,77,77,68,70,70,68,70,69,72,73,71,69,73,69,74,66,71,68,71,74,72,65,70,71,70,71,64,73,74,72,69,74,74,64,70,69,68,66,72,66,68,70,64,74,54,76,66,75,62,77,77,71,64,71,71,70,70,76,67,84,77,70,68,68,76,65,71,67,67,74,72,68,66,73,77,71,81,76,74,79,79,76,72,75,77,71,73,73,73,76,73,66,122,57,62,61,64,86,25,57,56,57,66,58,62,59,62,60,68,63,57,78,65,60,90,58,65,65,78,59,63,67,60,55,62,59,56,48,50,45,48,53,40,59,50,53,55,52,49,24,35,59,58,55,60,85,53,44,53,48,43,43,68,49,56,50,54,50,57,54,68,61,79,55,83,55,59,60,64,56,59,60,86,58,82,58,49,55,59,63,63,56,44,46,44,46,36,40,35,43,52,49,41,47,36,65,38,42,37,41,42,51,38,43,49,50,49,46,47,44,45,46,47,43,54,47,42,36,43,45,41,50,0,55,51,52,44,43,49,37,103,44,27,109,44,70,47,36,52,33,35,34,41,39,43,42,31,42,31,30,31,27,52,33,43,42,25,41,41,42,31,33,38,34,44,33,26,29,35,38,35,26,26,44,33,25,26,39,29,43,40,39,34,29,27,27,38,27,30,30,45,27,28,32,38,38,25,43,27,45,43,42,44,34,36,32,32,38,37,30,39,37,25,38,25,267,39,39,32,30,38,35,43,41,34,38,30,27,24,49,40,40,34,32,31,43,33,34,40,31,35,34,35,38,35,44,43,35,31,35,36,31,39,37,39,29,27,28,32,32,42,49,33,32,29,36,35,30,34,29,32,43,30,28,39,40,32,26,39,37,39,40,35,40,30,30,28,37,37,28,32,31,35,27,32,27,30,29,28,29,32,29,26,27,28,29,27,32,31,35,39,44,39,45,39,39,39,31,40,35,35,38,36,39,26,30,30,30,27,25,26,31,26,85,26,30,30,30,66,27,26,29,26,38,26,27
EPI_ISL_17424339,147,145,145,142,141,87,138,96,88,95,92,100,128,106,106,88,108,112,92,94,90,81,86,71,72,89,89,68,68,69,89,69,67,67,69,29,15,33,33,72,72,35,73,73,17,36,39,36,78,78,78,10,70,70,74,83,80,75,74,68,70,70,68,70,69,70,73,71,69,73,69,74,64,70,68,71,74,72,65,70,71,68,72,64,73,78,72,68,74,75,64,70,67,68,66,72,66,68,70,64,74,61,76,65,75,67,76,76,75,64,72,71,70,70,76,67,84,75,70,68,68,76,65,71,67,67,74,72,68,66,73,75,69,46,74,72,77,77,75,70,73,75,75,71,73,71,74,71,68,125,26,59,30,27,53,34,26,17,26,31,25,29,26,29,25,33,28,28,47,63,15,55,27,58,64,47,28,30,34,51,26,29,50,17,11,11,58,15,14,47,30,49,44,26,15,24,33,44,26,27,24,27,84,26,57,24,31,38,56,71,36,23,13,53,63,22,15,65,28,46,26,50,18,58,25,31,24,26,24,53,19,81,29,38,18,27,32,32,53,31,53,33,53,43,47,42,49,57,52,47,52,43,28,45,49,42,47,47,55,45,50,54,47,34,31,32,29,30,27,32,42,1,26,27,43,28,34,48,49,55,0,32,41,33,28,28,44,110,23,36,94,29,55,54,43,37,40,42,41,48,26,30,29,38,28,38,37,38,34,38,38,24,49,32,27,28,25,36,38,23,39,23,42,35,34,36,33,34,33,35,23,26,34,37,52,30,28,47,20,35,36,36,36,45,36,43,37,30,36,37,39,33,29,34,26,36,30,34,31,23,31,23,41,33,23,38,37,18,24,34,23,34,274,24,24,31,31,25,32,34,34,45,47,35,34,35,34,19,27,41,41,38,28,40,41,47,38,42,41,34,19,42,25,24,42,36,40,41,28,36,44,18,36,36,31,39,39,25,34,40,39,36,43,40,37,39,36,41,28,37,33,26,19,39,37,24,36,24,25,34,25,37,37,35,36,22,35,45,36,43,34,38,34,37,38,35,35,39,34,33,34,37,36,36,38,38,42,18,43,26,30,24,24,24,36,25,36,26,17,25,20,33,37,37,35,36,34,33,28,33,92,31,38,36,37,73,30,37,32,33,25,33,34
EPI_ISL_17424341,142,140,140,137,136,82,133,93,84,92,89,97,125,107,107,95,109,111,99,97,93,83,88,73,74,91,91,70,70,71,91,71,69,69,71,35,29,37,41,74,74,39,75,75,31,44,47,40,80,80,80,32,68,70,76,85,82,77,77,68,70,70,68,70,69,72,73,71,69,73,69,74,66,71,68,71,74,72,65,70,71,68,72,64,73,76,72,69,74,75,64,70,67,68,66,72,66,68,70,64,74,57,76,66,75,65,77,77,73,64,72,71,70,70,76,67,84,77,70,68,68,76,65,71,67,67,72,72,68,66,73,77,71,60,76,73,79,79,77,72,75,77,77,73,75,73,76,73,68,123,34,57,40,39,63,30,36,35,36,43,37,37,38,39,35,45,38,36,59,60,37,67,35,60,60,55,36,40,42,45,34,41,44,33,29,31,54,29,32,43,36,45,38,34,29,32,29,40,34,37,30,37,82,32,53,36,43,34,52,69,32,33,31,49,59,32,31,63,38,56,32,62,34,54,35,39,35,34,40,65,35,77,37,34,34,36,42,40,51,27,49,29,49,39,43,38,45,53,48,43,48,39,42,41,45,38,43,45,51,39,44,50,43,30,27,28,25,26,7,28,38,31,24,23,39,24,30,44,45,51,32,0,37,29,24,26,40,106,21,32,90,25,51,50,39,33,36,38,37,44,22,26,25,34,24,34,33,34,30,34,34,20,45,28,23,24,21,34,34,19,35,21,38,31,30,32,29,28,29,31,21,22,30,33,48,28,24,43,16,31,32,32,32,41,32,39,33,26,32,33,35,29,25,30,24,32,26,30,27,21,27,19,37,29,19,34,33,16,20,30,19,30,270,20,20,27,27,21,30,30,30,39,43,31,30,31,30,17,23,37,37,34,24,36,37,43,34,38,37,30,17,38,23,22,38,32,36,37,26,34,40,16,32,32,29,35,35,23,30,36,35,32,39,36,33,35,32,37,24,33,29,22,17,35,33,20,32,20,21,30,21,33,33,31,32,18,31,41,32,39,30,34,30,33,34,31,31,35,30,29,30,33,32,32,34,34,38,16,39,22,26,20,20,20,32,21,34,22,15,21,16,29,33,33,31,32,30,29,26,29,88,27,34,32,33,69,26,33,28,29,21,29,30
EPI_ISL_17424342,144,142,142,139,138,84,135,93,84,92,89,99,127,109,109,97,111,113,101,99,97,82,87,72,73,90,90,69,69,70,90,70,68,68,70,42,34,46,50,73,73,48,74,74,36,53,56,49,79,79,79,41,68,69,75,84,81,76,76,67,69,69,67,69,68,71,71,70,68,72,68,73,65,70,67,70,73,71,64,69,70,69,71,63,72,75,71,68,73,76,63,69,68,67,65,71,65,67,69,63,73,58,75,65,74,64,76,76,72,63,71,70,69,69,75,66,83,76,69,67,67,75,64,72,66,66,73,71,67,65,72,76,70,69,75,73,78,78,76,71,74,76,76,72,74,72,75,72,67,121,43,57,47,50,72,31,43,42,43,52,44,48,45,48,46,54,49,43,66,60,46,74,44,60,60,64,45,49,53,48,41,48,47,42,36,38,53,34,39,42,45,45,41,41,38,37,30,39,43,44,41,46,82,41,52,43,48,37,53,69,35,42,36,49,58,43,40,63,47,65,39,69,41,54,46,50,40,45,47,72,44,77,44,19,41,45,49,49,51,32,50,20,50,40,44,39,46,54,43,43,49,39,51,42,46,38,44,46,51,42,47,51,46,35,32,31,30,31,32,31,39,40,33,28,40,29,13,45,46,52,41,37,0,12,29,35,41,107,30,33,95,30,56,51,40,38,37,39,38,43,27,31,30,35,29,35,34,35,31,39,35,29,46,29,28,29,28,35,37,24,36,30,39,32,35,37,32,31,30,32,30,23,31,34,47,29,29,44,25,34,33,33,33,42,33,38,34,31,33,34,36,32,26,31,31,33,31,35,26,30,28,22,38,34,24,37,34,25,23,31,24,31,271,25,25,28,32,24,31,31,35,42,42,36,31,32,35,26,26,38,38,35,29,37,38,44,35,39,38,31,24,39,30,29,39,33,37,40,27,35,41,25,33,33,30,36,36,28,35,37,36,33,40,37,34,36,33,38,29,34,30,27,26,36,34,25,33,25,26,31,26,34,34,32,33,23,32,40,33,40,29,34,31,34,35,32,32,36,31,28,29,34,33,33,35,35,39,25,38,27,31,25,25,25,33,26,35,23,24,22,25,30,34,34,32,33,31,30,27,30,89,28,34,33,34,70,29,34,29,30,24,30,31
EPI_ISL_17424344,136,134,134,131,130,76,127,85,76,84,81,91,119,101,101,89,103,105,93,91,89,72,79,64,65,82,82,61,61,62,82,62,60,60,62,34,26,38,42,65,65,40,66,66,28,45,48,41,71,71,71,33,60,61,67,76,73,68,68,59,61,61,59,61,60,63,64,62,60,64,60,65,57,62,59,62,65,63,56,61,62,61,63,55,64,67,63,60,65,68,55,61,60,59,57,63,57,59,61,55,65,50,67,57,66,56,68,68,64,55,63,62,61,61,67,58,75,68,61,59,59,67,56,64,58,58,65,63,59,57,64,66,62,61,67,65,68,68,68,63,66,68,68,64,66,64,67,64,59,113,35,49,39,42,64,23,35,34,35,44,36,40,37,40,38,46,41,35,58,52,38,68,36,52,52,56,37,41,45,40,33,40,39,34,28,30,45,26,31,34,37,37,33,33,30,29,22,33,37,36,33,38,74,33,44,35,40,29,45,61,27,34,28,41,50,35,32,55,39,57,31,61,33,46,38,42,34,37,39,64,36,69,36,11,33,37,41,41,43,24,42,12,42,32,36,31,38,46,35,35,39,31,43,34,38,30,36,38,43,34,39,43,38,27,24,25,22,23,24,23,31,32,25,20,32,21,1,37,38,44,33,29,12,0,21,27,33,99,22,25,87,22,48,43,32,30,29,31,30,35,19,23,22,27,21,27,26,27,23,31,27,21,38,21,20,21,20,27,29,16,28,22,31,24,27,29,24,23,22,24,22,15,23,26,39,23,21,36,17,26,25,25,25,34,25,30,26,23,25,26,28,24,18,23,23,25,23,27,18,22,20,14,30,26,16,29,26,17,15,23,16,23,263,17,17,20,24,16,23,23,27,34,34,28,23,24,27,18,18,30,30,27,21,29,30,36,27,31,30,23,16,31,22,21,31,25,29,32,19,27,33,17,25,25,22,28,28,20,27,29,28,25,32,29,26,28,25,30,21,26,22,19,18,28,26,17,25,17,18,23,18,26,26,24,25,15,24,32,25,32,23,27,23,26,27,24,24,28,23,22,23,26,25,25,27,27,31,17,32,19,23,17,17,17,25,18,27,15,16,14,17,22,26,26,24,25,23,22,19,22,81,20,27,25,26,62,21,26,21,22,16,22,23
EPI_ISL_17424358,135,132,133,130,129,75,126,84,75,83,80,90,118,101,101,89,103,105,93,91,89,74,79,64,65,82,82,61,61,62,82,62,60,60,62,33,25,35,37,65,65,37,66,66,27,40,43,38,71,71,71,28,60,61,67,76,73,68,68,60,62,62,60,62,61,64,65,63,61,65,61,66,58,63,60,63,66,64,57,62,63,60,64,56,65,68,64,61,66,67,56,62,59,60,58,64,58,60,62,56,65,49,68,58,67,57,69,69,65,56,64,63,62,62,68,59,76,68,62,60,60,68,57,63,59,59,66,64,60,58,65,68,62,56,67,65,70,70,68,63,66,68,68,64,66,64,67,64,58,115,32,49,36,37,61,22,32,31,32,39,33,35,34,35,33,41,36,32,55,52,33,63,31,52,52,53,34,36,40,39,30,37,38,29,25,27,46,25,28,35,34,37,32,30,25,28,21,32,32,33,28,33,74,30,45,32,37,24,44,61,20,29,25,41,51,30,27,55,34,54,30,58,30,46,33,37,31,32,36,61,31,69,33,26,30,34,38,36,43,17,41,21,41,31,35,30,37,45,40,35,40,31,38,33,37,30,35,37,43,33,38,42,35,18,17,16,15,16,19,18,30,27,20,13,31,12,22,36,37,43,28,24,29,21,0,22,32,98,17,24,80,17,43,42,31,23,28,30,29,36,12,16,15,26,14,26,25,26,22,24,26,16,37,20,13,16,15,26,26,9,27,17,30,23,22,24,21,22,21,23,17,14,22,25,40,22,14,33,12,23,24,24,24,31,24,31,25,16,24,25,27,21,17,22,20,24,16,20,19,17,19,11,29,21,9,24,25,12,12,22,7,22,262,8,10,19,19,13,22,22,18,33,35,25,22,23,20,13,15,29,29,26,16,28,29,35,26,30,29,22,11,30,17,16,30,24,28,29,18,26,32,12,24,24,21,27,27,13,20,28,27,24,31,28,25,27,24,29,16,25,21,14,13,27,25,10,24,10,11,22,11,25,25,23,24,8,23,33,24,31,22,26,22,25,25,23,23,27,22,21,22,25,24,24,26,26,30,12,31,14,16,10,10,10,24,11,26,14,11,13,12,21,25,25,23,24,22,21,18,21,80,19,26,24,25,61,20,25,20,21,13,21,22
EPI_ISL_17424359,140,138,138,135,134,82,133,91,82,90,87,97,125,107,107,93,109,111,97,97,93,79,84,69,70,87,87,66,66,67,87,67,65,65,67,35,27,37,39,70,68,39,71,71,29,42,45,40,74,74,74,28,66,68,72,81,78,73,73,64,66,66,64,66,65,68,69,67,65,67,65,68,62,67,64,65,70,66,61,66,67,64,68,60,69,74,68,65,68,71,60,64,63,64,62,70,62,64,66,60,70,55,70,62,71,63,71,73,71,60,68,67,66,66,72,63,80,73,66,64,64,72,61,67,63,63,70,68,64,62,69,73,67,56,72,70,75,75,73,68,71,73,73,69,71,69,72,67,66,121,32,55,36,37,61,28,32,31,32,39,33,35,34,35,33,41,34,32,55,58,33,61,31,56,58,53,34,36,40,45,30,37,42,29,25,29,50,27,30,41,36,43,38,32,27,30,27,38,32,33,28,33,80,30,51,34,39,32,50,67,30,31,29,47,57,30,27,61,34,54,30,58,30,52,33,37,31,32,36,61,31,75,33,32,30,34,38,36,49,25,45,27,45,37,41,36,43,51,46,41,46,37,38,39,43,36,41,43,49,39,44,48,41,28,25,26,23,24,21,26,36,27,20,21,37,22,28,42,41,49,28,26,35,27,22,0,38,102,17,30,88,23,49,48,37,31,34,36,35,42,20,24,23,32,22,32,31,32,28,32,32,18,43,26,21,22,19,32,32,17,33,17,36,29,28,30,27,28,27,29,17,20,28,31,46,24,22,41,14,29,30,30,30,39,30,37,31,24,30,31,33,27,23,28,20,30,24,28,25,17,25,17,35,27,17,32,31,12,18,28,17,28,268,18,18,25,25,19,28,28,28,39,41,29,28,29,28,13,21,35,35,32,22,34,35,41,32,36,35,26,13,36,19,18,36,30,34,35,24,32,38,12,30,30,27,33,33,21,28,34,33,30,37,34,31,33,28,35,22,31,27,20,13,33,31,18,30,18,19,26,19,31,31,29,30,16,29,39,30,37,28,32,28,31,32,29,29,33,28,27,28,31,30,30,31,32,36,12,37,20,24,18,18,18,30,19,32,20,11,19,14,27,31,31,29,30,28,27,24,27,86,25,32,30,31,67,24,31,26,27,19,27,28
EPI_ISL_17424360,138,136,136,133,132,78,129,87,78,86,83,93,121,105,105,95,107,109,99,97,97,72,77,62,63,80,80,59,59,60,80,60,58,58,60,47,35,51,53,63,63,53,64,64,37,56,59,54,69,69,69,44,62,59,65,74,71,66,66,57,59,59,57,59,58,61,62,60,58,60,58,63,55,60,57,60,61,59,54,57,58,57,61,51,60,61,59,58,63,62,53,59,58,57,55,61,55,55,57,53,63,45,65,55,64,51,66,66,58,53,61,60,59,59,65,56,71,66,59,57,57,63,52,58,56,56,63,61,57,55,62,66,60,72,65,63,68,68,66,61,64,66,66,62,64,62,65,62,57,117,46,51,50,53,73,18,46,45,46,55,47,51,48,51,49,57,52,46,69,54,49,77,47,54,54,67,48,52,56,49,44,51,48,45,37,39,42,37,42,27,48,39,42,44,41,38,17,20,48,47,44,49,74,42,41,44,43,34,40,63,38,45,39,43,47,46,43,57,50,68,44,72,44,48,49,53,45,48,48,75,47,71,47,38,44,48,52,52,45,35,35,33,33,25,27,24,30,35,36,28,36,21,54,25,29,24,28,29,40,13,30,38,39,38,35,36,33,34,35,36,32,43,36,31,5,32,34,16,39,37,44,40,41,33,32,38,0,92,33,18,98,33,59,35,25,41,22,24,23,30,30,34,33,20,32,20,19,20,14,42,22,32,31,12,31,30,31,22,20,27,21,33,22,19,24,26,31,24,19,19,33,24,18,19,36,22,32,27,28,25,20,20,20,25,20,27,17,34,20,21,21,25,27,18,34,20,34,34,31,33,25,25,21,25,27,30,21,28,26,18,27,18,255,28,28,25,23,27,24,32,30,25,31,23,20,17,38,29,29,21,23,20,32,22,21,27,16,22,21,24,27,22,33,32,22,20,24,23,20,28,24,28,16,18,23,17,17,31,38,22,17,16,21,24,17,23,18,25,32,19,21,28,29,19,19,28,26,28,29,24,29,17,15,15,26,26,15,29,20,24,15,21,14,17,19,15,17,19,18,15,16,19,16,14,21,16,20,28,33,30,34,28,28,28,20,29,28,24,27,25,28,13,17,21,19,18,18,15,20,15,72,15,20,18,17,55,16,23,22,13,27,13,14
EPI_ISL_8189344,204,202,202,199,198,144,195,153,144,152,149,159,186,171,171,161,173,174,165,163,163,138,143,128,129,146,146,125,125,126,146,126,124,124,126,113,101,117,119,129,129,119,130,130,103,122,125,120,135,135,133,110,128,125,131,140,137,132,132,123,125,125,123,125,124,127,128,126,124,128,124,129,121,126,123,126,129,127,120,123,126,125,127,119,128,131,127,124,129,130,119,125,124,123,121,125,121,123,125,119,129,111,131,121,130,119,132,132,128,119,127,126,125,125,131,122,139,132,125,123,123,131,120,126,122,122,129,127,123,121,128,132,126,138,131,129,134,134,132,127,130,132,132,128,130,128,131,128,123,79,112,117,116,119,141,84,112,111,112,119,113,117,114,117,115,123,118,112,135,118,115,143,113,120,118,133,114,118,122,115,109,117,114,111,103,105,106,103,108,95,114,105,108,110,107,104,83,92,114,113,110,115,142,108,105,110,109,100,106,129,104,111,105,109,111,112,109,123,116,134,110,138,110,114,115,119,111,114,116,141,113,137,113,104,110,114,118,118,111,101,88,99,101,89,95,88,98,108,105,97,102,93,120,93,97,94,96,97,106,93,98,104,105,104,101,102,99,100,101,102,98,109,102,97,91,98,100,96,103,103,110,106,107,99,98,102,92,0,99,84,164,99,125,102,89,107,86,88,87,94,96,100,99,84,98,84,83,84,82,108,88,96,97,80,97,96,95,86,88,93,89,99,90,85,90,92,97,90,85,85,99,90,84,83,100,88,98,95,94,91,86,86,86,93,86,93,85,100,86,87,80,95,93,84,100,86,99,100,97,99,91,91,89,91,93,98,87,94,92,84,93,84,322,94,94,91,89,93,88,98,96,93,97,89,86,83,104,95,95,89,87,84,98,88,89,95,86,90,89,88,93,90,99,98,90,84,90,91,86,92,92,94,84,82,89,87,87,97,104,86,87,84,91,90,85,89,82,91,98,87,87,92,95,87,85,94,92,94,95,88,95,85,85,83,92,92,83,95,86,91,80,86,82,85,86,83,84,87,84,79,80,84,84,84,87,86,90,94,98,96,100,94,94,94,86,95,92,90,93,91,94,81,85,87,85,82,84,79,86,79,140,81,85,85,85,119,82,89,88,81,93,81,82
EPI_ISL_3274163,137,135,135,132,131,77,128,86,77,85,82,92,120,102,102,88,104,106,92,92,88,76,81,66,67,84,84,63,63,64,84,64,62,62,64,30,22,32,34,67,67,34,68,68,24,37,40,35,73,73,73,23,61,63,69,78,75,70,70,61,63,63,61,63,62,65,66,64,62,66,62,67,59,64,61,64,67,65,58,63,64,61,65,57,66,69,65,62,67,68,57,63,60,61,59,65,59,61,63,57,67,50,69,59,68,58,70,70,66,57,65,64,63,63,69,60,77,70,63,61,61,69,58,64,60,60,67,65,61,59,66,70,64,51,69,67,72,72,70,65,68,70,70,66,68,66,69,66,61,116,27,50,31,32,56,23,27,26,27,34,28,30,29,30,28,36,31,27,50,53,28,58,26,51,53,48,29,31,35,40,25,32,39,24,20,24,47,22,25,36,31,38,33,27,22,25,22,33,27,28,23,28,75,25,46,29,34,27,45,62,25,26,24,42,52,25,22,56,29,49,25,53,25,47,28,32,26,27,31,56,26,70,28,27,25,29,33,31,44,20,42,22,42,32,36,31,38,46,41,36,41,32,33,34,38,31,36,38,44,34,39,43,36,23,20,21,18,19,16,21,31,22,15,16,32,17,23,37,38,44,23,21,30,22,17,17,33,99,0,25,83,18,44,43,32,26,29,31,30,37,15,19,18,27,17,27,26,27,23,27,27,13,38,21,16,17,14,27,27,12,28,12,31,24,23,25,22,23,22,24,12,15,23,26,41,19,17,36,9,24,25,25,25,34,25,32,26,19,25,26,28,22,18,23,15,25,19,23,20,12,20,12,30,22,12,27,26,7,13,23,12,23,263,13,13,20,20,14,23,23,23,34,36,24,23,24,23,8,16,30,30,27,17,28,30,36,27,31,30,23,8,31,14,13,31,25,29,30,19,27,33,7,25,25,22,28,28,16,23,29,28,25,32,29,26,28,25,30,17,26,22,15,8,28,26,13,25,13,14,23,14,26,26,24,25,11,24,34,25,32,23,27,23,26,27,24,24,28,23,22,23,26,25,25,27,27,31,7,32,15,19,13,13,13,25,14,27,15,6,14,9,22,26,26,24,25,23,22,19,22,81,20,27,25,26,62,19,26,21,22,14,22,23
EPI_ISL_794634,130,128,128,125,124,70,121,79,70,78,75,85,113,97,97,87,99,101,91,89,89,64,69,54,55,72,72,51,51,52,72,52,50,50,52,39,27,43,45,55,55,45,56,56,29,48,51,46,61,61,61,36,54,51,57,66,63,58,58,49,51,51,49,51,50,53,54,52,50,54,50,55,47,52,49,52,55,53,46,51,52,51,53,45,54,57,53,50,55,56,45,51,50,49,47,53,47,49,51,45,55,37,57,47,56,45,58,58,54,45,53,52,51,51,57,48,65,58,51,49,49,57,46,52,48,48,55,51,49,47,54,58,52,64,57,55,60,60,58,53,56,58,58,54,56,54,57,54,49,109,38,43,42,45,67,8,38,37,38,47,39,43,40,43,41,49,44,38,61,46,41,71,39,46,46,59,40,44,48,41,36,43,40,37,29,31,32,29,34,21,40,31,34,36,33,30,7,18,40,39,36,41,68,34,31,36,33,26,30,55,30,37,31,35,37,38,35,49,42,60,36,64,36,40,41,45,37,40,42,67,39,63,39,30,36,40,44,44,37,27,27,25,27,17,21,16,24,34,31,23,28,19,46,19,23,20,22,23,32,19,24,30,31,30,27,28,25,26,27,28,24,35,28,23,17,24,26,22,31,27,36,32,33,25,24,30,18,84,25,0,90,25,51,28,17,33,14,16,15,22,22,26,25,12,24,12,11,12,8,34,14,24,21,6,23,22,23,12,14,19,15,25,14,9,14,16,21,16,9,9,25,14,8,9,26,12,24,21,20,15,12,10,10,19,10,17,11,26,10,11,13,21,19,8,24,10,26,26,23,25,15,17,15,15,19,22,11,20,18,8,19,8,248,20,20,15,13,19,16,24,22,17,21,13,10,7,30,21,21,15,13,12,24,14,15,21,12,16,15,16,19,16,25,24,16,12,16,17,12,20,18,20,10,10,15,13,13,23,30,14,13,10,17,16,11,15,10,15,24,13,11,20,21,13,9,20,18,20,21,16,21,11,11,9,18,18,9,19,12,16,8,13,8,11,10,9,10,13,10,7,8,9,10,8,13,12,16,20,25,22,26,20,20,20,12,21,18,16,19,17,20,7,11,11,11,10,8,7,12,7,66,7,11,11,11,47,8,13,12,7,19,7,8
EPI_ISL_1165079,200,198,198,195,194,140,191,149,140,148,145,155,183,165,165,153,167,169,157,155,153,141,146,131,132,149,149,128,128,129,149,129,127,127,129,99,91,101,103,132,132,103,133,133,93,106,109,104,138,138,138,94,126,127,134,143,140,135,135,126,128,128,126,128,127,130,131,129,127,131,127,132,124,129,126,129,132,130,123,128,129,126,130,122,129,134,130,127,132,133,122,128,125,126,124,130,124,126,128,122,132,115,134,124,133,123,135,135,131,122,130,129,128,128,134,125,142,135,128,126,126,134,123,129,125,125,132,130,126,124,131,135,129,122,134,132,137,137,135,130,133,135,135,131,133,131,134,131,126,181,98,115,102,103,127,88,98,97,98,105,99,101,100,101,99,107,102,98,121,118,99,129,97,118,118,119,100,102,106,105,96,103,104,94,91,93,112,91,94,101,100,103,98,96,91,94,87,98,98,99,94,99,140,96,111,98,103,90,110,127,88,95,91,107,117,96,93,121,100,120,96,124,96,112,99,103,97,98,102,127,97,135,99,92,96,100,104,102,109,83,107,87,107,97,101,96,103,111,106,101,106,97,104,99,103,96,101,103,108,99,104,107,101,86,83,84,81,82,85,84,96,93,86,79,97,80,88,102,103,109,94,90,95,87,80,88,98,164,83,90,0,83,54,108,97,89,94,96,95,102,78,82,81,92,80,92,91,92,88,90,92,82,103,86,79,82,81,92,92,75,93,83,96,89,88,90,87,88,87,89,83,80,88,91,106,88,80,101,78,89,90,90,90,99,90,97,91,64,90,91,93,87,83,88,86,90,82,86,85,83,85,77,95,87,75,90,91,78,78,88,75,88,231,76,76,85,85,79,88,88,86,99,101,89,88,89,86,79,81,95,95,92,82,94,95,101,92,96,95,88,77,96,83,82,96,90,94,95,84,92,98,78,90,90,87,93,93,79,86,94,93,90,97,94,91,93,90,95,82,91,87,80,79,93,91,76,90,76,77,88,77,91,91,89,90,74,89,99,90,97,88,92,88,91,92,89,89,93,88,87,88,91,90,90,92,92,96,78,97,80,82,76,76,76,90,77,92,80,77,79,78,87,91,91,89,90,88,87,84,87,145,85,92,90,91,74,86,91,86,87,79,87,88
EPI_ISL_1109484,137,135,135,132,131,77,128,86,77,85,82,92,120,102,102,90,104,106,94,92,90,76,81,66,67,84,84,63,63,64,84,64,62,62,64,34,26,36,38,67,67,38,68,68,28,41,44,39,73,73,73,29,61,61,69,78,75,70,70,61,63,63,61,63,62,65,66,64,62,66,62,67,59,64,61,64,67,65,58,63,64,61,65,57,66,67,65,62,67,68,57,63,60,61,59,65,59,61,63,57,67,50,69,59,68,56,70,70,64,57,65,64,63,63,69,60,77,70,63,61,61,69,58,64,60,60,67,65,61,59,66,70,64,57,69,67,72,72,68,63,68,70,70,66,68,66,69,66,59,116,33,50,37,38,62,23,33,32,33,40,34,36,35,36,34,42,37,33,56,53,34,64,32,53,53,54,35,37,41,40,31,38,39,30,26,28,47,26,29,36,35,38,33,31,26,29,22,33,33,34,29,34,75,31,46,33,38,27,45,62,25,30,26,42,52,31,28,56,35,55,31,59,31,47,34,38,32,33,37,62,32,70,34,27,31,35,39,37,44,20,42,22,42,32,36,31,38,46,41,36,41,32,39,34,38,31,34,38,44,34,39,43,36,23,20,21,18,19,20,21,31,28,21,16,32,17,23,37,38,44,29,25,30,22,17,23,33,99,18,25,83,0,44,43,32,26,29,31,30,37,15,19,18,27,17,27,26,27,23,27,27,17,38,21,16,17,16,27,27,12,28,18,31,24,23,25,24,23,22,24,18,15,23,26,41,23,17,36,13,24,25,25,25,34,25,32,26,19,25,26,28,22,18,23,21,25,19,23,20,18,20,12,30,22,12,27,26,13,13,23,12,23,263,13,13,20,20,14,23,23,23,34,36,26,23,24,23,14,16,30,30,27,17,29,30,36,27,31,30,23,12,31,18,17,31,25,29,30,19,27,33,13,25,25,22,28,28,16,23,29,28,25,32,29,26,28,25,30,17,26,22,15,14,28,26,13,25,13,14,23,14,26,26,24,25,11,24,34,25,32,23,27,23,26,27,24,24,28,23,22,23,26,25,25,27,27,31,13,32,15,19,13,13,13,25,14,27,15,12,14,13,22,26,26,24,25,23,22,19,22,81,20,27,25,26,62,21,26,21,22,14,22,23
EPI_ISL_1165080,163,161,161,158,157,103,154,112,103,111,108,118,146,128,128,116,130,132,120,118,116,102,107,92,93,110,110,89,89,90,110,90,88,88,90,60,52,62,64,93,93,64,94,94,54,67,70,65,99,99,99,55,87,89,95,104,101,96,96,87,89,89,87,89,88,91,92,90,88,92,88,93,85,90,87,90,93,91,84,89,90,87,91,83,92,93,91,88,93,94,83,89,86,87,85,91,85,87,89,83,93,76,95,85,94,82,96,96,90,83,91,90,89,89,95,86,103,96,89,87,87,95,84,90,86,86,93,91,87,85,92,96,90,83,95,93,98,98,96,91,94,96,96,92,94,92,95,92,87,142,59,76,63,64,88,49,59,58,59,66,60,62,61,62,60,68,63,59,82,79,60,90,58,79,79,80,61,63,67,66,57,64,65,56,52,54,73,52,55,62,61,64,59,57,52,55,48,59,59,60,55,60,101,57,72,59,64,53,71,88,51,56,52,68,78,57,54,82,61,81,57,85,57,73,60,64,58,59,61,88,58,96,60,53,57,61,65,63,70,46,68,48,68,58,62,57,64,72,67,62,67,58,65,60,64,57,62,64,70,60,65,69,62,49,46,47,44,45,46,47,57,54,47,42,58,43,49,63,64,70,55,51,56,48,43,49,59,125,44,51,54,44,0,69,58,52,55,57,56,63,41,45,44,53,43,53,52,53,49,53,53,43,64,47,42,43,42,53,53,38,54,44,57,50,49,51,50,49,48,50,44,41,49,52,67,49,43,62,39,50,51,51,51,60,51,58,52,45,51,52,54,48,44,49,47,51,45,49,46,44,46,38,56,48,38,53,52,39,39,49,38,49,234,39,39,46,46,40,49,49,49,60,62,52,49,50,49,40,42,56,56,53,43,55,56,62,53,57,56,49,38,57,44,43,57,51,55,56,45,53,59,39,51,51,48,54,54,42,49,55,54,51,58,55,52,54,51,56,43,52,48,41,40,54,52,39,51,39,40,49,40,52,52,50,51,37,50,60,51,58,49,53,49,52,53,50,50,54,49,48,49,52,51,51,53,53,57,39,58,41,45,39,39,39,51,40,53,41,38,40,39,48,52,52,50,51,49,48,45,48,107,46,53,51,52,51,47,52,47,48,40,48,49
EPI_ISL_1109485,148,146,146,143,142,88,139,97,88,96,93,103,131,115,115,105,117,119,109,105,107,80,85,70,71,88,88,67,67,68,88,68,66,66,68,57,45,61,63,71,71,63,72,72,47,66,69,64,77,77,75,54,72,67,71,82,79,74,74,63,65,65,63,65,64,67,68,66,64,68,64,69,61,66,63,66,69,67,60,65,68,65,67,59,68,71,67,64,69,70,59,65,64,63,61,69,61,63,65,61,69,53,71,61,70,59,72,72,68,61,67,66,65,65,71,62,79,74,67,63,65,71,62,66,62,62,69,67,65,61,70,74,68,82,73,71,76,76,74,69,72,74,74,70,72,70,73,70,65,127,56,61,60,63,83,28,56,55,56,65,57,61,58,61,59,67,62,56,77,64,59,87,57,64,64,75,58,62,66,59,54,61,58,55,47,49,52,47,52,39,58,49,52,54,51,48,27,36,58,57,54,57,84,52,51,54,53,44,50,73,48,55,49,53,57,56,53,67,60,76,54,78,54,58,59,63,55,58,60,83,57,79,57,48,54,58,62,62,55,45,45,43,45,35,39,34,42,51,49,41,46,37,64,37,41,38,40,41,50,36,42,48,49,48,45,46,43,44,45,46,42,53,46,41,34,42,44,39,49,47,54,50,51,43,42,48,35,102,43,28,108,43,69,0,35,49,32,34,33,40,40,44,43,30,42,30,29,30,26,52,32,42,41,24,41,40,41,32,32,37,33,43,34,29,34,36,41,34,29,29,43,34,28,29,46,32,42,39,38,35,30,30,30,37,30,37,29,44,30,31,31,39,37,28,44,30,42,44,41,43,35,35,33,35,37,42,31,38,36,28,37,28,266,38,38,33,33,37,34,42,38,37,41,33,30,27,48,39,39,31,33,30,42,32,33,39,30,34,33,34,37,34,43,42,34,30,34,35,30,38,36,38,28,28,33,31,31,41,48,32,31,28,35,34,29,33,28,35,42,31,31,38,39,31,29,38,36,38,39,34,39,29,29,25,36,36,27,39,30,35,26,31,26,29,30,27,28,31,28,25,26,29,28,28,31,30,34,38,43,40,44,36,38,38,30,37,38,34,37,35,38,25,29,31,29,28,28,25,30,25,84,25,30,29,29,65,26,33,32,25,37,25,26
EPI_ISL_2232352,137,135,135,132,131,77,128,86,77,85,82,92,120,104,104,94,106,108,98,96,96,71,76,61,62,79,79,58,58,59,79,59,57,57,59,46,34,50,52,62,62,52,63,63,36,55,58,53,68,68,68,43,61,58,64,73,70,65,65,56,58,58,56,58,57,60,61,59,57,61,57,62,54,59,56,59,62,60,53,58,59,58,60,52,61,64,60,57,62,63,52,58,57,56,54,60,54,56,58,52,62,44,64,54,63,52,65,65,61,52,60,59,58,58,64,55,72,65,58,56,56,64,53,59,55,55,62,60,56,54,61,65,59,71,64,62,67,67,65,60,61,65,65,61,63,61,64,61,56,116,45,50,49,52,74,17,45,44,45,54,46,50,47,48,48,56,51,45,68,53,48,78,46,53,53,66,47,51,55,48,43,50,47,44,36,38,41,36,41,26,47,38,41,43,40,37,16,25,47,46,43,48,75,41,40,43,42,33,39,62,37,44,38,42,46,45,42,56,49,67,43,71,43,47,48,52,44,47,49,74,46,70,46,37,43,46,51,51,44,34,32,32,34,22,28,21,31,41,38,30,35,26,53,26,30,27,29,30,39,26,31,37,38,37,34,35,32,33,34,35,31,42,35,30,24,31,33,29,38,36,43,39,40,32,31,37,25,89,32,17,97,32,58,35,0,40,3,3,2,5,29,27,26,7,31,5,6,5,15,41,21,31,29,13,30,23,30,21,21,26,22,32,23,18,23,25,30,21,18,18,32,23,17,16,35,21,31,28,27,24,19,19,19,26,19,26,18,33,19,20,18,28,26,17,33,19,33,33,30,32,24,24,22,24,26,31,20,27,25,17,26,17,255,27,27,24,22,26,23,31,29,26,30,22,19,16,37,28,22,22,20,17,31,21,22,28,19,23,22,23,26,23,32,31,23,15,23,24,19,27,19,27,17,15,22,20,20,30,37,9,20,17,18,17,18,22,15,24,31,20,20,27,28,20,18,27,25,25,28,23,28,18,18,16,25,25,16,28,19,24,13,19,15,18,19,16,17,20,17,12,13,17,17,17,20,19,17,27,32,29,32,27,27,27,19,28,27,23,26,24,27,14,18,20,18,15,17,12,19,12,73,14,18,18,18,52,15,22,21,14,25,14,15
EPI_ISL_2232306,145,143,143,140,139,85,136,94,85,93,90,100,128,110,110,98,112,114,102,100,98,84,89,74,75,92,92,71,71,72,92,72,70,70,72,42,34,44,46,75,75,46,76,76,36,49,52,47,81,81,79,37,69,71,77,86,83,78,78,69,71,71,69,71,70,73,74,72,70,74,70,75,67,72,69,72,75,73,66,71,72,69,73,65,74,77,73,70,75,76,65,71,68,69,67,73,67,69,71,65,75,58,77,67,76,66,78,78,74,65,73,72,71,71,77,68,85,78,71,69,69,77,66,72,68,68,75,73,69,67,74,78,72,65,77,75,80,80,78,73,76,78,78,74,76,74,77,74,69,124,41,58,45,46,70,31,41,40,41,48,42,42,43,44,42,50,45,39,64,61,42,72,40,61,61,62,43,45,49,48,39,46,47,38,34,36,55,34,37,44,43,46,41,39,34,37,30,41,41,42,37,42,83,39,54,41,46,33,53,68,31,38,34,50,60,39,36,64,43,63,39,67,39,55,42,46,40,41,45,70,40,78,42,35,39,43,47,45,52,26,49,30,50,40,44,39,46,54,49,44,49,40,47,42,46,39,44,46,52,42,47,51,44,29,26,27,24,25,28,27,39,36,29,22,40,23,31,45,46,52,37,33,38,30,23,31,41,107,26,33,89,26,52,49,40,0,37,39,38,45,21,25,24,35,23,35,34,35,31,33,35,25,46,29,22,25,24,35,35,18,36,26,39,32,31,33,30,31,30,32,26,23,31,34,49,31,23,44,21,32,33,33,33,42,33,40,34,25,33,34,36,30,26,31,29,33,25,29,28,26,28,20,38,30,18,33,34,21,21,31,18,31,271,19,19,28,28,22,31,31,29,42,44,34,31,32,29,22,24,38,38,35,25,37,38,44,35,39,38,31,20,39,26,25,39,33,37,38,27,35,41,21,33,33,30,36,36,22,3,37,36,33,40,37,34,36,33,38,25,34,30,23,22,36,34,19,33,19,20,31,20,34,34,32,33,17,32,42,33,40,31,35,31,34,35,32,32,36,31,30,31,34,33,33,35,35,39,21,40,23,25,19,19,19,33,20,35,23,20,22,21,30,34,34,32,33,31,30,27,28,89,28,35,33,32,70,29,34,29,30,22,30,31
EPI_ISL_2232354,134,132,132,129,128,74,125,83,74,82,79,89,117,101,101,91,103,105,95,93,93,68,73,58,59,76,76,55,55,56,76,56,54,54,56,43,31,47,49,59,59,49,60,60,33,52,55,50,65,65,65,40,58,55,61,70,67,62,62,53,55,55,53,55,54,57,58,56,54,58,54,59,51,56,53,56,59,57,50,55,56,55,57,49,58,61,57,54,59,60,49,55,54,53,51,57,51,53,55,49,59,41,61,51,60,49,62,62,58,49,57,56,55,55,61,52,69,62,55,53,53,61,50,56,52,52,59,57,53,51,58,62,56,68,61,59,64,64,62,57,58,62,62,58,60,58,61,58,53,113,42,47,46,49,71,14,42,41,42,51,43,47,44,45,45,53,48,42,65,50,45,75,43,50,50,63,44,48,52,45,40,47,44,41,33,35,38,33,38,23,44,35,38,40,37,34,13,22,44,43,40,45,72,38,37,40,39,30,36,59,34,41,35,39,43,42,39,53,46,64,40,68,40,44,45,49,41,44,46,71,43,67,43,34,40,43,48,48,41,31,29,29,31,19,25,18,28,38,35,27,32,23,50,23,27,24,26,27,36,23,28,34,35,34,31,32,29,30,31,32,28,39,32,27,21,28,30,26,35,33,40,36,37,29,28,34,22,86,29,14,94,29,55,32,3,37,0,6,1,8,26,30,29,4,28,4,3,2,12,38,18,28,26,10,27,26,27,18,18,23,19,29,20,15,20,22,27,18,15,15,29,20,14,13,32,18,28,25,24,21,16,16,16,23,16,23,15,30,16,17,15,25,23,14,30,16,30,30,27,29,21,21,19,21,23,28,17,24,22,14,23,14,252,24,24,21,19,23,20,28,26,23,27,19,16,13,34,25,25,19,17,14,28,18,19,25,16,20,19,20,23,20,29,28,20,14,20,21,16,24,22,24,14,12,19,17,17,27,34,6,17,14,21,20,15,19,12,21,28,17,17,24,25,17,15,24,22,24,25,20,25,15,15,13,22,22,13,25,16,21,10,16,12,15,16,13,14,17,14,9,10,14,14,14,17,16,20,24,29,26,30,24,24,24,16,25,24,20,23,21,24,11,15,17,15,12,14,9,16,9,70,11,15,15,15,49,12,19,18,11,23,11,12
EPI_ISL_2232353,136,134,134,131,130,76,127,85,76,84,81,91,119,103,103,93,105,107,97,95,95,70,75,60,61,78,78,57,57,58,78,58,56,56,58,45,33,49,51,61,61,51,62,62,35,54,57,52,67,67,67,42,60,57,63,72,69,64,64,55,57,57,55,57,56,59,60,58,56,60,56,61,53,58,55,58,61,59,52,57,58,57,59,51,60,63,59,56,61,62,51,57,56,55,53,59,53,55,57,51,61,43,63,53,62,51,64,64,60,51,59,58,57,57,63,54,71,64,57,55,55,63,52,58,54,54,61,59,55,53,60,64,58,70,63,61,66,66,64,59,60,64,64,60,62,60,63,60,55,115,44,49,48,51,73,16,44,43,44,53,45,49,46,47,47,55,50,44,67,52,47,77,45,52,52,65,46,50,54,47,42,49,46,43,35,37,40,35,40,25,46,37,40,42,39,36,15,24,46,45,42,47,74,40,39,42,41,32,38,61,36,43,37,41,45,44,41,55,48,66,42,70,42,46,47,51,43,46,48,73,45,69,45,36,42,45,50,50,43,33,31,31,33,21,27,20,30,40,37,29,34,25,52,25,29,26,28,29,38,25,30,36,37,36,33,34,31,32,33,34,30,41,34,29,23,30,32,28,37,35,42,38,39,31,30,36,24,88,31,16,96,31,57,34,3,39,6,0,5,8,28,26,25,6,30,4,5,4,14,40,20,30,28,12,29,22,29,20,20,25,21,31,22,17,22,24,29,22,17,17,31,22,16,15,34,20,30,27,26,23,18,18,18,25,18,25,17,32,18,19,17,27,25,16,32,18,32,32,29,31,23,23,21,23,25,30,19,26,24,16,25,16,254,26,26,23,21,25,22,30,28,25,29,21,18,15,36,27,21,21,19,16,30,20,21,27,18,22,21,22,25,22,31,30,22,14,22,23,18,26,18,26,16,14,21,19,19,29,36,8,19,16,17,16,17,21,14,23,30,19,19,26,27,19,17,26,24,24,27,22,27,17,17,15,24,24,15,27,18,23,12,18,14,17,18,15,16,19,16,11,12,16,16,16,19,18,16,26,31,28,31,26,26,26,18,27,26,22,25,23,26,13,17,19,17,14,16,11,18,11,72,13,17,17,17,51,14,21,20,13,24,13,14
EPI_ISL_2232355,135,133,133,130,129,75,126,84,75,83,80,90,118,102,102,92,104,106,96,94,94,69,74,59,60,77,77,56,56,57,77,57,55,55,57,44,32,48,50,60,60,50,61,61,34,53,56,51,66,66,66,41,59,56,62,71,68,63,63,54,56,56,54,56,55,58,59,57,55,59,55,60,52,57,54,57,60,58,51,56,57,56,58,50,59,62,58,55,60,61,50,56,55,54,52,58,52,54,56,50,60,42,62,52,61,50,63,63,59,50,58,57,56,56,62,53,70,63,56,54,54,62,51,57,53,53,60,58,54,52,59,63,57,69,62,60,65,65,63,58,59,63,63,59,61,59,62,59,54,114,43,48,47,50,72,15,43,42,43,52,44,48,45,46,46,54,49,43,66,51,46,76,44,51,51,64,45,49,53,46,41,48,45,42,34,36,39,34,39,24,45,36,39,41,38,35,14,23,45,44,41,46,73,39,38,41,40,31,37,60,35,42,36,40,44,43,40,54,47,65,41,69,41,45,46,50,42,45,47,72,44,68,44,35,41,44,49,49,42,32,30,30,32,20,26,19,29,39,36,28,33,24,51,24,28,25,27,28,37,24,29,35,36,35,32,33,30,31,32,33,29,40,33,28,22,29,31,27,36,34,41,37,38,30,29,35,23,87,30,15,95,30,56,33,2,38,1,5,0,7,27,29,28,5,29,5,4,3,13,39,19,29,27,11,28,25,28,19,19,24,20,30,21,16,21,23,28,19,16,16,30,21,15,14,33,19,29,26,25,22,17,17,17,24,17,24,16,31,17,18,16,26,24,15,31,17,31,31,28,30,22,22,20,22,24,29,18,25,23,15,24,15,253,25,25,22,20,24,21,29,27,24,28,20,17,14,35,26,24,20,18,15,29,19,20,26,17,21,20,21,24,21,30,29,21,13,21,22,17,25,21,25,15,13,20,18,18,28,35,7,18,15,20,19,16,20,13,22,29,18,18,25,26,18,16,25,23,25,26,21,26,16,16,14,23,23,14,26,17,22,11,17,13,16,17,14,15,18,15,10,11,15,15,15,18,17,19,25,30,27,30,25,25,25,17,26,25,21,24,22,25,12,16,18,16,13,15,10,17,10,71,12,16,16,16,50,13,20,19,12,23,12,13
EPI_ISL_2232269,142,140,140,137,136,82,133,91,82,90,87,97,125,109,109,99,111,113,103,101,101,76,81,66,67,84,84,63,63,64,84,64,62,62,64,51,39,55,57,67,67,57,68,68,41,60,63,58,73,73,73,48,66,63,69,78,75,70,70,61,63,63,61,63,62,65,66,64,62,66,62,67,59,64,61,64,67,65,58,63,64,63,65,57,66,69,65,62,67,68,57,63,62,61,59,65,59,61,63,57,67,49,69,59,68,57,70,70,66,57,65,64,63,63,69,60,77,70,63,61,61,69,58,64,60,60,67,65,61,59,66,70,64,76,69,67,72,72,70,65,66,70,70,66,68,66,69,66,61,121,50,55,54,57,79,22,50,49,50,59,51,55,52,53,53,61,56,50,73,58,53,83,51,58,58,71,52,56,60,53,48,55,52,49,41,43,46,41,46,31,52,43,46,48,45,42,21,30,52,51,48,53,80,46,45,48,47,38,44,67,42,49,43,47,51,50,47,61,54,72,48,76,48,52,53,57,49,52,54,79,51,75,51,40,48,51,56,56,49,39,37,35,39,27,33,26,36,46,42,35,40,31,58,31,35,32,34,35,44,31,36,42,43,42,39,40,37,38,39,40,36,47,40,35,29,36,36,34,43,41,48,44,43,35,36,42,30,94,37,22,102,37,63,40,5,45,8,8,7,0,34,32,31,12,36,10,11,10,20,38,26,36,34,18,35,28,35,26,26,31,27,37,28,23,28,30,35,26,23,23,37,28,22,21,40,26,28,33,32,29,24,24,24,31,24,31,23,38,24,25,23,33,31,22,38,24,38,38,35,37,29,29,27,29,31,36,25,32,30,22,31,22,260,32,32,29,27,31,28,36,34,31,35,27,24,21,42,33,27,27,25,22,36,18,25,25,24,28,27,28,31,26,29,28,24,20,24,29,24,32,24,32,22,20,27,25,25,31,42,10,25,22,19,22,23,27,20,29,36,25,25,32,33,25,23,32,30,30,33,28,33,23,23,21,30,30,21,33,24,29,18,24,20,23,24,21,22,25,22,17,18,22,22,22,25,24,22,32,37,34,33,32,32,32,24,33,32,28,31,29,32,19,23,25,23,20,22,17,24,17,78,19,23,23,23,57,20,27,26,19,30,19,20
EPI_ISL_2232331,134,132,132,129,128,74,125,83,74,82,79,89,117,99,99,87,101,103,91,89,87,73,78,63,64,81,81,60,60,61,81,61,59,59,61,31,23,33,35,64,64,35,65,65,25,38,41,36,70,70,70,26,58,60,66,75,72,67,67,58,60,60,58,60,59,62,63,61,59,63,59,64,56,61,58,61,64,62,55,60,61,58,62,54,63,64,62,59,64,65,54,60,57,58,56,62,56,58,60,54,64,47,66,56,65,53,67,67,61,54,62,61,60,60,66,57,74,67,60,58,58,66,55,61,57,57,64,62,58,56,63,67,61,54,66,64,69,69,67,62,65,67,67,63,65,63,66,63,58,113,30,47,34,35,59,20,30,29,30,37,31,33,32,33,31,39,34,30,53,50,31,61,29,50,50,51,32,34,38,37,28,35,36,27,23,25,44,23,26,31,32,35,30,28,23,26,19,30,30,31,26,31,72,28,43,30,35,22,42,59,20,27,23,39,49,28,25,53,32,52,28,56,28,44,31,35,29,30,34,59,29,67,31,24,28,32,36,34,41,5,39,19,39,29,33,28,35,43,38,33,38,29,36,31,35,28,33,35,41,31,36,40,33,18,15,16,13,14,17,16,28,25,18,11,29,12,20,34,35,39,26,22,27,19,12,20,30,96,15,22,78,15,41,40,29,21,26,28,27,34,0,4,3,24,12,24,23,24,20,22,24,14,35,18,11,14,13,24,24,7,25,15,28,21,20,22,19,20,19,21,15,12,20,23,38,20,12,33,10,21,22,22,22,31,22,29,23,14,22,23,25,19,15,20,18,22,14,16,17,15,17,9,27,19,7,22,23,10,10,20,7,20,260,8,8,17,17,11,20,20,18,31,33,23,20,21,18,11,13,27,27,24,14,26,27,33,24,28,27,20,9,28,15,14,28,22,26,27,16,24,30,10,22,22,19,25,25,11,18,26,25,22,29,26,23,25,22,27,14,23,19,12,11,25,23,8,22,8,9,20,9,23,23,21,22,6,21,31,22,29,20,24,20,23,24,21,21,25,20,19,20,23,22,22,24,24,28,10,29,12,14,8,8,8,22,9,24,12,9,11,10,19,23,23,21,22,20,19,16,19,78,17,24,22,23,59,18,23,18,19,11,19,20
EPI_ISL_2232330,138,136,136,133,132,78,129,87,78,86,83,93,121,103,103,91,105,107,95,93,91,77,82,67,68,85,85,64,64,65,85,65,63,63,65,35,27,37,39,68,68,39,69,69,29,42,45,40,74,74,74,30,62,64,70,79,76,71,71,62,64,64,62,64,63,66,67,65,63,67,63,68,60,65,62,65,68,66,59,64,65,62,66,58,67,68,66,63,68,69,58,64,61,62,60,66,60,62,64,58,68,51,70,60,69,57,71,71,65,58,66,65,64,64,70,61,78,71,64,62,62,70,59,65,61,61,68,66,62,60,67,71,65,58,70,68,73,73,71,66,69,71,71,67,69,67,70,67,62,117,34,51,38,39,63,24,34,33,34,41,35,37,36,37,35,43,38,34,57,54,35,65,33,54,54,55,36,38,42,41,32,39,40,31,27,29,48,27,30,35,36,39,34,32,27,30,23,34,34,35,30,35,76,32,47,34,39,26,46,63,24,31,27,43,53,32,29,57,36,56,32,60,32,48,35,39,33,34,38,63,33,71,35,28,32,36,40,38,45,9,43,23,43,33,37,32,39,47,42,37,42,33,40,35,39,32,37,39,45,35,40,44,37,22,19,20,17,18,21,20,32,29,22,15,33,16,24,38,39,43,30,26,31,23,16,24,34,100,19,26,82,19,45,44,27,25,30,26,29,32,4,0,1,28,16,26,27,28,24,26,28,18,39,22,15,12,17,28,28,11,29,19,32,25,24,26,23,24,23,25,19,16,24,27,42,24,16,37,14,25,26,26,26,35,26,33,27,18,26,27,29,23,19,24,22,26,18,20,21,19,21,13,31,23,11,26,27,14,14,24,11,24,264,12,12,21,21,15,24,24,22,35,37,27,24,25,22,15,11,31,31,28,18,30,31,37,28,32,31,24,13,32,19,18,32,24,30,31,20,28,28,14,26,26,23,29,29,15,22,30,29,26,27,24,27,29,26,31,18,27,23,16,15,29,27,12,26,10,13,24,13,27,27,25,26,10,25,35,26,33,24,28,24,27,28,25,25,29,24,23,24,27,26,26,28,28,26,14,33,16,17,12,12,12,26,13,28,16,13,15,14,23,27,27,25,26,24,23,20,23,82,21,28,26,27,63,22,27,22,23,14,23,24
EPI_ISL_2232332,137,135,135,132,131,77,128,86,77,85,82,92,120,102,102,90,104,106,94,92,90,76,81,66,67,84,84,63,63,64,84,64,62,62,64,34,26,36,38,67,67,38,68,68,28,41,44,39,73,73,73,29,61,63,69,78,75,70,70,61,63,63,61,63,62,65,66,64,62,66,62,67,59,64,61,64,67,65,58,63,64,61,65,57,66,67,65,62,67,68,57,63,60,61,59,65,59,61,63,57,67,50,69,59,68,56,70,70,64,57,65,64,63,63,69,60,77,70,63,61,61,69,58,64,60,60,67,65,61,59,66,70,64,57,69,67,72,72,70,65,68,70,70,66,68,66,69,66,61,116,33,50,37,38,62,23,33,32,33,40,34,36,35,36,34,42,37,33,56,53,34,64,32,53,53,54,35,37,41,40,31,38,39,30,26,28,47,26,29,34,35,38,33,31,26,29,22,33,33,34,29,34,75,31,46,33,38,25,45,62,23,30,26,42,52,31,28,56,35,55,31,59,31,47,34,38,32,33,37,62,32,70,34,27,31,35,39,37,44,8,42,22,42,32,36,31,38,46,41,36,41,32,39,34,38,31,36,38,44,34,39,43,36,21,18,19,16,17,20,19,31,28,21,14,32,15,23,37,38,42,29,25,30,22,15,23,33,99,18,25,81,18,44,43,26,24,29,25,28,31,3,1,0,27,15,25,26,27,23,25,27,17,38,21,14,11,16,27,27,10,28,18,31,24,23,25,22,23,22,24,18,15,23,26,41,23,15,36,13,24,25,25,25,34,25,32,26,17,25,26,28,22,18,23,21,25,17,19,20,18,20,12,30,22,10,25,26,13,13,23,10,23,263,11,11,20,20,14,23,23,21,34,36,26,23,24,21,14,10,30,30,27,17,29,30,36,27,31,30,23,12,31,18,17,31,23,29,30,19,27,27,13,25,25,22,28,28,14,21,29,28,25,26,23,26,28,25,30,17,26,22,15,14,28,26,11,25,9,12,23,12,26,26,24,25,9,24,34,25,32,23,27,23,26,27,24,24,28,23,22,23,26,25,25,27,27,25,13,32,15,16,11,11,11,25,12,27,15,12,14,13,22,26,26,24,25,23,22,19,22,81,20,27,25,26,62,21,26,21,22,13,22,23
EPI_ISL_2232351,132,130,130,127,126,72,123,81,72,80,77,87,115,99,99,89,101,103,93,91,91,66,71,56,57,74,74,53,53,54,74,54,52,52,54,41,29,45,47,57,57,47,58,58,31,50,53,48,63,63,63,38,56,53,59,68,65,60,60,51,53,53,51,53,52,55,56,54,52,56,52,57,49,54,51,54,57,55,48,53,54,53,55,47,56,59,55,52,57,58,47,53,52,51,49,55,49,51,53,47,57,39,59,49,58,47,60,60,56,47,55,54,53,53,59,50,67,60,53,51,51,59,48,54,50,50,57,55,51,49,56,60,54,66,59,57,62,62,60,55,58,60,60,56,58,56,59,56,51,111,40,45,44,47,69,12,40,39,40,49,41,45,42,45,43,51,46,40,63,48,43,73,41,48,48,61,42,46,50,43,38,45,42,39,31,33,36,31,36,23,42,33,36,38,35,32,11,20,42,41,38,43,70,36,35,38,37,28,34,57,32,39,33,37,41,40,37,51,44,62,38,66,38,42,43,47,39,42,44,69,41,65,41,32,38,41,46,46,39,29,27,27,29,17,23,16,26,36,33,25,30,21,48,21,25,22,24,25,34,21,26,32,33,32,29,30,27,28,29,30,26,37,30,25,19,26,28,24,33,31,38,34,35,27,26,32,20,84,27,12,92,27,53,30,7,35,4,6,5,12,24,28,27,0,26,2,1,2,10,36,16,26,24,8,25,24,25,16,16,21,17,27,18,13,18,20,25,18,13,13,27,18,12,11,30,16,26,23,22,19,14,14,14,21,14,21,13,28,14,15,13,23,21,12,28,14,28,28,25,27,19,19,17,19,21,26,15,22,20,12,21,12,250,22,22,19,17,21,18,26,24,21,25,17,14,11,32,23,23,17,15,12,26,16,17,23,14,18,17,18,21,18,27,26,18,12,18,19,14,22,20,22,12,10,17,15,15,25,32,4,15,12,19,18,13,17,10,19,26,15,15,22,23,15,13,22,20,22,23,18,23,13,13,11,20,20,11,23,14,19,8,14,10,13,14,11,12,15,12,7,8,12,12,12,15,14,18,22,27,24,28,22,22,22,14,23,22,18,21,19,22,9,13,15,13,10,12,7,14,7,68,9,13,13,13,47,10,17,16,9,21,9,10
EPI_ISL_2232305,136,134,134,131,130,76,127,85,76,84,81,89,119,101,101,89,103,105,93,91,89,75,80,65,66,83,83,62,62,63,83,63,61,61,63,33,25,35,37,66,66,37,67,67,27,40,43,38,72,72,72,28,60,62,68,77,72,69,69,60,62,62,60,62,61,64,65,63,61,65,61,66,58,63,60,63,66,64,57,62,63,60,64,56,65,68,64,61,66,67,56,62,59,60,58,64,58,60,62,56,64,49,68,58,67,57,69,69,65,56,64,63,62,62,66,59,76,69,60,60,60,68,57,63,59,59,66,62,60,58,63,69,63,56,68,66,71,71,69,64,67,69,69,65,67,65,66,63,60,115,32,49,36,37,61,22,32,31,32,39,33,35,34,35,33,41,36,32,55,52,33,63,31,52,52,53,34,36,40,37,30,37,38,29,25,27,45,25,28,35,34,37,32,30,25,28,21,32,32,33,28,33,74,30,44,32,36,24,43,61,22,29,25,41,50,30,27,55,34,54,30,58,30,46,33,37,31,32,32,61,31,69,33,26,30,34,38,36,43,17,41,21,41,31,35,30,37,45,40,35,40,31,38,33,37,30,35,37,43,33,38,42,35,20,17,18,15,16,19,18,30,27,20,13,31,14,22,36,37,42,28,24,29,21,14,22,32,98,17,24,80,17,43,42,31,23,28,30,29,36,12,16,15,26,0,26,25,26,22,12,26,16,37,20,1,16,15,26,26,9,27,17,30,23,22,24,21,22,21,23,17,14,22,25,39,22,14,35,12,23,24,24,24,33,24,30,25,16,24,25,27,21,17,22,20,24,16,20,19,17,19,11,29,21,9,24,25,12,12,22,9,22,262,10,10,19,19,13,22,22,20,33,35,25,22,23,20,13,15,29,29,26,16,28,29,35,26,30,29,22,11,30,17,16,30,24,28,29,18,26,32,12,24,24,21,27,27,13,20,28,27,24,31,28,25,27,24,29,16,25,21,14,13,27,25,10,24,10,11,22,11,25,25,23,24,8,23,32,24,31,22,26,22,25,26,23,23,27,22,21,22,25,24,24,26,26,30,12,31,14,16,10,10,10,24,11,26,14,11,13,12,21,25,25,23,24,22,21,18,21,80,19,26,24,23,61,20,24,20,19,13,21,22
EPI_ISL_2232304,132,130,130,127,126,72,123,81,72,80,77,87,115,99,99,89,101,103,93,91,91,66,71,56,57,74,74,53,53,54,74,54,52,52,54,41,29,45,47,57,57,47,58,58,31,50,53,48,63,63,63,38,56,53,59,68,65,60,60,51,53,53,51,53,52,55,56,54,52,56,52,57,49,54,51,54,57,55,48,53,54,53,55,47,56,59,55,52,57,58,47,53,52,51,49,55,49,51,53,47,57,39,59,49,58,47,60,60,56,47,55,54,53,53,59,50,67,60,53,51,51,59,48,54,50,50,57,55,51,49,56,60,54,66,59,57,62,62,60,55,58,60,60,56,58,56,59,56,51,111,40,45,44,47,69,12,40,39,40,49,41,45,42,45,43,51,46,40,63,48,43,73,41,48,48,61,42,46,50,43,38,45,42,39,31,33,36,31,36,23,42,33,36,38,35,32,11,20,42,41,38,43,70,36,35,38,37,28,34,57,32,39,33,37,41,40,37,51,44,62,38,66,38,42,43,47,39,42,44,69,41,65,41,32,38,41,46,46,39,29,27,27,29,17,23,16,26,36,33,25,30,21,48,21,25,22,24,25,34,21,26,32,33,32,29,30,27,28,29,30,26,37,30,25,19,26,28,24,33,31,38,34,35,27,26,32,20,84,27,12,92,27,53,30,5,35,4,4,5,10,24,26,25,2,26,0,1,2,10,36,16,26,24,8,25,22,25,16,16,21,17,27,18,13,18,20,25,18,13,13,27,18,12,11,30,16,26,23,22,19,14,14,14,21,14,21,13,28,14,15,13,23,21,12,28,14,28,28,25,27,19,19,17,19,21,26,15,22,20,12,21,12,250,22,22,19,17,21,18,26,24,21,25,17,14,11,32,23,21,17,15,12,26,16,17,23,14,18,17,18,21,18,27,26,18,12,18,19,14,22,18,22,12,10,17,15,15,25,32,4,15,12,17,16,13,17,10,19,26,15,15,22,23,15,13,22,20,20,23,18,23,13,13,11,20,20,11,23,14,19,8,14,10,13,14,11,12,15,12,7,8,12,12,12,15,14,16,22,27,24,28,22,22,22,14,23,22,18,21,19,22,9,13,15,13,10,12,7,14,7,68,9,13,13,13,47,10,17,16,9,21,9,10
EPI_ISL_2232361,131,129,129,126,125,71,122,80,71,79,76,86,114,98,98,88,100,102,92,90,90,65,70,55,56,73,73,52,52,53,73,53,51,51,53,40,28,44,46,56,56,46,57,57,30,49,52,47,62,62,62,37,55,52,58,67,64,59,59,50,52,52,50,52,51,54,55,53,51,55,51,56,48,53,50,53,56,54,47,52,53,52,54,46,55,58,54,51,56,57,46,52,51,50,48,54,48,50,52,46,56,38,58,48,57,46,59,59,55,46,54,53,52,52,58,49,66,59,52,50,50,58,47,53,49,49,56,54,50,48,55,59,53,65,58,56,61,61,59,54,57,59,59,55,57,55,58,55,50,110,39,44,43,46,68,11,39,38,39,48,40,44,41,44,42,50,45,39,62,47,42,72,40,47,47,60,41,45,49,42,37,44,41,38,30,32,35,30,35,22,41,32,35,37,34,31,10,19,41,40,37,42,69,35,34,37,36,27,33,56,31,38,32,36,40,39,36,50,43,61,37,65,37,41,42,46,38,41,43,68,40,64,40,31,37,40,45,45,38,28,26,26,28,16,22,15,25,35,32,24,29,20,47,20,24,21,23,24,33,20,25,31,32,31,28,29,26,27,28,29,25,36,29,24,18,25,27,23,32,30,37,33,34,26,25,31,19,83,26,11,91,26,52,29,6,34,3,5,4,11,23,27,26,1,25,1,0,1,9,35,15,25,23,7,24,23,24,15,15,20,16,26,17,12,17,19,24,17,12,12,26,17,11,10,29,15,25,22,21,18,13,13,13,20,13,20,12,27,13,14,12,22,20,11,27,13,27,27,24,26,18,18,16,18,20,25,14,21,19,11,20,11,249,21,21,18,16,20,17,25,23,20,24,16,13,10,31,22,22,16,14,11,25,15,16,22,13,17,16,17,20,17,26,25,17,11,17,18,13,21,19,21,11,9,16,14,14,24,31,3,14,11,18,17,12,16,9,18,25,14,14,21,22,14,12,21,19,21,22,17,22,12,12,10,19,19,10,22,13,18,7,13,9,12,13,10,11,14,11,6,7,11,11,11,14,13,17,21,26,23,27,21,21,21,13,22,21,17,20,18,21,8,12,14,12,9,11,6,13,6,67,8,12,12,12,46,9,16,15,8,20,8,9
EPI_ISL_2232360,132,130,130,127,126,72,123,81,72,80,77,87,115,99,99,89,101,103,93,91,91,66,71,56,57,74,74,53,53,54,74,54,52,52,54,41,29,45,47,57,57,47,58,58,31,50,53,48,63,63,63,38,56,53,59,68,65,60,60,51,53,53,51,53,52,55,56,54,52,56,52,57,49,54,51,54,57,55,48,53,54,53,55,47,56,59,55,52,57,58,47,53,52,51,49,55,49,51,53,47,57,39,59,49,58,47,60,60,56,47,55,54,53,53,59,50,67,60,53,51,51,59,48,54,50,50,57,55,51,49,56,60,54,66,59,57,62,62,60,55,56,60,60,56,58,56,59,56,51,111,40,45,44,47,69,12,40,39,40,49,41,45,42,43,43,51,46,40,63,48,43,73,41,48,48,61,42,46,50,43,38,45,42,39,31,33,36,31,36,21,42,33,36,38,35,32,11,20,42,41,38,43,70,36,35,38,37,28,34,57,32,39,33,37,41,40,37,51,44,62,38,66,38,42,43,47,39,42,44,69,41,65,41,32,38,41,46,46,39,29,27,27,29,17,23,16,26,36,33,25,30,21,48,21,25,22,24,25,34,21,26,32,33,32,29,30,27,28,29,30,26,37,30,25,19,26,28,24,33,31,38,34,35,27,26,32,20,84,27,12,92,27,53,30,5,35,2,4,3,10,24,28,27,2,26,2,1,0,10,36,16,26,24,8,25,24,25,16,16,21,17,27,18,13,18,20,25,18,13,13,27,18,12,11,30,16,26,23,22,19,14,14,14,21,14,21,13,28,14,15,13,23,21,12,28,14,28,28,25,27,19,19,17,19,21,26,15,22,20,12,21,12,250,22,22,19,17,21,18,26,24,21,25,17,14,11,32,23,23,17,15,12,26,16,17,23,14,18,17,18,21,18,27,26,18,12,18,19,14,22,20,22,12,10,17,15,15,25,32,4,15,12,19,18,13,17,10,19,26,15,15,22,23,15,13,22,20,22,23,18,23,13,13,11,20,20,11,23,14,19,8,14,10,13,14,11,12,15,12,7,8,12,12,12,15,14,18,22,27,24,28,22,22,22,14,23,22,18,21,19,22,9,13,15,13,10,12,7,14,7,68,9,13,13,13,47,10,17,16,9,21,9,10
EPI_ISL_2232307,128,126,126,123,122,68,119,77,68,76,73,83,111,95,95,85,97,99,89,87,87,62,67,52,53,70,70,49,49,50,70,50,48,48,50,37,25,41,43,53,53,43,54,54,27,46,49,44,59,59,59,34,52,49,55,64,61,56,56,47,49,49,47,49,48,51,52,50,48,50,48,53,45,50,47,50,51,49,44,47,48,47,51,41,50,53,49,48,53,52,43,49,48,47,45,51,45,45,47,43,53,35,55,45,54,43,56,56,50,43,51,50,49,49,55,46,61,56,49,47,47,53,42,48,46,46,53,51,47,45,52,56,50,62,55,53,58,58,56,51,54,56,56,52,54,52,55,52,47,107,36,41,40,43,63,8,36,35,36,45,37,41,38,41,39,47,42,36,59,44,39,67,37,44,44,57,38,42,46,39,34,41,38,35,27,29,32,27,32,15,38,29,32,34,31,28,7,14,38,37,34,39,64,32,31,34,33,24,30,53,28,35,29,33,37,36,33,47,40,58,34,62,34,38,39,43,35,38,40,65,37,61,37,28,34,38,42,42,35,25,25,23,21,15,15,14,18,31,28,20,26,15,44,13,17,17,18,18,30,15,18,28,29,28,25,26,23,24,25,26,22,33,26,21,13,22,24,18,29,27,34,30,31,23,22,28,14,82,23,8,88,23,49,26,15,31,12,14,13,20,20,24,23,10,22,10,9,10,0,32,12,22,21,2,21,20,21,12,8,17,9,23,10,7,14,16,21,14,9,9,23,14,8,9,26,12,22,15,18,15,10,10,10,13,10,17,7,24,10,11,11,17,17,8,24,10,24,24,21,23,15,15,9,15,17,22,11,18,16,8,17,8,246,18,18,15,13,17,14,22,20,17,21,13,10,7,28,19,19,11,13,10,22,12,9,15,8,10,9,14,17,10,23,22,10,10,14,11,10,18,12,18,2,8,13,9,9,21,28,12,9,6,13,14,7,13,8,15,22,5,11,18,19,7,9,18,16,18,19,14,19,5,7,5,16,16,5,19,10,14,5,11,4,7,9,5,7,9,8,5,6,9,6,6,11,8,12,18,23,20,24,18,18,18,10,19,18,14,17,15,18,3,7,9,9,8,8,5,10,5,62,5,10,8,7,45,6,13,12,3,17,3,4
EPI_ISL_2232275,146,144,144,141,140,86,137,95,86,94,91,99,129,111,111,99,113,115,103,101,99,85,90,75,76,93,93,72,72,73,93,73,71,71,73,43,35,45,47,76,76,47,77,77,37,50,53,48,82,82,82,38,70,72,78,87,82,79,79,70,72,72,70,72,71,74,75,73,71,75,71,76,68,73,70,73,76,74,67,72,73,70,74,66,75,78,74,71,76,77,66,72,69,70,68,74,68,70,72,66,74,59,78,68,77,67,79,79,75,66,74,73,72,72,76,69,86,79,70,70,70,78,67,73,69,69,76,72,70,68,73,79,73,66,78,76,81,81,79,74,77,79,79,75,77,75,76,73,70,125,42,59,46,47,71,32,42,41,42,49,43,45,44,45,43,51,46,42,65,62,41,73,41,62,62,63,44,46,50,47,40,45,48,39,35,37,55,35,38,45,44,47,42,40,35,38,31,42,42,43,38,43,84,40,54,42,46,34,53,71,32,39,35,51,60,40,37,65,44,64,40,68,40,56,43,47,41,42,42,71,41,79,43,36,40,44,48,46,53,27,51,31,51,41,45,40,47,55,50,45,50,41,48,43,47,40,45,47,53,43,48,52,45,30,27,28,25,26,29,28,40,37,30,23,41,24,32,46,47,52,38,34,39,31,24,32,42,108,27,34,90,27,53,52,41,33,38,40,39,38,22,26,25,36,12,36,35,36,32,0,36,24,47,30,11,26,23,36,36,19,37,27,40,33,32,34,31,32,31,33,27,24,32,35,49,32,16,45,22,33,34,34,34,43,34,40,35,26,34,35,37,31,27,32,30,34,26,30,29,27,29,21,39,31,19,34,35,22,22,32,19,32,272,20,20,29,29,23,32,32,30,43,45,35,32,33,30,23,25,39,39,36,26,28,37,35,36,40,39,32,21,38,15,16,36,34,34,39,28,36,42,22,34,34,31,37,37,19,30,32,37,34,37,36,35,37,34,39,26,35,31,24,23,37,35,20,34,20,21,32,21,35,35,33,34,18,33,42,34,41,32,36,32,35,36,33,33,37,32,31,32,35,34,34,36,36,40,22,41,24,20,20,20,20,34,21,36,24,21,23,22,31,35,35,33,34,32,31,28,31,90,29,36,34,33,71,30,34,30,29,23,31,32
EPI_ISL_2232357,130,128,128,125,124,72,121,81,72,80,77,87,115,99,99,89,101,103,93,89,89,66,71,56,57,74,74,53,53,54,74,54,52,52,54,41,29,45,47,57,57,47,58,58,31,50,53,48,63,63,63,38,56,53,59,68,65,60,60,51,53,53,51,53,52,55,56,54,52,56,52,57,49,54,51,54,57,55,48,53,54,53,55,47,56,59,55,52,57,58,47,53,50,51,49,55,49,51,53,47,57,39,59,49,58,47,60,60,56,47,55,54,53,53,59,50,67,60,53,51,51,59,48,54,50,50,57,55,51,49,56,60,54,66,59,57,62,62,60,55,58,60,60,56,58,56,59,56,51,111,40,45,44,47,69,12,40,39,40,49,41,45,42,45,43,51,46,40,63,46,43,73,41,48,48,61,42,46,50,43,38,45,42,39,31,33,36,31,36,25,42,33,36,38,35,32,11,22,42,41,38,43,70,36,35,38,37,28,34,57,32,39,33,37,41,40,37,51,44,62,38,66,38,42,43,47,39,42,44,69,41,65,41,32,38,42,46,46,39,29,31,27,31,21,25,20,28,37,34,26,30,23,48,23,27,23,25,27,34,23,28,32,33,32,29,30,27,28,29,30,26,37,30,25,21,26,28,26,33,33,38,34,35,27,26,32,22,88,27,14,92,27,53,32,21,35,18,20,19,26,24,28,27,16,26,16,15,16,12,36,0,26,27,10,25,26,25,16,18,21,17,27,20,13,18,20,25,18,13,13,27,18,12,15,30,16,26,25,22,19,12,14,14,23,14,21,15,28,14,15,17,23,21,12,28,14,28,28,25,27,19,19,19,19,21,26,15,22,20,12,21,12,252,22,22,19,17,21,18,26,24,23,25,17,14,13,32,23,23,19,19,16,26,18,19,25,16,20,19,18,21,20,27,26,20,14,2,21,14,22,22,22,14,14,17,17,17,25,32,18,17,14,21,12,15,17,14,19,26,15,15,22,23,17,15,22,20,22,23,18,23,15,15,13,20,20,13,23,14,21,12,16,12,15,16,13,13,17,12,11,12,15,14,14,16,16,20,22,27,24,28,22,22,22,14,23,22,18,21,19,22,11,15,15,13,14,12,11,14,11,70,7,16,14,15,51,8,17,16,11,21,11,12
EPI_ISL_2232333,136,134,134,131,130,76,127,85,76,84,81,91,119,101,101,87,103,105,91,91,87,75,80,65,66,83,83,62,62,63,83,63,61,61,63,29,21,31,33,66,66,33,67,67,23,36,39,34,72,72,72,24,60,62,68,77,74,69,69,60,62,62,60,62,61,64,65,63,61,65,61,66,58,63,60,63,66,64,57,62,63,60,64,56,65,68,64,61,66,67,56,62,59,60,58,64,58,60,62,56,66,49,68,58,67,57,69,69,65,56,64,63,62,62,68,59,76,69,62,60,60,68,57,63,59,59,66,64,60,58,65,69,63,52,68,66,71,71,69,64,67,69,69,65,67,65,68,65,60,115,28,49,32,33,57,22,28,27,28,35,29,31,30,31,29,37,32,28,51,52,29,59,27,52,52,49,28,32,36,39,26,33,38,25,21,23,46,21,24,35,30,37,32,26,21,24,21,32,28,29,24,29,74,26,45,28,35,26,44,61,24,25,23,41,50,26,23,55,30,50,26,54,26,46,29,33,27,28,32,57,27,69,29,26,26,30,34,32,43,19,41,21,41,31,35,30,37,45,40,35,40,31,34,33,37,30,35,37,43,33,38,42,35,22,19,20,17,18,15,20,30,23,16,15,31,16,22,36,37,43,24,20,29,21,16,18,32,96,13,24,82,17,43,42,31,25,28,30,29,36,14,18,17,26,16,26,25,26,22,24,26,0,37,20,15,16,1,26,26,11,27,13,30,23,22,24,21,22,21,23,13,14,22,25,40,20,16,35,8,23,24,24,24,33,24,31,25,18,24,25,27,21,17,22,16,24,18,22,19,13,19,11,29,21,11,26,25,8,12,22,11,22,262,12,12,19,19,13,22,22,22,33,35,23,22,23,22,9,15,29,29,26,16,28,29,35,26,30,29,22,9,30,15,12,30,24,28,29,18,26,32,8,24,24,21,27,27,15,22,26,27,24,31,26,25,27,24,29,16,25,21,14,9,27,25,12,24,12,13,22,13,25,25,23,24,10,23,33,24,31,22,26,22,25,26,23,23,27,22,21,22,25,24,24,26,26,30,8,31,14,16,12,12,12,24,13,26,14,7,13,8,21,25,25,23,24,22,21,18,21,80,19,26,24,25,61,18,25,20,21,13,21,22
EPI_ISL_812857,143,141,141,138,137,83,134,92,83,91,88,98,126,110,110,100,112,114,104,102,102,77,82,67,68,85,85,64,64,65,85,65,63,63,65,52,40,56,58,68,68,58,69,69,42,61,64,59,74,74,74,49,67,64,70,79,76,71,71,62,64,64,62,64,63,66,67,65,63,67,63,68,60,65,62,65,68,66,59,64,65,64,66,58,67,70,66,63,68,69,58,64,63,62,60,66,60,62,64,58,68,50,70,60,69,58,71,71,67,58,66,65,64,64,70,61,78,69,64,62,62,70,59,65,61,61,68,66,62,60,67,71,65,77,70,68,73,73,71,66,69,71,71,67,69,67,70,67,62,122,51,56,55,58,80,23,51,50,51,60,52,56,53,56,54,62,57,51,74,59,54,84,52,59,59,72,53,57,61,54,49,56,53,50,42,44,47,42,47,34,53,44,47,49,46,43,22,31,53,52,49,54,81,47,46,49,48,39,45,68,43,50,44,48,52,51,48,62,55,73,49,77,49,53,54,58,50,53,55,78,52,76,52,43,49,51,57,57,50,40,40,38,40,30,34,29,37,47,44,36,39,32,59,32,35,33,35,35,45,32,37,43,42,43,40,41,38,39,40,41,35,48,41,36,30,37,39,35,44,42,49,45,46,38,37,43,31,97,38,21,103,38,64,41,29,46,26,28,27,34,35,39,38,24,37,24,23,24,21,47,27,37,0,19,36,35,36,27,27,32,28,38,29,24,29,31,36,29,24,24,38,29,23,24,41,27,37,34,33,30,25,25,25,32,25,32,24,39,25,26,26,34,32,21,39,25,39,39,36,36,30,28,28,30,32,37,26,33,29,23,32,23,261,33,33,30,28,30,29,35,35,32,36,28,25,22,43,32,32,28,28,25,37,27,28,34,25,29,28,29,32,29,38,37,29,25,29,30,25,33,31,33,23,23,28,26,26,36,43,26,26,23,30,29,24,28,23,30,37,26,26,33,34,26,24,33,31,33,34,29,34,22,24,20,31,31,22,34,25,30,21,26,21,24,25,22,23,26,23,20,21,24,23,23,26,25,29,33,38,35,39,33,33,33,25,34,33,29,32,30,31,20,24,26,24,23,23,20,25,20,79,20,25,24,24,60,21,28,27,20,30,20,21
EPI_ISL_528386,126,124,124,121,120,66,117,75,66,74,71,81,109,93,93,83,95,97,87,85,85,60,65,50,51,68,68,47,47,48,68,48,46,46,48,35,23,39,41,51,51,41,52,52,25,44,47,42,57,57,57,32,50,47,53,62,59,54,54,45,47,47,45,47,46,49,50,48,46,48,46,51,43,48,45,48,49,47,42,45,46,45,49,39,48,51,47,46,51,50,41,47,46,45,43,49,43,43,45,41,51,33,53,43,52,41,54,54,48,41,49,48,47,47,53,44,59,54,47,45,45,51,40,46,44,44,51,49,45,43,50,54,48,60,53,51,56,56,54,49,52,54,54,50,52,50,53,50,45,105,34,39,38,41,61,6,34,33,34,43,35,39,36,39,37,45,40,34,57,42,37,65,35,42,42,55,36,40,44,37,32,39,36,33,25,27,30,25,30,15,36,27,30,32,29,26,5,12,36,35,32,37,62,30,29,32,31,22,28,51,26,33,27,31,35,34,31,45,38,56,32,60,32,36,37,41,33,36,38,63,35,59,35,26,32,36,40,40,33,23,23,21,21,13,15,12,18,29,26,18,24,13,42,13,17,15,16,17,28,13,18,26,27,26,23,24,21,22,23,24,20,31,24,19,11,20,22,16,27,25,32,28,29,21,20,26,12,80,21,6,86,21,47,24,13,29,10,12,11,18,18,22,21,8,20,8,7,8,2,30,10,20,19,0,19,18,19,10,8,15,9,21,10,7,12,14,19,12,7,7,21,12,6,7,24,10,20,15,16,13,8,8,8,13,8,15,5,22,8,9,9,15,15,6,22,8,22,22,19,21,13,13,9,13,15,20,9,16,14,6,15,6,244,16,16,13,11,15,12,20,18,15,19,11,8,5,26,17,17,9,11,8,20,10,9,15,6,10,9,12,15,10,21,20,10,8,12,11,8,16,12,16,4,6,11,7,7,19,26,10,7,4,11,12,5,11,6,13,20,7,9,16,17,7,7,16,14,16,17,12,17,5,5,3,14,14,3,17,8,12,3,9,2,5,7,3,5,7,6,3,4,7,4,4,9,6,10,16,21,18,22,16,16,16,8,17,16,12,15,13,16,1,5,9,7,6,6,3,8,3,60,3,8,6,5,43,4,11,10,1,15,1,2
EPI_ISL_2232310,135,133,133,130,129,75,126,84,75,83,80,88,118,100,100,88,102,104,92,90,88,74,79,64,65,82,82,61,61,62,82,62,60,60,62,32,24,34,36,65,65,36,66,66,26,39,42,37,71,71,71,27,59,61,67,76,71,68,68,59,61,61,59,61,60,63,64,62,60,64,60,65,57,62,59,62,65,63,56,61,62,59,63,55,64,67,63,60,65,66,55,61,58,59,57,63,57,59,61,55,63,48,67,57,66,56,68,68,64,55,63,62,61,61,65,58,75,68,59,59,59,67,56,62,58,58,65,61,59,57,62,68,62,55,67,65,70,70,68,63,66,68,68,64,66,64,65,62,59,114,31,48,35,36,60,21,31,30,31,38,32,34,33,34,32,40,35,31,54,51,32,62,30,51,51,52,33,35,39,36,29,36,37,28,24,26,44,24,27,34,33,36,31,29,24,27,20,31,31,32,27,32,73,29,43,31,35,23,42,60,21,28,24,40,49,29,26,54,33,53,29,57,29,45,32,36,30,31,31,60,30,68,32,25,29,33,37,35,42,16,40,20,40,30,34,29,36,44,39,34,39,30,37,32,36,29,34,36,42,32,37,41,34,19,16,17,14,15,18,17,29,26,19,12,30,13,21,35,36,41,27,23,28,20,13,21,31,97,16,23,79,16,42,41,30,22,27,29,28,35,11,15,14,25,1,25,24,25,21,11,25,15,36,19,0,15,14,25,25,8,26,16,29,22,21,23,20,21,20,22,16,13,21,24,38,21,13,34,11,22,23,23,23,32,23,29,24,15,23,24,26,20,16,21,19,23,15,19,18,16,18,10,28,20,8,23,24,11,11,21,8,21,261,9,9,18,18,12,21,21,19,32,34,24,21,22,19,12,14,28,28,25,15,27,28,34,25,29,28,21,10,29,16,15,29,23,27,28,17,25,31,11,23,23,20,26,26,12,19,27,26,23,30,27,24,26,23,28,15,24,20,13,12,26,24,9,23,9,10,21,10,24,24,22,23,7,22,31,23,30,21,25,21,24,25,22,22,26,21,20,21,24,23,23,25,25,29,11,30,13,15,9,9,9,23,10,25,13,10,12,11,20,24,24,22,23,21,20,17,20,79,18,25,23,22,60,19,23,19,18,12,20,21
EPI_ISL_2232367,136,134,134,131,130,76,127,85,76,84,81,91,119,101,101,89,103,105,93,91,89,75,80,65,66,83,83,62,62,63,83,63,61,61,63,33,25,35,37,66,66,37,67,67,27,40,43,38,72,72,72,28,60,62,68,77,74,69,69,60,62,62,60,62,61,64,65,63,61,65,61,66,58,63,60,63,66,64,57,62,63,60,64,56,65,68,64,61,66,67,56,62,59,60,58,64,58,60,62,56,66,49,68,58,67,57,69,69,65,56,64,63,62,62,68,59,76,69,62,60,60,68,57,63,59,59,66,64,60,58,65,69,63,56,68,66,71,71,69,64,67,69,69,65,67,65,68,65,60,115,32,49,36,37,61,22,32,31,32,39,33,35,34,35,33,41,36,32,55,52,33,63,31,52,52,53,34,36,40,39,30,37,38,29,25,27,46,25,28,33,34,37,32,30,25,28,21,30,32,33,28,33,74,30,45,32,37,26,44,61,24,29,25,41,51,30,27,55,34,54,30,58,30,46,33,37,31,32,36,61,31,69,33,26,30,34,38,36,43,19,39,21,39,29,33,28,35,44,39,34,40,29,38,31,35,29,34,35,43,31,36,42,35,22,19,20,17,18,19,20,30,27,20,15,29,16,22,34,37,41,28,24,29,21,16,22,30,96,17,22,82,17,43,40,23,25,26,22,25,28,14,12,11,24,16,22,23,24,20,26,26,16,35,18,15,0,15,26,24,11,27,17,28,23,22,24,23,22,21,23,17,14,22,23,40,22,16,33,12,23,24,24,24,31,24,31,23,18,24,25,25,21,17,22,20,24,18,22,19,17,19,11,27,21,11,26,25,12,12,22,11,22,260,12,12,19,19,13,22,22,22,31,35,25,22,21,22,13,9,27,27,24,16,26,27,33,24,28,27,22,11,28,17,16,28,22,28,27,18,26,24,12,22,22,21,25,25,15,22,26,25,22,23,22,23,27,22,29,16,25,21,14,13,25,23,12,24,10,13,22,13,23,23,21,24,10,21,33,24,29,20,25,20,23,24,21,22,25,22,19,20,23,22,22,25,24,22,12,31,14,17,12,12,12,24,13,26,14,11,13,12,19,23,25,23,22,22,19,18,19,78,19,24,23,23,59,20,25,20,19,12,19,20
EPI_ISL_2232368,135,133,133,130,129,75,126,84,75,83,80,90,118,100,100,88,102,104,92,90,88,74,79,64,65,82,82,61,61,62,82,62,60,60,62,30,22,32,34,65,65,34,66,66,24,37,40,35,71,71,71,25,59,61,67,76,73,68,68,59,61,61,59,61,60,63,64,62,60,64,60,65,57,62,59,62,65,63,56,61,62,59,63,55,64,67,63,60,65,66,55,61,58,59,57,63,57,59,61,55,65,48,67,57,66,56,68,68,64,55,63,62,61,61,67,58,75,68,61,59,59,67,56,62,58,58,65,63,59,57,64,68,62,53,67,65,70,70,68,63,66,68,68,64,66,64,67,64,59,114,29,48,33,34,58,21,29,28,29,36,30,32,31,32,30,38,33,29,52,51,30,60,28,51,51,50,29,33,37,38,27,34,37,26,22,24,45,22,25,34,31,36,31,27,22,25,20,31,29,30,25,30,73,27,44,29,36,25,43,60,23,26,22,40,49,27,24,54,31,51,27,55,27,45,30,34,28,29,33,58,28,68,30,25,27,31,35,33,42,18,40,20,40,30,34,29,36,44,39,34,39,30,35,32,36,29,34,36,42,32,37,41,34,21,18,19,16,17,16,19,29,24,17,14,30,15,21,35,36,42,25,21,28,20,15,19,31,95,14,23,81,16,42,41,30,24,27,29,28,35,13,17,16,25,15,25,24,25,21,23,25,1,36,19,14,15,0,25,25,10,26,14,29,22,21,23,22,21,20,22,14,13,21,24,39,19,15,34,9,22,23,23,23,32,23,30,24,17,23,24,26,20,16,21,17,23,17,21,18,14,18,10,28,20,10,25,24,9,11,21,10,21,261,11,11,18,18,12,21,21,21,32,34,22,21,22,21,10,14,28,28,25,15,27,28,34,25,29,28,21,8,29,14,11,29,23,27,28,17,25,31,9,23,23,20,26,26,14,21,25,26,23,30,25,24,26,23,28,15,24,20,13,10,26,24,11,23,11,12,21,12,24,24,22,23,9,22,32,23,30,21,25,21,24,25,22,22,26,21,20,21,24,23,23,25,25,29,9,30,13,15,11,11,11,23,12,25,13,8,12,9,20,24,24,22,23,21,20,17,20,79,18,25,23,24,60,17,24,19,20,12,20,21
EPI_ISL_812812,132,130,130,127,126,72,123,79,70,78,75,87,115,99,99,89,101,103,93,91,91,66,71,56,57,74,74,53,53,54,74,54,52,52,54,41,29,45,47,57,57,47,58,58,31,50,53,48,63,63,63,38,56,53,59,68,65,60,60,51,53,53,51,53,52,53,56,54,52,56,52,57,47,54,51,54,57,55,48,53,54,53,55,47,56,59,55,52,57,58,47,53,52,51,49,55,49,51,53,47,57,37,59,49,58,47,60,60,56,47,55,54,53,53,59,50,67,60,53,51,51,59,48,54,50,50,57,55,51,49,56,60,54,66,59,57,62,62,60,55,58,60,60,56,58,56,59,56,51,111,38,43,44,47,67,8,40,39,40,49,39,45,42,45,43,51,46,40,63,48,43,73,41,46,48,61,40,46,48,41,38,45,42,39,31,33,32,31,36,25,42,33,36,38,35,32,7,22,42,41,38,43,70,36,31,38,35,28,30,57,32,39,33,37,37,40,37,51,42,62,38,66,38,42,43,45,39,42,42,67,41,65,41,32,38,42,46,46,39,29,29,27,31,21,25,20,28,37,34,26,30,23,48,23,27,23,25,27,34,23,28,32,33,32,29,30,27,28,29,30,26,35,30,25,21,26,28,26,33,31,36,34,35,27,26,32,22,86,27,12,92,27,53,32,21,35,18,20,19,26,24,28,27,16,26,16,15,16,12,36,16,26,27,10,25,26,25,0,18,21,17,27,18,11,16,18,23,18,11,9,27,16,8,11,26,12,26,25,22,17,12,10,10,23,10,17,15,28,10,11,17,23,21,8,26,10,28,28,25,27,15,19,19,17,21,22,13,22,20,8,21,8,252,22,22,17,13,21,12,26,24,19,21,13,10,9,32,23,23,19,15,16,26,18,19,25,16,20,19,18,21,20,27,26,20,14,18,21,10,16,22,22,14,14,13,17,17,23,32,18,17,14,21,18,15,17,14,13,26,15,11,22,23,17,13,22,20,22,23,18,23,15,15,13,20,20,13,19,14,20,12,16,12,15,14,13,13,17,12,11,12,13,14,12,16,16,20,22,27,24,28,22,22,22,12,23,16,18,21,19,22,11,15,13,13,14,10,11,10,11,70,9,15,14,15,51,10,13,12,11,21,11,12
EPI_ISL_812851,134,132,132,129,128,74,125,83,74,82,79,89,117,101,101,91,103,105,95,93,93,68,73,58,59,76,76,55,55,56,76,56,54,54,56,41,31,45,47,59,59,47,60,60,33,50,53,48,65,65,65,38,58,55,61,70,67,62,62,53,55,55,53,55,54,57,58,56,54,56,54,59,51,56,53,56,57,55,50,53,54,53,57,47,56,59,55,54,59,58,49,55,54,53,51,57,51,51,53,49,59,41,61,51,60,49,62,62,56,49,57,56,55,55,61,52,67,62,55,53,53,59,48,54,52,52,59,57,53,51,58,62,56,66,61,59,64,64,62,57,60,62,62,58,60,58,61,58,53,113,40,47,44,47,67,14,40,39,40,49,41,45,42,45,43,51,46,40,63,50,43,71,41,50,50,59,42,46,50,45,38,45,44,39,31,33,38,33,36,21,42,35,38,38,35,34,13,20,42,41,38,43,68,36,37,38,37,28,36,59,32,39,33,39,43,40,37,53,44,60,38,66,38,44,43,47,39,42,44,69,41,65,41,34,38,42,46,46,41,29,31,29,23,21,21,20,24,37,34,26,30,21,48,19,23,23,22,24,35,21,24,32,33,32,29,30,27,28,29,30,28,37,30,25,19,26,30,24,35,33,38,34,37,29,26,32,20,88,27,14,92,27,53,32,21,35,18,20,19,26,24,28,27,16,26,16,15,16,8,36,18,26,27,8,25,24,25,18,0,21,15,27,10,13,18,20,27,20,15,15,27,20,14,15,32,18,26,21,22,19,16,16,16,19,16,23,13,28,16,17,17,21,23,14,28,16,28,28,27,27,21,21,11,19,21,28,17,22,22,14,21,14,252,22,22,21,17,23,20,28,24,23,27,19,16,13,32,23,25,17,19,16,26,18,15,21,14,16,15,20,21,16,27,26,16,16,20,5,16,24,18,22,10,14,19,15,15,25,32,18,15,12,19,20,13,17,14,19,26,13,17,22,23,5,15,22,22,22,23,20,23,11,13,11,22,20,11,25,16,20,11,17,10,13,15,11,13,15,14,11,12,15,12,12,17,14,18,22,29,24,28,22,22,22,16,23,24,20,21,21,22,9,13,9,15,14,14,11,16,11,68,11,16,14,13,51,12,19,18,9,23,9,10
EPI_ISL_2232308,131,129,129,126,125,71,122,80,71,79,76,86,114,96,96,84,98,100,88,86,84,70,75,60,61,78,78,57,57,58,78,58,56,56,58,28,20,30,32,61,61,32,62,62,22,35,38,33,67,67,67,23,55,57,63,72,69,64,64,55,57,57,55,57,56,59,60,58,56,60,56,61,53,58,55,58,61,59,52,57,58,55,59,51,60,63,59,56,61,62,51,57,54,55,53,59,53,55,57,51,61,44,63,53,62,52,64,64,60,51,59,58,57,57,63,54,71,64,57,55,55,63,52,58,54,54,61,59,55,53,60,64,58,51,63,61,66,66,64,59,62,64,64,60,62,60,63,60,55,110,27,44,31,32,56,17,27,26,27,34,28,30,29,30,28,36,31,27,50,47,28,58,26,47,47,48,29,31,35,34,25,32,33,24,20,22,41,20,23,30,29,32,27,25,20,23,16,27,27,28,23,28,69,25,40,27,32,19,39,56,17,24,20,36,46,25,22,50,29,49,25,53,25,41,28,32,26,27,31,56,26,64,28,21,25,29,33,31,38,12,36,16,36,26,30,25,32,40,35,30,35,26,33,28,32,25,30,32,36,28,33,35,30,15,12,13,10,11,14,13,25,22,15,8,26,9,17,31,32,38,23,19,24,16,9,17,27,93,12,19,75,12,38,37,26,18,23,25,24,31,7,11,10,21,9,21,20,21,17,19,21,11,32,15,8,11,10,21,21,0,22,12,25,18,17,19,16,17,16,18,12,9,17,20,35,17,5,30,7,18,19,19,19,28,19,26,20,11,19,20,22,16,12,17,15,19,11,15,14,12,14,6,24,16,4,19,20,7,7,17,4,17,257,5,5,14,14,8,17,17,15,28,30,20,17,18,15,8,10,24,24,21,11,23,24,30,21,25,24,17,6,25,12,11,25,19,23,24,13,21,27,7,19,19,16,22,22,8,15,23,22,19,26,23,20,22,19,24,11,20,16,9,8,22,20,5,19,5,6,17,6,20,20,18,19,3,18,28,19,26,17,21,17,20,21,18,18,22,17,16,17,20,19,19,21,21,25,7,26,9,11,5,5,5,19,6,21,9,6,8,7,16,20,20,18,19,17,16,13,16,75,14,21,19,20,56,15,20,15,16,8,16,17
EPI_ISL_812852,133,131,131,128,127,73,124,82,73,81,78,88,116,100,100,90,102,104,94,92,92,67,72,57,58,75,75,54,54,55,75,55,53,53,55,42,30,46,48,58,58,48,59,59,32,51,54,49,64,64,64,39,57,54,60,69,66,61,61,52,54,54,52,54,53,56,57,55,53,55,53,58,50,55,52,55,56,54,49,52,53,52,56,44,55,58,54,53,58,57,48,54,53,52,50,56,50,50,52,48,58,40,60,50,59,48,61,61,55,48,56,55,54,54,60,51,66,61,54,52,52,56,47,53,51,51,58,56,52,50,57,61,55,67,60,58,63,63,61,56,59,61,61,57,59,57,60,57,52,112,41,46,45,48,68,13,41,40,41,50,42,46,43,46,44,52,47,41,64,49,44,72,42,49,49,62,43,47,51,44,39,46,43,40,32,34,37,32,37,22,43,34,37,39,36,33,12,21,43,42,39,44,69,37,36,39,38,29,35,58,33,40,34,38,42,41,38,52,45,63,39,67,39,43,44,48,40,43,45,70,42,66,42,33,39,43,47,47,40,30,32,28,28,22,22,21,25,37,34,26,31,22,49,20,24,23,24,25,35,22,25,33,34,33,30,31,28,29,30,31,27,38,31,26,20,27,29,25,34,34,39,35,36,28,27,33,21,89,28,15,93,28,54,33,22,36,19,21,20,27,25,29,28,17,27,17,16,17,9,37,17,27,28,9,26,27,26,17,15,22,0,28,17,12,19,21,26,19,14,14,28,19,13,16,31,17,27,22,23,20,15,15,15,20,15,22,14,29,15,16,18,22,22,13,29,15,29,29,26,28,20,20,16,20,22,27,16,23,21,13,22,13,253,23,23,20,18,22,19,27,25,24,26,18,15,14,33,24,24,18,20,17,27,19,16,22,15,17,16,19,22,17,28,27,17,15,19,18,15,23,19,23,7,15,18,16,16,26,33,19,16,13,20,19,14,18,15,20,27,12,16,23,24,14,16,23,21,23,24,19,24,12,14,12,21,21,12,24,15,21,12,17,11,14,16,12,13,16,13,12,13,16,13,13,17,15,19,23,28,25,29,23,23,23,15,24,23,19,22,20,23,10,14,14,14,15,13,12,15,12,69,10,17,14,14,52,11,18,17,10,22,10,11
EPI_ISL_812834,137,135,135,132,131,77,128,86,77,85,82,92,120,102,102,88,104,106,92,92,88,76,81,66,67,84,84,63,63,64,84,64,62,62,64,30,22,32,34,67,67,34,68,68,24,37,40,35,73,73,73,23,61,63,69,78,75,70,70,61,63,63,59,63,62,65,66,64,62,66,62,67,59,64,61,64,67,65,58,63,64,61,65,57,66,69,65,62,67,68,57,63,60,61,59,65,59,61,63,57,67,50,69,59,68,58,70,70,66,57,65,64,63,63,69,60,77,70,63,61,61,69,58,64,60,60,67,65,61,59,66,70,64,51,69,67,72,72,70,65,68,70,70,66,68,66,69,66,61,116,27,50,31,32,56,23,27,26,27,34,28,30,29,30,28,36,31,27,50,53,28,58,26,51,53,48,29,31,35,40,25,32,39,24,20,24,47,22,25,36,31,38,31,27,22,25,22,33,27,28,23,28,75,25,46,29,34,27,45,62,25,26,24,42,52,25,22,56,29,49,25,53,25,47,28,32,26,27,31,56,26,70,28,27,25,29,33,31,44,20,42,22,40,32,36,31,38,46,41,36,41,32,33,34,38,31,36,38,44,34,39,43,34,23,20,21,18,19,16,21,31,22,15,16,32,17,23,37,38,44,23,21,30,22,17,17,33,99,12,25,83,18,44,43,32,26,29,31,30,37,15,19,18,27,17,27,26,27,23,27,27,13,38,21,16,17,14,27,27,12,28,0,31,24,23,25,22,21,22,24,12,15,23,26,41,19,17,34,9,24,25,25,25,32,25,32,26,19,25,26,28,22,18,23,15,25,19,23,20,10,20,12,30,22,12,27,26,7,13,23,12,23,263,13,13,20,20,14,23,21,23,34,36,24,23,24,23,8,16,28,30,27,17,29,30,36,27,31,30,23,8,31,14,13,31,25,29,30,19,27,33,7,25,25,22,28,28,16,23,29,28,23,32,29,24,28,25,30,17,26,22,15,8,28,26,13,25,13,14,23,14,26,26,24,25,11,24,34,25,32,23,27,23,26,27,24,24,28,23,22,23,26,25,25,27,27,31,7,32,15,19,13,13,13,25,14,27,15,6,14,9,22,26,26,24,25,23,22,19,22,81,20,27,25,26,60,19,26,21,22,14,22,23
EPI_ISL_812819,136,134,134,131,130,76,127,85,76,84,81,91,119,103,103,93,105,107,97,95,95,70,75,60,61,78,78,57,57,58,78,58,56,56,58,45,33,49,51,61,61,51,62,62,35,54,57,52,67,67,67,42,60,57,63,72,69,64,64,55,57,57,55,57,56,59,60,58,56,58,56,61,53,58,55,58,59,57,52,55,56,55,59,49,58,61,57,56,61,60,51,57,56,55,53,59,53,53,55,51,61,43,63,53,62,51,64,64,58,51,59,58,57,57,63,54,69,64,57,55,55,61,50,56,54,54,61,59,55,53,60,64,58,70,63,61,66,66,64,59,62,64,64,60,62,60,63,60,55,115,44,49,48,51,71,14,44,43,44,53,45,49,46,49,47,55,50,44,67,52,47,75,45,52,52,63,46,50,54,47,42,49,46,43,35,37,38,35,40,23,46,37,40,42,39,36,13,22,46,45,42,47,70,40,37,42,39,32,36,61,36,43,37,41,43,44,41,55,48,64,42,70,42,46,47,51,43,46,48,73,45,67,45,36,42,46,50,50,43,33,33,31,27,23,23,22,26,39,36,28,32,23,52,21,25,25,24,26,37,23,26,34,37,36,33,34,31,32,33,34,30,41,34,29,21,30,32,26,37,33,42,38,39,31,30,36,22,90,31,14,96,31,57,34,23,39,20,22,21,28,28,32,31,18,30,18,17,18,10,40,20,30,29,10,29,28,29,18,10,25,17,31,0,13,20,22,27,22,15,15,31,20,14,15,32,18,30,23,26,21,18,16,16,21,16,23,15,32,16,17,19,25,25,14,30,16,32,32,29,31,21,23,13,21,25,28,17,26,24,14,25,14,254,26,26,21,19,25,22,30,28,23,27,19,16,13,36,27,27,19,19,18,30,20,17,23,16,18,17,22,25,18,31,30,18,18,22,13,18,26,20,26,12,16,21,17,17,29,36,20,17,14,21,22,15,19,16,21,30,15,17,26,27,9,15,26,24,26,27,22,27,13,15,13,24,24,13,25,18,21,13,19,12,15,15,13,15,17,16,13,14,15,14,12,19,16,20,26,31,28,32,26,26,26,18,27,24,22,25,23,26,11,15,9,17,16,14,13,18,13,70,13,17,16,15,53,14,19,18,11,25,11,12
EPI_ISL_812865,129,127,127,124,123,69,120,78,69,77,74,84,112,96,96,86,96,100,90,88,88,63,68,53,54,71,71,50,50,51,71,51,49,49,51,38,26,42,44,54,54,44,55,55,28,47,50,45,60,60,60,35,53,50,56,65,62,57,57,48,50,50,48,50,49,52,53,51,49,53,49,54,46,51,48,51,54,52,45,50,51,50,52,44,53,56,52,49,54,55,44,50,49,48,46,52,46,48,50,44,54,34,56,46,55,42,57,57,53,44,52,51,50,50,56,47,64,57,50,48,48,56,45,51,47,47,54,52,48,46,53,57,51,63,56,54,59,59,57,52,55,57,57,53,55,53,56,53,48,108,37,42,41,44,66,5,37,36,37,46,38,42,39,42,40,48,43,37,60,45,40,70,38,45,45,58,39,43,47,40,35,42,39,36,28,30,29,28,33,20,39,30,33,35,32,29,4,19,39,38,35,40,67,33,28,35,30,25,27,54,29,36,30,34,34,37,34,48,41,59,35,63,35,39,40,44,36,39,41,66,38,62,38,29,35,39,43,43,36,26,28,24,26,18,18,17,21,33,31,23,27,20,45,16,20,20,22,21,31,20,23,29,30,29,26,27,24,25,26,27,23,34,27,22,18,23,25,23,30,26,35,31,32,24,23,29,19,85,24,9,89,24,50,29,18,32,15,17,16,23,21,25,24,13,23,13,12,13,7,33,13,23,24,7,22,23,22,11,13,18,12,24,13,0,11,15,18,15,6,6,24,13,5,8,23,9,23,20,19,14,9,7,7,18,7,14,12,25,7,8,14,18,18,5,23,7,25,23,22,24,14,16,12,12,18,19,10,19,17,5,18,5,249,19,19,12,10,18,15,23,21,16,18,10,7,6,29,20,20,16,14,13,23,15,14,20,13,15,14,15,18,15,24,23,15,11,15,16,11,19,17,19,9,9,14,14,14,22,29,15,14,11,18,15,12,14,11,12,23,8,8,19,20,12,8,19,17,19,20,15,20,8,12,10,17,17,10,16,11,17,9,13,9,12,11,10,10,14,9,8,9,10,11,9,13,13,17,19,24,21,25,19,19,19,11,20,15,15,18,16,19,8,12,8,10,9,5,8,11,8,67,6,12,11,12,48,7,10,9,8,18,8,9
EPI_ISL_812844,134,132,132,129,128,74,125,83,74,82,79,89,117,99,101,91,99,105,95,93,91,68,73,58,59,76,76,55,55,56,76,56,54,54,56,39,31,41,43,59,59,43,60,60,33,46,49,44,65,65,65,34,58,55,61,70,67,62,62,53,55,55,53,55,54,57,58,56,54,58,54,59,51,56,53,56,59,57,50,55,56,53,56,49,58,61,57,54,59,59,49,55,52,53,51,57,51,53,55,49,59,39,61,51,60,47,62,62,58,49,56,56,55,55,61,52,69,62,55,53,53,61,50,56,52,52,59,57,53,51,58,62,56,62,61,59,64,64,61,57,60,62,62,58,60,58,61,58,53,113,38,47,42,43,67,10,38,37,38,45,39,41,40,41,39,47,42,38,61,50,39,69,37,50,50,59,40,42,46,43,36,43,42,35,31,33,34,31,34,27,40,35,36,36,31,34,9,24,38,39,34,39,72,36,33,38,33,28,32,59,30,35,31,39,39,36,33,53,40,60,36,64,36,44,39,43,37,38,42,67,37,67,39,32,36,40,44,42,41,25,33,27,33,23,27,22,29,38,35,28,32,25,44,25,29,24,27,29,36,25,30,34,33,28,25,26,23,24,25,26,28,33,26,21,23,22,28,28,35,29,34,30,35,27,22,28,24,90,23,14,88,23,49,34,23,31,20,22,21,28,20,24,23,18,22,18,17,18,14,32,18,22,29,12,21,22,21,16,18,17,19,23,20,11,0,16,23,20,9,11,23,16,10,13,28,12,22,27,18,17,14,12,12,25,12,19,17,24,12,13,19,21,21,10,24,12,24,24,25,23,17,17,19,13,17,22,15,18,18,10,17,10,254,18,18,15,11,19,20,26,20,21,23,13,12,11,28,19,21,21,19,18,22,20,21,27,18,22,21,20,17,22,23,22,22,16,20,21,16,24,24,18,16,14,19,19,19,21,28,20,19,16,23,20,17,19,16,17,22,15,11,18,19,19,13,18,22,18,19,20,19,17,17,15,22,16,15,21,16,22,14,18,14,17,16,15,15,19,14,13,14,15,16,14,18,18,22,18,29,18,24,18,18,18,16,19,20,18,17,19,18,13,17,15,15,14,10,13,16,13,72,11,17,16,17,53,12,13,14,13,19,13,14
EPI_ISL_812846,136,134,134,131,130,76,127,85,76,84,81,91,119,103,103,93,105,107,97,95,93,70,75,60,61,78,78,57,57,58,78,58,56,56,58,41,31,43,45,61,61,45,62,62,33,48,51,46,67,67,67,36,60,57,63,72,69,64,64,55,57,57,55,57,56,59,60,58,56,60,56,61,53,58,55,58,61,59,52,57,58,55,59,51,60,63,59,56,61,62,51,57,54,55,53,59,53,55,57,51,61,43,63,53,62,51,64,64,60,51,59,58,57,57,63,54,71,64,57,55,55,63,52,58,54,54,61,59,55,53,60,64,58,64,63,61,66,66,64,59,62,64,64,60,62,60,63,60,55,115,40,49,44,45,67,14,40,39,40,47,41,43,42,43,41,49,44,40,63,52,41,71,39,52,52,61,42,44,46,45,38,45,44,37,31,33,38,33,36,29,42,37,38,38,33,34,13,26,40,41,36,41,74,36,37,38,35,28,36,61,32,37,33,41,43,38,35,55,42,62,38,66,38,46,41,45,39,40,44,69,39,69,41,34,38,42,46,44,43,27,35,29,35,25,29,24,32,41,37,30,34,26,46,27,31,25,29,31,36,27,32,34,35,30,27,28,25,26,27,28,30,35,28,23,25,24,30,30,37,35,36,32,37,29,24,30,26,92,25,16,90,25,51,36,25,33,22,24,23,30,22,26,25,20,24,20,19,20,16,34,20,24,31,14,23,24,23,18,20,19,21,25,22,15,16,0,25,22,15,15,25,18,14,17,32,18,24,29,20,13,18,16,16,27,16,23,19,26,16,17,21,17,23,14,26,16,26,26,27,25,21,19,23,17,19,26,17,20,20,14,19,14,256,20,20,21,13,21,22,28,22,25,27,17,16,15,30,21,23,23,21,20,16,22,23,29,20,24,23,22,19,24,25,24,24,18,22,23,18,26,26,20,18,18,21,21,21,23,30,22,21,18,25,22,19,21,18,21,14,19,15,20,21,21,17,20,24,20,21,22,21,19,19,17,24,18,17,25,18,24,16,20,16,19,18,17,17,21,16,15,16,17,18,16,20,20,24,20,31,22,26,20,20,20,18,21,24,20,19,21,20,15,19,17,17,18,14,15,18,15,74,13,19,18,19,55,14,19,18,15,21,15,16
EPI_ISL_812830,135,133,133,130,129,75,126,84,75,83,80,90,118,100,100,86,100,104,90,90,88,74,79,64,65,82,82,61,61,62,82,62,60,60,62,36,24,40,42,65,65,42,66,66,26,45,48,43,71,71,71,33,59,61,67,76,73,68,68,59,61,61,59,61,60,63,64,62,60,64,60,65,57,62,59,62,65,63,56,61,62,61,63,55,64,67,63,60,65,66,55,61,60,59,57,63,57,59,61,55,65,46,67,57,66,54,68,68,64,55,63,62,61,61,67,58,75,68,61,59,59,67,56,62,58,58,65,63,59,57,64,68,62,61,67,65,70,70,68,63,66,68,68,64,66,64,67,64,59,114,35,48,39,42,64,17,35,34,35,44,36,40,37,40,38,46,41,35,58,51,38,68,36,51,51,56,37,41,45,42,33,40,41,34,26,28,41,26,31,34,37,36,35,33,30,27,16,31,37,36,33,38,73,31,40,33,34,25,39,60,27,34,30,40,46,35,32,54,39,57,33,61,33,45,38,42,34,37,39,64,36,68,36,29,33,37,41,41,42,24,40,24,40,30,34,29,37,44,41,35,39,31,43,32,36,31,34,36,42,32,37,41,36,27,24,25,22,23,24,25,29,32,25,20,30,21,25,35,36,38,33,29,32,24,21,27,31,97,22,21,87,24,50,41,30,30,27,29,28,35,19,23,22,25,21,25,24,25,21,31,25,21,36,19,20,23,22,23,27,16,26,22,27,18,23,25,0,21,18,18,16,15,17,20,35,21,21,34,17,22,21,19,19,32,19,26,24,23,19,20,26,20,20,17,21,19,23,23,22,22,18,16,26,22,16,21,22,17,17,17,16,17,261,17,17,16,20,18,21,25,27,28,30,22,17,18,27,18,20,28,26,25,23,27,28,34,25,29,28,21,18,29,24,23,29,23,27,30,17,25,31,17,23,21,20,26,26,20,27,27,26,23,30,27,24,26,23,24,23,22,18,21,18,26,20,17,23,17,18,21,18,24,24,22,23,15,22,28,23,29,21,25,21,24,23,22,22,26,21,20,21,22,23,21,25,25,29,17,30,21,23,17,17,17,23,18,21,17,16,16,17,20,24,22,22,21,17,20,17,20,79,18,24,23,24,60,19,22,15,20,18,20,21
EPI_ISL_812814,128,126,126,123,122,68,119,77,68,76,73,83,111,95,95,85,97,99,89,87,87,67,72,57,58,75,75,54,54,55,75,55,53,53,55,35,23,39,43,58,58,41,59,59,25,46,49,42,64,64,64,34,52,54,60,69,66,61,61,52,54,54,52,54,53,56,57,55,53,57,53,58,50,55,52,55,58,56,49,54,55,54,56,48,57,60,56,53,58,59,48,54,53,52,50,56,50,52,54,48,58,41,60,50,59,49,61,61,57,48,56,55,54,54,60,51,68,61,54,52,52,60,49,55,51,51,58,56,52,50,57,61,55,62,60,58,63,63,61,56,59,61,61,57,59,57,60,57,52,107,34,41,40,41,63,14,36,35,36,45,37,39,38,41,37,47,40,36,59,44,39,69,37,44,44,55,36,42,44,39,34,41,38,35,27,29,38,27,32,27,38,29,30,34,31,28,13,24,36,37,32,39,66,32,37,34,39,24,36,53,28,35,29,33,43,34,33,47,40,56,32,62,34,38,37,41,35,36,40,65,37,61,37,28,34,36,42,42,35,25,33,23,31,23,27,22,30,39,36,28,32,25,44,25,29,25,27,29,36,25,28,34,27,28,25,26,23,24,25,26,22,33,26,21,23,22,24,28,29,35,34,28,31,23,22,28,24,90,23,16,88,23,49,34,21,31,18,22,19,26,20,24,23,18,22,18,17,18,14,32,18,22,29,12,21,22,21,18,20,17,19,21,22,15,20,22,21,0,15,15,23,14,14,17,32,18,22,23,18,21,16,16,16,21,16,23,17,24,16,17,19,19,17,14,24,16,24,24,21,21,15,15,21,21,17,22,17,18,16,14,17,14,254,18,18,15,19,17,14,20,26,25,27,19,16,15,28,19,19,19,21,18,22,20,21,27,18,22,21,14,17,22,23,22,22,16,20,23,10,18,24,18,16,16,13,19,19,21,28,20,19,14,23,20,15,19,16,21,22,17,17,18,19,19,17,18,16,18,19,14,19,17,17,15,16,16,15,25,16,23,14,18,14,17,18,15,15,17,14,13,14,17,16,16,18,18,22,18,23,20,24,18,18,18,16,19,18,14,17,15,18,13,17,17,15,16,14,13,10,13,72,11,18,16,17,51,12,19,12,13,17,13,14
EPI_ISL_812810,129,127,127,124,123,69,120,78,69,77,74,84,112,96,96,86,96,100,90,88,88,63,68,53,54,71,71,50,50,51,71,51,49,49,51,36,26,40,42,54,54,42,55,55,28,45,48,43,60,60,60,33,53,50,56,65,62,57,57,48,50,50,48,50,49,52,53,51,49,53,49,54,46,51,48,51,54,52,45,50,51,50,52,44,53,56,52,49,54,55,44,50,49,48,46,52,46,48,50,44,54,34,56,46,55,42,57,57,53,44,52,51,50,50,56,47,64,57,50,48,48,56,45,51,47,47,54,52,48,46,53,57,51,61,56,54,59,59,57,52,55,57,57,53,55,53,56,53,48,108,35,42,39,42,64,5,35,34,35,44,36,40,37,40,38,46,41,35,58,45,38,68,36,45,45,56,37,41,45,38,33,40,37,34,28,30,29,26,31,22,37,30,31,33,30,29,4,19,37,36,33,38,67,33,28,35,30,25,27,54,27,34,28,34,34,35,32,48,39,57,33,61,33,39,38,42,34,37,39,64,36,62,36,27,33,37,41,41,36,24,28,22,28,18,22,17,24,33,30,23,27,20,43,20,24,20,22,24,31,20,25,29,30,27,24,25,22,23,24,25,23,32,25,20,18,21,23,23,30,26,33,29,30,22,21,27,19,85,22,9,87,22,48,29,18,30,15,17,16,23,19,23,22,13,21,13,12,13,9,31,13,21,24,7,20,21,20,11,15,16,14,22,15,6,9,15,18,15,0,6,22,11,5,8,23,7,21,22,17,14,9,7,7,20,7,14,12,23,7,8,14,18,16,5,21,7,23,23,20,22,12,14,14,12,16,19,10,17,15,5,16,5,249,17,17,10,10,16,15,21,19,16,18,10,7,6,27,18,18,16,14,13,21,15,16,22,13,17,16,15,16,17,22,21,17,11,15,18,11,19,19,17,11,9,14,14,14,20,27,15,14,11,18,15,12,14,11,12,21,10,6,17,18,14,8,17,17,17,18,15,18,12,12,10,17,15,10,16,11,17,9,13,9,12,11,10,10,14,9,8,9,10,11,9,13,13,17,17,24,19,23,17,17,17,11,18,15,13,16,14,17,8,12,10,10,9,5,8,11,8,67,6,12,11,12,48,7,8,9,8,16,8,9
EPI_ISL_812802,129,127,127,124,123,69,120,76,67,75,72,84,112,96,96,86,96,100,90,88,88,63,68,53,54,71,71,50,50,51,71,51,49,49,51,38,26,42,44,54,54,44,55,55,28,47,50,45,60,60,60,35,53,50,56,65,62,57,57,48,50,50,48,50,49,52,53,51,49,53,49,54,46,51,48,51,54,52,45,50,51,50,52,44,53,56,52,49,54,55,44,50,49,48,46,52,46,48,50,44,54,32,56,46,55,42,57,57,53,44,52,51,50,50,56,47,64,57,50,48,48,56,45,51,47,47,54,52,48,46,53,57,51,63,56,54,59,59,57,52,55,57,57,53,55,53,56,53,48,108,37,42,41,44,64,3,37,36,37,46,38,42,39,42,40,48,43,37,60,45,40,70,38,45,45,58,37,43,45,38,35,42,39,36,28,30,27,28,33,22,39,30,33,35,32,29,2,19,39,38,35,40,67,33,26,35,30,25,25,54,29,36,30,34,32,37,34,48,39,59,35,63,35,39,40,42,36,39,39,64,38,62,38,29,35,39,43,43,36,26,28,24,28,18,22,17,25,34,31,23,27,20,45,20,24,20,22,24,31,20,25,29,30,29,26,27,24,25,26,27,23,34,27,22,18,23,25,23,30,26,35,31,32,24,23,29,19,85,24,9,89,24,50,29,18,32,15,17,16,23,21,25,24,13,23,13,12,13,9,33,13,23,24,7,22,23,22,9,15,18,14,24,15,6,11,15,18,15,6,0,24,13,3,6,21,7,23,22,19,14,7,5,5,20,5,12,12,25,5,6,14,18,18,3,23,5,25,23,22,24,12,16,14,12,18,17,10,19,17,3,18,3,249,19,19,12,8,18,15,23,21,14,16,8,5,4,29,20,20,16,12,13,23,15,16,22,13,17,16,15,18,17,24,23,17,11,15,18,11,19,19,19,11,9,14,14,14,22,29,15,14,11,18,15,12,14,11,10,23,10,6,19,20,14,8,19,17,19,20,15,20,12,12,10,17,17,10,14,11,17,9,13,9,12,11,10,10,14,9,8,9,10,11,9,13,13,17,19,24,21,25,19,19,19,11,20,15,15,18,16,19,8,12,10,10,9,5,8,11,8,67,6,12,11,12,48,7,8,7,8,18,8,9
EPI_ISL_812807,137,135,135,132,131,77,128,86,77,85,82,92,120,102,102,88,104,106,92,92,88,76,81,66,67,84,84,63,63,64,84,64,62,62,64,30,22,32,34,67,67,34,68,68,24,37,40,35,73,73,73,23,61,63,69,78,75,70,70,61,63,63,61,63,62,65,66,64,62,66,62,67,59,64,61,64,67,65,58,63,64,61,65,57,66,69,65,62,67,68,57,63,60,61,59,65,59,61,63,57,67,50,69,59,68,58,70,70,66,57,65,64,63,63,69,60,77,70,63,61,61,69,58,64,60,60,67,65,61,59,66,70,64,51,69,67,72,72,70,65,68,70,70,66,68,66,69,66,61,116,27,50,31,32,56,23,27,26,27,34,28,30,29,30,28,36,31,27,50,53,28,58,26,51,53,48,29,31,35,40,25,32,39,24,20,24,47,22,25,36,31,38,33,27,22,25,22,33,27,28,23,28,75,25,46,29,34,27,45,62,25,26,24,42,52,25,22,56,29,49,25,53,25,47,28,32,26,27,31,56,26,70,28,27,25,29,33,31,44,20,42,22,42,32,36,31,38,45,41,36,41,32,33,34,38,31,36,38,44,34,39,43,36,23,20,21,18,19,16,21,31,22,15,16,32,17,23,37,38,44,23,21,30,22,17,17,33,99,12,25,83,18,44,43,32,26,29,31,30,37,15,19,18,27,17,27,26,27,23,27,27,13,38,21,16,17,14,27,27,12,28,12,31,24,23,25,16,23,22,24,0,15,23,26,41,19,17,36,9,24,25,25,25,34,25,32,26,19,25,26,28,22,18,23,15,25,19,23,20,12,20,12,30,22,12,27,26,7,13,23,12,23,263,13,13,20,20,14,23,23,23,34,36,24,23,24,23,8,16,30,30,27,17,29,30,36,27,31,30,23,8,31,14,13,31,25,29,30,19,27,33,7,25,25,22,28,28,16,23,29,28,25,32,29,26,28,25,30,17,26,22,15,8,28,26,13,25,13,14,23,14,26,26,24,25,11,24,34,25,32,23,27,23,26,27,24,24,28,23,22,23,26,25,25,27,27,31,7,32,15,19,13,13,13,25,14,27,15,6,14,9,22,26,26,24,25,23,22,19,22,81,20,27,25,26,62,19,26,21,22,14,22,23
EPI_ISL_812869,128,126,126,123,122,68,119,77,68,76,73,83,111,93,93,83,95,97,87,85,85,67,72,57,58,75,75,54,54,55,75,55,53,53,55,29,19,33,35,58,58,35,59,59,21,38,41,36,64,64,64,26,52,54,60,69,66,61,61,52,54,54,52,54,53,56,57,55,53,57,53,58,50,55,52,55,58,56,49,54,55,54,56,48,57,60,56,53,58,59,48,54,53,52,50,56,50,52,54,48,58,41,60,50,59,49,61,61,57,48,56,55,54,54,60,51,68,61,54,52,52,60,49,55,51,51,58,56,52,50,57,61,55,54,60,58,63,63,61,56,59,61,61,57,59,57,60,57,52,107,28,41,32,35,57,12,28,27,28,37,29,33,30,33,31,39,34,28,51,44,31,61,29,44,44,49,30,34,38,33,26,33,32,27,21,23,36,19,24,27,30,29,26,26,23,22,11,24,30,29,26,31,66,26,35,28,31,20,34,53,20,27,21,33,41,28,25,47,32,50,26,54,26,38,31,35,27,30,32,57,29,61,29,20,26,30,34,34,35,17,33,15,33,23,27,22,29,38,33,27,32,23,36,25,29,23,27,29,35,25,30,34,29,20,17,18,15,16,17,18,22,25,18,13,23,14,16,28,29,33,26,22,23,15,14,20,24,90,15,14,80,15,41,34,23,23,20,22,21,28,12,16,15,18,14,18,17,18,14,24,18,14,29,12,13,14,13,16,20,9,19,15,20,13,16,18,15,14,11,13,15,0,12,15,30,12,14,27,10,17,16,14,14,25,14,21,17,16,14,15,19,17,11,12,14,14,16,20,13,15,11,7,21,17,9,18,15,10,8,12,9,12,254,10,10,9,13,9,14,16,20,23,25,17,12,13,20,11,11,21,19,18,14,20,21,27,18,22,21,14,9,22,15,14,22,16,20,23,10,18,24,10,16,16,13,19,19,13,20,20,19,16,23,20,17,19,16,19,14,17,11,10,11,19,15,10,16,10,11,14,11,17,17,15,16,8,15,23,16,22,14,18,14,17,16,15,15,19,14,13,14,15,16,14,18,18,22,10,23,12,16,10,10,10,16,11,16,8,9,7,10,13,17,15,15,16,12,13,10,13,72,11,17,16,17,53,12,15,10,13,9,13,14
EPI_ISL_812867,128,126,126,123,122,68,119,75,66,74,71,83,111,95,95,85,95,99,89,87,87,62,67,52,53,70,70,49,49,50,70,50,48,48,50,37,25,41,43,53,53,43,54,54,27,46,49,44,59,59,59,34,52,49,55,64,61,56,56,47,49,49,47,49,48,51,52,50,48,52,48,53,45,50,47,50,53,51,44,49,50,49,51,43,52,55,51,48,53,54,43,49,48,47,45,51,45,47,49,43,53,31,55,45,54,41,56,56,52,43,51,50,49,49,55,46,63,56,49,47,47,55,44,50,46,46,53,51,47,45,52,56,50,62,55,53,58,58,56,51,54,56,56,52,54,52,55,52,47,107,36,41,40,43,63,2,36,35,36,45,37,41,38,41,39,47,42,36,59,44,39,69,37,44,44,57,36,42,44,37,34,41,38,35,27,29,26,27,32,21,38,29,32,34,31,28,1,18,38,37,34,39,66,32,25,34,29,24,24,53,28,35,29,33,31,36,33,47,38,58,34,62,34,38,39,41,35,38,38,63,37,61,37,28,34,38,42,42,35,25,27,23,27,17,21,16,24,33,30,22,26,19,44,19,23,19,21,23,30,19,24,28,29,28,25,26,23,24,25,26,22,33,26,21,17,22,24,22,29,25,34,30,31,23,22,28,18,84,23,8,88,23,49,28,17,31,14,16,15,22,20,24,23,12,22,12,11,12,8,32,12,22,23,6,21,22,21,8,14,17,13,23,14,5,10,14,17,14,5,3,23,12,0,5,20,6,22,21,18,13,6,4,4,19,4,11,11,24,4,5,13,17,17,2,22,4,24,22,21,23,11,15,13,11,17,16,9,18,16,2,17,2,248,18,18,11,7,17,14,22,20,13,15,7,4,3,28,19,19,15,11,12,22,14,15,21,12,16,15,14,17,16,23,22,16,10,14,17,10,18,18,18,10,8,13,13,13,21,28,14,13,10,17,14,11,13,10,9,22,9,5,18,19,13,7,18,16,18,19,14,19,11,11,9,16,16,9,13,10,16,8,12,8,11,10,9,9,13,8,7,8,9,10,8,12,12,16,18,23,20,24,18,18,18,10,19,14,14,17,15,18,7,11,9,9,8,4,7,10,7,66,5,11,10,11,47,6,7,6,7,17,7,8
EPI_ISL_812843,131,129,129,126,125,71,122,78,69,77,74,86,114,98,98,88,98,102,92,90,90,65,70,55,56,73,73,52,52,53,73,53,51,51,53,40,28,44,46,56,56,46,57,57,30,49,52,47,62,62,62,37,55,52,58,67,64,59,59,50,52,52,50,52,51,54,55,53,51,55,51,56,48,53,50,53,56,54,47,52,53,52,54,46,55,58,54,51,56,57,46,52,51,50,48,54,48,50,52,46,56,34,58,48,57,44,59,59,55,46,54,53,52,52,58,49,66,59,52,50,50,58,47,53,49,49,56,54,50,48,55,59,53,65,58,56,61,61,59,54,57,59,59,55,57,55,58,55,50,110,39,44,43,46,66,5,39,38,39,48,40,44,41,44,42,50,45,39,62,47,42,72,40,47,47,60,39,45,47,40,37,44,41,38,30,32,29,30,35,22,41,32,35,37,34,31,4,19,41,40,37,42,69,35,28,37,32,27,27,56,31,38,32,36,34,39,36,50,41,61,37,65,37,41,42,44,38,41,41,66,40,64,40,31,37,41,45,45,38,28,26,26,28,16,22,15,25,35,32,24,29,20,47,20,24,21,23,24,33,20,25,31,32,31,28,29,26,27,28,29,25,36,29,24,18,25,27,23,32,26,37,33,34,26,25,31,19,83,26,9,91,26,52,29,16,34,13,15,14,21,23,27,26,11,25,11,10,11,9,35,15,25,24,7,24,23,24,11,15,20,16,26,15,8,13,17,20,17,8,6,26,15,5,0,23,9,25,22,21,16,9,7,7,20,7,14,12,27,7,8,12,20,20,5,25,7,27,25,24,26,14,18,14,14,20,19,12,21,19,5,20,5,249,21,21,14,10,20,17,25,23,14,18,10,7,4,31,22,22,16,10,11,25,15,16,22,13,17,16,17,20,17,26,25,17,11,17,18,13,21,19,21,11,7,16,14,14,24,31,13,14,11,18,17,12,16,9,12,25,12,8,21,22,14,8,21,19,21,22,17,22,12,12,10,19,19,10,16,13,17,7,13,9,12,11,10,11,14,11,6,7,9,11,9,14,13,17,21,26,23,27,21,21,21,13,22,17,17,20,18,21,8,12,12,12,7,7,6,13,6,67,8,11,12,12,46,9,10,9,8,20,8,9
EPI_ISL_812821,144,142,142,139,138,84,135,91,82,90,87,99,127,111,111,101,111,115,105,103,103,78,85,70,71,88,88,67,67,68,88,68,66,66,68,55,43,59,61,71,71,61,72,72,45,64,67,62,77,77,77,52,70,67,73,82,79,74,74,65,67,67,65,67,66,69,70,68,66,70,66,71,63,68,65,68,71,69,62,67,68,67,69,61,70,73,69,66,71,72,61,67,66,65,63,69,63,65,67,61,71,49,73,63,72,59,74,74,70,61,69,68,67,67,73,64,81,74,67,65,65,73,62,68,64,64,71,69,65,63,70,74,68,80,73,71,76,76,74,69,72,74,74,70,72,70,73,70,65,123,54,59,58,61,81,20,54,53,54,63,55,59,56,59,57,65,60,54,77,62,57,87,55,62,62,75,54,60,62,55,52,59,56,53,45,47,14,45,50,35,56,47,50,52,49,46,19,36,56,55,52,57,84,50,15,52,39,32,16,71,44,53,47,51,17,54,51,65,56,76,50,80,52,56,57,59,53,56,55,81,55,79,55,44,52,56,60,60,53,43,45,39,45,35,37,34,40,50,47,39,44,37,62,35,39,36,39,39,47,37,42,46,47,46,43,44,41,42,43,44,40,51,42,39,35,40,40,40,47,39,52,48,47,39,40,46,36,100,41,26,106,41,67,46,35,49,32,34,33,40,38,42,41,30,39,30,29,30,26,49,30,40,41,24,38,40,39,26,32,35,31,41,32,23,28,32,35,32,23,21,41,30,20,23,0,24,40,37,36,31,24,22,22,35,22,15,29,42,22,23,31,35,35,20,40,22,42,40,37,41,29,33,31,29,35,34,27,36,34,20,35,20,266,36,36,29,25,35,32,40,38,31,15,25,22,21,46,37,37,33,29,30,40,32,31,37,30,32,31,32,35,32,41,40,32,28,32,35,28,36,34,36,28,26,31,31,31,39,46,32,31,28,35,32,29,31,28,27,40,27,23,36,37,31,25,36,34,36,37,32,37,27,29,27,34,34,27,17,28,34,26,30,26,29,28,27,27,31,26,25,26,27,28,26,30,30,34,36,41,38,42,36,36,36,28,37,32,32,35,33,36,25,29,27,27,26,22,25,28,25,84,23,29,28,29,65,24,17,24,25,35,25,26
EPI_ISL_812805,132,130,130,127,126,72,123,79,70,78,75,87,115,99,99,89,99,103,93,91,91,66,71,56,57,74,74,53,53,54,74,54,52,52,54,35,25,39,41,57,57,41,58,58,27,44,47,42,63,63,63,30,56,53,59,68,65,60,60,51,53,53,51,53,52,55,56,54,52,56,52,57,49,54,51,54,57,55,48,53,54,53,55,47,56,59,55,52,57,58,47,53,52,51,49,55,49,51,53,47,57,35,59,49,58,45,60,60,56,47,55,54,53,53,59,50,67,60,53,51,51,59,48,54,50,50,57,55,51,49,56,60,54,58,59,57,62,62,60,55,58,60,60,56,58,56,59,56,51,111,32,45,36,39,59,6,32,31,32,41,33,37,34,37,35,43,38,32,55,48,35,65,33,46,48,53,32,38,40,37,30,37,38,31,25,29,30,25,30,25,36,33,32,32,29,28,5,22,34,33,30,35,70,30,29,34,29,28,28,57,28,33,27,37,35,32,29,51,34,54,30,58,30,42,35,37,29,34,34,59,33,65,33,28,30,34,38,38,39,25,31,23,31,21,25,20,27,36,32,25,30,22,40,23,27,22,25,27,34,23,28,32,33,28,25,26,23,24,23,26,26,29,22,21,21,22,24,26,33,29,30,28,29,23,22,24,22,88,19,12,88,23,49,32,21,31,18,20,19,26,20,24,23,16,22,16,15,16,12,32,16,20,27,10,21,22,19,12,18,17,17,19,18,9,12,18,21,18,7,7,19,12,6,9,24,0,22,25,16,17,10,8,8,23,8,15,15,24,8,9,17,21,17,6,18,8,24,24,21,19,13,15,17,13,17,20,13,14,16,6,17,6,252,18,18,13,9,17,18,22,20,17,19,9,8,7,28,15,19,19,15,16,22,18,19,25,16,20,19,18,13,20,19,18,20,14,18,21,14,22,22,14,14,12,17,17,17,21,28,18,17,14,21,18,15,17,14,13,22,13,7,18,15,17,11,18,20,18,19,18,19,15,15,13,20,16,13,17,14,20,12,16,12,15,14,13,13,17,12,11,12,13,14,12,16,16,20,14,25,20,24,18,18,18,14,19,18,14,13,15,16,11,15,13,13,12,8,11,14,11,70,9,15,14,15,51,8,9,10,11,17,11,12
EPI_ISL_2232276,136,134,134,131,130,76,127,85,76,84,81,91,119,101,101,89,103,105,93,91,89,75,80,65,66,83,83,62,62,63,83,63,61,61,63,33,25,35,37,66,66,37,67,67,27,40,43,38,72,72,72,28,60,62,68,77,74,69,69,60,62,62,60,62,61,64,65,63,61,65,61,66,58,63,60,63,66,64,57,62,63,60,64,56,65,68,64,61,66,67,56,62,59,60,58,64,58,60,62,56,66,49,68,58,67,57,69,69,65,56,64,63,62,62,68,59,76,69,62,60,60,68,57,63,59,59,66,64,60,58,65,69,63,56,68,66,71,71,69,64,67,69,69,65,67,65,68,65,60,115,32,49,36,37,61,22,32,31,32,39,33,35,34,35,33,41,36,32,55,52,33,63,31,52,52,53,34,36,40,39,30,37,38,29,25,27,46,25,28,35,34,37,32,30,25,28,21,32,32,33,28,33,74,30,45,32,37,24,44,61,22,29,25,41,51,30,27,55,34,54,30,58,30,46,33,37,31,32,36,61,31,69,33,26,30,34,38,36,43,17,41,21,41,31,35,30,37,45,40,35,40,31,38,33,37,30,35,37,41,33,38,40,35,20,17,18,15,16,19,18,30,27,20,13,31,14,22,36,37,43,28,24,29,21,14,22,32,98,17,24,80,17,43,42,31,23,28,30,29,28,12,16,15,26,14,26,25,26,22,16,26,16,37,20,13,16,15,26,26,5,27,17,30,23,22,24,21,22,21,23,17,14,22,25,40,22,0,35,12,23,24,24,24,33,24,31,25,16,24,25,27,21,17,22,20,24,16,20,19,17,19,11,29,21,9,24,25,12,12,22,9,22,262,10,10,19,19,13,22,22,20,33,35,25,22,23,20,13,15,29,29,26,16,20,27,27,26,30,29,22,11,28,9,8,26,24,24,29,18,26,32,12,24,24,21,27,27,9,20,24,27,24,27,28,25,27,24,29,16,25,21,14,13,27,25,10,24,10,11,22,11,25,25,23,24,8,23,33,24,31,22,26,22,25,26,23,23,27,22,21,22,25,24,24,26,26,30,12,31,14,12,10,10,10,24,11,26,14,11,13,12,21,25,25,23,24,22,21,18,21,80,19,26,24,25,61,20,25,20,21,13,21,22
EPI_ISL_8189308,141,139,139,136,135,81,132,89,80,88,85,96,123,107,108,97,109,111,101,100,100,75,80,65,66,83,83,62,62,63,83,63,61,61,63,50,36,54,56,66,66,56,67,67,38,59,62,57,72,72,72,47,65,62,68,77,74,69,69,60,62,62,60,62,61,64,65,63,61,63,61,66,58,63,60,63,64,62,57,60,61,60,64,54,63,66,62,61,66,65,56,62,61,60,58,64,58,58,60,56,66,48,68,58,67,56,69,69,63,56,64,63,62,62,68,59,74,69,62,60,60,66,55,61,59,59,66,64,60,58,65,69,63,75,68,66,71,71,69,64,67,69,69,65,67,65,68,65,60,120,49,54,53,56,76,21,49,48,49,58,50,54,51,54,52,60,55,49,72,57,52,80,50,57,57,70,51,55,59,52,47,54,51,48,40,42,43,40,45,28,51,42,43,47,44,41,20,27,51,50,47,52,77,45,42,47,46,35,41,66,41,48,42,46,48,49,46,60,53,71,47,75,47,51,52,56,48,51,53,78,50,74,50,41,47,51,55,55,48,38,38,36,32,28,26,27,29,43,41,33,39,28,57,24,28,30,31,29,43,28,31,41,40,41,38,39,36,37,38,39,35,46,39,34,26,35,37,31,42,40,47,43,44,36,33,41,27,95,36,21,101,36,62,39,28,44,25,27,26,33,33,37,36,23,35,23,22,23,15,45,25,35,34,15,34,33,34,25,21,30,22,34,23,20,27,29,34,23,22,22,36,27,21,22,37,25,35,0,31,28,23,23,23,4,23,30,20,37,23,24,24,30,28,21,37,23,37,37,32,34,28,28,22,28,30,35,24,31,29,21,30,21,259,31,31,28,26,30,27,33,33,30,34,26,23,20,41,32,32,22,26,23,35,25,20,26,21,21,20,27,30,21,36,35,21,23,27,24,23,31,23,31,17,21,26,22,22,34,41,25,22,17,26,27,18,26,21,28,35,20,24,31,32,20,22,31,29,31,32,27,32,16,20,18,29,29,18,32,23,27,18,24,17,20,22,18,20,22,21,18,19,22,19,19,24,21,25,31,36,33,37,31,31,31,23,32,31,27,30,28,31,16,20,22,22,21,21,18,23,18,75,18,23,21,20,56,19,26,25,16,30,16,17
EPI_ISL_812835,132,130,130,127,126,72,123,81,72,80,77,87,115,97,97,83,99,101,87,87,83,71,76,61,62,79,79,58,58,59,79,59,57,57,59,25,17,27,29,62,62,29,63,63,19,32,35,30,68,68,68,20,56,58,64,73,70,65,65,56,58,58,56,58,57,60,61,59,57,61,57,62,54,59,56,59,62,60,53,58,59,56,60,52,61,64,60,57,62,63,52,58,55,56,54,60,54,56,58,52,62,45,64,54,63,53,65,65,61,52,60,59,58,58,64,55,72,65,58,56,56,64,53,59,55,55,62,60,56,54,61,65,59,48,64,62,67,67,65,60,63,65,65,61,63,61,64,61,56,111,24,45,28,29,53,18,24,23,24,31,25,27,26,27,25,33,28,24,47,48,25,55,23,48,48,45,26,28,32,35,22,29,34,21,17,19,42,17,20,31,26,33,28,22,17,20,17,28,24,25,20,25,70,22,41,24,31,22,40,57,20,21,19,37,47,22,19,51,26,46,22,50,22,42,25,29,23,24,28,53,23,65,25,22,22,26,30,28,39,15,37,17,37,27,31,26,33,41,36,31,36,27,30,29,33,26,31,33,39,29,34,38,31,18,15,16,13,14,11,16,26,19,12,11,27,12,18,32,33,39,20,16,25,17,12,14,28,94,9,20,78,13,39,38,27,21,24,26,25,32,10,14,13,22,12,22,21,22,18,22,22,8,33,16,11,12,9,22,22,7,23,9,26,19,18,20,17,18,17,19,9,10,18,21,36,16,12,31,0,19,20,20,20,29,20,27,21,14,20,21,23,17,13,18,12,20,14,18,15,9,15,7,25,17,7,22,21,4,8,18,7,18,258,8,8,15,15,9,18,18,18,29,31,19,18,19,18,5,11,25,25,22,12,24,25,31,22,26,25,18,5,26,11,10,26,20,24,25,14,22,28,4,20,20,17,23,23,11,18,24,23,20,27,24,21,23,20,25,12,21,17,10,5,23,21,8,20,8,9,18,9,21,21,19,20,6,19,29,20,27,18,22,18,21,22,19,19,23,18,17,18,21,20,20,22,22,26,4,27,10,14,8,8,8,20,9,22,10,3,9,4,17,21,21,19,20,18,17,14,17,76,15,22,20,21,57,14,21,16,17,9,17,18
EPI_ISL_812823,135,133,133,130,129,75,126,84,75,83,80,90,118,100,100,88,102,104,92,90,90,69,74,59,60,77,77,56,56,57,77,57,55,55,57,38,28,42,44,60,60,44,61,61,30,47,50,45,66,66,66,35,59,56,62,71,68,63,63,54,56,56,54,56,55,58,59,57,55,59,55,60,52,57,54,57,60,58,51,56,57,56,58,50,59,62,58,55,60,61,50,56,55,54,52,58,52,54,56,50,60,42,62,52,61,50,63,63,59,50,58,57,56,56,62,53,70,63,56,54,54,62,51,57,53,53,60,58,54,52,59,63,57,63,62,60,65,65,63,58,61,63,63,59,61,59,62,59,54,114,37,48,41,44,66,13,37,36,37,46,38,42,39,42,40,48,43,37,60,51,40,70,38,51,51,58,39,43,47,44,35,42,43,36,28,30,37,30,33,28,39,36,37,35,32,31,12,25,39,38,35,40,73,33,36,35,32,27,35,60,29,36,30,40,42,37,34,54,41,59,35,63,35,45,40,44,36,39,41,66,38,68,38,31,35,39,43,43,42,26,34,26,34,24,28,23,31,39,36,29,33,26,45,26,30,26,28,30,36,26,31,35,34,29,26,27,24,25,26,27,29,34,27,22,24,23,27,29,36,34,35,31,34,26,23,29,25,91,24,15,89,24,50,35,24,32,21,23,22,29,21,25,24,19,23,19,18,19,15,33,19,23,30,13,22,23,22,17,19,18,20,24,21,14,17,13,22,21,14,14,24,17,13,16,31,17,23,28,19,0,17,15,15,26,15,22,18,25,15,16,20,16,22,13,23,15,25,27,24,24,18,18,22,16,18,25,16,19,19,13,18,13,255,19,19,18,16,20,21,27,23,24,26,18,13,14,29,20,22,22,20,19,17,21,22,28,19,23,22,21,18,23,24,23,23,17,21,22,17,25,25,19,17,17,20,20,20,22,29,21,20,17,24,21,18,20,17,20,15,18,16,21,20,20,16,19,23,19,20,21,20,18,18,16,23,17,16,24,17,23,15,19,15,18,17,16,16,20,15,14,15,16,17,15,19,19,23,19,30,21,25,19,19,19,17,20,23,19,18,18,19,14,18,16,16,17,13,14,17,14,73,12,18,17,18,54,13,18,17,14,20,14,15
EPI_ISL_812841,130,128,128,125,124,70,121,77,68,76,73,85,113,97,97,87,97,101,91,89,89,64,69,54,55,72,72,51,51,52,72,52,50,50,52,39,27,43,45,55,55,45,56,56,29,48,51,46,61,61,61,36,54,51,57,66,63,58,58,49,51,51,49,51,50,53,54,52,50,54,50,55,47,52,49,52,55,53,46,51,52,51,53,45,54,57,53,50,55,56,45,51,50,49,47,53,47,49,51,45,55,33,57,47,56,43,58,58,54,45,53,52,51,51,57,48,65,58,51,49,49,57,46,52,48,48,55,53,49,47,54,58,52,64,57,55,60,60,58,53,56,58,58,54,56,54,57,54,49,109,38,43,42,45,65,6,38,37,38,47,39,43,40,43,41,49,44,38,61,46,41,71,39,46,46,59,38,44,46,39,36,43,40,37,29,31,30,29,33,23,40,31,34,36,33,30,5,20,40,39,36,41,68,34,29,36,33,26,28,55,30,37,31,35,35,38,35,49,40,60,36,64,36,40,41,43,37,40,40,65,39,63,39,30,36,40,44,44,37,27,29,25,29,19,23,18,26,35,32,24,28,21,46,21,25,21,23,25,32,21,26,30,31,30,27,28,25,26,27,28,24,35,28,23,19,24,26,24,31,29,36,32,33,25,24,30,20,86,25,12,90,25,51,30,19,33,16,18,17,24,22,26,25,14,24,14,13,14,10,34,12,24,25,8,23,24,23,12,16,19,15,25,18,9,14,18,21,16,9,7,25,16,6,9,24,10,24,23,20,17,0,8,8,21,8,15,13,26,8,9,15,19,19,6,26,8,26,24,23,25,15,17,15,15,19,20,13,20,18,6,19,6,250,20,20,15,11,19,16,24,22,17,19,11,8,7,30,21,21,17,15,14,24,16,17,23,14,18,17,16,19,18,25,24,18,12,14,19,12,20,20,20,12,10,15,15,15,23,30,16,15,12,19,16,13,15,12,13,24,11,9,20,21,15,11,20,18,20,21,16,21,13,13,11,18,18,11,17,12,19,10,14,10,13,14,11,11,15,10,9,10,13,12,12,14,14,18,20,25,22,26,20,20,20,12,21,18,16,19,17,20,9,13,13,11,10,8,9,12,9,68,7,14,12,13,49,8,11,10,9,19,9,10
EPI_ISL_812870,130,128,128,125,124,70,121,77,68,76,73,85,113,97,97,87,97,101,91,89,89,64,69,54,55,72,72,51,51,52,72,52,50,50,52,39,27,43,45,55,55,45,56,56,29,48,51,46,61,61,61,36,54,51,57,66,63,58,58,49,51,51,49,51,50,53,54,52,50,54,50,55,47,52,49,52,55,53,46,51,52,51,53,45,54,57,53,50,55,56,45,51,50,49,47,53,47,49,51,45,55,33,57,47,56,43,58,58,54,45,53,52,51,51,57,48,65,58,51,49,49,57,46,52,48,48,55,53,49,47,54,58,52,64,57,55,60,60,58,53,56,58,58,54,56,54,57,54,49,109,38,43,42,45,65,4,38,37,38,47,39,43,40,43,41,49,44,38,61,46,41,71,39,46,46,59,38,44,46,39,36,43,40,37,29,31,28,29,34,23,40,31,34,36,33,30,3,20,40,39,36,41,68,34,27,36,31,26,26,55,30,37,31,35,33,38,35,49,40,60,36,64,36,40,41,43,37,40,40,65,39,63,39,30,36,40,44,44,37,27,29,25,29,19,23,18,26,35,32,24,28,21,46,21,25,21,23,25,32,21,26,30,31,30,27,28,25,26,27,28,24,35,28,23,19,24,26,24,31,27,36,32,33,25,24,30,20,86,25,10,90,25,51,30,19,33,16,18,17,24,22,26,25,14,24,14,13,14,10,34,14,24,25,8,23,24,23,10,16,19,15,25,16,7,12,16,19,16,7,5,25,14,4,7,22,8,24,23,20,15,8,0,6,21,6,13,13,26,6,7,15,19,19,4,24,6,26,24,23,25,13,17,15,13,19,18,11,20,18,4,19,4,250,20,20,13,9,19,16,24,22,15,17,9,6,5,30,21,21,17,13,14,24,16,17,23,14,18,17,16,19,18,25,24,18,12,16,19,12,20,20,20,12,10,15,15,15,23,30,16,15,12,19,16,13,15,12,11,24,11,7,20,21,15,9,20,18,20,21,16,21,13,13,11,18,18,11,15,12,18,10,14,10,13,12,11,11,15,10,9,10,11,12,10,14,14,18,20,25,22,26,20,20,20,12,21,16,16,19,17,20,9,13,11,11,10,6,9,12,9,68,7,13,12,13,49,8,9,8,9,19,9,10
EPI_ISL_812831,130,128,128,125,124,70,121,77,68,76,73,85,113,97,97,87,97,101,91,89,89,64,69,54,55,72,72,51,51,52,72,52,50,50,52,39,27,43,45,55,55,45,56,56,29,48,51,46,61,61,61,36,54,51,57,66,63,58,58,49,51,51,49,51,50,53,54,52,50,54,50,55,47,52,49,52,55,53,46,51,52,51,53,45,54,57,53,50,55,56,45,51,50,49,47,53,47,49,51,45,55,33,57,47,56,43,58,58,54,45,53,52,51,51,57,48,65,58,51,49,49,57,46,52,48,48,55,53,49,47,54,58,52,64,57,55,60,60,58,53,56,58,58,54,56,54,57,54,49,109,38,43,42,45,65,4,38,37,38,47,39,43,40,43,41,49,44,38,61,46,41,71,39,46,46,59,38,44,46,39,36,43,40,37,29,31,28,29,34,23,40,31,34,36,33,30,3,20,40,39,36,41,68,34,27,36,31,26,26,55,30,37,31,35,33,38,35,49,40,60,36,64,36,40,41,43,37,40,40,65,39,63,39,30,36,40,44,44,37,27,29,25,29,19,23,18,26,35,32,24,28,21,46,21,25,21,23,25,32,21,26,30,31,30,27,28,25,26,27,28,24,35,28,23,19,24,26,24,31,27,36,32,33,25,24,30,20,86,25,10,90,25,51,30,19,33,16,18,17,24,22,26,25,14,24,14,13,14,10,34,14,24,25,8,23,24,23,10,16,19,15,25,16,7,12,16,19,16,7,5,25,14,4,7,22,8,24,23,20,15,8,6,0,21,6,13,13,26,6,7,15,19,19,4,24,6,26,24,23,25,13,17,15,13,19,18,11,20,18,4,19,4,250,20,20,13,9,19,16,24,22,15,17,9,6,5,30,21,21,17,13,14,24,16,17,23,14,18,17,16,19,18,25,24,18,12,16,19,12,20,20,20,12,10,15,15,15,23,30,16,15,12,19,16,13,15,12,11,24,11,7,20,21,15,9,20,18,20,21,16,21,13,13,11,18,18,11,15,12,18,10,14,10,13,12,11,11,15,10,9,10,11,12,10,14,14,18,20,25,22,26,20,20,20,12,21,16,16,19,17,20,9,13,11,11,10,6,9,12,9,68,7,13,12,13,49,8,9,8,9,19,9,10
EPI_ISL_8189307,139,137,137,134,133,79,130,87,78,86,83,94,121,105,106,95,107,109,99,98,98,73,78,63,64,81,81,60,60,61,81,61,59,59,61,48,34,52,54,64,64,54,65,65,36,57,60,55,70,70,70,45,63,60,66,75,72,67,67,58,60,60,58,60,59,62,63,61,59,61,59,64,56,61,58,61,62,60,55,58,59,58,62,52,61,64,60,59,64,63,54,60,59,58,56,62,56,56,58,54,64,46,66,56,65,54,67,67,61,54,62,61,60,60,66,57,72,67,60,58,58,64,53,59,57,57,64,62,58,56,63,67,61,73,66,64,69,69,67,62,65,67,67,63,65,63,66,63,58,118,47,52,51,54,74,19,47,46,47,56,48,52,49,52,50,58,53,47,70,55,50,78,48,55,55,68,49,53,57,50,45,52,49,46,38,40,41,38,43,26,49,40,41,45,42,39,18,25,49,48,45,50,75,43,40,45,44,33,39,64,39,46,40,44,46,47,44,58,51,69,45,73,45,49,50,54,46,49,51,76,48,72,48,39,45,49,53,53,46,36,36,34,30,26,24,25,27,41,39,31,37,26,55,22,26,28,29,27,41,26,29,39,38,39,36,37,34,35,36,37,33,44,37,32,24,33,35,29,40,38,45,41,42,34,31,39,25,93,34,19,99,34,60,37,26,42,23,25,24,31,31,35,34,21,33,21,20,21,13,43,23,33,32,13,32,31,32,23,19,28,20,32,21,18,25,27,32,21,20,20,34,25,19,20,35,23,33,4,29,26,21,21,21,0,21,28,18,35,21,22,22,28,26,19,35,21,35,35,30,32,26,26,20,26,28,33,22,29,27,19,28,19,257,29,29,26,24,28,25,31,31,28,32,24,21,18,39,30,30,20,24,21,33,23,18,24,19,19,18,25,28,19,34,33,19,21,25,22,21,29,21,29,15,19,24,20,20,32,39,23,20,15,24,25,16,24,19,26,33,18,22,29,30,18,20,29,27,29,30,25,30,14,18,16,27,27,16,30,21,25,16,22,15,18,20,16,18,20,19,16,17,20,17,17,22,19,23,29,34,31,35,29,29,29,21,30,29,25,28,26,29,14,18,20,20,19,19,16,21,16,73,16,21,19,18,54,17,24,23,14,28,14,15
EPI_ISL_812811,130,128,128,125,124,70,121,77,68,76,73,85,113,97,97,87,97,101,91,89,89,64,69,54,55,72,72,51,51,52,72,52,50,50,52,39,27,43,45,55,55,45,56,56,29,48,51,46,61,61,61,36,54,51,57,66,63,58,58,49,51,51,49,51,50,53,54,52,50,54,50,55,47,52,49,52,55,53,46,49,52,51,53,45,54,57,53,50,55,56,45,51,50,49,47,53,47,49,51,45,55,33,57,47,56,43,58,58,54,45,53,52,51,51,57,48,65,58,51,49,49,57,46,52,48,48,55,53,49,47,54,58,52,64,57,55,60,60,58,53,56,58,58,54,56,54,57,54,49,109,38,43,42,45,65,4,38,37,38,47,39,43,40,43,41,49,44,38,61,46,41,71,39,46,46,59,38,44,46,39,36,43,40,37,29,31,28,29,34,23,40,31,34,36,33,30,3,20,40,39,36,41,68,34,27,36,31,26,26,55,30,37,31,35,33,38,35,49,40,60,36,64,36,40,41,43,37,40,40,65,39,63,39,30,36,40,44,44,37,27,29,25,29,19,23,18,26,35,32,24,28,21,46,21,25,21,23,25,32,21,26,30,31,30,27,28,25,26,27,28,24,35,28,23,19,24,26,24,31,27,36,32,33,25,24,30,20,86,25,10,90,25,51,30,19,33,16,18,17,24,22,26,25,14,24,14,13,14,10,34,14,24,25,8,23,24,23,10,16,19,15,25,16,7,12,16,19,16,7,5,25,14,4,7,22,8,24,23,20,15,8,6,6,21,0,13,13,26,6,7,15,19,19,4,24,6,26,24,23,25,11,17,15,13,19,18,11,20,18,4,19,4,250,20,20,13,9,19,16,24,22,15,17,9,6,5,30,21,21,17,13,14,24,16,17,23,14,18,17,16,19,18,25,24,18,12,16,19,12,20,20,20,12,10,15,15,15,23,30,16,15,12,19,16,13,15,12,11,24,11,7,20,21,15,9,20,18,20,21,16,21,13,13,11,18,18,11,15,12,18,10,14,10,13,12,11,11,15,10,9,10,11,12,10,14,14,18,20,25,22,26,20,20,20,12,21,16,16,19,17,20,9,13,11,11,10,6,9,12,9,68,7,13,12,13,49,8,9,8,9,19,9,10
EPI_ISL_529142,137,135,135,132,131,77,128,84,75,83,80,91,119,103,103,93,103,107,97,96,96,71,76,61,62,79,79,58,58,59,79,59,57,57,59,45,34,49,51,62,62,51,63,63,36,54,57,52,68,68,68,43,60,58,64,73,70,65,65,56,58,58,56,58,57,60,61,59,57,61,57,62,54,59,56,59,62,60,53,58,59,58,60,52,61,64,60,57,62,63,52,58,57,56,54,60,54,56,58,52,62,40,64,54,63,50,65,65,61,52,60,59,58,58,64,55,72,65,58,56,56,64,53,59,55,55,62,60,56,54,61,65,59,70,64,62,67,67,65,60,63,65,65,61,63,61,64,61,56,115,45,50,49,51,72,11,45,44,45,54,46,50,47,50,48,55,51,45,68,53,48,78,46,53,53,66,45,51,53,46,43,50,47,44,36,38,23,36,41,28,47,38,41,43,40,37,10,27,47,46,43,48,75,41,22,43,34,29,23,61,37,44,38,42,25,45,42,56,47,67,41,71,43,47,48,50,44,47,46,72,46,70,46,35,43,47,51,51,44,34,36,30,36,26,30,25,33,42,38,30,35,28,52,28,32,27,30,32,38,28,33,37,38,37,34,35,32,33,34,35,31,42,33,30,26,31,31,31,38,30,43,39,38,30,31,37,27,93,32,17,97,32,58,37,26,40,23,25,24,31,29,33,32,21,30,21,20,21,17,40,21,31,32,15,29,31,30,17,23,26,22,32,23,14,19,23,26,23,14,12,32,21,11,14,15,15,31,30,27,22,15,13,13,28,13,0,20,33,13,14,22,26,26,11,31,13,33,31,28,32,20,24,22,20,26,25,18,27,25,11,26,11,257,27,27,20,16,26,23,31,29,22,14,16,13,12,37,28,28,24,20,21,31,23,24,30,21,25,24,23,26,25,32,31,25,19,23,26,19,27,27,27,19,17,22,22,22,30,37,23,22,19,26,23,20,22,19,18,31,18,14,27,28,22,16,27,25,27,28,23,28,20,20,18,25,25,18,8,19,25,17,21,17,20,19,18,18,22,17,16,17,18,19,17,21,21,25,27,32,29,33,27,27,27,19,28,23,23,26,24,27,16,20,18,18,17,13,16,19,16,75,14,20,19,20,56,15,8,15,16,26,16,17
EPI_ISL_529141,131,129,129,126,125,71,122,80,71,79,76,86,114,98,98,88,100,102,92,90,90,65,70,55,56,73,73,52,52,53,73,53,51,51,53,40,28,44,46,56,56,46,57,57,30,49,52,47,62,62,62,37,55,52,58,67,64,59,59,50,52,52,50,52,51,54,55,53,51,53,51,56,48,53,50,53,54,52,47,50,51,50,54,44,53,56,52,51,56,55,44,52,51,50,48,54,48,48,50,46,56,38,58,48,57,46,59,59,53,46,54,53,52,52,58,49,64,59,52,50,50,56,45,51,49,49,56,54,50,48,55,59,53,65,58,56,61,61,59,54,57,59,59,55,57,55,58,55,50,110,39,44,43,46,66,11,39,38,39,48,40,44,41,44,42,50,45,39,62,47,42,70,40,47,47,60,41,45,49,42,37,44,41,38,30,32,35,30,35,20,41,32,35,37,34,31,10,17,41,40,37,42,67,35,34,37,36,27,33,56,31,38,32,36,38,39,36,50,43,61,37,65,37,41,42,46,38,41,43,68,40,64,40,31,37,41,45,45,38,28,28,26,26,18,20,17,23,34,31,23,29,18,47,18,22,20,21,22,33,18,23,31,32,31,28,29,26,27,28,29,25,36,29,24,16,25,27,21,32,30,37,33,34,26,25,31,17,85,26,11,91,26,52,29,18,34,15,17,16,23,23,27,26,13,25,13,12,13,7,35,15,25,24,5,24,23,24,15,13,20,14,26,15,12,17,19,24,17,12,12,26,17,11,12,29,15,25,20,21,18,13,13,13,18,13,20,0,27,13,14,14,20,20,11,27,13,27,27,24,26,18,18,14,18,20,25,14,21,19,11,20,11,249,21,21,18,16,20,17,25,23,20,24,16,13,10,31,22,22,14,16,13,25,15,14,20,11,15,14,17,20,15,26,25,15,13,17,16,13,21,17,21,9,11,16,12,12,24,31,15,12,9,16,17,10,16,11,18,25,12,14,21,22,12,12,21,19,21,22,17,22,10,10,8,19,19,8,22,13,17,8,14,7,10,12,8,10,12,11,8,9,12,9,9,14,11,15,21,24,23,27,21,21,21,13,22,21,17,20,18,21,6,10,14,12,11,11,8,13,8,65,8,13,11,10,48,9,16,15,6,20,6,7
EPI_ISL_1109624,136,134,134,131,130,76,127,85,76,84,81,91,119,101,101,89,103,105,93,91,89,77,82,67,68,85,85,64,64,65,85,65,63,63,65,35,27,37,39,68,68,39,69,69,29,42,45,40,74,74,74,30,62,64,70,79,76,71,71,62,64,64,62,64,63,66,67,65,63,67,63,68,60,65,62,65,68,66,59,64,65,62,66,58,65,70,66,63,68,69,58,64,61,62,60,66,60,62,64,58,68,51,70,60,69,59,71,71,67,58,66,65,64,64,70,61,78,71,64,62,62,70,59,65,61,61,68,66,62,60,67,71,65,58,70,68,73,73,71,66,69,71,71,67,69,67,70,67,62,117,34,51,38,39,63,24,34,33,34,41,35,37,36,37,35,43,38,34,57,54,35,65,33,54,54,55,36,38,42,41,32,39,40,31,27,29,48,27,30,37,36,39,34,32,27,30,23,34,34,35,30,35,76,32,47,34,39,26,46,63,24,31,27,43,53,32,29,57,36,56,32,60,32,48,35,39,33,34,38,63,33,71,35,28,32,36,40,38,45,19,43,23,43,33,37,32,39,47,42,37,42,33,40,35,39,32,37,39,45,35,40,44,37,22,19,20,17,18,21,20,32,29,22,15,33,16,24,38,39,45,30,26,31,23,16,24,34,100,19,26,64,19,45,44,33,25,30,32,31,38,14,18,17,28,16,28,27,28,24,26,28,18,39,22,15,18,17,28,28,11,29,19,32,25,24,26,23,24,23,25,19,16,24,27,42,24,16,37,14,25,26,26,26,35,26,33,27,0,26,27,29,23,19,24,22,26,18,22,21,19,21,13,31,23,11,26,27,14,14,24,11,24,264,12,12,21,21,15,24,24,22,35,37,25,24,25,22,15,17,31,31,28,18,30,31,37,28,32,31,24,13,32,19,18,32,26,30,31,20,28,34,14,26,26,23,29,29,15,22,30,29,26,33,30,27,29,26,31,18,27,23,16,15,29,27,12,26,12,13,24,13,27,27,25,26,10,25,35,26,33,24,28,24,27,28,25,25,29,24,23,24,27,26,26,28,28,32,14,33,16,18,12,12,12,26,13,28,16,13,15,14,23,27,27,25,26,24,23,20,23,82,21,28,26,27,63,22,27,22,23,15,23,24
EPI_ISL_812845,130,128,128,125,124,70,121,77,68,76,73,85,113,97,97,87,97,101,91,89,89,64,69,54,55,72,72,51,51,52,72,52,50,50,52,39,27,43,45,55,55,45,56,56,29,48,51,46,61,61,61,36,54,51,57,66,63,58,58,49,51,51,49,51,50,53,54,52,50,54,50,55,47,52,49,52,55,53,46,51,52,51,53,45,54,57,53,50,55,56,45,51,50,49,47,53,47,49,51,45,55,33,57,47,56,43,58,58,54,45,53,52,51,51,57,48,65,58,51,49,49,57,46,52,48,48,55,53,49,47,54,58,52,64,57,55,60,60,58,53,56,58,58,54,56,54,57,54,49,109,38,43,42,45,65,4,38,37,38,47,39,43,40,43,41,49,44,38,61,46,41,71,39,46,46,59,38,44,46,39,36,43,40,37,29,31,28,29,34,23,40,31,34,36,33,30,3,20,40,39,36,41,68,34,27,36,31,26,26,55,30,37,31,35,33,38,35,49,40,60,36,64,36,40,41,43,37,40,40,65,39,63,39,28,36,40,44,44,37,27,29,25,29,19,23,18,26,35,32,24,28,21,46,21,25,21,23,25,32,21,26,30,31,30,27,28,25,26,27,28,24,35,28,23,19,24,26,24,31,27,36,32,33,25,24,30,20,86,25,10,90,25,51,30,19,33,16,18,17,24,22,26,25,14,24,14,13,14,10,34,14,24,25,8,23,24,23,10,16,19,15,25,16,7,12,16,19,16,7,5,25,14,4,7,22,8,24,23,20,15,8,6,6,21,6,13,13,26,0,7,15,19,19,4,24,6,26,24,23,25,13,17,15,13,19,18,11,20,18,4,19,4,250,20,20,13,9,19,16,24,22,15,17,9,6,5,30,21,21,17,13,14,24,16,17,23,14,18,17,16,19,18,25,24,18,12,16,19,12,20,20,20,12,10,15,15,15,23,30,16,15,12,19,16,13,15,12,11,24,11,7,20,21,15,9,20,18,20,21,16,21,13,13,11,18,18,11,15,12,18,10,14,10,13,12,11,11,15,10,9,10,11,12,10,14,14,18,20,25,22,26,20,20,20,12,21,16,16,19,17,20,9,13,11,11,10,6,9,12,9,68,7,13,12,13,49,8,9,8,9,19,9,10
EPI_ISL_812871,131,129,129,126,125,71,122,78,69,77,74,86,114,98,98,88,98,102,92,90,90,65,70,55,56,73,73,52,52,53,73,53,51,51,53,40,28,44,46,56,56,46,57,57,30,49,52,47,62,62,62,37,55,52,58,67,62,59,59,50,52,52,50,52,51,54,55,53,51,55,51,56,48,53,50,53,56,54,47,52,53,52,54,46,55,58,54,51,56,57,46,52,51,50,48,54,48,50,52,46,56,34,58,48,57,44,59,59,55,46,54,53,52,52,58,49,66,59,52,50,50,58,47,53,49,49,56,54,50,48,51,59,53,65,58,56,61,61,59,54,57,59,59,55,57,55,58,55,50,110,39,44,43,46,66,5,39,38,39,48,40,44,41,44,42,50,45,39,62,47,42,72,40,47,47,60,39,45,47,40,37,44,41,38,30,32,29,30,35,24,41,32,35,37,34,31,4,21,41,40,37,40,69,35,28,37,31,27,27,56,31,38,32,36,34,39,36,50,41,61,37,63,37,41,42,44,38,41,41,66,40,64,40,31,37,41,45,45,38,28,30,26,30,20,24,19,27,36,33,25,29,22,47,22,26,22,24,26,33,22,27,31,32,31,28,29,26,27,28,29,25,36,29,24,20,25,27,25,32,28,37,33,34,26,25,31,21,87,26,11,91,26,52,31,20,34,17,19,18,25,23,27,26,15,25,15,14,15,11,35,15,25,26,9,24,25,24,11,17,20,16,26,17,8,13,17,20,17,8,6,26,15,5,8,23,9,25,24,21,16,9,7,7,22,7,14,14,27,7,0,16,20,20,5,25,7,27,25,24,26,14,18,16,12,20,19,12,21,19,5,20,5,251,21,21,14,10,20,17,25,23,16,18,10,7,6,31,22,22,18,14,15,25,17,18,24,15,19,18,17,20,19,26,25,19,13,17,20,13,21,21,21,13,11,16,16,16,24,31,17,16,13,20,17,14,16,13,12,25,12,8,21,22,16,10,21,19,21,22,17,22,14,14,12,19,19,12,16,13,19,11,15,11,14,13,12,12,16,11,10,11,12,13,11,15,15,19,21,26,23,27,21,21,21,13,22,17,17,20,18,21,10,14,12,12,11,7,10,13,10,69,8,14,13,14,50,9,10,9,10,20,10,11
EPI_ISL_812849,133,131,131,128,127,73,124,82,73,81,78,88,116,100,100,90,102,104,94,92,92,67,72,57,58,75,75,54,54,55,75,55,53,53,55,42,30,46,48,58,58,48,59,59,32,51,54,49,64,64,64,39,57,54,60,69,66,61,61,52,54,54,52,54,53,56,57,55,53,57,53,58,50,55,52,55,58,56,49,54,55,54,56,48,57,60,56,53,58,59,48,54,53,52,50,56,50,52,54,48,58,40,60,50,59,48,61,61,57,48,56,55,54,54,60,51,68,61,54,52,52,60,49,55,51,51,58,56,52,50,57,61,55,67,60,58,63,63,61,56,59,61,61,57,59,57,60,57,52,112,41,46,45,48,70,13,41,40,41,50,42,46,43,46,44,52,47,41,64,49,44,74,42,49,49,62,43,47,51,44,39,46,43,40,32,34,37,32,37,24,43,34,37,39,36,33,12,21,43,42,39,44,71,37,36,39,38,29,35,58,33,40,34,38,42,41,38,52,45,63,39,67,39,43,44,48,40,43,45,70,42,66,42,33,39,43,47,47,40,30,22,28,30,18,24,17,27,37,33,26,31,22,49,22,26,23,25,26,35,22,27,33,34,33,30,31,28,29,30,31,27,38,31,26,20,27,29,25,32,32,39,35,36,28,27,33,21,80,28,13,93,28,54,31,18,36,15,17,16,23,25,29,28,13,27,13,12,13,11,37,17,27,26,9,26,25,26,17,17,22,18,28,19,14,19,21,26,19,14,14,28,19,13,12,31,17,27,24,23,20,15,15,15,22,15,22,14,29,15,16,0,24,22,13,29,15,29,29,26,28,20,20,18,20,22,27,16,23,21,13,22,13,251,23,23,20,18,22,19,27,25,22,26,18,15,12,33,24,24,18,16,13,27,17,18,24,15,19,18,19,22,19,28,27,19,13,19,20,15,23,21,23,13,11,18,16,16,26,33,15,16,13,20,19,14,18,11,20,27,16,16,23,24,16,14,23,21,23,24,19,24,14,14,12,21,21,12,24,15,20,9,15,11,14,15,12,13,16,13,8,9,13,13,13,16,15,19,23,28,25,29,23,23,23,15,24,23,19,22,20,23,10,14,16,14,11,13,8,15,8,69,10,14,14,14,48,11,18,17,10,22,10,11
EPI_ISL_812825,133,131,131,128,127,73,124,82,73,81,78,88,116,98,98,86,98,102,90,88,88,72,77,62,63,80,80,59,59,60,80,60,58,58,60,36,26,40,42,63,63,42,64,64,28,45,48,43,69,69,69,33,57,59,65,74,71,66,66,57,59,59,57,59,58,61,62,60,58,60,58,63,55,60,57,60,61,59,54,57,58,57,61,51,60,63,59,58,63,62,53,59,58,57,55,61,55,55,57,53,63,44,65,55,64,52,66,66,60,53,61,60,59,59,65,56,71,66,59,57,57,63,52,58,56,56,63,61,57,55,62,66,60,61,65,63,68,68,66,61,64,66,66,62,64,62,65,62,57,112,35,46,39,42,62,17,35,34,35,44,36,40,37,40,38,46,41,35,58,49,38,66,36,49,49,56,37,41,45,42,33,40,41,34,26,28,41,28,31,30,37,34,35,33,30,29,16,25,37,36,33,38,69,31,40,33,36,25,39,58,27,34,28,38,46,35,32,52,39,57,33,61,33,43,38,42,34,37,39,64,36,66,36,29,33,37,41,41,40,24,38,24,36,28,30,27,33,41,38,31,37,26,43,28,32,27,30,32,40,26,33,39,32,27,24,25,22,23,24,25,27,32,25,20,24,21,25,29,34,38,33,29,32,24,21,27,25,95,22,21,87,22,48,39,28,30,25,27,26,33,19,23,22,23,21,23,22,23,17,31,23,21,34,15,20,21,20,23,21,16,22,22,25,18,21,17,20,19,18,18,22,17,17,20,35,21,21,30,17,16,19,19,19,28,19,26,20,23,19,20,24,0,20,17,23,19,23,23,22,22,18,16,22,20,16,23,22,17,17,17,16,17,258,17,17,16,20,18,19,25,27,26,30,22,17,18,27,18,20,24,26,23,13,25,24,30,19,25,24,19,16,25,22,21,25,21,25,24,15,23,27,17,19,19,18,20,20,20,27,25,20,19,24,25,20,24,21,24,11,18,20,19,18,22,20,17,21,17,18,19,18,20,18,18,21,15,18,28,21,27,18,23,17,20,22,18,19,22,19,18,19,22,19,17,23,19,23,17,28,19,23,17,17,17,21,18,21,17,16,16,17,16,20,22,20,19,17,18,15,18,75,16,23,20,20,58,17,22,15,16,18,16,17
EPI_ISL_812809,131,129,129,126,125,71,122,80,71,79,76,86,114,98,98,86,100,102,90,88,88,70,75,60,61,78,78,57,57,58,78,58,56,56,58,32,22,36,38,61,61,38,62,62,24,41,44,39,67,67,67,29,55,57,63,72,69,64,64,53,57,57,55,57,56,59,60,58,56,60,56,61,53,58,55,58,61,59,52,57,58,57,59,51,60,63,59,56,61,62,51,57,56,55,53,59,53,55,57,51,61,44,63,53,62,52,64,62,60,51,59,58,57,57,63,54,71,64,57,55,55,63,52,58,54,54,61,59,55,53,60,64,58,57,63,61,66,66,64,59,62,64,64,60,62,60,63,60,55,110,31,44,35,38,60,17,31,30,31,40,32,36,33,36,34,42,37,31,54,47,34,64,32,47,47,52,31,37,41,34,29,36,33,30,24,26,41,22,27,30,33,32,27,29,26,25,16,27,33,32,29,34,69,29,40,31,36,25,39,56,23,30,24,36,46,31,28,50,35,53,29,57,29,41,34,38,30,33,35,60,32,64,32,23,29,33,37,37,38,20,36,18,36,26,30,25,32,40,35,30,35,26,39,28,32,26,30,32,39,28,33,37,32,23,20,21,18,19,20,21,25,28,21,16,26,17,19,31,32,38,29,25,26,18,17,23,27,93,18,19,83,18,44,37,26,26,23,25,24,31,15,19,18,21,17,21,20,21,17,27,21,17,32,15,16,17,16,21,23,12,22,18,25,18,21,23,20,17,16,18,18,11,17,20,35,17,17,28,13,22,19,19,19,26,19,26,20,19,19,20,22,20,0,17,19,19,19,21,16,18,14,10,24,20,12,25,20,13,11,17,12,17,257,13,13,16,18,12,17,17,21,28,30,22,19,18,23,14,14,24,24,21,17,23,24,30,21,25,24,17,12,25,18,17,25,19,23,26,13,21,27,13,19,19,16,22,22,16,23,23,22,19,26,23,20,22,19,24,17,20,16,15,14,22,20,13,19,13,14,17,14,20,20,18,19,11,18,28,19,26,17,21,17,20,21,18,18,22,17,16,17,20,19,19,21,21,25,13,26,15,19,13,13,13,19,14,21,9,12,10,13,16,20,20,18,19,17,16,13,16,75,14,21,19,20,56,15,20,15,16,12,16,17
EPI_ISL_812859,128,126,126,123,122,68,119,75,66,74,71,83,111,95,95,85,95,99,89,87,87,62,67,52,53,70,70,49,49,50,70,50,48,48,50,37,25,41,43,53,53,43,54,54,27,46,49,44,59,59,59,34,52,49,55,64,61,56,56,47,49,49,47,49,48,51,52,50,48,52,48,53,45,50,47,50,53,51,44,49,50,49,51,43,52,55,51,48,53,54,43,49,48,47,45,51,45,47,49,43,53,31,55,45,54,41,56,56,52,43,51,50,49,49,55,46,63,56,49,47,47,55,44,50,46,46,53,51,47,45,52,56,50,62,55,53,58,58,56,51,54,56,56,52,54,52,55,52,47,107,36,41,40,43,63,2,36,35,36,45,37,41,38,41,39,47,42,36,59,44,39,69,37,44,44,57,36,42,44,37,34,41,38,35,27,29,26,27,32,21,38,29,32,34,31,28,1,18,38,37,34,39,66,32,25,34,29,24,24,53,28,35,29,33,31,36,33,47,38,58,34,62,34,38,39,41,35,38,38,63,37,61,37,28,34,38,42,42,35,25,27,23,27,17,21,16,24,33,30,22,26,19,44,19,23,19,21,23,30,19,24,28,29,28,25,26,23,24,25,26,22,33,26,21,17,22,24,22,29,25,34,30,31,23,22,28,18,84,23,8,88,23,49,28,17,31,14,16,15,22,20,24,23,12,22,12,11,12,8,32,12,22,21,6,21,22,21,8,14,17,13,23,14,5,10,14,17,14,5,3,23,12,2,5,20,6,22,21,18,13,6,4,4,19,4,11,11,24,4,5,13,17,17,0,22,4,24,22,21,23,11,15,13,11,17,16,9,18,16,2,17,2,248,18,18,11,7,17,14,22,20,13,15,7,4,3,28,19,19,15,11,12,22,14,15,21,12,16,15,14,17,16,23,22,16,10,14,17,10,18,18,18,10,8,13,13,13,21,28,14,13,10,17,14,11,13,10,9,22,9,5,18,19,13,7,18,16,18,19,14,19,11,11,9,16,16,9,13,10,16,8,12,8,11,10,9,9,13,8,7,8,9,10,8,12,12,16,18,23,20,24,18,18,18,10,19,14,14,17,15,18,7,11,9,9,8,4,7,10,7,66,5,11,10,11,47,6,7,6,7,17,7,8
EPI_ISL_812864,138,136,136,133,132,78,129,87,78,86,83,93,121,103,103,89,105,107,93,93,91,77,82,67,68,85,85,64,64,65,85,65,63,63,65,31,23,35,37,66,68,37,67,67,25,40,43,38,74,74,74,26,62,64,70,79,76,71,71,62,64,64,62,64,63,64,67,65,63,67,63,68,60,65,62,65,66,66,59,64,65,64,66,58,67,70,66,63,68,69,58,64,63,62,60,66,60,62,64,58,68,51,70,60,69,59,71,71,67,58,66,65,64,64,70,61,78,71,64,62,62,70,59,65,61,61,68,66,62,60,67,71,65,54,70,68,73,73,71,66,69,71,71,67,69,67,70,67,62,117,28,51,32,35,57,22,28,27,28,37,29,33,30,33,31,37,34,28,51,54,31,61,29,52,54,49,30,34,38,41,26,33,40,27,21,25,46,23,26,37,32,39,34,28,25,26,21,34,30,29,26,31,76,26,45,30,33,28,44,63,26,29,25,43,51,28,25,57,32,50,26,54,26,48,31,35,27,30,32,57,29,71,29,28,26,30,34,34,43,23,43,23,43,33,37,32,39,47,42,37,42,33,36,35,39,33,37,39,45,35,40,44,37,26,23,24,21,22,19,24,32,25,18,19,33,20,24,38,39,43,26,24,31,23,20,20,34,100,15,24,86,21,47,44,33,29,30,32,31,38,18,22,21,28,20,28,27,28,24,30,28,16,39,22,19,20,17,26,28,15,29,15,30,23,24,26,21,24,21,23,15,14,22,25,40,18,20,37,12,23,26,24,24,35,24,31,27,22,24,25,29,23,19,22,0,24,22,26,21,15,19,15,31,23,15,28,25,10,16,22,15,22,264,16,16,19,21,17,24,24,26,33,35,25,22,23,26,11,19,31,29,28,20,30,31,37,28,32,31,24,11,32,17,16,32,26,30,31,20,28,34,10,26,26,23,29,29,19,26,30,29,26,33,30,27,29,26,29,20,27,21,18,11,29,25,16,26,16,17,24,17,27,27,25,26,14,25,33,26,32,24,28,24,27,26,25,25,29,24,23,24,25,26,24,28,28,32,10,33,18,22,16,16,16,26,17,26,16,9,15,12,23,27,25,25,26,22,23,20,23,82,21,27,26,27,63,20,25,20,23,17,23,24
EPI_ISL_812861,130,128,128,125,124,70,121,77,68,76,73,85,113,97,97,87,97,101,91,89,89,64,69,54,55,72,72,51,51,52,72,52,50,50,52,39,27,43,45,55,55,45,56,56,29,48,51,46,61,61,61,36,54,51,57,66,63,58,58,49,51,51,49,51,50,53,54,52,50,54,50,55,47,52,49,52,55,53,46,51,52,51,53,45,54,57,53,50,55,56,45,51,50,49,47,53,47,49,51,45,55,33,57,47,56,43,58,58,54,45,53,52,51,51,57,48,65,58,51,49,49,57,46,52,48,48,55,53,49,47,54,58,52,64,57,55,60,60,58,53,56,58,58,54,56,54,57,54,49,109,38,43,42,45,65,4,38,37,38,47,39,43,40,43,41,49,44,38,61,46,41,71,39,46,46,59,38,44,46,39,36,43,40,37,29,31,28,29,34,23,40,31,34,36,33,30,3,20,40,39,36,41,68,34,27,36,31,26,26,55,30,37,31,35,33,38,35,49,40,60,36,64,36,40,41,43,37,40,40,65,39,63,39,30,36,40,44,44,37,27,29,25,29,19,23,18,26,35,32,24,28,21,46,21,25,21,23,25,32,21,26,30,31,30,27,28,25,26,27,28,24,35,28,23,19,24,26,24,31,27,36,32,33,25,24,30,20,86,25,10,90,25,51,30,19,33,16,18,17,24,22,26,25,14,24,14,13,14,10,34,14,24,25,8,23,24,23,10,16,19,15,25,16,7,12,16,19,16,7,5,25,14,4,7,22,8,24,23,20,15,8,6,6,21,6,13,13,26,6,7,15,19,19,4,24,0,26,24,23,25,13,17,15,13,19,18,11,20,18,4,19,4,250,20,20,13,9,19,16,24,22,15,17,9,6,5,30,21,21,17,13,14,24,16,17,23,14,18,17,16,19,18,25,24,18,12,16,19,12,20,20,20,12,10,15,15,15,23,30,16,15,12,19,16,13,15,12,11,24,11,7,20,21,15,9,20,18,20,21,16,21,13,13,11,18,18,11,15,12,18,10,14,10,13,12,11,11,15,10,9,10,11,12,10,14,14,18,20,25,22,26,20,20,20,12,21,16,16,19,17,20,9,13,11,11,10,6,9,12,9,68,7,13,12,13,49,8,9,8,9,19,9,10
EPI_ISL_812816,138,136,136,133,132,78,129,87,78,86,83,93,121,103,103,91,105,107,95,93,91,77,82,67,68,85,85,64,64,65,85,65,63,63,65,35,27,37,39,68,68,39,69,69,29,42,45,40,74,74,74,30,62,64,70,79,76,71,71,62,64,64,62,64,63,66,67,65,63,67,63,68,60,65,62,65,68,66,59,64,65,62,66,58,67,70,66,63,68,69,58,64,61,62,60,66,60,62,64,58,68,51,70,60,69,59,71,71,67,58,66,65,64,64,70,61,78,71,64,62,62,70,59,65,61,61,68,66,62,60,67,71,65,58,70,68,73,73,71,66,69,71,71,67,69,67,70,67,62,117,34,51,38,39,63,24,34,33,34,41,35,37,36,37,35,43,38,34,57,54,35,65,33,54,54,55,36,38,42,41,32,39,40,31,27,29,48,27,30,37,36,39,34,32,27,30,23,34,34,35,30,35,76,32,47,34,39,26,46,63,24,31,27,43,53,32,29,57,36,56,32,60,32,48,35,39,33,34,38,63,33,71,35,28,32,36,40,38,45,19,43,23,43,33,37,32,39,47,42,37,42,33,40,35,39,32,37,39,45,35,40,44,37,22,19,20,17,18,21,20,32,29,20,15,33,16,24,38,39,45,30,26,31,23,16,24,34,99,19,26,82,19,45,42,33,25,30,32,31,38,14,18,17,28,16,28,27,28,24,26,28,18,39,22,15,18,17,28,28,11,29,19,32,25,24,26,23,24,23,25,19,16,24,27,42,24,16,37,14,25,26,26,26,35,26,33,27,18,26,27,29,23,19,24,22,26,0,22,21,19,21,13,31,23,11,26,27,14,14,24,11,24,264,12,12,19,21,15,24,24,22,35,37,27,24,25,22,15,17,31,31,28,18,30,31,37,28,32,31,24,13,32,19,18,32,26,30,31,20,28,34,14,26,26,23,29,29,15,22,30,29,26,33,30,27,29,26,31,18,27,23,16,15,29,27,12,26,12,13,24,13,27,27,25,26,10,25,35,26,33,24,28,24,27,28,25,25,29,24,23,24,27,26,26,28,28,32,14,33,16,18,12,12,12,26,13,28,16,13,15,14,23,27,27,25,26,24,23,20,23,82,21,28,26,27,63,22,27,22,23,15,23,24
EPI_ISL_812824,138,136,136,133,132,78,129,87,78,86,83,93,121,105,105,93,105,109,97,95,93,77,82,67,68,85,85,64,64,65,85,65,63,63,65,39,29,41,43,68,68,43,69,69,31,46,49,44,74,74,74,34,62,64,70,79,76,71,71,62,64,64,62,64,63,66,67,65,63,67,63,68,60,65,62,65,68,66,59,64,65,62,66,58,67,70,66,63,68,69,58,64,61,62,60,66,60,62,64,58,68,49,70,60,69,57,71,71,67,58,66,65,64,64,70,61,78,71,64,62,62,70,59,65,61,61,68,66,62,60,67,71,65,62,70,68,73,73,71,66,69,71,71,67,69,67,70,67,62,117,38,51,42,43,67,22,38,37,38,45,39,41,40,41,39,47,42,38,61,54,39,69,37,54,54,59,40,42,46,43,36,43,42,35,29,31,46,31,34,37,40,39,36,36,31,32,21,34,38,39,34,39,76,34,45,36,39,28,44,63,28,35,31,43,51,36,33,57,40,60,36,64,36,48,39,43,37,38,42,67,37,71,39,32,36,40,44,42,45,21,43,27,43,33,37,32,40,48,43,37,42,33,44,35,39,32,37,39,46,35,40,44,37,26,23,24,21,22,25,24,32,33,26,19,33,20,28,38,39,43,34,30,35,27,20,28,34,100,23,26,86,23,49,44,33,29,30,32,31,38,16,20,19,28,20,28,27,28,24,30,28,22,39,22,19,22,21,28,28,15,29,23,32,23,24,26,23,24,23,23,23,20,22,25,40,24,20,37,18,27,24,24,24,35,24,31,27,22,24,25,29,23,21,22,26,24,22,0,25,23,23,17,29,21,15,26,27,18,18,22,15,22,264,16,16,23,19,19,24,26,24,33,35,25,24,23,26,19,21,31,31,28,22,30,31,37,28,32,31,24,17,32,23,22,32,26,30,31,20,28,34,18,26,24,23,29,29,19,26,30,29,26,33,30,27,29,26,29,22,25,23,20,19,29,25,16,26,16,17,24,17,27,27,25,26,14,25,33,26,33,24,28,24,27,28,25,25,29,24,23,24,27,26,26,28,28,32,18,33,20,22,16,16,16,26,17,26,18,17,19,18,23,27,27,25,24,22,23,20,23,82,21,28,26,27,63,22,27,20,23,19,23,24
EPI_ISL_812808,135,133,133,130,129,75,126,84,75,83,80,90,118,100,100,88,102,104,92,90,90,74,79,64,65,82,82,61,61,62,82,62,60,60,62,34,24,38,40,65,65,40,66,66,26,43,46,41,71,71,71,31,59,61,67,76,73,68,68,59,61,61,59,61,60,63,64,62,60,64,60,65,57,62,59,62,65,63,56,61,62,61,63,55,64,67,63,60,65,66,55,61,60,59,57,63,57,59,61,55,65,48,67,57,66,56,68,68,64,55,63,62,59,61,67,58,75,68,61,59,59,67,56,62,58,58,65,63,59,57,64,68,62,59,67,65,70,70,68,63,66,68,68,64,66,64,67,64,59,114,33,48,37,40,62,21,33,30,33,42,34,38,35,37,36,44,39,33,56,51,36,66,34,51,51,54,35,39,43,38,31,38,37,32,26,28,43,24,29,32,35,36,31,31,28,27,20,31,35,34,31,36,73,31,42,33,38,27,43,60,25,32,26,40,48,33,30,54,37,55,29,59,31,45,36,40,32,35,37,62,34,68,34,23,31,35,39,39,42,22,40,18,38,30,34,29,36,44,38,33,39,30,41,32,36,29,34,36,41,32,37,41,36,25,22,23,20,21,22,23,29,30,23,18,30,19,19,35,36,42,31,27,26,18,19,25,31,97,20,23,85,20,46,41,30,28,27,29,28,35,17,21,20,25,19,25,24,25,21,29,25,19,36,19,18,19,18,25,27,14,26,20,29,22,25,27,22,21,20,22,20,13,21,24,37,21,19,32,15,24,23,23,23,30,23,28,24,21,23,24,26,22,16,21,21,23,21,25,0,20,18,12,28,24,14,27,24,15,13,21,14,21,261,15,15,16,22,14,21,21,25,32,32,26,21,22,25,16,16,28,28,25,19,27,28,34,25,29,28,21,14,29,20,19,29,23,27,30,17,25,31,15,23,23,20,26,26,18,25,27,26,23,30,27,24,26,23,28,19,24,16,17,16,26,24,15,23,15,16,21,16,24,24,22,23,13,22,30,23,30,21,25,21,24,25,22,22,26,21,20,21,24,23,23,25,25,29,15,30,17,21,15,15,15,23,16,25,13,14,12,15,20,24,24,22,23,21,20,17,20,79,18,25,23,24,60,19,24,19,20,14,20,21
EPI_ISL_1098839,137,135,135,132,131,77,128,86,77,85,82,92,120,102,102,88,104,106,92,92,88,76,81,66,67,84,84,63,63,64,84,64,62,62,64,30,22,32,34,67,67,34,68,68,24,37,40,35,73,73,73,23,61,63,69,78,75,70,70,59,61,61,59,61,60,63,64,62,60,64,60,65,57,62,59,62,65,63,56,61,62,59,63,55,64,67,63,60,65,66,55,61,58,59,57,63,57,59,61,55,65,50,67,57,66,56,68,68,64,55,63,62,61,61,67,58,75,70,61,59,59,67,58,62,58,58,65,63,59,57,64,70,64,51,69,67,72,72,70,65,68,70,70,66,68,66,69,66,61,116,27,50,31,32,54,23,27,26,27,34,28,30,29,30,28,36,31,27,48,53,28,56,26,51,53,46,29,31,35,38,25,32,37,24,20,24,47,22,25,36,31,38,29,27,22,25,22,33,27,28,23,28,73,25,46,29,34,27,45,62,23,26,24,42,52,25,22,56,29,47,25,51,25,47,28,32,26,27,31,54,26,68,28,27,25,29,33,31,44,20,42,22,40,32,36,31,38,46,41,36,39,32,33,34,38,31,36,38,44,34,39,43,34,23,20,21,18,19,16,21,31,22,15,16,32,17,23,37,36,44,23,21,30,22,17,17,33,99,12,25,83,18,44,43,32,26,29,31,30,37,15,19,18,27,17,27,26,27,23,27,27,13,36,21,16,17,14,27,27,12,28,10,31,24,23,25,22,21,22,24,12,15,23,26,41,19,17,34,9,24,25,25,25,32,25,32,26,19,25,26,28,22,18,23,15,25,19,23,20,0,20,12,30,22,12,27,26,7,13,23,12,23,263,13,13,20,20,14,23,19,23,34,36,24,23,24,23,8,16,28,30,27,17,29,30,36,27,31,30,23,8,31,14,13,31,25,29,30,19,27,33,7,25,25,22,28,28,16,23,29,28,23,32,29,24,28,25,30,17,26,22,15,8,28,26,13,25,13,14,23,14,26,26,24,25,11,24,34,25,32,23,27,23,26,27,24,24,28,23,22,23,26,25,25,26,27,31,7,32,15,19,13,13,13,25,14,27,15,6,14,9,22,26,26,24,25,23,22,19,22,81,20,27,25,26,60,19,26,21,22,14,22,23
EPI_ISL_812837,129,127,127,124,123,69,120,76,67,75,72,84,112,96,96,84,98,100,88,86,86,68,73,58,59,76,76,55,55,56,76,56,54,54,56,34,24,38,40,59,59,40,60,60,26,43,46,41,65,65,65,31,53,55,61,70,67,62,62,53,55,55,53,55,54,57,58,56,54,58,54,59,51,56,53,56,59,57,50,53,56,55,57,49,58,61,57,54,59,60,49,55,54,53,51,57,51,53,55,49,59,40,61,51,60,50,62,62,58,49,57,56,55,55,61,52,69,62,55,53,53,61,50,56,52,52,59,57,53,51,58,62,56,59,61,59,64,64,62,57,60,62,62,58,60,58,61,58,53,108,33,42,37,40,60,11,33,32,33,42,34,38,35,38,36,44,39,33,56,45,36,66,34,45,45,54,33,39,41,34,31,38,35,32,26,28,35,24,29,28,35,30,29,31,28,27,10,25,35,34,31,36,67,31,34,33,36,25,33,54,25,32,26,32,40,33,30,48,35,55,31,59,31,39,36,38,32,35,35,60,34,62,34,25,31,35,39,39,36,22,34,20,34,24,28,23,30,38,35,29,33,26,41,26,30,26,28,30,37,26,31,35,30,25,22,23,20,21,22,23,23,30,23,18,24,19,21,29,30,34,31,27,28,20,19,25,25,91,20,15,85,20,46,35,24,28,21,23,22,29,17,21,20,19,19,19,18,19,15,29,19,19,30,13,18,19,18,15,21,14,20,20,21,14,17,21,18,15,12,12,20,11,11,14,29,13,19,28,15,18,15,13,13,26,11,20,18,21,13,14,20,18,14,11,19,13,21,23,18,20,0,12,22,18,14,19,16,15,13,11,14,11,255,15,15,12,16,14,15,19,23,22,24,16,13,12,25,16,16,22,18,19,19,21,22,28,19,23,22,15,14,23,20,19,23,17,21,24,11,19,25,15,17,17,14,20,20,18,25,21,20,17,24,21,18,20,17,18,19,18,12,17,16,20,16,15,17,15,16,15,16,18,18,16,17,13,16,22,17,23,15,19,15,18,17,16,16,20,15,14,15,16,17,15,19,19,23,15,24,17,21,15,15,15,17,16,17,11,14,12,15,14,18,16,16,17,13,14,11,14,73,12,18,17,18,54,13,14,9,14,14,14,15
EPI_ISL_2232369,129,127,127,124,123,69,120,78,69,77,74,84,112,94,94,82,96,98,86,84,82,68,73,58,59,76,76,55,55,56,76,56,54,54,56,28,18,30,32,59,59,32,60,60,20,35,38,33,65,65,65,23,53,55,61,70,67,62,62,53,55,55,53,55,54,57,58,56,54,58,54,59,51,56,53,56,59,57,50,55,56,53,57,49,58,61,57,54,59,60,49,55,52,53,51,57,51,53,55,49,59,42,61,51,60,50,62,62,58,49,57,56,55,55,61,52,69,62,55,53,53,61,50,56,52,52,59,57,53,51,58,62,56,51,61,59,64,64,62,57,60,62,62,58,60,58,61,58,53,108,27,42,31,32,56,15,27,26,27,34,28,30,29,30,28,36,31,27,50,45,28,58,26,45,45,48,29,31,35,32,25,32,31,24,20,22,39,18,23,28,29,30,25,25,20,21,14,25,27,28,23,28,67,25,38,27,32,21,37,54,19,24,20,34,44,25,22,48,29,49,25,53,25,39,28,32,26,27,31,56,26,62,28,19,25,29,33,31,36,14,34,14,34,24,28,23,30,38,33,28,33,24,33,26,30,23,28,30,36,26,31,35,30,17,14,15,12,13,14,15,23,22,15,10,24,11,15,29,30,36,23,19,22,14,11,17,25,91,12,17,77,12,38,35,24,20,21,23,22,29,9,13,12,19,11,19,18,19,15,21,19,11,28,13,10,11,10,19,21,6,20,12,23,16,17,19,16,15,14,16,12,7,15,18,33,15,11,28,7,18,17,17,17,26,17,24,18,13,17,18,20,16,10,15,15,17,13,17,12,12,12,0,22,16,6,19,18,7,1,15,6,15,255,7,7,12,14,2,15,15,17,26,28,18,15,16,17,8,4,22,22,19,11,21,22,28,19,23,22,15,6,23,12,11,23,17,21,24,11,19,25,7,17,17,14,20,20,10,17,21,20,17,24,21,18,20,17,22,11,18,14,9,8,20,18,7,17,7,8,15,8,18,18,16,17,5,16,26,17,24,15,19,15,18,19,16,16,20,15,14,15,18,17,17,19,19,23,7,24,9,13,7,7,7,17,8,19,7,6,6,7,14,18,18,16,17,15,14,11,14,73,12,19,17,18,54,13,18,13,14,2,14,15
EPI_ISL_812855,135,133,133,130,129,75,126,84,75,83,80,90,118,102,102,92,102,106,96,94,94,69,74,59,60,77,77,56,56,57,77,57,55,55,57,44,32,48,50,60,60,50,61,61,34,53,56,51,66,66,66,41,59,56,62,71,68,63,63,54,56,56,54,56,55,58,59,57,55,57,55,60,52,57,54,57,58,56,51,54,55,54,58,48,57,60,56,55,60,59,50,56,55,54,52,58,52,52,54,50,60,40,62,52,61,48,63,63,57,50,58,57,56,56,62,53,68,63,56,54,54,60,49,55,53,53,60,58,54,52,59,63,57,69,62,60,65,65,63,58,61,61,63,59,61,59,62,59,54,114,43,48,47,50,70,13,43,42,43,52,44,48,45,48,46,54,49,43,66,51,46,74,44,51,51,62,45,49,53,46,41,48,45,42,34,36,37,34,39,22,45,36,39,41,38,35,12,21,45,44,41,46,69,39,36,41,38,31,35,60,35,42,36,40,42,43,40,54,47,63,41,69,41,45,46,50,42,45,47,72,44,66,44,35,41,45,49,49,42,32,32,30,26,22,22,21,25,38,35,27,31,22,51,20,24,24,23,25,36,22,25,33,36,35,32,33,30,31,32,33,29,40,33,28,20,29,31,25,36,32,41,37,38,30,29,35,21,89,30,15,95,30,56,33,22,38,19,21,20,27,27,31,30,17,29,17,16,17,9,39,19,29,28,9,28,27,28,19,11,24,16,30,13,12,19,23,26,21,14,14,30,21,13,14,31,17,29,22,25,22,15,15,15,20,15,22,14,31,15,16,18,22,24,13,31,15,31,29,28,30,22,22,0,20,24,27,18,25,23,13,24,13,253,25,25,20,18,24,21,29,27,22,26,18,15,12,35,26,26,18,20,17,29,19,16,22,15,17,16,21,24,17,30,29,17,17,21,14,17,25,19,25,11,13,20,16,16,28,35,19,16,13,20,21,14,18,15,20,29,12,16,25,26,10,14,25,23,25,26,21,26,12,14,12,23,23,12,24,17,21,12,18,11,14,16,12,14,16,15,12,13,16,13,13,18,15,19,25,30,27,31,25,25,25,17,26,23,21,24,22,25,10,14,12,16,13,13,12,17,12,69,12,17,15,14,52,13,18,17,10,24,10,11
EPI_ISL_812803,135,133,133,130,129,75,126,84,75,83,80,90,118,102,102,90,102,106,94,92,90,69,74,59,60,77,77,56,56,57,77,57,55,55,57,38,28,40,42,60,60,42,61,61,30,45,48,43,66,66,66,33,59,56,62,71,68,63,63,54,56,56,54,56,55,58,59,57,55,59,55,60,52,57,54,57,60,58,51,56,57,54,58,50,59,62,58,55,60,61,50,56,53,54,52,58,52,54,56,50,60,40,62,52,61,48,63,63,59,50,58,57,56,56,62,53,70,63,56,54,54,62,51,57,53,53,60,58,54,52,59,63,57,61,62,60,65,65,63,58,61,63,63,59,61,59,62,59,54,114,37,48,41,42,66,11,37,36,37,44,38,40,39,40,38,46,41,37,60,51,38,68,36,51,51,58,39,41,45,42,35,42,41,34,28,30,35,30,33,28,39,36,35,35,30,31,10,25,37,38,33,38,73,33,34,35,30,29,33,60,29,34,30,40,40,35,32,54,39,59,35,63,35,45,38,42,36,37,41,66,36,68,38,31,35,39,43,41,42,24,34,26,34,24,28,23,31,39,35,28,33,25,43,26,30,24,28,30,37,26,31,35,34,27,24,25,22,23,24,25,29,32,25,20,24,21,27,29,36,32,33,29,34,26,21,27,25,91,22,15,87,22,48,35,24,30,21,23,22,29,19,23,22,19,21,19,18,19,15,31,19,21,30,13,20,21,20,17,19,16,20,22,21,12,13,17,22,21,12,12,22,17,11,14,29,13,21,28,17,16,15,13,13,26,13,20,18,23,13,12,20,20,20,11,23,13,23,21,24,22,18,16,20,0,16,23,16,17,17,11,16,11,255,17,17,18,10,18,21,25,19,22,24,14,13,12,27,18,20,22,20,19,21,21,22,28,19,23,22,21,16,23,22,21,23,17,21,22,17,25,25,17,17,15,20,20,20,20,27,21,20,17,24,21,18,20,17,18,21,16,14,19,18,20,14,17,23,17,18,21,18,18,18,16,23,15,16,22,17,23,15,19,15,18,17,16,16,20,15,14,15,16,17,15,19,19,23,17,30,19,23,17,17,17,17,18,21,17,16,18,17,14,18,16,16,15,11,14,17,14,73,12,18,17,18,54,13,16,15,14,18,14,15
EPI_ISL_2232372,131,129,129,126,125,71,122,80,71,79,76,86,114,96,96,84,98,100,88,86,84,70,75,60,61,78,78,57,57,58,78,58,56,56,58,28,20,30,32,61,61,32,62,62,22,35,38,33,67,67,67,23,55,57,63,72,69,64,64,55,57,57,55,57,56,59,60,58,56,60,56,61,53,58,55,58,61,59,52,57,58,55,59,51,60,63,59,56,61,62,51,57,54,55,53,59,53,55,57,51,61,44,63,53,62,52,64,64,60,51,59,58,57,57,63,54,71,64,57,55,55,63,52,58,54,54,61,59,55,53,60,64,58,51,63,61,66,66,64,59,62,64,64,60,62,60,63,60,55,110,27,44,31,32,56,17,27,26,27,34,28,30,29,30,28,36,31,27,50,47,28,58,26,47,47,48,29,31,35,34,25,32,33,24,20,22,41,20,23,30,29,32,27,25,20,23,16,27,27,28,23,28,69,25,40,27,32,19,39,56,17,24,20,36,46,25,22,50,29,49,25,53,25,41,28,32,26,27,31,56,26,64,28,21,25,29,33,31,38,12,36,16,36,26,30,25,32,40,35,30,35,26,33,28,32,25,30,32,38,28,33,37,30,15,12,13,10,11,14,13,25,22,15,8,26,9,17,31,32,38,23,19,24,16,9,17,27,93,12,19,75,12,38,37,26,18,23,25,24,31,7,11,10,21,9,21,20,21,17,19,21,11,32,15,8,11,10,21,21,4,22,12,25,18,17,19,16,17,16,18,12,9,17,20,35,17,9,30,7,18,19,19,19,28,19,26,20,11,19,20,22,16,12,17,15,19,11,15,14,12,14,6,24,16,0,19,20,7,7,17,4,17,257,5,5,14,14,8,17,17,15,28,30,20,17,18,15,8,10,24,24,21,11,23,24,30,21,25,24,17,6,25,12,11,25,19,23,24,13,21,27,7,19,19,16,22,22,4,15,23,22,19,26,23,20,22,19,24,11,20,16,9,8,22,20,1,19,1,2,17,6,20,20,18,19,1,18,28,19,26,17,21,17,20,21,18,18,22,17,16,17,20,19,19,21,21,25,7,26,9,7,1,1,1,19,2,21,9,6,8,7,16,20,20,18,19,17,16,13,16,75,14,21,19,20,56,15,20,15,16,8,16,17
EPI_ISL_812866,134,132,132,129,128,74,125,81,72,80,77,89,117,99,99,89,99,103,93,91,89,75,80,65,66,83,83,62,62,63,83,63,61,61,63,43,31,45,47,66,66,47,67,67,33,50,53,48,72,72,72,38,60,62,68,77,74,69,69,60,62,62,60,62,61,64,65,63,61,65,61,66,58,63,60,63,66,64,57,62,63,60,64,56,65,68,64,61,66,67,56,62,59,58,58,64,58,60,62,56,66,45,68,58,67,55,69,69,65,56,64,63,62,62,68,59,76,69,62,60,60,68,57,63,59,59,66,64,60,58,65,69,63,64,68,66,71,71,69,64,67,69,69,65,67,65,68,65,60,115,40,49,46,47,69,16,42,41,42,49,43,45,44,45,43,51,46,42,65,52,43,73,41,52,52,63,42,46,48,43,40,47,42,39,33,35,40,33,38,33,44,37,38,40,35,34,15,32,42,43,38,43,74,38,39,40,41,28,38,61,32,39,35,41,45,40,37,55,42,64,40,68,40,46,43,45,41,42,44,69,41,69,43,34,40,44,48,46,43,27,41,29,41,31,35,30,38,47,44,36,40,33,48,33,37,32,35,37,43,33,38,42,37,30,27,28,25,26,29,28,30,37,30,23,31,24,30,36,37,37,38,34,37,29,24,32,30,98,27,22,90,27,53,42,31,33,28,30,29,36,22,26,25,26,24,26,25,26,22,34,26,26,37,20,23,26,25,22,28,19,27,27,28,19,22,26,21,22,19,17,27,18,16,19,34,20,24,35,22,25,20,18,18,33,18,25,25,26,18,19,27,23,25,16,28,18,26,26,27,27,19,19,27,23,19,0,23,22,20,16,19,16,262,20,20,17,19,21,22,30,30,27,29,19,16,17,30,23,23,29,25,26,26,28,29,35,26,30,29,22,21,30,27,26,30,24,28,31,18,26,32,22,24,22,21,27,27,23,30,28,27,24,31,28,25,27,24,23,26,23,19,22,23,27,21,20,24,20,21,22,21,25,25,23,24,18,23,27,24,30,22,26,22,25,24,23,23,27,22,21,22,23,24,22,26,26,30,22,31,24,26,20,20,20,24,21,22,22,21,21,22,21,25,23,23,22,18,21,18,21,80,19,25,24,25,61,20,21,14,21,21,21,22
EPI_ISL_812798,131,129,129,126,125,71,122,80,71,79,76,86,114,98,98,88,100,102,92,90,90,65,70,55,56,73,73,52,52,53,73,53,51,51,53,40,28,44,46,56,56,46,57,57,30,49,52,47,62,62,62,37,55,52,58,67,64,59,59,50,52,52,50,52,51,54,55,53,51,55,51,56,48,53,50,53,56,54,47,52,53,52,54,46,55,58,54,51,56,57,46,52,51,50,48,54,48,50,52,46,56,38,58,48,57,46,59,59,55,46,54,53,52,52,58,49,66,59,52,50,50,58,47,53,49,49,56,54,50,48,55,59,53,65,58,56,61,61,59,54,57,59,59,55,57,55,58,55,50,110,39,44,43,46,68,9,39,38,39,48,40,44,41,44,42,50,45,39,62,47,42,72,40,47,47,60,41,45,49,42,37,44,41,38,30,32,33,30,35,24,41,32,35,37,34,31,8,21,41,40,37,42,69,35,32,37,34,27,31,56,29,38,32,36,38,39,36,50,43,61,37,65,37,41,42,46,38,41,43,68,40,64,40,31,37,41,45,45,38,28,30,26,30,20,24,19,27,36,33,25,29,22,47,22,26,22,24,26,33,22,27,31,32,31,28,29,26,27,28,29,25,36,29,24,20,25,27,25,32,30,37,33,34,26,25,31,21,87,26,11,91,26,52,31,20,34,17,19,18,25,23,27,26,15,25,15,14,15,11,35,15,25,26,9,24,25,24,13,17,20,16,26,17,10,15,17,22,17,10,10,26,15,9,12,27,13,25,24,21,16,13,11,11,22,11,18,14,27,11,12,16,22,20,9,25,11,27,27,24,26,16,18,18,16,20,23,0,21,19,9,20,9,251,21,21,16,14,20,17,25,23,20,22,14,11,10,31,22,22,18,16,15,25,17,18,24,15,19,18,17,20,19,26,25,19,13,17,20,13,21,21,21,13,13,16,16,16,24,31,17,16,13,20,17,14,16,13,16,25,14,12,21,22,16,12,21,19,21,22,17,22,14,14,12,19,19,12,20,13,19,11,15,11,14,13,12,12,16,11,10,11,12,13,11,15,15,19,21,26,23,27,21,21,21,13,22,19,17,20,18,21,10,14,12,12,13,9,10,13,10,69,8,14,13,14,50,9,14,13,10,20,10,11
EPI_ISL_812797,132,130,130,127,126,72,123,81,72,80,77,87,115,97,97,83,99,101,87,87,83,71,76,61,62,79,79,58,58,59,79,59,57,57,59,25,17,27,29,62,62,29,63,63,19,32,35,30,68,68,68,18,56,58,64,73,70,65,65,56,58,58,56,58,57,60,61,59,57,61,57,62,54,59,56,59,62,60,53,58,59,56,60,52,61,64,60,57,62,63,52,58,55,56,54,60,54,56,58,52,62,45,64,54,63,53,65,65,61,52,60,59,58,58,64,55,72,65,58,56,56,64,53,59,55,55,62,60,56,54,61,65,59,46,64,62,67,67,65,60,63,65,65,61,63,61,64,61,56,111,22,45,26,27,51,18,22,21,22,29,23,25,24,25,23,31,26,22,45,48,23,53,21,46,48,43,24,26,30,35,20,27,34,19,15,19,42,17,20,31,26,33,28,22,17,20,17,28,22,23,18,23,70,20,41,24,29,22,40,57,20,21,19,37,47,20,17,51,24,44,20,48,20,42,23,27,21,22,26,51,21,65,23,22,20,24,28,26,39,15,37,17,37,27,31,26,33,41,36,31,36,27,28,29,33,26,31,33,39,29,34,38,31,18,13,16,11,12,11,16,26,17,10,11,27,12,18,32,33,39,18,16,25,17,12,12,28,94,7,20,78,13,39,38,27,21,24,26,25,32,10,14,13,22,12,22,21,22,18,22,22,8,33,16,11,12,9,22,22,7,23,7,26,19,18,20,17,18,17,19,7,10,18,21,36,14,12,31,4,19,20,20,20,29,20,27,21,14,20,21,23,17,13,18,10,20,14,18,15,7,15,7,25,17,7,22,21,0,8,18,7,18,258,8,8,15,15,9,18,18,18,29,31,19,18,19,18,3,11,25,25,22,12,24,25,31,22,26,25,18,3,26,9,8,26,20,24,25,14,22,28,2,20,20,17,23,23,11,18,24,23,20,27,24,21,23,20,25,12,21,17,10,3,23,21,8,20,8,9,18,9,21,21,19,20,6,19,29,20,27,18,22,18,21,22,19,19,23,18,17,18,21,20,20,22,22,26,2,27,10,14,8,8,8,20,9,22,10,1,9,4,17,21,21,19,20,18,17,14,17,76,15,22,20,21,57,14,21,16,17,9,17,18
EPI_ISL_2232335,130,128,128,125,124,70,121,79,70,78,75,85,113,95,95,83,97,99,87,85,83,69,74,59,60,77,77,56,56,57,77,57,55,55,57,29,19,31,33,60,60,33,61,61,21,36,39,34,66,66,66,24,54,56,62,71,68,63,63,54,56,56,54,56,55,58,59,57,55,59,55,60,52,57,54,57,60,58,51,56,57,54,58,50,59,62,58,55,60,61,50,56,53,54,52,58,52,54,56,50,60,43,62,52,61,51,63,63,59,50,58,57,56,56,62,53,70,63,56,54,54,62,51,57,53,53,60,58,54,52,59,63,57,52,62,60,65,65,63,58,61,63,63,59,61,59,62,59,54,109,28,43,32,33,57,16,28,27,28,35,29,31,30,31,29,37,32,28,51,46,29,59,27,46,46,49,30,32,36,33,26,33,32,25,21,23,40,19,24,29,30,31,26,26,21,22,15,26,28,29,24,29,68,26,39,28,33,22,38,55,20,25,21,35,45,26,23,49,30,50,26,54,26,40,29,33,27,28,32,57,27,63,29,20,26,30,34,32,37,15,35,15,35,25,29,24,31,39,34,29,34,25,34,27,31,24,29,31,37,27,32,36,31,18,15,16,13,14,15,16,24,23,16,11,25,12,16,30,31,37,24,20,23,15,12,18,26,92,13,18,78,13,39,36,25,21,22,24,23,30,10,14,13,20,12,20,19,20,16,22,20,12,29,14,11,12,11,20,22,7,21,13,24,17,18,20,17,16,15,17,13,8,16,19,34,16,12,29,8,19,18,18,18,27,18,25,19,14,18,19,21,17,11,16,16,18,14,18,13,13,13,1,23,17,7,20,19,8,0,16,7,16,256,8,8,13,15,1,16,16,18,27,29,19,16,17,18,9,3,23,23,20,12,22,23,29,20,24,23,16,7,24,13,12,24,18,22,25,12,20,26,8,18,18,15,21,21,11,18,22,21,18,25,22,19,21,18,23,12,19,15,10,9,21,19,8,18,8,9,16,9,19,19,17,18,6,17,27,18,25,16,20,16,19,20,17,17,21,16,15,16,19,18,18,20,20,24,8,25,10,14,8,8,8,18,9,20,8,7,7,8,15,19,19,17,18,16,15,12,15,74,13,20,18,19,55,14,19,14,15,1,15,16
EPI_ISL_812804,128,126,126,123,122,68,119,75,66,74,71,83,111,95,95,85,95,99,89,87,87,62,67,52,53,70,70,49,49,50,70,50,48,48,50,37,25,41,43,53,53,43,54,54,27,46,49,44,59,59,59,34,52,49,55,64,61,56,56,47,49,49,47,49,48,51,52,50,48,52,48,53,45,50,47,50,53,51,44,49,50,49,51,43,52,55,51,48,53,54,43,49,48,47,45,51,45,47,49,43,53,31,55,45,54,41,56,56,52,43,51,50,49,49,55,46,63,56,49,47,47,55,44,50,46,46,53,51,47,45,52,56,50,62,55,53,58,58,56,51,54,56,56,52,54,52,55,52,47,107,36,41,40,43,63,2,36,35,36,45,37,41,38,41,39,47,42,36,59,44,39,69,37,44,44,57,36,42,44,37,34,41,38,35,27,29,26,27,32,21,38,29,32,34,31,28,1,18,38,37,34,39,66,32,25,34,29,24,24,53,28,35,29,33,31,36,33,47,38,58,34,62,34,38,39,41,35,38,38,63,37,61,37,28,34,38,42,42,35,25,27,23,27,17,21,16,24,33,30,22,26,19,44,19,23,19,21,23,30,19,24,28,29,28,25,26,23,24,25,26,22,33,26,21,17,22,24,22,29,25,34,30,31,23,22,28,18,84,23,8,88,23,49,28,17,31,14,16,15,22,20,24,23,12,22,12,11,12,8,32,12,22,23,6,21,22,21,8,14,17,13,23,14,5,10,14,17,14,5,3,23,12,2,5,20,6,22,21,18,13,6,4,4,19,4,11,11,24,4,5,13,17,17,2,22,4,24,22,21,23,11,15,13,11,17,16,9,18,16,0,17,2,248,18,18,11,7,17,14,22,20,13,15,7,4,3,28,19,19,15,11,12,22,14,15,21,12,16,15,14,17,16,23,22,16,10,14,17,10,18,18,18,10,8,13,13,13,21,28,14,13,10,17,14,11,13,10,9,22,9,5,18,19,13,7,18,16,18,19,14,19,11,11,9,16,16,9,13,10,16,8,12,8,11,10,9,9,13,8,7,8,9,10,8,12,12,16,18,23,20,24,18,18,18,10,19,14,14,17,15,18,7,11,9,9,8,4,7,10,7,66,5,11,10,11,47,6,7,6,7,17,7,8
EPI_ISL_812796,131,128,129,126,125,71,122,80,71,79,76,86,114,96,96,84,98,100,88,86,84,69,74,59,60,77,77,56,56,57,77,57,55,55,57,28,20,30,32,60,60,32,61,61,22,35,38,33,66,66,66,23,55,56,62,71,68,63,63,55,57,57,55,57,56,59,60,58,56,60,56,61,53,58,55,58,61,59,52,57,58,55,59,51,60,63,59,56,61,62,51,57,54,55,53,59,53,55,57,51,60,44,63,53,62,52,64,64,60,51,59,58,57,57,63,54,71,63,57,55,55,63,52,58,54,54,61,59,55,53,60,63,57,51,62,60,65,65,63,58,61,63,63,59,61,59,62,59,54,110,27,44,31,32,56,17,27,26,27,34,28,30,29,30,28,36,31,27,50,47,28,58,26,47,47,48,29,31,35,34,25,32,33,24,20,22,41,20,23,30,29,32,27,25,20,23,16,27,27,28,23,28,69,25,40,27,32,19,39,56,15,24,20,36,46,25,22,50,29,49,25,53,25,41,28,32,26,27,31,56,26,64,28,21,25,29,33,31,38,12,36,16,36,26,30,25,32,40,35,30,35,26,33,28,32,25,30,32,38,28,33,37,30,13,12,11,10,11,14,13,25,22,15,8,26,7,17,31,32,38,23,19,24,16,7,17,27,93,12,19,75,12,38,37,26,18,23,25,24,31,7,11,10,21,9,21,20,21,17,19,21,11,32,15,8,11,10,21,21,4,22,12,25,18,17,19,16,17,16,18,12,9,17,20,35,17,9,30,7,18,19,19,19,28,19,26,20,11,19,20,22,16,12,17,15,19,11,15,14,12,14,6,24,16,4,19,20,7,7,17,0,17,257,3,5,14,14,8,17,17,13,28,30,20,17,18,15,8,10,24,24,21,11,23,24,30,21,25,24,17,6,25,12,11,25,19,23,24,13,21,27,7,19,19,16,22,22,8,15,23,22,19,26,23,20,22,19,24,11,20,16,9,8,22,20,5,19,5,6,17,6,20,20,18,19,3,18,28,19,26,17,21,17,20,20,18,18,22,17,16,17,20,19,19,21,21,25,7,26,9,11,5,5,5,19,6,21,9,6,8,7,16,20,20,18,19,17,16,13,16,75,14,21,19,20,56,15,20,15,16,8,16,17
EPI_ISL_812840,128,126,126,123,122,68,119,75,66,74,71,83,111,95,95,85,95,99,89,87,87,62,67,52,53,70,70,49,49,50,70,50,48,48,50,37,25,41,43,53,53,43,54,54,27,46,49,44,59,59,59,34,52,49,55,64,61,56,56,47,49,49,47,49,48,51,52,50,48,52,48,53,45,50,47,50,53,51,44,49,50,49,51,43,52,55,51,48,53,54,43,49,48,47,45,51,45,47,49,43,53,31,55,45,54,41,56,56,52,43,51,50,49,49,55,46,63,56,49,47,47,55,44,50,46,46,53,51,47,45,52,56,50,62,55,53,58,58,56,51,54,56,56,52,54,52,55,52,47,107,36,41,40,43,63,2,36,35,36,45,37,41,38,41,39,47,42,36,59,44,39,69,37,44,44,57,36,42,44,37,34,41,38,35,27,29,26,27,32,21,38,29,32,34,31,28,1,18,38,37,34,39,66,32,25,34,29,24,24,53,28,35,29,33,31,36,33,47,38,58,34,62,34,38,39,41,35,38,38,63,37,61,37,28,34,38,42,42,35,25,27,23,27,17,21,16,24,33,30,22,26,19,44,19,23,19,21,23,30,19,24,28,29,28,25,26,23,24,25,26,22,33,26,21,17,22,24,22,29,25,34,30,31,23,22,28,18,84,23,8,88,23,49,28,17,31,14,16,15,22,20,24,23,12,22,12,11,12,8,32,12,22,23,6,21,22,21,8,14,17,13,23,14,5,10,14,17,14,5,3,23,12,2,5,20,6,22,21,18,13,6,4,4,19,4,11,11,24,4,5,13,17,17,2,22,4,24,22,21,23,11,15,13,11,17,16,9,18,16,2,17,0,248,18,18,11,7,17,14,22,20,13,15,7,4,3,28,19,19,15,11,12,22,14,15,21,12,16,15,14,17,16,23,22,16,10,14,17,10,18,18,18,10,8,13,13,13,21,28,14,13,10,17,14,11,13,10,9,22,9,5,18,19,13,7,18,16,18,19,14,19,11,11,9,16,16,9,13,10,16,8,12,8,11,10,9,9,13,8,7,8,9,10,8,12,12,16,18,23,20,24,18,18,18,10,19,14,14,17,15,18,7,11,9,9,8,4,7,10,7,66,5,11,10,11,47,6,7,6,7,17,7,8
EPI_ISL_1165087,368,366,366,363,362,308,358,317,308,316,313,323,351,335,335,325,337,339,329,327,327,302,307,292,293,310,310,289,289,290,310,290,288,288,290,277,265,281,283,293,293,283,294,294,267,286,289,284,299,299,298,274,292,288,295,304,301,296,296,287,289,289,287,289,288,291,292,290,288,292,288,293,285,290,287,290,293,291,284,289,290,289,291,283,292,293,291,288,293,294,283,289,288,287,285,291,285,287,289,283,291,275,295,285,294,281,296,296,290,283,291,290,289,288,295,286,303,296,289,287,287,295,284,290,286,286,293,291,287,285,292,296,290,302,295,293,298,298,296,291,294,296,296,292,294,292,295,292,286,347,276,281,280,283,305,248,276,275,276,285,277,281,278,281,279,287,282,276,299,284,279,309,277,284,284,297,278,282,286,279,274,281,278,275,267,269,272,267,272,259,278,269,272,273,271,268,247,255,278,277,274,279,306,272,271,274,273,264,270,293,268,275,269,273,277,276,273,287,280,298,274,302,274,278,279,283,275,278,280,305,277,301,277,268,274,278,282,282,275,265,263,263,264,255,258,254,261,271,268,260,266,256,284,256,261,257,260,260,270,256,262,268,269,268,265,266,263,264,265,266,262,273,266,261,254,262,264,259,269,267,274,270,271,263,262,268,255,322,263,248,231,263,234,266,255,271,252,254,253,260,260,264,263,250,262,250,249,250,246,272,252,262,261,244,261,260,261,252,252,257,253,263,254,249,254,256,261,254,249,249,263,254,248,249,266,252,262,259,258,255,250,250,250,257,250,257,249,264,250,251,251,258,257,248,264,250,264,264,261,263,255,255,253,255,257,262,251,258,256,248,257,248,0,258,258,255,253,257,254,261,259,256,261,253,250,247,268,259,259,253,253,250,262,252,253,259,249,254,253,254,257,254,263,262,254,250,254,255,250,258,256,258,248,248,253,250,250,261,268,252,250,248,254,254,249,253,248,255,262,251,251,258,259,251,249,258,256,258,259,254,259,249,248,247,256,256,247,259,250,255,246,251,246,249,250,247,248,251,248,245,246,249,248,247,251,249,253,258,262,260,264,258,258,258,250,259,258,254,257,255,258,245,249,251,249,248,248,245,250,245,292,245,250,249,249,209,246,253,252,245,257,245,246
EPI_ISL_1109625,132,129,130,127,126,72,123,81,72,80,77,87,115,97,97,85,99,101,89,87,85,70,75,60,61,78,78,57,57,58,78,58,56,56,58,29,21,31,33,61,61,33,62,62,23,36,39,34,67,67,67,24,56,57,63,72,69,64,64,56,58,58,56,58,57,60,61,59,57,61,57,62,54,59,56,59,62,60,53,58,59,56,60,52,61,64,60,57,62,63,52,58,55,56,54,60,54,56,58,52,61,45,64,54,63,53,65,65,61,52,60,57,58,58,64,55,72,64,58,56,56,64,53,59,55,55,62,60,56,54,61,64,58,52,63,61,66,66,64,59,62,64,64,60,62,60,63,60,55,111,28,45,32,33,57,18,28,27,28,35,29,31,30,31,29,37,32,28,51,48,29,59,27,48,48,49,30,32,36,35,26,33,34,25,21,23,42,21,24,31,30,33,28,26,21,24,17,28,28,29,24,29,70,26,41,28,33,20,40,57,16,25,21,37,47,26,23,51,30,50,26,54,26,42,29,33,27,28,32,57,27,65,29,22,26,30,34,32,39,13,37,17,37,27,31,26,33,41,36,31,36,27,34,29,33,26,31,33,39,29,34,38,31,14,13,12,11,12,15,14,26,23,16,9,27,8,18,32,33,39,24,20,25,17,8,18,28,94,13,20,76,13,39,38,27,19,24,26,25,32,8,12,11,22,10,22,21,22,18,20,22,12,33,16,9,12,11,22,22,5,23,13,26,19,18,20,17,18,17,19,13,10,18,21,36,18,10,31,8,19,20,20,20,29,20,27,21,12,20,21,23,17,13,18,16,20,12,16,15,13,15,7,25,17,5,20,21,8,8,18,3,18,258,0,6,15,15,9,18,18,14,29,31,21,18,19,16,9,11,25,25,22,12,24,25,31,22,26,25,18,7,26,13,12,26,20,24,25,14,22,28,8,20,20,17,23,23,9,16,24,23,20,27,24,21,23,20,25,12,21,17,10,9,23,21,6,20,6,7,18,7,21,21,19,20,4,19,29,20,27,18,22,18,21,21,19,19,23,18,17,18,21,20,20,22,22,26,8,27,10,12,6,6,6,20,7,22,10,7,9,8,17,21,21,19,20,18,17,14,17,76,15,22,20,21,57,16,21,16,17,9,17,18
EPI_ISL_812822,130,128,128,125,124,70,121,79,70,78,75,85,113,95,95,83,97,99,87,85,83,71,76,61,62,79,79,58,58,59,79,59,57,57,59,29,21,31,33,62,62,33,63,63,23,36,39,34,68,68,68,24,56,58,64,73,70,65,65,56,58,58,56,58,57,60,61,59,57,61,57,62,54,59,56,59,62,60,53,58,59,56,60,52,61,64,60,57,62,63,52,58,55,56,54,60,54,56,58,52,62,45,64,54,63,53,65,65,61,52,60,59,58,58,64,55,72,65,58,56,56,64,53,59,55,55,62,60,56,54,61,65,59,52,64,62,67,67,65,60,63,65,65,61,63,61,64,61,56,111,28,45,32,33,57,18,28,27,28,35,29,31,30,31,29,37,32,28,51,48,29,59,27,48,48,49,30,32,36,35,26,33,34,25,21,23,42,21,24,31,30,33,28,26,21,24,17,28,28,29,24,29,70,26,41,28,33,20,40,57,18,25,21,37,47,26,23,51,30,50,26,54,26,42,29,33,27,28,32,57,27,65,29,22,26,30,34,32,39,13,37,17,37,27,31,26,33,41,36,31,36,27,34,29,33,26,31,33,39,29,34,38,31,16,13,14,11,12,15,14,26,23,16,9,27,10,18,32,33,39,24,20,25,17,10,18,28,94,13,20,76,13,39,38,27,19,24,26,25,32,8,12,11,22,10,22,21,22,18,20,22,12,33,16,9,12,11,22,22,5,23,13,26,19,18,20,17,18,17,19,13,10,18,21,36,18,10,31,8,19,20,20,20,29,20,27,21,12,20,21,23,17,13,18,16,20,12,16,15,13,15,7,25,17,5,20,21,8,8,18,5,18,258,6,0,15,15,9,18,18,16,29,31,21,18,19,16,9,11,25,25,22,12,24,25,31,22,26,25,18,7,26,13,12,26,20,24,25,14,22,28,8,20,20,17,23,23,9,16,24,23,20,27,24,21,23,20,25,12,21,17,10,9,23,21,6,20,6,7,18,5,21,21,19,20,4,19,29,20,27,18,22,18,21,22,19,19,23,18,17,18,21,20,20,22,22,26,8,27,10,12,6,6,6,20,7,22,10,7,9,8,17,21,21,19,20,18,17,14,17,76,15,22,20,21,57,16,21,16,17,9,17,18
EPI_ISL_812842,129,127,127,124,123,69,120,78,69,77,74,84,112,94,94,84,94,98,88,86,86,68,73,58,59,76,76,55,55,56,76,56,54,54,56,34,24,38,40,59,59,40,60,60,26,43,46,41,65,65,65,31,53,55,61,70,67,62,62,53,55,55,53,55,54,57,58,56,54,58,54,59,51,56,53,56,59,57,50,55,56,55,57,49,58,61,57,54,59,60,49,55,54,53,51,57,51,53,55,49,59,40,61,51,60,48,62,62,58,49,57,56,55,55,61,52,69,62,55,53,53,61,50,56,52,52,59,57,53,51,58,62,56,59,61,59,64,64,62,57,60,62,62,58,60,58,61,58,53,108,33,42,37,40,62,11,33,32,33,42,34,38,35,38,36,44,39,33,56,45,36,66,34,45,45,54,35,39,43,38,31,38,37,32,26,28,35,24,29,28,35,30,31,31,28,27,10,25,35,34,31,36,67,31,34,33,34,23,33,54,25,32,26,34,40,33,30,48,37,55,31,59,31,39,36,40,32,35,37,62,34,62,34,25,31,35,39,39,36,22,34,20,34,24,28,23,30,39,36,29,33,26,41,26,30,26,28,30,36,26,31,35,30,25,22,23,20,21,22,23,23,30,23,18,24,19,21,29,30,32,31,27,28,20,19,25,25,91,20,15,85,20,46,33,24,28,21,23,22,29,17,21,20,19,19,19,18,19,15,29,19,19,30,13,18,19,18,17,21,14,20,20,21,12,15,21,16,15,10,12,20,9,11,14,29,13,19,28,15,18,15,13,13,26,13,20,18,21,13,14,20,16,16,11,19,13,19,23,16,20,12,12,20,18,14,17,16,15,13,11,14,11,255,15,15,0,16,14,15,21,25,22,24,16,11,12,25,16,16,22,20,19,19,21,22,28,19,23,22,15,14,23,20,19,23,17,21,24,11,19,25,15,17,15,14,20,20,18,25,21,20,17,24,21,18,20,17,18,19,16,12,15,16,20,14,15,17,15,16,15,16,18,18,16,17,13,16,22,17,23,15,19,15,18,17,16,16,20,15,14,15,16,17,15,19,19,23,15,24,17,21,15,15,15,17,16,15,13,14,12,15,14,18,16,16,15,11,14,11,14,73,12,18,17,18,54,13,14,9,14,14,14,15
EPI_ISL_812860,133,131,131,128,127,73,124,80,71,79,76,88,116,100,100,90,100,104,94,92,90,67,72,57,58,75,75,54,54,55,75,55,53,53,55,36,26,38,40,58,58,40,59,59,28,43,46,41,64,64,64,31,57,54,60,69,66,61,61,52,54,54,52,54,53,56,57,55,53,57,53,58,50,55,52,55,58,56,49,54,55,52,56,48,57,60,56,53,58,59,48,54,51,52,50,56,50,52,54,48,58,36,60,50,59,46,61,61,57,48,56,55,54,54,60,51,68,61,54,52,52,60,49,55,51,51,58,56,52,50,57,61,55,59,60,58,63,63,61,56,59,61,61,57,59,57,60,57,52,112,35,46,39,40,62,7,35,34,35,42,36,38,37,38,36,44,39,35,58,49,36,66,34,49,49,56,35,39,41,38,33,40,39,32,26,28,31,28,31,26,37,34,33,33,28,29,6,23,35,36,31,36,71,31,30,33,28,25,29,58,27,32,28,38,36,33,30,52,35,57,33,61,33,43,36,38,34,35,37,62,34,66,36,29,33,37,41,39,40,22,32,24,32,22,26,21,29,38,33,26,31,22,41,24,28,21,26,28,35,24,29,33,32,25,22,23,20,21,22,23,27,30,23,18,22,19,25,27,34,30,31,27,32,24,19,25,23,89,20,13,85,20,46,33,22,28,19,21,20,27,17,21,20,17,19,17,16,17,13,29,17,19,28,11,18,19,18,13,17,14,18,20,19,10,11,13,20,19,10,8,20,13,7,10,25,9,19,26,15,16,11,9,9,24,9,16,16,21,9,10,18,20,18,7,21,9,21,19,22,20,16,14,18,10,14,19,14,15,15,7,14,7,253,15,15,16,0,16,19,23,17,18,20,10,9,8,25,16,18,20,16,17,19,19,20,26,17,21,20,19,14,21,20,19,21,15,19,20,15,23,23,15,15,13,18,18,18,18,25,19,18,15,22,19,16,18,15,14,19,14,8,15,16,18,12,15,21,15,16,19,16,16,16,14,21,13,14,18,15,21,13,17,13,16,15,14,14,18,13,12,13,14,15,13,17,17,21,15,28,17,21,15,15,15,13,16,19,15,14,16,15,12,16,14,14,13,9,12,15,12,71,10,16,15,16,52,11,12,11,12,16,12,13
EPI_ISL_2232381,131,129,129,126,125,71,122,80,71,79,76,86,114,96,96,84,98,100,88,86,84,70,75,60,61,78,78,57,57,58,78,58,56,56,58,30,20,32,34,61,61,34,62,62,22,37,40,35,67,67,67,25,55,57,63,72,69,64,64,55,57,57,55,57,56,59,60,58,56,60,56,61,53,58,55,58,61,59,52,57,58,55,59,51,60,63,59,56,61,62,51,57,54,55,53,59,53,55,57,51,61,44,63,53,62,52,64,64,60,51,59,58,57,57,63,54,71,64,57,55,55,63,52,58,54,54,61,59,55,53,60,64,58,53,63,61,66,66,64,59,62,64,64,60,62,60,63,60,55,110,29,44,33,34,58,17,29,28,29,36,30,32,31,32,30,38,33,29,52,47,30,60,28,47,47,50,31,33,37,34,27,34,33,26,22,24,41,20,25,30,31,32,27,27,22,23,16,27,29,30,25,30,69,27,40,29,34,23,39,56,21,26,22,36,46,27,24,50,31,51,27,55,27,41,30,34,28,29,33,58,28,64,30,21,27,31,35,33,38,16,36,16,36,26,30,25,32,40,35,30,35,26,35,28,32,25,30,32,38,28,33,37,32,19,16,17,14,15,16,17,25,24,17,12,26,13,17,31,32,38,25,21,24,16,13,19,27,93,14,19,79,14,40,37,26,22,23,25,24,31,11,15,14,21,13,21,20,21,17,23,21,13,30,15,12,13,12,21,23,8,22,14,25,18,19,21,18,17,16,18,14,9,17,20,35,17,13,30,9,20,19,19,19,28,19,26,20,15,19,20,22,18,12,17,17,19,15,19,14,14,14,2,24,18,8,21,20,9,1,17,8,17,257,9,9,14,16,0,17,17,19,28,30,20,17,18,19,10,4,24,24,21,13,23,24,30,21,25,24,17,8,25,14,13,25,19,23,26,13,21,27,9,19,19,16,22,22,12,19,23,22,19,26,23,20,22,19,24,13,20,16,11,10,22,20,9,19,9,10,17,10,20,20,18,19,7,18,28,19,26,17,21,17,20,21,18,18,22,17,16,17,20,19,19,21,21,25,9,26,11,15,9,9,9,19,10,21,9,8,8,9,16,20,20,18,19,17,16,13,16,75,14,21,19,20,56,15,20,15,16,2,16,17
EPI_ISL_812868,128,126,126,123,122,68,119,77,68,76,73,83,111,95,95,85,97,99,89,87,87,67,72,57,58,75,75,54,54,55,75,55,53,53,55,37,25,41,43,58,58,43,59,59,27,46,49,44,64,64,64,34,52,54,60,69,66,61,61,52,54,54,52,54,53,54,57,55,53,57,53,58,48,55,52,55,58,56,49,54,55,54,56,48,57,60,56,53,58,59,48,54,53,52,50,56,50,52,54,48,58,41,60,50,59,49,61,61,57,48,56,55,54,54,60,51,68,61,54,52,52,60,49,55,51,51,58,56,52,50,57,61,55,62,60,58,63,63,61,56,59,61,61,57,59,57,60,57,52,107,34,39,40,43,65,14,36,35,36,45,35,41,38,41,39,47,42,36,59,44,39,69,37,42,44,57,38,42,46,39,34,41,38,35,27,29,38,27,32,27,38,29,32,34,31,28,13,24,38,37,34,39,66,32,37,34,39,24,36,53,28,35,29,33,43,36,33,47,40,58,34,62,34,38,39,43,35,38,40,65,37,61,37,28,34,38,42,42,35,25,31,23,33,23,27,22,30,39,36,28,32,25,44,25,29,25,27,29,36,25,30,34,29,28,25,26,23,24,25,26,22,31,26,21,23,22,24,28,29,35,32,30,31,23,22,28,24,88,23,16,88,23,49,34,23,31,20,22,21,28,20,24,23,18,22,18,17,18,14,32,18,22,29,12,21,22,21,12,20,17,19,23,22,15,20,22,21,14,15,15,23,14,14,17,32,18,22,27,18,21,16,16,16,25,16,23,17,24,16,17,19,19,17,14,24,16,24,24,21,23,15,15,21,21,17,22,17,18,16,14,17,14,254,18,18,15,19,17,0,22,26,25,27,19,16,15,28,19,19,21,21,18,22,20,21,27,18,22,21,14,17,22,23,22,22,16,20,23,6,12,24,18,16,16,9,19,19,19,28,20,19,16,23,20,17,19,16,19,22,17,17,18,19,19,17,18,16,18,19,14,19,17,17,15,16,16,15,25,16,23,14,18,14,17,18,15,15,19,14,13,14,17,16,16,18,18,22,18,23,20,24,18,18,18,14,19,14,14,17,15,18,13,17,17,15,16,14,13,6,13,72,11,18,16,17,53,12,19,12,13,17,13,14
EPI_ISL_812863,136,134,134,131,130,76,127,85,76,84,81,91,119,103,103,91,105,107,95,93,93,75,80,65,66,83,83,62,62,63,83,63,61,61,63,37,27,41,43,66,66,43,67,67,29,46,49,44,72,72,72,34,60,62,68,77,74,69,69,60,62,62,60,62,61,64,65,63,61,65,61,66,58,63,60,63,66,64,57,62,63,62,64,56,65,68,64,61,66,67,56,62,61,60,58,64,58,60,62,56,66,49,68,58,67,57,69,69,65,56,64,63,62,62,68,58,76,67,62,60,60,68,57,63,59,59,66,64,60,58,65,69,63,62,68,66,71,71,69,64,67,69,69,65,67,65,68,65,60,115,36,49,40,43,65,22,36,35,36,45,37,41,38,41,39,47,42,36,59,52,39,69,37,52,52,57,38,42,46,39,34,41,38,35,29,31,46,27,32,35,38,37,30,34,31,30,21,32,38,37,34,39,74,34,45,36,41,30,44,61,28,35,29,41,51,36,33,55,40,58,34,62,34,46,39,43,35,38,40,65,37,69,37,28,34,38,42,42,43,25,41,23,39,31,35,30,37,45,40,35,38,31,44,33,37,31,35,37,43,33,38,41,35,28,25,26,23,24,25,26,30,33,26,21,31,22,24,36,37,43,34,30,31,23,22,28,32,98,23,24,88,23,49,42,31,31,28,30,29,36,20,24,23,26,22,26,25,26,22,32,26,22,35,20,21,22,21,26,28,17,27,21,30,23,26,28,25,20,21,23,23,16,22,25,40,22,22,33,18,27,24,24,24,31,24,31,25,24,24,25,27,25,17,22,24,24,24,26,21,19,19,15,29,25,17,30,25,18,16,22,17,22,261,18,18,21,23,17,22,0,26,33,35,27,24,23,28,19,19,27,29,26,22,28,29,35,26,30,29,22,17,30,23,22,30,24,28,31,18,26,32,18,24,24,21,27,27,21,28,28,27,22,31,28,23,27,24,29,22,25,21,20,19,27,25,18,24,18,19,22,19,25,25,23,24,16,23,33,24,31,22,26,22,25,26,23,23,27,22,21,22,25,24,24,26,26,30,18,31,20,24,18,18,18,24,19,26,14,17,15,18,21,25,25,23,24,22,21,18,21,80,19,26,24,25,59,20,25,20,21,17,21,22
EPI_ISL_812848,140,137,138,135,134,80,131,89,80,88,85,95,123,107,107,95,109,111,99,97,95,73,78,63,64,81,81,60,60,61,81,61,59,59,61,39,31,41,43,64,64,43,65,65,33,46,49,44,70,70,70,34,64,60,64,75,72,67,67,59,61,61,59,61,60,61,64,62,60,64,60,65,57,62,59,62,65,63,56,61,62,59,63,55,64,67,63,60,65,66,55,61,58,59,57,63,57,59,61,55,62,47,67,57,66,55,68,68,64,55,63,62,61,61,67,58,75,67,61,59,59,67,56,62,58,58,65,63,59,57,64,67,61,62,66,64,69,69,67,62,65,67,67,63,65,63,66,63,58,119,38,53,42,43,67,20,38,37,38,45,39,41,40,41,39,47,42,38,61,56,39,69,37,56,56,59,40,42,46,43,36,43,42,35,31,33,44,31,34,33,40,41,36,36,31,34,19,30,38,39,34,39,78,36,43,38,37,30,42,65,26,35,31,45,49,36,33,59,40,60,36,64,36,50,39,43,37,38,42,67,37,73,39,32,36,40,44,42,47,23,39,27,39,29,33,28,35,43,37,33,38,29,44,31,35,28,33,35,42,31,36,40,39,22,23,22,21,22,25,24,34,33,26,19,29,18,28,34,41,41,34,30,35,27,18,28,30,96,23,22,86,23,49,38,29,29,26,28,27,34,18,22,21,24,20,24,23,24,20,30,24,22,35,18,19,22,21,24,24,15,25,23,28,21,20,22,27,26,19,21,23,20,20,23,38,20,20,33,18,23,22,22,22,31,22,29,23,22,22,23,25,27,21,20,26,22,22,24,25,23,23,17,27,19,15,30,23,18,18,20,13,20,259,14,16,25,17,19,26,26,0,31,33,23,22,21,26,19,21,25,27,24,22,26,27,33,24,28,27,26,17,28,23,22,28,22,26,27,22,30,30,18,22,22,25,25,25,19,26,26,25,22,29,26,23,25,22,27,22,23,19,20,19,25,23,16,28,16,17,26,17,23,23,19,28,14,21,31,22,29,20,24,20,23,23,21,21,25,20,19,20,23,22,22,24,24,28,18,35,20,22,16,16,16,22,17,30,18,17,19,18,19,23,23,21,22,20,19,22,19,77,17,24,22,23,58,18,23,24,19,19,19,20
EPI_ISL_812820,139,137,137,134,133,79,130,86,77,85,82,94,122,106,106,96,106,110,100,98,98,73,78,63,64,81,81,60,60,61,81,61,59,59,61,48,36,52,54,64,64,54,65,65,38,57,60,55,70,70,70,45,61,60,66,75,72,67,67,58,60,60,58,60,59,62,63,61,59,63,59,64,56,61,58,61,64,62,55,60,61,60,62,54,63,66,62,59,64,65,54,60,59,58,56,62,56,58,60,54,64,42,66,56,65,52,67,67,63,54,62,61,60,60,66,57,74,67,60,58,58,66,55,61,57,57,64,62,58,56,63,67,61,73,66,64,69,69,67,62,65,67,67,63,65,63,66,63,58,116,47,50,51,54,74,13,47,46,47,56,48,52,49,52,50,58,53,47,70,53,50,80,48,53,53,68,47,53,55,48,45,52,49,46,38,40,37,38,43,30,49,38,43,45,42,39,12,23,49,48,45,50,75,43,36,45,40,35,35,62,39,46,40,42,42,47,44,56,49,69,45,73,43,47,50,52,46,47,49,74,48,70,48,39,45,49,53,53,44,36,36,34,36,26,30,25,33,41,38,31,37,25,55,28,32,27,31,32,41,24,33,39,40,39,36,37,34,35,34,37,33,44,37,32,22,33,35,27,40,34,45,39,42,34,33,39,25,93,34,17,99,34,60,37,26,42,23,25,24,31,31,35,34,21,33,21,20,21,17,43,23,33,32,15,32,31,32,19,23,28,24,34,23,16,21,25,28,25,16,14,34,23,13,14,31,17,33,30,29,24,17,15,15,28,15,22,20,35,15,16,22,26,28,13,33,15,35,33,32,34,22,26,22,22,28,27,20,29,27,13,28,13,256,29,29,22,18,28,25,33,31,0,26,18,15,12,39,30,30,24,20,21,33,23,24,30,17,25,24,25,28,25,34,33,25,21,25,26,21,29,27,29,19,17,24,18,18,32,39,23,18,19,22,23,20,24,19,20,33,20,16,29,30,22,16,29,27,29,30,25,30,20,16,18,27,27,18,24,21,25,17,22,17,20,19,18,19,22,19,16,17,18,19,13,22,17,21,29,34,31,35,29,29,29,21,30,25,25,28,26,29,16,20,20,20,17,15,16,21,16,75,16,20,20,20,56,17,18,17,16,28,16,17
EPI_ISL_812829,139,137,137,134,133,79,130,86,77,85,82,94,122,106,106,96,106,110,100,98,98,75,80,65,66,83,83,62,62,63,83,63,61,61,63,50,38,54,56,66,66,56,67,67,40,59,62,57,72,72,72,47,65,62,68,77,74,69,69,60,62,62,60,62,61,64,65,63,61,65,61,66,58,63,60,63,66,64,57,62,63,62,64,56,65,68,64,61,66,67,56,62,61,60,58,64,58,60,62,56,66,44,68,58,67,54,69,69,65,56,64,63,62,62,68,59,76,69,62,60,60,66,57,63,59,59,66,64,60,58,65,69,63,75,68,66,71,71,69,64,67,69,69,65,67,65,68,65,60,120,49,54,53,56,76,15,49,48,49,58,50,54,51,54,52,60,55,49,72,57,52,82,50,57,57,70,49,55,57,50,47,54,51,48,40,42,23,40,45,32,51,42,45,47,44,41,14,31,51,50,47,52,79,45,22,47,40,35,23,66,41,48,42,46,26,49,46,60,51,71,45,75,47,51,52,54,48,51,51,76,50,74,50,39,47,51,55,55,48,38,40,34,40,30,34,29,37,46,42,34,39,32,57,32,36,31,34,36,42,32,37,41,42,41,38,39,36,37,38,39,35,46,37,34,30,35,35,35,42,38,47,43,42,34,35,41,31,97,36,21,101,36,62,41,30,44,27,29,28,35,33,37,36,25,35,25,24,25,21,45,25,35,36,19,34,35,34,21,27,30,26,36,27,18,23,27,30,27,18,16,36,25,15,18,15,19,35,34,31,26,19,17,17,32,17,14,24,37,17,18,26,30,30,15,35,17,37,35,32,36,24,28,26,24,30,29,22,31,29,15,30,15,261,31,31,24,20,30,27,35,33,26,0,20,17,16,41,32,32,28,24,25,35,27,28,34,25,29,28,27,30,29,36,35,29,23,27,30,23,31,31,31,23,21,26,26,26,34,41,27,26,23,30,27,24,26,23,22,35,22,18,31,32,26,20,31,29,31,32,27,32,24,24,22,29,29,22,16,23,29,21,25,21,24,23,22,22,26,21,20,21,22,23,21,25,25,29,31,36,33,37,31,31,31,23,32,27,25,30,28,31,20,24,22,22,21,17,20,23,20,79,18,24,23,24,60,19,16,19,20,30,20,21
EPI_ISL_812813,133,131,131,128,127,73,124,80,71,79,76,88,116,100,100,90,100,104,94,92,90,67,72,57,58,75,75,54,54,55,75,55,53,53,55,40,28,42,44,58,58,44,59,59,30,47,50,45,64,64,64,35,57,54,60,69,66,61,61,52,54,54,52,54,53,56,57,55,53,57,53,58,50,55,52,55,58,56,49,54,55,52,56,48,57,60,56,53,58,59,48,54,51,52,50,56,50,52,54,48,58,36,60,50,59,46,61,61,57,48,56,55,54,54,60,51,68,61,54,52,52,60,49,55,51,51,58,56,52,50,57,61,55,63,60,58,63,63,61,56,59,61,61,57,59,57,60,57,52,112,39,46,43,44,66,7,39,38,39,46,40,42,41,42,40,48,43,39,62,49,40,70,38,49,49,60,39,43,45,42,37,44,43,36,30,32,31,30,35,26,41,34,37,37,32,31,6,23,39,40,35,40,71,35,30,37,34,29,29,58,33,36,32,38,36,37,34,52,39,61,37,65,37,43,40,42,38,39,41,66,38,66,40,33,37,41,45,43,40,28,32,28,32,22,26,21,29,38,35,27,31,24,45,24,28,23,26,28,35,24,29,33,34,31,28,29,26,27,26,29,27,34,27,24,22,25,29,27,34,30,35,31,36,28,25,29,23,89,24,13,89,26,52,33,22,34,19,21,20,27,23,27,26,17,25,17,16,17,13,35,17,23,28,11,24,25,22,13,19,20,18,24,19,10,13,17,22,19,10,8,24,17,7,10,25,9,25,26,19,18,11,9,9,24,9,16,16,25,9,10,18,22,22,7,25,9,27,25,26,24,16,18,18,14,20,19,14,19,19,7,20,7,253,21,21,16,10,20,19,27,23,18,20,0,9,8,31,20,22,20,16,17,25,19,20,26,17,21,20,19,18,21,24,23,21,15,19,22,15,23,23,19,15,13,18,18,18,24,31,19,18,15,22,19,16,18,15,14,25,14,10,21,20,18,12,21,21,21,22,19,22,16,16,14,21,19,14,18,15,21,13,17,13,16,15,14,14,18,13,12,13,14,15,13,17,17,21,19,28,23,27,21,21,21,15,22,19,19,18,20,19,12,16,14,14,13,9,12,15,12,71,10,16,15,16,52,9,12,11,12,20,12,13
EPI_ISL_812839,130,128,128,125,124,70,121,77,68,76,73,85,113,95,95,85,95,99,89,87,87,64,69,54,55,72,72,51,51,52,72,52,50,50,52,37,25,41,43,55,55,43,56,56,27,46,49,44,61,61,61,34,54,51,57,66,63,58,58,49,51,51,49,51,50,53,54,52,50,54,50,55,47,52,49,52,55,53,46,51,52,51,53,45,54,57,53,50,55,56,45,51,50,49,47,53,47,49,51,45,55,33,57,47,56,43,58,58,54,45,53,52,51,51,57,48,65,58,51,49,49,57,46,52,48,48,55,53,49,47,54,58,52,62,57,55,60,60,58,53,56,58,58,54,56,54,57,54,49,109,36,43,40,43,63,4,36,35,36,45,37,41,38,41,39,47,42,36,59,46,39,69,37,46,46,57,36,42,44,39,34,41,40,35,27,29,28,27,32,23,38,31,34,34,31,28,3,20,38,37,34,39,68,32,27,34,29,24,26,55,28,35,29,35,33,36,33,49,38,58,34,62,34,40,39,41,35,38,38,63,37,63,37,28,34,38,42,42,37,25,29,23,29,19,23,18,26,35,32,24,28,21,44,21,25,21,23,25,31,21,26,30,31,28,25,26,23,24,25,26,24,33,26,21,19,22,24,24,31,27,34,30,31,23,22,28,20,86,23,10,88,23,49,30,19,31,16,18,17,24,20,24,23,14,22,14,13,14,10,32,14,22,25,8,21,22,21,10,16,17,15,23,16,7,12,16,17,16,7,5,23,12,4,7,22,8,22,23,18,13,8,6,6,21,6,13,13,24,6,7,15,17,19,4,22,6,24,24,21,23,13,15,15,13,17,16,11,18,16,4,17,4,250,18,18,11,9,17,16,24,22,15,17,9,0,5,28,19,19,17,13,14,22,16,17,23,14,18,17,16,17,18,23,22,18,12,16,19,12,20,20,18,12,10,15,15,15,21,28,16,15,12,19,16,13,15,12,11,22,11,7,18,19,15,9,18,18,18,19,16,19,13,13,11,18,16,11,15,12,18,10,14,10,13,12,11,11,15,10,9,10,11,12,10,14,14,18,18,25,20,24,18,18,18,12,19,16,16,17,15,18,9,13,11,11,10,6,9,12,9,68,7,13,12,13,49,8,9,8,9,17,9,10
EPI_ISL_812838,129,127,127,124,123,69,120,76,67,75,72,84,112,96,96,86,96,100,90,88,88,63,68,53,54,71,71,50,50,51,71,51,49,49,51,38,26,42,44,54,54,44,55,55,28,47,50,45,60,60,60,35,53,50,56,65,62,57,57,48,50,50,48,50,49,52,53,51,49,53,49,54,46,51,48,51,54,52,45,50,51,50,52,44,53,56,52,49,54,55,44,50,49,48,46,52,46,48,50,44,54,32,56,46,55,42,57,57,53,44,52,51,50,50,56,47,64,57,50,48,48,56,45,51,47,47,54,52,48,46,53,57,51,63,56,54,59,59,57,52,55,57,57,53,55,53,56,53,48,108,37,42,41,44,64,3,37,36,37,46,38,42,39,42,40,48,43,37,60,45,40,70,38,45,45,58,37,43,45,38,35,42,39,36,28,30,27,28,33,20,39,30,33,35,32,29,2,17,39,38,35,40,67,33,26,35,30,25,25,54,29,36,30,34,32,37,34,48,39,59,35,63,35,39,40,42,36,39,39,64,38,62,38,29,35,39,43,43,36,26,26,24,26,16,20,15,23,33,30,22,27,18,45,18,22,19,21,22,31,18,23,29,30,29,26,27,24,25,26,27,23,34,27,22,16,23,25,21,30,24,35,31,32,24,23,29,17,83,24,7,89,24,50,27,16,32,13,15,14,21,21,25,24,11,23,11,10,11,7,33,13,23,22,5,22,21,22,9,13,18,14,24,13,6,11,15,18,15,6,4,24,13,3,4,21,7,23,20,19,14,7,5,5,18,5,12,10,25,5,6,12,18,18,3,23,5,25,23,22,24,12,16,12,12,18,17,10,19,17,3,18,3,247,19,19,12,8,18,15,23,21,12,16,8,5,0,29,20,20,14,10,11,23,13,14,20,11,15,14,15,18,15,24,23,15,11,15,16,11,19,17,19,9,7,14,12,12,22,29,13,12,9,16,15,10,14,9,10,23,10,6,19,20,12,6,19,17,19,20,15,20,10,10,8,17,17,8,14,11,15,7,12,7,10,9,8,9,12,9,6,7,8,9,7,12,11,15,19,24,21,25,19,19,19,11,20,15,15,18,16,19,6,10,10,10,7,5,6,11,6,65,6,10,10,10,46,7,8,7,6,18,6,7
EPI_ISL_1165078,142,140,140,137,136,82,133,91,82,90,87,97,125,107,107,95,109,111,99,97,95,81,86,71,72,89,89,68,68,69,89,69,67,67,69,39,31,41,43,72,72,43,73,73,33,46,49,44,78,78,78,34,66,68,74,83,80,75,75,66,68,68,66,68,67,70,71,69,67,71,67,72,64,69,66,69,71,70,63,68,69,66,70,62,71,74,70,67,72,73,62,68,65,66,64,70,64,66,68,62,72,55,74,64,73,63,75,75,71,62,70,69,68,68,74,65,82,75,68,66,66,74,63,69,65,65,72,70,66,64,71,75,69,62,74,72,77,77,75,70,73,75,75,71,73,71,74,71,66,121,38,55,42,43,67,28,38,37,38,45,39,41,40,41,39,47,42,38,61,58,39,69,37,58,58,59,40,42,46,45,36,43,44,35,31,33,52,31,34,41,40,43,38,36,31,34,27,38,38,39,34,39,80,36,51,38,43,30,50,67,28,35,31,47,57,36,33,61,40,60,36,64,36,52,39,43,37,38,42,67,37,75,39,32,36,40,44,42,49,23,47,27,47,37,41,36,43,51,46,41,46,37,44,39,43,36,41,43,49,39,44,48,41,26,23,24,21,22,25,24,36,33,26,19,37,20,28,42,43,49,34,30,35,27,20,28,38,104,23,30,86,23,49,48,37,29,34,36,35,42,18,22,21,32,20,32,31,32,28,30,32,22,43,26,19,22,21,32,32,15,33,23,36,29,28,30,27,28,27,29,23,20,28,31,46,28,20,41,18,29,30,30,30,39,30,37,31,22,30,31,33,27,23,28,26,30,22,26,25,23,25,17,35,27,15,30,31,18,18,28,15,28,268,16,16,25,25,19,28,28,26,39,41,31,28,29,0,19,21,35,35,32,22,34,35,41,32,36,35,28,17,36,23,22,36,30,34,35,24,32,38,18,30,30,27,33,33,19,26,34,33,30,37,34,29,33,30,35,22,31,27,20,19,33,31,16,30,16,17,28,17,31,31,29,30,14,29,39,30,37,28,32,28,31,32,29,29,33,28,27,28,31,30,30,32,32,36,18,37,20,22,16,16,16,30,17,32,20,17,19,18,27,31,31,29,30,28,27,24,27,86,25,32,30,31,67,26,31,26,27,19,27,28
EPI_ISL_1109626,133,131,131,128,127,73,124,82,73,81,78,88,116,98,98,84,100,102,88,88,84,72,77,62,63,80,80,59,59,60,80,60,58,58,60,26,18,28,30,63,63,30,64,64,20,33,36,31,69,69,69,19,57,59,65,74,71,66,66,57,59,59,57,59,58,61,62,60,58,62,58,63,55,60,57,60,63,61,54,59,60,57,61,53,62,65,61,58,63,64,53,59,56,57,55,61,55,57,59,53,63,46,65,55,64,54,66,66,62,53,61,60,59,59,65,56,73,64,59,57,57,65,54,60,56,56,63,61,57,55,62,66,60,47,65,63,68,68,66,61,64,66,66,62,64,62,65,62,57,112,23,46,27,28,52,19,23,22,23,30,24,26,25,26,24,32,27,23,46,49,24,54,22,47,49,44,25,27,31,36,21,28,35,20,16,20,43,18,21,32,27,34,29,23,18,21,18,29,23,24,19,24,71,21,42,25,30,23,41,58,21,22,20,38,48,21,18,52,25,45,21,49,21,43,24,28,22,23,27,52,22,66,24,23,21,25,29,27,40,16,38,18,38,28,32,27,34,42,37,32,37,28,29,30,34,27,32,34,40,30,35,39,32,19,16,17,14,15,12,17,25,18,11,12,28,13,19,33,34,40,19,17,26,18,13,13,29,95,8,21,79,14,40,39,28,22,25,27,26,33,11,15,14,23,13,23,22,23,19,23,23,9,32,17,12,13,10,23,23,8,24,8,27,20,19,21,18,19,18,20,8,11,19,22,37,15,13,32,5,20,21,21,21,30,21,28,22,15,21,22,24,18,14,19,11,21,15,19,16,8,16,8,26,18,8,23,22,3,9,19,8,19,259,9,9,16,16,10,19,19,19,30,32,20,19,20,19,0,12,26,26,23,13,25,26,32,23,27,26,19,4,27,10,9,27,21,25,26,15,23,29,3,21,21,18,24,24,12,19,25,24,21,28,25,22,24,21,26,13,22,18,11,4,24,22,9,21,9,10,19,10,22,22,20,21,7,20,30,21,28,19,23,19,22,23,20,20,24,19,18,19,22,21,21,23,23,27,3,28,11,15,9,9,9,21,10,23,11,2,10,5,18,22,22,20,21,19,18,15,18,77,16,23,21,22,58,15,22,17,18,10,18,19
EPI_ISL_2232383,133,131,131,128,127,73,124,82,73,81,78,88,116,98,98,86,100,102,90,88,86,72,77,62,63,80,80,59,59,60,80,60,58,58,60,32,22,34,36,63,63,36,64,64,24,39,42,37,69,69,69,27,57,59,65,74,71,66,66,57,59,59,57,59,58,61,62,60,58,62,58,63,55,60,57,60,63,61,54,59,60,57,61,53,62,65,61,58,63,64,53,59,56,57,55,61,55,57,59,53,63,46,65,55,64,54,66,66,62,53,61,60,59,59,65,56,73,66,59,57,57,65,54,60,56,56,63,61,57,55,62,66,60,55,65,63,68,68,66,61,64,66,66,62,64,62,65,62,57,112,31,46,35,36,60,19,31,30,31,38,32,34,33,34,32,40,35,31,54,49,32,62,30,49,49,52,33,35,39,36,29,36,35,28,24,26,43,22,27,32,33,34,29,29,24,25,18,29,31,32,27,32,71,29,42,31,36,25,41,58,23,28,24,38,48,29,26,52,33,53,29,57,29,43,32,36,30,31,35,60,30,66,32,23,29,33,37,35,40,18,38,18,38,28,32,27,34,42,37,32,37,28,37,30,34,27,32,34,40,30,35,39,34,21,18,19,16,17,18,19,27,26,19,14,28,15,19,33,34,40,27,23,26,18,15,21,29,95,16,21,81,16,42,39,22,24,25,21,24,27,13,11,10,23,15,21,22,23,19,25,23,15,32,17,14,9,14,23,25,10,24,16,27,20,21,23,20,19,18,20,16,11,19,22,37,19,15,32,11,22,21,21,21,30,21,28,22,17,21,22,24,20,14,19,19,21,17,21,16,16,16,4,26,20,10,23,22,11,3,19,10,19,259,11,11,16,18,4,19,19,21,30,32,22,19,20,21,12,0,26,26,23,15,25,26,32,23,27,26,19,10,27,16,15,27,19,25,28,15,23,23,11,21,21,18,24,24,14,21,25,24,21,22,19,22,24,21,26,15,22,18,13,12,24,22,11,21,9,12,19,12,22,22,20,21,9,20,30,21,28,19,23,19,22,23,20,20,24,19,18,19,22,21,21,23,23,21,11,28,13,16,11,11,11,21,12,23,11,10,10,11,18,22,22,20,21,19,18,15,18,77,16,23,21,22,58,17,22,17,18,3,18,19
EPI_ISL_2232297,135,133,133,130,129,75,126,84,75,83,80,90,118,102,102,92,104,106,96,94,94,69,74,59,60,77,77,56,56,57,77,57,55,55,57,44,32,48,50,60,60,50,61,61,34,53,56,51,66,66,66,41,59,56,60,71,68,63,63,54,56,56,54,56,55,58,59,57,55,57,55,60,52,57,54,57,58,56,51,54,55,54,58,48,57,60,56,55,60,59,50,56,55,54,52,58,52,52,54,50,60,42,62,52,61,50,63,63,57,50,58,56,56,56,62,53,68,63,56,54,54,60,49,55,53,53,60,58,54,52,59,63,57,69,62,60,65,65,63,58,61,63,63,59,61,59,62,59,54,114,43,48,47,50,70,15,43,42,43,52,44,48,45,48,46,54,49,43,66,51,46,74,44,51,51,64,45,49,53,46,41,48,45,42,34,36,39,34,39,24,45,36,37,41,38,35,14,21,45,44,41,46,71,39,38,41,40,31,37,60,35,42,36,40,44,43,40,54,47,65,41,69,41,45,46,50,42,45,47,72,44,68,44,35,41,45,49,49,42,32,32,30,28,22,24,21,27,38,35,27,33,22,51,22,26,24,25,26,37,22,27,35,34,35,32,33,30,31,32,33,29,40,33,28,20,29,31,25,36,34,41,37,38,30,29,35,21,89,30,15,95,30,56,31,22,38,19,21,20,27,27,31,30,17,29,17,16,17,11,39,19,29,28,9,28,27,28,19,17,24,18,28,19,16,21,23,28,19,16,16,30,21,15,16,33,19,29,22,25,22,17,17,17,20,17,24,14,31,17,18,18,24,24,15,31,17,31,31,28,28,22,22,18,22,24,29,18,25,23,15,24,15,253,25,25,22,20,24,21,27,25,24,28,20,17,14,35,26,26,0,20,17,29,19,18,24,15,19,18,21,24,19,30,29,19,17,21,20,17,25,21,25,13,15,20,16,16,28,35,19,16,11,20,21,12,20,15,22,29,16,18,25,26,16,16,25,23,25,26,21,26,14,14,10,23,23,12,26,17,21,12,18,11,14,16,12,14,16,15,12,13,16,13,13,18,15,19,25,30,27,31,25,25,25,17,26,25,21,24,22,25,10,14,18,16,15,15,12,17,12,69,12,17,15,14,50,13,20,19,10,24,10,11
EPI_ISL_812872,135,133,133,130,129,75,126,82,73,81,78,90,118,102,102,92,104,106,96,94,94,69,74,59,60,77,77,56,56,57,77,57,55,55,57,44,32,48,50,60,60,50,61,61,34,53,56,51,66,66,64,41,59,56,62,71,68,63,63,54,56,56,54,56,55,58,59,57,55,59,55,60,52,57,54,57,60,58,51,56,57,56,58,50,59,62,58,55,60,61,50,56,55,54,52,58,52,54,56,50,60,40,62,52,61,50,63,63,59,50,58,57,56,56,62,53,70,63,56,54,54,62,51,57,53,53,60,58,54,52,59,63,57,69,62,60,65,65,63,58,61,63,63,59,61,59,62,59,54,114,43,48,47,50,70,11,43,42,43,52,44,48,45,48,46,54,49,43,66,51,46,76,44,51,51,64,43,49,51,44,41,48,45,42,34,36,35,34,39,24,45,36,39,41,38,35,10,23,45,44,41,46,73,39,34,41,38,31,33,60,35,42,36,40,40,43,40,54,45,65,41,69,41,45,46,48,42,45,45,70,44,68,44,35,41,45,49,49,42,32,30,30,32,20,26,15,29,39,36,26,33,24,51,24,28,25,27,28,37,24,29,35,36,35,32,33,30,31,32,33,29,40,33,28,22,29,31,27,36,32,41,37,38,30,29,35,23,87,30,13,95,30,56,33,20,38,17,19,18,25,27,31,30,15,29,15,14,15,13,39,19,29,28,11,28,27,28,15,19,24,20,30,19,14,19,21,26,21,14,12,30,19,11,10,29,15,29,26,25,20,15,13,13,24,13,20,16,31,13,14,16,26,24,11,29,13,31,31,28,30,18,22,20,20,24,25,16,25,23,11,24,11,253,25,25,20,16,24,21,29,27,20,24,16,13,10,35,26,26,20,0,7,29,19,20,26,17,21,20,21,24,21,30,29,21,15,21,22,17,25,23,25,15,13,20,18,18,28,35,17,18,15,22,21,16,20,13,18,29,18,14,25,26,18,14,25,23,25,26,21,26,16,16,14,23,23,14,22,15,21,11,17,13,16,15,14,15,18,15,10,11,13,15,13,18,17,21,25,30,27,31,25,25,25,17,26,23,21,24,22,25,12,16,16,16,13,13,10,17,10,71,12,15,16,16,50,13,16,15,12,24,12,13
EPI_ISL_812856,132,130,130,127,126,72,123,81,72,80,77,87,115,99,99,89,101,103,93,91,91,66,71,56,57,74,74,53,53,54,74,54,52,52,54,41,29,45,47,57,57,47,58,58,31,50,53,48,63,63,61,38,56,53,59,68,65,60,60,51,53,53,51,53,52,55,56,54,52,56,52,57,49,54,51,54,57,55,48,53,54,53,55,47,56,59,55,52,57,58,47,53,52,51,49,55,49,51,53,47,57,39,59,49,58,47,60,60,56,47,55,54,53,53,59,50,67,60,53,51,51,59,48,54,50,50,57,55,51,49,56,60,54,66,59,57,62,62,60,55,58,60,60,56,58,56,59,56,51,111,40,45,44,47,69,12,40,39,40,49,41,45,42,45,43,51,46,40,63,48,43,73,41,48,48,61,42,46,50,43,38,45,42,39,31,33,36,31,36,21,42,33,36,38,35,32,11,20,42,41,38,43,70,36,35,38,37,28,34,57,32,39,33,37,41,40,37,51,44,62,38,66,38,42,43,47,39,42,44,69,41,65,41,32,38,42,46,46,39,29,27,27,29,17,23,12,26,36,33,23,30,21,48,21,25,22,24,25,34,21,26,32,33,32,29,30,27,28,29,30,26,37,30,25,19,26,28,24,33,31,38,34,35,27,26,32,20,84,27,12,92,27,53,30,17,35,14,16,15,22,24,28,27,12,26,12,11,12,10,36,16,26,25,8,25,24,25,16,16,21,17,27,18,13,18,20,25,18,13,13,27,18,12,11,30,16,26,23,22,19,14,14,14,21,14,21,13,28,14,15,13,23,21,12,28,14,28,28,25,27,19,19,17,19,21,26,15,22,20,12,21,12,250,22,22,19,17,21,18,26,24,21,25,17,14,11,32,23,23,17,7,0,26,16,17,23,14,18,17,18,21,18,27,26,18,12,18,17,14,22,20,22,12,10,17,15,15,25,32,14,15,12,19,18,13,17,10,19,26,15,15,22,23,15,13,22,20,22,23,18,23,13,13,11,20,20,11,23,12,19,8,14,10,13,14,11,12,15,12,7,8,12,12,12,15,14,18,22,27,24,28,22,22,22,14,23,22,18,21,19,22,9,13,15,13,10,12,7,14,7,68,9,13,13,13,47,10,17,16,9,21,9,10
EPI_ISL_812847,136,134,134,131,130,76,127,85,76,84,81,91,119,101,101,89,103,105,93,91,89,75,80,65,66,83,83,62,62,63,83,63,61,61,63,33,25,35,37,66,66,37,67,67,27,40,43,38,72,72,72,28,60,62,68,77,74,69,69,60,62,62,60,62,61,64,65,63,61,65,61,66,58,63,60,63,66,64,57,62,63,60,64,56,65,68,64,61,66,67,56,62,59,60,58,64,58,60,62,56,66,49,68,58,67,57,69,69,65,56,64,63,62,62,68,59,76,69,62,60,60,68,57,63,59,59,66,64,60,58,65,69,63,56,68,66,71,71,69,64,67,69,69,65,67,65,68,63,60,115,32,49,36,37,61,22,32,31,32,39,33,35,34,35,33,41,36,32,55,52,33,63,31,52,52,53,34,36,40,39,30,37,38,29,25,27,46,25,28,35,34,37,32,30,25,28,21,32,32,33,28,33,74,30,45,32,37,26,44,61,24,29,25,41,51,30,27,55,34,54,30,58,30,46,33,37,31,32,36,61,31,69,33,26,30,34,38,36,43,19,41,21,41,31,35,30,37,45,40,35,40,31,38,33,37,30,35,37,43,33,38,42,35,22,19,20,17,18,19,20,30,27,20,15,31,16,20,36,37,43,28,24,29,21,16,22,32,98,17,24,82,17,43,42,31,25,28,30,29,36,14,18,17,26,16,26,25,26,22,26,26,16,37,20,15,16,15,26,26,11,27,17,30,23,22,16,23,22,21,23,17,14,22,25,40,22,16,35,12,17,24,24,24,33,24,31,25,18,24,25,27,13,17,22,20,24,18,22,19,17,19,11,29,21,11,26,25,12,12,22,11,22,262,12,12,19,19,13,22,22,22,33,35,25,22,23,22,13,15,29,29,26,0,28,29,35,26,30,29,22,11,30,17,16,30,24,28,29,18,26,32,12,24,24,21,27,27,15,22,28,27,24,31,28,25,27,24,29,2,25,21,14,13,27,25,12,24,12,13,22,13,25,25,23,24,10,23,33,24,31,22,26,20,25,26,23,23,27,22,21,22,25,24,24,26,26,30,12,31,14,18,12,12,12,24,13,26,14,11,13,12,21,25,25,23,24,22,21,18,21,80,19,26,24,25,61,20,25,20,21,13,21,22
EPI_ISL_2232272,134,132,132,129,128,74,125,83,74,82,79,89,117,101,101,91,103,105,95,93,93,68,73,58,59,76,76,55,55,56,76,56,54,54,56,43,31,47,49,59,59,49,60,60,33,52,55,50,65,65,65,40,58,55,61,70,67,62,62,53,55,55,53,55,54,57,58,56,54,58,54,59,51,56,53,56,59,57,50,55,56,55,57,49,58,61,57,54,59,60,49,55,54,53,51,57,51,53,55,49,59,41,61,51,60,49,62,62,58,49,57,56,55,55,61,52,69,62,55,53,53,61,50,56,52,52,59,57,53,51,58,62,56,68,61,59,64,64,62,57,60,62,62,58,60,58,61,58,53,113,42,47,46,49,71,14,42,41,42,51,43,47,44,47,45,53,48,42,65,50,45,75,43,50,50,63,44,48,52,45,40,47,44,41,33,35,38,33,38,25,44,35,38,40,37,34,13,22,44,43,40,45,72,38,37,40,39,30,36,57,34,41,35,39,43,42,39,53,46,64,40,68,40,44,45,49,41,44,46,71,43,67,43,34,40,44,48,48,41,31,31,29,31,21,25,20,28,38,35,27,32,23,50,23,27,24,26,27,36,23,28,34,35,34,31,32,29,30,31,32,28,39,32,27,21,28,30,26,35,33,40,36,37,29,28,34,22,88,28,14,94,29,55,32,21,37,18,20,19,18,26,30,29,16,28,16,15,16,12,28,18,28,27,10,27,26,27,18,18,23,19,29,20,15,20,22,27,20,15,15,29,20,14,15,32,18,20,25,24,21,16,16,16,23,16,23,15,30,16,17,17,25,23,14,30,16,30,30,27,29,21,21,19,21,23,28,17,24,22,14,23,14,252,24,24,21,19,23,20,28,26,23,27,19,16,13,34,25,25,19,19,16,28,0,17,15,16,20,19,20,23,18,19,20,16,16,16,21,16,24,22,24,14,14,19,17,17,23,34,14,17,14,17,20,15,19,14,21,28,17,17,24,25,17,15,24,22,24,25,20,25,15,15,13,22,22,13,25,16,21,12,17,12,15,16,13,14,17,14,11,12,15,14,14,17,16,20,24,29,26,26,24,24,24,16,25,24,20,23,21,24,11,15,17,15,14,14,11,16,11,70,11,16,15,15,51,12,19,18,11,23,11,12
EPI_ISL_2232384,135,133,133,130,129,75,126,84,75,83,80,90,118,102,102,92,104,106,96,94,94,69,74,59,60,77,77,56,56,57,77,57,55,55,57,44,32,48,50,60,60,50,61,61,34,53,56,51,66,66,66,41,59,56,62,71,68,63,63,54,56,56,54,56,55,58,59,57,55,57,55,60,52,57,54,57,58,56,51,54,55,54,58,48,57,60,56,55,60,59,50,56,55,54,52,58,52,52,54,50,60,42,62,52,61,50,63,63,57,50,58,57,56,56,62,53,68,63,56,54,54,60,49,55,53,53,60,58,54,52,59,63,57,69,62,60,65,65,63,58,61,63,63,59,61,59,62,59,54,114,43,48,47,50,70,15,43,42,43,52,44,48,45,48,46,54,49,43,66,51,46,74,44,51,51,64,43,49,53,46,41,48,45,42,34,36,37,34,39,22,45,36,39,41,38,35,14,21,45,44,41,46,71,39,36,41,40,29,35,60,33,42,36,40,42,43,40,54,47,65,41,69,41,45,46,50,42,45,47,72,44,68,44,35,41,45,49,49,42,32,32,30,28,22,20,21,23,37,35,27,33,22,51,18,22,24,25,23,37,22,25,35,36,35,32,33,30,31,32,33,29,40,33,28,20,29,31,25,36,34,41,37,38,30,29,35,21,89,30,15,95,30,56,33,22,38,19,21,20,25,27,31,30,17,29,17,16,17,9,37,19,29,28,9,28,27,28,19,15,24,16,30,17,14,21,23,28,21,16,16,30,21,15,16,31,19,27,20,25,22,17,17,17,18,17,24,14,31,17,18,18,24,24,15,31,17,31,31,28,30,22,22,16,22,24,29,18,25,23,15,24,15,253,25,25,22,20,24,21,29,27,24,28,20,17,14,35,26,26,18,20,17,29,17,0,6,15,3,2,21,24,3,28,27,3,17,19,18,17,25,5,25,11,15,20,16,16,28,35,19,16,13,20,21,14,20,15,20,29,14,18,25,26,14,16,25,23,25,26,21,26,10,14,12,23,23,12,26,17,21,12,18,11,12,16,12,14,16,15,12,13,16,13,13,18,15,19,25,30,27,29,25,25,25,17,26,25,21,24,22,25,10,14,16,16,15,15,12,17,12,69,12,17,15,14,52,13,20,19,10,24,10,11
EPI_ISL_2232285,141,139,139,136,135,81,132,90,81,89,86,96,124,108,108,98,110,112,102,100,100,75,80,65,66,83,83,62,62,63,83,63,61,61,63,50,38,54,56,66,66,56,67,67,40,59,62,57,72,72,72,47,65,62,68,77,74,69,69,60,62,62,60,62,61,64,65,63,61,63,61,66,58,63,60,63,64,62,57,60,61,60,64,54,63,66,62,61,66,65,56,62,61,60,58,64,58,58,60,56,66,48,68,58,67,56,69,69,63,56,64,63,62,62,68,59,74,69,62,60,60,66,55,61,59,59,66,64,60,58,65,69,63,75,68,66,71,71,69,64,67,69,69,65,67,65,68,65,60,120,49,54,53,56,76,21,49,48,49,58,50,54,51,54,52,60,55,49,72,57,52,80,50,57,57,70,49,55,59,52,47,54,51,48,40,42,43,40,45,28,51,42,45,47,44,41,20,27,51,50,47,52,77,45,42,47,46,35,41,66,39,48,42,46,48,49,46,60,53,71,47,75,47,51,52,56,48,51,53,78,50,74,50,41,47,51,55,55,48,38,38,36,34,28,26,27,29,43,41,33,39,28,57,24,28,30,31,29,43,28,31,41,42,41,38,39,36,37,38,39,35,46,39,34,26,35,37,31,42,40,47,43,44,36,35,41,27,95,36,21,101,36,62,39,28,44,25,27,26,25,33,37,36,23,35,23,22,23,15,35,25,35,34,15,34,33,34,25,21,30,22,36,23,20,27,29,34,27,22,22,36,27,21,22,37,25,27,26,31,28,23,23,23,24,23,30,20,37,23,24,24,30,30,21,37,23,37,37,34,36,28,28,22,28,30,35,24,31,29,21,30,21,259,31,31,28,26,30,27,35,33,30,34,26,23,20,41,32,32,24,26,23,35,15,6,0,21,5,6,27,30,5,26,27,5,23,23,24,23,31,9,31,17,21,26,22,22,30,41,21,22,19,22,27,20,26,21,26,35,20,24,31,32,20,22,31,29,31,32,27,32,16,20,18,29,29,18,32,23,27,18,24,17,18,22,18,20,22,21,18,19,22,19,19,24,21,25,31,36,33,33,31,31,31,23,32,31,27,30,28,31,16,20,22,22,21,21,18,23,18,75,18,23,21,20,58,19,26,25,16,30,16,17
EPI_ISL_2232387,132,130,130,127,126,72,123,81,72,80,77,87,115,99,99,89,101,103,93,91,91,66,71,56,57,74,74,53,53,54,74,54,52,52,54,41,29,45,47,57,57,47,58,58,31,50,53,48,63,63,63,38,54,53,59,68,65,60,60,51,53,53,51,53,52,55,56,54,52,54,52,57,49,54,51,54,55,53,48,51,52,51,55,45,54,57,53,52,57,56,47,53,52,51,49,55,49,49,51,47,57,39,59,49,58,47,60,60,54,47,55,54,53,53,59,50,65,60,53,51,51,57,46,52,50,50,57,55,51,49,56,60,54,66,59,57,62,62,60,55,58,60,60,56,58,56,59,56,51,109,40,43,44,47,67,12,40,39,40,49,41,45,42,45,43,51,46,40,63,46,43,71,41,46,46,61,42,46,50,43,38,45,42,39,31,33,36,31,36,21,42,31,36,38,35,32,11,14,42,41,38,43,66,36,35,38,37,28,34,55,32,39,33,35,41,40,37,49,44,62,38,66,38,40,43,47,39,42,44,69,41,63,41,32,38,42,46,46,37,29,29,27,27,19,21,18,24,33,30,23,30,16,48,19,23,19,22,23,34,15,24,32,33,32,29,30,27,28,29,30,26,37,30,25,13,26,28,18,33,31,38,34,35,27,26,32,16,86,27,12,92,27,53,30,19,35,16,18,17,24,24,28,27,14,26,14,13,14,8,36,16,26,25,6,25,24,25,16,14,21,15,27,16,13,18,20,25,18,13,13,27,18,12,13,30,16,26,21,22,19,14,14,14,19,14,21,11,28,14,15,15,19,21,12,28,14,28,28,25,27,19,19,15,19,21,26,15,22,20,12,21,12,249,22,22,19,17,21,18,26,24,17,25,17,14,11,32,23,23,15,17,14,26,16,15,21,0,16,15,18,21,16,27,26,16,14,18,17,14,22,18,22,10,12,17,1,3,25,32,16,1,10,5,12,11,17,12,19,26,13,15,22,23,13,13,22,20,22,23,18,23,11,1,9,20,20,9,23,14,18,9,15,8,11,13,9,11,13,12,9,10,13,10,6,15,2,6,22,27,24,28,22,22,22,14,23,22,18,21,19,22,7,11,15,13,12,12,9,14,9,66,9,14,12,11,49,10,17,16,7,21,7,8
EPI_ISL_2232386,136,134,134,131,130,76,127,85,76,84,81,91,119,103,103,93,105,107,97,95,95,70,75,60,61,78,78,57,57,58,78,58,56,56,58,45,33,49,51,61,61,51,62,62,35,54,57,52,67,67,67,42,60,57,63,72,69,64,64,55,57,57,55,57,56,59,60,58,56,58,56,61,53,58,55,58,59,57,52,55,56,55,59,49,58,61,57,56,61,60,51,57,56,55,53,59,53,53,55,51,61,43,63,53,62,51,64,64,58,51,59,58,57,57,63,54,69,64,57,55,55,61,50,56,54,54,61,59,55,53,60,64,58,70,63,61,66,66,64,59,62,64,64,60,62,60,63,60,55,115,44,49,48,51,71,16,44,43,44,53,45,49,46,49,47,55,50,44,67,52,47,75,45,52,52,65,44,50,54,47,42,49,46,43,35,37,38,35,40,23,46,37,40,42,39,36,15,22,46,45,42,47,72,40,37,42,41,30,36,61,34,43,37,41,43,44,41,55,48,66,42,70,42,46,47,51,43,46,48,73,45,69,45,36,42,46,50,50,43,33,33,31,29,23,21,22,24,38,36,28,34,23,52,19,23,25,26,24,38,23,26,36,37,36,33,34,31,32,33,34,30,41,34,29,21,30,32,26,37,35,42,38,39,31,30,36,22,90,31,16,96,31,57,34,23,39,20,22,21,28,28,32,31,18,30,18,17,18,10,40,20,30,29,10,29,28,29,20,16,25,17,31,18,15,22,24,29,22,17,17,31,22,16,17,32,20,30,21,26,23,18,18,18,19,18,25,15,32,18,19,19,25,25,16,32,18,32,32,29,31,23,23,17,23,25,30,19,26,24,16,25,16,254,26,26,23,21,25,22,30,28,25,29,21,18,15,36,27,27,19,21,18,30,20,3,5,16,0,1,22,25,2,31,30,4,18,22,19,18,26,4,26,12,16,21,17,17,29,36,20,17,14,21,22,15,21,16,21,30,15,19,26,27,15,17,26,24,26,27,22,27,11,15,13,24,24,13,27,18,22,13,19,12,13,17,13,15,17,16,13,14,17,14,14,19,16,20,26,31,28,32,26,26,26,18,27,26,22,25,23,26,11,15,17,17,16,16,13,18,13,70,13,18,16,15,53,14,21,20,11,25,11,12
EPI_ISL_2232385,135,133,133,130,129,75,126,84,75,83,80,90,118,102,102,92,104,106,96,94,94,69,74,59,60,77,77,56,56,57,77,57,55,55,57,44,32,48,50,60,60,50,61,61,34,53,56,51,66,66,66,41,59,56,62,71,68,63,63,54,56,56,54,56,55,58,59,57,55,57,55,60,52,57,54,57,58,56,51,54,55,54,58,48,57,60,56,55,60,59,50,56,55,54,52,58,52,52,54,50,60,42,62,52,61,50,63,63,57,50,58,57,56,56,62,53,68,63,56,54,54,60,49,55,53,53,60,58,54,52,59,63,57,69,62,60,65,65,63,58,61,63,63,59,61,59,62,59,54,114,43,48,47,50,70,15,43,42,43,52,44,48,45,48,46,54,49,43,66,51,46,74,44,51,51,64,43,49,53,46,41,48,45,42,34,36,37,34,39,22,45,36,39,41,38,35,14,21,45,44,41,46,71,39,36,41,40,29,35,60,33,42,36,40,42,43,40,54,47,65,41,69,41,45,46,50,42,45,47,72,44,68,44,35,41,45,49,49,42,32,32,30,28,22,20,21,23,37,35,27,33,22,51,18,22,24,25,23,37,22,25,35,36,35,32,33,30,31,32,33,29,40,33,28,20,29,31,25,36,34,41,37,38,30,29,35,21,89,30,15,95,30,56,33,22,38,19,21,20,27,27,31,30,17,29,17,16,17,9,39,19,29,28,9,28,27,28,19,15,24,16,30,17,14,21,23,28,21,16,16,30,21,15,16,31,19,29,20,25,22,17,17,17,18,17,24,14,31,17,18,18,24,24,15,31,17,31,31,28,30,22,22,16,22,24,29,18,25,23,15,24,15,253,25,25,22,20,24,21,29,27,24,28,20,17,14,35,26,26,18,20,17,29,19,2,6,15,1,0,21,24,1,30,29,3,17,21,18,17,25,3,25,11,15,20,16,16,28,35,19,16,13,20,21,14,20,15,20,29,14,18,25,26,14,16,25,23,25,26,21,26,10,14,12,23,23,12,26,17,21,12,18,11,12,16,12,14,16,15,12,13,16,13,13,18,15,19,25,30,27,31,25,25,25,17,26,25,21,24,22,25,10,14,16,16,15,15,12,17,12,69,12,17,15,14,52,13,20,19,10,24,10,11
EPI_ISL_2232318,128,126,126,123,122,68,119,77,68,76,73,83,111,95,95,85,97,99,89,87,87,67,72,57,58,75,75,54,54,55,75,55,53,53,55,37,25,41,43,58,58,43,59,59,27,46,49,44,64,64,62,34,52,54,60,69,66,61,61,52,54,54,52,54,53,56,57,55,53,57,53,58,50,55,52,55,58,56,49,54,55,54,56,48,57,60,56,53,58,59,48,54,53,52,50,56,50,52,54,48,58,41,60,50,59,49,61,61,57,48,56,55,54,54,60,51,68,61,54,52,52,60,49,55,51,51,58,56,52,50,57,61,55,62,60,58,63,63,61,56,59,61,61,57,59,57,60,57,52,107,36,41,40,43,65,14,36,35,36,45,37,41,38,41,39,47,42,36,59,44,39,69,37,44,44,57,38,42,46,39,34,41,38,35,27,29,38,27,32,27,38,29,32,34,31,28,13,24,38,37,34,39,66,32,37,34,39,24,36,53,28,35,29,33,42,36,33,47,40,58,34,62,34,38,39,43,35,38,40,65,37,61,37,28,34,38,42,42,35,25,31,23,33,23,27,22,30,39,36,28,32,25,44,25,29,25,27,29,36,25,30,34,29,28,25,26,23,24,25,26,22,33,26,21,23,22,24,28,27,35,34,30,31,23,22,26,24,88,23,16,88,23,49,34,23,31,20,22,21,28,20,24,23,18,22,18,17,18,14,32,18,22,29,12,21,22,21,18,20,17,19,23,22,15,20,22,21,14,15,15,23,14,14,17,32,18,22,27,18,21,16,16,16,25,16,23,17,24,16,17,19,19,17,14,24,16,24,24,21,23,15,15,21,21,17,22,17,18,16,14,17,14,254,18,18,15,19,17,14,22,26,25,27,19,16,15,28,19,19,21,21,18,22,20,21,27,18,22,21,0,17,22,23,22,22,16,20,23,10,18,24,18,16,16,13,19,17,21,28,20,19,16,23,20,17,19,16,21,22,17,17,18,19,19,17,18,16,18,19,4,19,17,17,15,16,16,15,25,16,23,14,18,14,17,18,15,15,19,14,13,14,17,16,16,18,18,22,18,23,20,24,18,18,18,16,19,18,14,17,15,18,13,17,17,15,16,14,13,10,13,72,11,18,16,17,53,12,19,12,13,17,13,14
EPI_ISL_2232294,131,129,129,126,125,71,122,80,71,79,76,86,114,96,96,84,98,100,88,86,84,70,75,60,61,78,78,57,57,58,78,58,56,56,58,26,18,28,30,61,61,30,62,62,20,33,36,31,67,67,67,19,55,57,63,72,69,64,64,55,57,57,55,57,56,59,60,58,56,60,56,61,53,58,55,58,61,59,52,57,58,55,59,51,60,63,59,56,61,62,51,57,54,55,53,59,53,55,57,51,61,44,63,53,62,52,64,64,60,51,59,58,57,57,63,54,71,64,57,55,55,63,52,58,54,54,61,59,55,53,60,64,58,47,63,61,66,66,64,59,62,64,64,60,62,60,63,60,55,110,23,44,27,28,52,17,23,22,23,30,24,26,25,26,24,32,27,23,46,47,24,54,22,45,47,44,25,27,31,34,21,28,33,20,16,20,41,18,21,30,27,32,27,23,18,21,16,27,23,24,19,24,69,21,40,25,30,21,39,56,19,22,18,36,46,21,18,50,25,45,21,49,21,41,24,28,22,23,27,52,22,64,24,21,21,25,29,27,38,14,36,16,36,26,30,25,32,40,35,30,35,26,29,28,32,25,30,32,38,28,33,37,30,17,14,15,12,13,12,15,25,18,11,10,26,11,17,31,32,38,19,17,24,16,11,13,27,93,8,19,77,12,38,37,26,20,23,25,24,31,9,13,12,21,11,21,20,21,17,21,21,9,32,15,10,11,8,21,21,6,22,8,25,18,17,19,18,17,16,18,8,9,17,20,35,13,11,30,5,18,19,19,19,28,19,26,20,13,19,20,22,16,12,17,11,19,13,17,14,8,14,6,24,16,6,21,20,3,7,17,6,17,257,7,7,14,14,8,17,17,17,28,30,18,17,18,17,4,10,24,24,21,11,23,24,30,21,25,24,17,0,25,6,5,25,19,23,24,13,21,27,3,19,19,16,22,22,10,17,23,22,19,26,23,20,22,19,24,11,20,16,9,4,22,20,7,19,7,8,17,8,20,20,18,19,5,18,28,19,26,17,21,17,20,21,18,18,22,17,16,17,20,19,19,21,21,25,3,26,9,13,7,7,7,19,8,21,9,2,8,5,16,20,20,18,19,17,16,13,16,75,14,21,19,20,56,13,20,15,16,8,16,17
EPI_ISL_2232286,136,134,134,131,130,76,127,85,76,84,81,91,119,103,103,93,105,107,97,95,95,70,75,60,61,78,78,57,57,58,78,58,56,56,58,45,33,49,51,61,61,51,62,62,35,54,57,52,67,67,67,42,60,57,63,72,69,64,64,55,57,57,55,57,56,59,60,58,56,58,56,61,53,58,55,58,59,57,52,55,56,55,59,49,58,61,57,56,61,60,51,57,56,55,53,59,53,53,55,51,61,43,63,53,62,51,64,64,58,51,59,58,57,57,63,54,69,64,57,55,55,61,50,56,54,54,61,59,55,53,60,64,58,70,63,61,66,66,64,59,62,64,64,60,62,60,63,60,55,115,44,49,48,51,71,16,44,43,44,53,45,49,46,49,47,55,50,44,67,52,47,75,45,52,52,65,44,50,54,47,42,49,46,43,35,37,38,35,40,23,46,37,40,42,39,36,15,22,46,45,42,47,72,40,37,42,41,30,36,61,34,43,37,41,43,44,41,55,48,66,42,70,42,46,47,51,43,46,48,73,45,69,45,36,42,46,50,50,43,33,33,31,29,23,21,22,24,38,36,28,34,23,52,19,23,25,26,24,38,23,26,36,37,36,33,34,31,32,33,34,30,41,34,29,21,30,32,26,37,35,42,38,39,31,30,36,22,90,31,16,96,31,57,34,23,39,20,22,21,26,28,32,31,18,30,18,17,18,10,38,20,30,29,10,29,28,29,20,16,25,17,31,18,15,22,24,29,22,17,17,31,22,16,17,32,20,28,21,26,23,18,18,18,19,18,25,15,32,18,19,19,25,25,16,32,18,32,32,29,31,23,23,17,23,25,30,19,26,24,16,25,16,254,26,26,23,21,25,22,30,28,25,29,21,18,15,36,27,27,19,21,18,30,18,3,5,16,2,1,22,25,0,29,28,2,18,22,19,18,26,4,26,12,16,21,17,17,27,36,18,17,14,19,22,15,21,16,21,30,15,19,26,27,15,17,26,24,26,27,22,27,11,15,13,24,24,13,27,18,22,13,19,12,13,17,13,15,17,16,13,14,17,14,14,19,16,20,26,31,28,32,26,26,26,18,27,26,22,25,23,26,11,15,17,17,16,16,13,18,13,70,13,18,16,15,53,14,21,20,11,25,11,12
EPI_ISL_2232266,137,135,135,132,131,77,128,86,77,85,82,92,120,102,102,90,104,106,94,92,90,76,81,66,67,84,84,63,63,64,84,64,62,62,64,32,24,34,36,67,67,36,68,68,26,39,42,37,73,73,73,25,61,63,69,78,75,70,70,61,63,63,61,63,62,65,66,64,62,66,62,67,59,64,61,64,67,65,58,63,64,61,65,57,66,69,65,62,67,68,57,63,60,61,59,65,59,61,63,57,67,50,69,59,68,58,70,70,66,57,65,64,63,63,69,60,77,70,63,61,61,69,58,64,60,60,67,65,61,59,66,70,64,53,69,67,72,72,70,65,68,70,70,66,68,66,69,66,61,116,29,50,33,34,58,23,29,28,29,36,30,32,31,32,30,38,33,29,52,53,30,60,28,51,53,50,31,33,37,40,27,32,39,26,22,26,47,24,27,36,33,38,33,29,24,27,22,33,29,30,25,30,75,27,46,31,36,27,45,62,25,28,24,42,52,27,24,56,31,51,27,55,27,47,30,34,28,29,33,58,28,70,30,27,27,31,35,33,44,20,42,22,42,32,36,31,38,46,41,36,41,32,35,34,38,31,36,38,44,34,39,43,36,23,20,21,18,19,18,21,31,24,17,16,32,17,23,37,38,44,25,23,30,22,17,19,33,99,14,25,83,18,44,43,32,26,29,31,30,29,15,19,18,27,17,27,26,27,23,15,27,15,38,21,16,17,14,27,27,12,28,14,31,24,23,25,24,23,22,24,14,15,23,26,41,19,9,36,11,24,25,25,25,34,25,32,26,19,25,26,28,22,18,23,17,25,19,23,20,14,20,12,30,22,12,27,26,9,13,23,12,23,263,13,13,20,20,14,23,23,23,34,36,24,23,24,23,10,16,30,30,27,17,19,28,26,27,31,30,23,6,29,0,3,27,25,25,30,19,27,33,9,25,25,22,28,28,12,23,25,28,25,28,29,26,28,25,30,17,26,22,15,10,28,26,13,25,13,14,23,14,26,26,24,25,11,24,34,25,32,23,27,23,26,27,24,24,28,23,22,23,26,25,25,27,27,31,9,32,15,15,13,13,13,25,14,27,15,8,14,11,22,26,26,24,25,23,22,19,22,81,20,27,25,26,62,19,26,21,22,14,22,23
EPI_ISL_2232265,136,134,134,131,130,76,127,85,76,84,81,91,119,101,101,89,103,105,93,91,89,75,80,65,66,83,83,62,62,63,83,63,61,61,63,31,23,33,35,66,66,35,67,67,25,38,41,36,72,72,72,24,60,62,68,77,74,69,69,60,62,62,60,62,61,64,65,63,61,65,61,66,58,63,60,63,66,64,57,62,63,60,64,56,65,68,64,61,66,67,56,62,59,60,58,64,58,60,62,56,66,49,68,58,67,57,69,69,65,56,64,63,62,62,68,59,76,69,62,60,60,68,57,63,59,59,66,64,60,58,65,69,63,52,68,66,71,71,69,64,67,69,69,65,67,65,68,65,60,115,28,49,32,33,57,22,28,27,28,35,29,31,30,31,29,37,32,28,51,52,29,59,27,50,52,49,30,32,36,39,26,33,38,25,21,25,46,23,26,35,32,37,32,28,23,26,21,32,28,29,24,29,74,26,45,30,35,26,44,61,24,27,23,41,51,26,23,55,30,50,26,54,26,46,29,33,27,28,32,57,27,69,29,26,26,30,34,32,43,19,41,21,41,31,35,30,37,45,40,35,40,31,34,33,37,30,35,37,43,33,38,42,35,22,19,20,17,18,17,20,30,23,16,15,31,16,22,36,37,43,24,22,29,21,16,18,32,98,13,24,82,17,43,42,31,25,28,30,29,28,14,18,17,26,16,26,25,26,22,16,26,12,37,20,15,16,11,26,26,11,27,13,30,23,22,24,23,22,21,23,13,14,22,25,40,18,8,35,10,23,24,24,24,33,24,31,25,18,24,25,27,21,17,22,16,24,18,22,19,13,19,11,29,21,11,26,25,8,12,22,11,22,262,12,12,19,19,13,22,22,22,33,35,23,22,23,22,9,15,29,29,26,16,20,27,27,26,30,29,22,5,28,3,0,26,24,24,29,18,26,32,8,24,24,21,27,27,11,22,22,27,24,27,26,25,27,24,29,16,25,21,14,9,27,25,12,24,12,13,22,13,25,25,23,24,10,23,33,24,31,22,26,22,25,26,23,23,27,22,21,22,25,24,24,26,26,30,8,31,14,12,12,12,12,24,13,26,14,7,13,10,21,25,25,23,24,22,21,18,21,80,19,26,24,25,61,18,25,20,21,13,21,22
EPI_ISL_2232288,136,134,134,131,130,76,127,85,76,84,81,91,119,103,103,93,105,107,97,95,95,70,75,60,61,78,78,57,57,58,78,58,56,56,58,45,33,49,51,61,61,51,62,62,35,54,57,52,67,67,67,42,60,57,63,72,69,64,64,55,57,57,55,57,56,59,60,58,56,58,56,61,53,58,55,58,59,57,52,55,56,55,59,49,58,61,57,56,61,60,51,57,56,55,53,59,53,53,55,51,61,43,63,53,62,51,64,64,58,51,59,58,57,57,63,54,69,64,57,55,55,61,50,56,54,54,61,59,55,53,60,64,58,70,63,61,66,66,64,59,62,64,64,60,62,60,63,60,55,115,44,49,48,51,71,16,44,43,44,53,45,49,46,49,47,55,50,44,67,52,47,75,45,52,52,65,44,50,54,47,42,49,46,43,35,37,38,35,40,23,46,37,40,42,39,36,15,22,46,45,42,47,72,40,37,42,41,30,36,61,34,43,37,41,43,44,41,55,48,66,42,70,42,46,47,51,43,46,48,73,45,69,45,36,42,46,50,50,43,33,33,31,29,23,21,22,24,38,36,28,34,23,52,19,23,25,26,24,38,23,26,36,37,36,33,34,31,32,33,34,30,41,34,29,21,30,32,26,37,35,42,38,39,31,30,36,22,90,31,16,96,31,57,34,23,39,20,22,21,24,28,32,31,18,30,18,17,18,10,36,20,30,29,10,29,28,29,20,16,25,17,31,18,15,22,24,29,22,17,17,31,22,16,17,32,20,26,21,26,23,18,18,18,19,18,25,15,32,18,19,19,25,25,16,32,18,32,32,29,31,23,23,17,23,25,30,19,26,24,16,25,16,254,26,26,23,21,25,22,30,28,25,29,21,18,15,36,27,27,19,21,18,30,16,3,5,16,4,3,22,25,2,27,26,0,18,22,19,18,26,6,26,12,16,21,17,17,25,36,16,17,14,17,22,15,21,16,21,30,15,19,26,27,15,17,26,24,26,27,22,27,11,15,13,24,24,13,27,18,22,13,19,12,13,17,13,15,17,16,13,14,17,14,14,19,16,20,26,31,28,32,26,26,26,18,27,26,22,25,23,26,11,15,17,17,16,16,13,18,13,70,13,18,16,15,53,14,21,20,11,25,11,12
EPI_ISL_2232339,130,128,128,125,124,70,121,79,70,78,75,85,113,97,97,87,99,101,91,89,89,64,69,54,55,72,72,51,51,52,72,52,50,50,52,39,27,43,45,55,55,45,56,56,29,48,51,46,61,61,61,36,54,51,57,66,63,58,58,49,51,51,49,51,50,53,54,52,50,54,50,55,47,52,49,52,55,53,46,51,52,51,53,45,54,57,53,50,55,56,45,51,50,49,47,53,47,49,51,45,55,37,57,47,56,45,58,58,54,45,53,52,51,51,57,48,65,58,51,49,49,57,46,52,48,48,55,53,49,47,54,58,52,64,57,55,60,60,58,53,56,58,58,54,56,54,57,54,49,109,38,43,42,45,67,10,38,37,38,47,39,43,40,43,41,49,44,38,61,46,41,71,39,46,46,59,40,44,48,41,36,43,40,37,29,31,34,29,34,23,40,31,34,36,33,30,9,20,40,39,36,41,68,34,33,36,35,26,32,55,30,37,31,35,39,38,35,49,42,60,36,64,36,40,41,45,37,40,42,67,39,63,39,30,36,40,44,44,37,27,27,25,29,17,23,16,26,35,32,24,28,21,46,21,25,21,23,25,32,21,26,30,31,30,27,28,25,26,27,28,24,35,28,23,19,24,26,24,31,31,36,32,33,25,24,30,20,84,25,12,90,25,51,30,15,33,14,14,13,20,22,24,23,12,24,12,11,12,10,34,14,24,25,8,23,22,23,14,16,19,15,25,18,11,16,18,23,16,11,11,25,16,10,11,28,14,24,23,20,17,12,12,12,21,12,19,13,26,12,13,13,21,19,10,26,12,26,26,23,25,17,17,17,17,19,24,13,20,18,10,19,10,250,20,20,17,15,19,16,24,22,21,23,15,12,11,30,21,19,17,15,12,24,16,17,23,14,18,17,16,19,18,25,24,18,0,16,19,12,20,18,20,12,10,15,15,15,23,30,14,15,12,17,14,13,15,10,17,24,13,13,20,21,15,13,20,18,20,21,16,21,13,13,11,18,18,11,21,12,19,8,13,10,13,14,11,11,15,10,7,8,12,12,12,14,14,16,20,25,22,25,20,20,20,12,21,20,16,19,17,20,9,13,13,11,6,10,7,12,7,68,7,13,12,13,47,8,15,14,9,18,9,10
EPI_ISL_2232295,132,130,130,127,126,74,123,83,74,82,79,89,117,101,101,91,103,105,95,91,91,68,73,58,59,76,76,55,55,56,76,56,54,54,56,43,31,47,49,59,59,49,60,60,33,52,55,50,65,65,65,40,58,55,61,70,67,62,62,53,55,55,53,55,54,57,58,56,54,58,54,59,51,56,53,56,59,57,50,55,56,55,57,49,58,61,57,54,59,60,49,55,52,53,51,57,51,53,55,49,59,41,61,51,60,49,62,62,58,49,57,56,55,55,61,52,69,62,55,53,53,61,50,56,52,52,59,57,53,51,58,62,56,68,61,59,64,64,62,57,60,62,62,58,60,58,61,58,53,113,42,47,46,49,71,14,42,41,42,51,43,47,44,47,45,53,48,42,65,48,45,75,43,50,50,63,44,48,52,45,40,47,44,41,33,35,38,33,38,27,44,35,38,40,37,34,13,24,44,43,40,45,72,38,37,40,39,30,36,59,34,41,35,39,43,42,39,53,46,64,40,68,40,44,45,49,41,44,46,71,43,67,43,34,40,44,48,48,41,31,33,29,33,23,27,22,30,39,36,28,32,25,50,25,29,25,27,29,36,25,30,34,35,34,31,32,29,30,31,32,28,39,32,27,23,28,30,28,35,35,40,36,37,29,28,34,24,90,29,16,94,29,55,34,23,37,20,22,21,24,26,30,29,18,28,18,17,18,14,34,2,28,29,12,27,28,27,18,20,23,19,29,22,15,20,22,27,20,15,15,29,20,14,17,32,18,24,27,24,21,14,16,16,25,16,23,17,30,16,17,19,25,23,14,30,16,30,30,27,29,21,21,21,21,23,28,17,24,22,14,23,14,254,24,24,21,19,23,20,28,26,25,27,19,16,15,34,25,25,21,21,18,28,16,19,23,18,22,21,20,23,22,25,24,22,16,0,23,16,24,24,24,16,16,19,19,19,27,34,20,19,16,23,14,17,19,16,21,28,17,17,24,25,19,17,24,22,24,25,20,25,17,17,15,22,22,15,25,16,23,14,18,14,17,18,15,15,19,14,13,14,17,16,16,18,18,22,24,29,26,26,24,24,24,16,25,24,20,23,21,24,13,17,17,15,16,14,13,16,13,72,9,18,16,17,53,10,19,18,13,23,13,14
EPI_ISL_812854,137,135,135,132,131,77,128,86,77,85,82,92,120,104,104,94,106,108,98,96,96,71,76,61,62,79,79,58,58,59,79,59,57,57,59,44,34,48,50,62,62,50,63,63,36,53,56,51,68,68,68,41,61,58,64,73,70,65,65,54,58,56,56,58,57,60,61,59,57,59,57,62,54,59,54,59,58,58,53,56,57,54,60,50,57,62,58,55,60,61,52,56,55,56,54,60,54,54,56,52,62,44,62,52,61,52,63,63,59,52,60,59,58,56,64,55,70,65,58,56,56,62,51,57,55,55,62,60,56,54,61,65,59,69,64,62,67,67,65,60,63,63,65,61,63,61,64,61,56,116,43,50,47,50,70,17,43,42,43,52,44,48,45,48,46,54,49,43,66,53,46,74,44,53,53,62,45,49,53,48,41,48,47,42,34,36,41,36,39,24,45,38,41,41,38,37,16,23,45,44,41,46,69,39,40,41,40,31,39,62,35,42,36,42,46,43,40,56,47,63,41,69,41,47,46,50,42,45,47,72,44,68,44,37,41,45,49,49,44,32,34,32,26,24,24,23,27,40,37,29,33,24,51,22,26,26,23,27,38,24,27,35,36,35,32,33,30,31,32,33,31,40,33,28,22,29,33,27,38,36,41,37,40,32,29,35,23,91,30,17,95,30,56,35,24,38,21,23,22,29,27,31,30,19,29,19,18,19,11,39,21,29,30,11,28,27,28,21,5,24,18,30,13,16,21,23,30,23,18,18,30,23,17,18,35,21,29,24,25,22,19,19,19,22,19,26,16,31,19,20,20,24,26,17,31,19,31,31,30,30,24,24,14,22,24,31,20,25,25,17,24,17,255,25,25,24,20,26,23,31,27,26,30,22,19,16,35,26,28,20,22,17,29,21,18,24,17,19,18,23,24,19,30,29,19,19,23,0,19,27,21,25,13,17,22,18,18,28,35,21,18,15,22,23,16,20,17,22,29,16,20,25,26,8,18,25,25,25,26,23,26,14,16,14,25,23,14,28,19,23,14,20,13,16,18,14,16,18,17,14,15,18,15,15,20,17,21,25,32,27,31,25,25,25,19,26,27,23,24,24,25,12,16,12,18,17,17,14,19,14,71,14,19,17,16,54,15,22,21,12,26,12,13
EPI_ISL_812858,124,122,121,119,118,64,115,73,64,72,69,79,106,91,91,81,93,95,85,83,83,63,68,53,54,71,71,50,50,51,71,51,49,49,51,33,21,37,39,54,54,39,55,55,23,42,45,40,60,60,60,30,48,50,56,65,62,57,57,48,50,50,48,50,49,50,53,51,49,53,49,54,44,51,48,51,54,52,45,50,51,50,52,44,53,56,52,49,54,55,44,50,49,48,46,52,46,48,50,44,54,37,56,46,55,45,57,57,53,44,52,51,50,50,56,47,64,57,50,48,48,56,45,51,47,47,54,52,48,46,53,57,51,58,56,54,59,59,57,52,55,57,57,53,55,53,56,53,48,103,30,35,36,39,61,10,32,31,32,41,31,37,34,37,35,43,38,32,55,40,35,65,33,38,40,53,34,38,42,35,30,37,34,31,23,25,34,23,28,23,34,25,28,30,27,24,9,20,34,33,30,35,62,28,33,30,35,20,32,49,24,31,25,29,39,32,29,43,36,54,30,58,30,34,35,39,31,34,36,61,33,57,33,24,30,34,38,38,31,21,29,19,29,19,23,18,26,35,32,24,28,21,40,21,25,21,23,25,32,21,26,30,25,24,21,22,19,20,21,22,18,27,22,17,19,18,20,24,25,31,28,26,27,19,18,24,20,86,19,12,84,19,45,30,19,27,16,18,17,24,16,20,19,14,18,14,13,14,10,28,14,18,25,8,17,18,17,10,16,13,15,19,18,11,16,18,17,10,11,11,19,10,10,13,28,14,18,23,14,17,12,12,12,21,12,19,13,20,12,13,15,15,13,10,20,12,20,20,17,19,11,11,17,17,13,18,13,14,12,10,13,10,250,14,14,11,15,13,6,18,22,21,23,15,12,11,24,15,15,17,17,14,18,16,17,23,14,18,17,10,13,18,19,18,18,12,16,19,0,10,20,14,12,12,5,15,15,15,24,16,15,12,19,16,13,15,12,15,18,13,13,14,15,15,13,14,12,14,15,10,15,13,13,11,12,12,11,21,12,19,10,14,10,13,14,11,11,15,10,9,10,13,12,12,14,14,18,14,18,16,20,14,14,14,10,15,12,10,13,11,14,9,13,13,11,12,10,9,2,9,68,7,14,12,13,49,8,15,8,9,13,9,10
EPI_ISL_812818,132,130,130,127,126,72,123,81,72,80,77,87,115,99,99,89,101,103,93,91,91,71,76,61,62,79,79,58,58,59,79,59,57,57,59,41,29,45,47,62,62,47,63,63,31,50,53,48,68,68,68,38,56,58,64,73,70,65,65,56,58,58,56,58,57,58,61,59,57,61,57,62,52,59,56,59,62,60,53,58,59,58,60,52,61,64,60,57,62,63,52,58,57,56,54,60,54,56,58,52,62,45,64,54,63,53,65,65,61,52,60,59,58,58,64,55,72,65,58,56,56,64,53,59,55,55,62,60,56,54,61,65,59,66,64,62,67,67,65,60,63,65,65,61,63,61,64,61,56,111,38,43,44,47,69,18,40,39,40,49,39,45,42,45,43,51,46,40,63,48,43,73,41,46,48,61,42,46,50,43,38,45,42,39,31,33,42,31,36,31,42,33,36,38,35,32,17,28,42,41,38,43,70,36,41,38,43,28,40,57,32,39,33,37,47,40,37,51,44,62,38,66,38,42,43,47,39,42,44,69,41,65,41,32,38,42,46,46,39,29,35,27,37,27,31,26,34,43,40,32,36,29,48,29,33,29,29,33,40,29,34,38,33,32,29,30,27,28,29,30,26,35,30,25,27,26,28,32,33,39,36,34,35,27,26,32,28,92,27,20,92,27,53,38,27,35,24,26,25,32,24,28,27,22,26,22,21,22,18,36,22,26,33,16,25,26,25,16,24,21,23,27,26,19,24,26,25,18,19,19,27,18,18,21,36,22,26,31,22,25,20,20,20,29,20,27,21,28,20,21,23,23,21,18,28,20,28,28,25,27,19,19,25,25,21,26,21,22,20,18,21,18,258,22,22,19,23,21,12,26,30,29,31,23,20,19,32,23,23,25,25,22,26,24,25,31,22,26,25,18,21,26,27,26,26,20,24,27,10,0,28,22,20,20,13,23,23,23,32,24,23,20,27,24,21,23,20,23,26,21,21,22,23,23,21,22,20,22,23,18,23,21,21,19,20,20,19,29,20,27,18,22,18,21,22,19,19,23,18,17,18,21,20,20,22,22,26,22,27,24,28,22,22,22,18,23,18,18,21,19,22,17,21,21,19,20,18,17,10,17,76,15,22,20,21,57,16,23,16,17,21,17,18
EPI_ISL_2232389,138,136,136,133,132,78,129,87,78,86,83,93,121,105,105,95,107,109,99,97,97,72,77,62,63,80,80,59,59,60,80,60,58,58,60,47,35,51,53,63,63,53,64,64,37,56,59,54,69,69,69,44,62,59,65,74,71,66,66,57,59,59,57,59,58,61,62,60,58,60,58,63,55,60,57,60,61,59,54,57,58,57,61,51,60,63,59,58,63,62,53,59,58,57,55,61,55,55,57,53,63,45,65,55,64,53,66,66,60,53,61,60,59,59,65,56,71,66,59,57,57,63,52,58,56,56,63,61,57,55,62,66,60,72,65,63,68,68,66,61,64,66,66,62,64,62,65,62,57,117,46,51,50,53,73,18,46,45,46,55,47,51,48,51,49,57,52,46,69,54,49,77,47,54,54,67,46,52,56,49,44,51,48,45,37,39,40,37,42,25,48,39,42,44,41,38,17,24,48,47,44,49,74,42,39,44,43,32,38,63,36,45,39,43,45,46,43,57,50,68,44,72,44,48,49,53,45,48,50,75,47,71,47,38,44,48,52,52,45,35,35,33,31,25,23,24,26,40,38,30,36,25,54,21,25,27,28,26,40,25,28,38,39,38,35,36,33,34,35,36,32,43,36,31,23,32,34,28,39,37,44,40,41,33,32,38,24,92,33,18,98,33,59,36,19,41,22,18,21,24,30,28,27,20,32,18,19,20,12,42,22,32,31,12,31,24,31,22,18,27,19,33,20,17,24,26,31,24,19,19,33,24,18,19,34,22,32,23,28,25,20,20,20,21,20,27,17,34,20,21,21,27,27,18,34,20,34,34,31,33,25,25,19,25,27,32,21,28,26,18,27,18,256,28,28,25,23,27,24,32,30,27,31,23,20,17,38,29,23,21,23,20,32,22,5,9,18,4,3,24,27,4,33,32,6,18,24,21,20,28,0,28,14,18,23,19,19,31,38,22,19,16,17,18,17,23,18,23,32,17,21,28,29,17,19,28,26,26,29,24,29,13,17,15,26,26,15,29,20,24,15,21,14,15,19,15,17,19,18,15,16,19,16,16,21,18,16,28,33,30,33,28,28,28,20,29,28,24,27,25,28,13,17,19,19,18,18,15,20,15,72,15,20,18,17,55,16,23,22,13,26,13,14
EPI_ISL_529032,132,130,130,127,126,72,123,81,72,80,77,87,115,97,97,83,99,101,87,87,83,71,76,61,62,79,79,58,58,59,79,59,57,57,59,25,17,27,29,62,62,29,63,63,19,32,35,30,68,68,68,18,56,58,64,73,70,65,65,56,58,58,56,58,57,60,61,59,57,61,57,62,54,59,56,59,62,60,53,58,59,56,60,52,61,64,60,57,62,63,52,58,55,56,54,60,54,56,58,52,62,45,64,54,63,53,65,65,61,52,60,59,58,58,64,55,72,65,58,56,56,64,53,59,55,55,62,60,56,54,61,65,59,46,64,62,67,67,65,60,63,65,65,61,63,61,64,61,56,111,22,45,26,27,51,18,22,21,22,29,23,25,24,25,23,31,26,22,45,48,23,53,21,46,48,43,24,26,30,35,20,27,34,19,15,19,42,17,20,31,26,33,28,22,17,20,17,28,22,23,18,23,70,20,41,24,29,22,40,57,20,21,19,37,47,20,17,51,24,44,20,48,20,42,23,27,21,22,26,51,21,65,23,22,20,24,28,26,39,15,37,17,37,27,31,26,33,41,36,31,36,27,28,29,33,26,31,33,39,29,34,38,31,18,15,16,13,14,11,16,26,17,10,11,27,12,18,32,33,39,18,16,25,17,12,12,28,94,7,20,78,13,39,38,27,21,24,26,25,32,10,14,13,22,12,22,21,22,18,22,22,8,33,16,11,12,9,22,22,7,23,7,26,19,18,20,17,18,17,19,7,10,18,21,36,14,12,31,4,19,20,20,20,29,20,27,21,14,20,21,23,17,13,18,10,20,14,18,15,7,15,7,25,17,7,22,21,2,8,18,7,18,258,8,8,15,15,9,18,18,18,29,31,19,18,19,18,3,11,25,25,22,12,24,25,31,22,26,25,18,3,26,9,8,26,20,24,25,14,22,28,0,20,20,17,23,23,11,18,24,23,20,27,24,21,23,20,25,12,21,17,10,3,23,21,8,20,8,9,18,9,21,21,19,20,6,19,29,20,27,18,22,18,21,22,19,19,23,18,17,18,21,20,20,22,22,26,2,27,10,14,8,8,8,20,9,22,10,1,9,4,17,21,21,19,20,18,17,14,17,76,15,22,20,21,57,14,21,16,17,9,17,18
EPI_ISL_812826,130,128,128,125,124,70,121,79,70,78,75,85,113,97,97,87,99,101,91,89,89,64,69,54,55,72,72,51,51,52,72,52,50,50,52,39,27,43,45,55,55,45,56,56,29,48,51,46,61,61,61,36,54,51,57,66,63,58,58,49,51,51,49,51,50,53,54,52,50,52,50,55,47,52,49,52,53,51,46,49,50,49,53,41,52,55,51,50,55,54,45,51,50,49,47,53,47,47,49,45,55,37,57,47,56,45,58,58,52,45,53,52,51,51,57,48,63,58,51,49,49,53,44,50,48,48,55,53,49,47,54,58,52,64,57,55,60,60,58,53,56,58,58,54,56,54,57,54,49,109,38,43,42,45,65,10,38,37,38,47,39,43,40,43,41,49,44,38,61,46,41,69,39,46,46,59,40,44,48,41,36,43,40,37,29,31,34,29,34,17,40,31,34,36,33,30,9,16,40,39,36,41,66,34,33,36,35,26,32,55,30,37,31,35,39,38,35,49,42,60,36,64,36,40,41,45,37,40,42,67,39,63,39,30,36,40,44,44,37,27,27,25,23,17,17,16,20,33,30,22,28,17,46,15,19,19,20,20,32,17,20,30,31,30,27,28,25,26,27,28,24,35,28,23,15,24,26,20,31,29,36,32,33,25,24,30,16,84,25,10,90,25,51,28,17,33,14,16,15,22,22,26,25,12,24,12,11,12,2,34,14,24,23,4,23,22,23,14,10,19,7,25,12,9,16,18,23,16,11,11,25,16,10,11,28,14,24,17,20,17,12,12,12,15,12,19,9,26,12,13,13,19,19,10,26,12,26,26,23,25,17,17,11,17,19,24,13,20,18,10,19,10,248,20,20,17,15,19,16,24,22,19,23,15,12,9,30,21,21,13,15,12,24,14,11,17,10,12,11,16,19,12,25,24,12,12,16,13,12,20,14,20,0,10,15,11,11,23,30,14,11,8,15,16,9,15,10,17,24,7,13,20,21,9,11,20,18,20,21,16,21,7,9,7,18,18,7,21,12,16,7,13,6,9,11,7,9,11,10,7,8,11,8,8,13,10,14,20,25,22,26,20,20,20,12,21,20,16,19,17,20,5,9,11,11,10,10,7,12,7,64,7,12,10,9,47,8,15,14,5,19,5,6
EPI_ISL_812850,130,128,128,125,124,70,121,79,70,78,75,85,113,97,97,87,97,101,91,89,89,64,69,54,55,72,72,51,51,52,72,52,50,50,52,39,27,43,45,55,55,45,56,56,29,48,51,46,61,61,61,36,54,51,57,66,63,58,58,49,51,51,49,51,50,53,52,52,50,54,50,55,47,52,49,52,55,53,46,51,52,51,53,45,54,57,53,50,55,56,45,51,50,49,47,53,47,49,51,45,55,35,57,47,56,43,58,58,54,45,53,52,51,51,57,48,65,58,51,49,49,57,46,52,48,48,55,53,49,47,54,58,52,64,57,55,60,60,58,53,56,58,58,54,56,54,57,54,49,109,38,43,42,45,67,8,38,37,38,47,39,43,40,43,41,49,44,38,61,46,41,71,39,46,46,59,40,44,48,41,36,43,40,37,29,31,32,29,34,21,40,31,34,36,33,30,7,18,40,39,36,41,68,34,31,36,33,26,30,55,30,37,31,35,37,38,35,49,42,60,36,64,36,40,41,45,37,40,42,67,39,63,39,30,36,40,44,44,37,27,25,25,27,15,21,14,24,34,31,23,28,19,46,19,23,20,22,23,32,19,24,30,31,30,27,28,25,26,27,28,24,35,28,23,17,24,26,22,31,27,36,32,33,25,24,30,18,82,25,10,90,25,51,28,15,33,12,14,13,20,22,26,25,10,24,10,9,10,8,34,14,24,23,6,23,22,23,14,14,19,15,25,16,9,14,18,21,16,9,9,25,16,8,7,26,12,24,21,20,17,10,10,10,19,10,17,11,26,10,11,11,19,19,8,26,10,26,24,23,25,17,17,13,15,19,22,13,20,18,8,19,8,248,20,20,15,13,19,16,24,22,17,21,13,10,7,30,21,21,15,13,10,24,14,15,21,12,16,15,16,19,16,25,24,16,10,16,17,12,20,18,20,10,0,15,13,13,23,30,12,13,10,17,16,11,15,8,15,24,11,11,20,21,13,9,20,18,20,21,16,21,11,11,9,18,18,9,19,12,17,6,12,8,11,12,9,10,13,10,5,6,10,10,10,13,12,16,20,25,22,26,20,20,20,12,21,18,16,19,17,20,7,11,13,11,6,8,5,12,5,66,7,11,11,11,45,8,13,12,7,19,7,8
EPI_ISL_2232301,121,119,119,116,115,67,118,76,67,75,72,82,110,94,94,84,90,98,88,86,86,66,71,56,57,74,74,53,53,54,74,54,52,52,54,36,24,40,42,57,57,42,58,58,26,45,48,43,63,63,63,33,45,53,59,68,65,60,60,51,53,53,51,53,52,53,56,54,52,56,52,57,47,54,51,54,57,55,48,53,54,53,55,47,56,59,55,52,57,58,47,53,52,51,49,55,49,51,53,47,57,40,59,49,58,48,60,60,56,47,55,54,53,53,59,50,67,60,53,51,51,59,48,54,50,50,57,55,51,49,56,60,54,61,59,57,62,62,60,55,58,60,54,56,58,56,59,56,51,100,33,38,39,42,64,13,35,34,35,44,34,40,37,40,38,46,41,35,58,43,38,68,36,41,43,56,37,41,45,38,33,40,37,34,26,28,37,26,31,26,37,28,31,33,30,27,12,23,37,36,33,38,65,31,36,33,38,23,35,46,27,34,28,32,42,35,32,46,39,57,33,61,33,37,38,42,34,37,39,64,36,60,36,27,33,37,41,41,34,24,32,22,32,22,26,21,29,38,35,27,31,24,43,24,28,24,26,28,35,24,29,33,28,27,24,25,22,23,24,25,21,30,25,20,22,21,23,27,28,28,31,29,30,22,21,27,23,89,22,15,87,22,48,33,22,30,19,21,20,27,19,23,22,17,21,17,16,17,13,31,17,21,28,11,20,21,20,13,19,16,18,22,21,14,19,21,20,13,14,14,22,13,13,16,31,17,21,26,17,20,15,15,15,24,15,22,16,23,15,16,18,18,16,13,23,15,23,23,20,22,14,14,20,20,16,21,16,17,15,13,16,13,253,17,17,14,18,16,9,21,25,24,26,18,15,14,27,18,18,20,20,17,21,19,20,26,17,21,20,13,16,21,22,21,21,15,19,22,5,13,23,17,15,15,0,18,18,18,27,19,18,15,22,19,16,18,15,18,21,16,16,17,18,18,16,17,15,17,18,13,18,16,16,14,15,15,14,24,15,22,13,17,13,16,17,14,14,18,13,12,13,16,15,15,17,17,21,17,22,19,23,17,17,17,13,18,15,13,16,14,17,12,16,16,14,15,13,12,5,12,71,10,17,15,16,52,11,18,11,12,16,12,13
EPI_ISL_2232395,133,131,131,128,127,73,124,82,73,81,78,88,116,100,100,90,102,104,94,92,92,67,72,57,58,75,75,54,54,55,75,55,53,53,55,42,30,46,48,58,58,48,59,59,32,51,54,49,64,64,64,39,55,54,60,69,66,61,61,52,54,54,52,54,53,56,57,55,53,55,53,58,50,55,52,55,56,54,49,52,53,52,56,46,55,58,54,53,58,57,48,54,53,52,50,56,50,50,52,48,58,40,60,50,59,48,61,61,55,48,56,55,54,54,60,51,66,61,54,52,52,58,47,53,51,51,58,56,52,50,57,61,55,67,60,58,63,63,61,56,59,61,61,57,59,57,60,57,52,110,41,44,45,48,68,13,41,40,41,50,42,46,43,46,44,52,47,41,64,47,44,72,42,47,47,62,43,47,51,44,39,46,43,40,32,34,37,32,37,22,43,32,37,39,36,33,12,15,43,42,39,44,67,37,36,39,38,29,35,56,33,40,34,36,42,41,38,50,45,63,39,67,39,41,44,48,40,43,45,70,42,64,42,33,39,43,47,47,38,30,30,28,28,20,22,19,25,34,31,24,31,17,49,20,24,20,23,24,35,16,25,33,34,33,30,31,28,29,30,31,27,38,31,26,14,27,29,19,34,32,39,35,36,28,27,33,17,87,28,13,93,28,54,31,20,36,17,19,18,25,25,29,28,15,27,15,14,15,9,37,17,27,26,7,26,25,26,17,15,22,16,28,17,14,19,21,26,19,14,14,28,19,13,14,31,17,27,22,23,20,15,15,15,20,15,22,12,29,15,16,16,20,22,13,29,15,29,29,26,28,20,20,16,20,22,27,16,23,21,13,22,13,250,23,23,20,18,22,19,27,25,18,26,18,15,12,33,24,24,16,18,15,27,17,16,22,1,17,16,19,22,17,28,27,17,15,19,18,15,23,19,23,11,13,18,0,4,26,33,17,2,11,6,13,12,18,13,20,27,14,16,23,24,14,14,23,21,23,24,19,24,12,2,10,21,21,10,24,15,19,10,16,9,12,14,10,12,14,13,10,11,14,11,7,16,3,7,23,28,25,29,23,23,23,15,24,23,19,22,20,23,8,12,16,14,13,13,10,15,10,67,10,15,13,12,50,11,18,17,8,22,8,9
EPI_ISL_2232296,133,131,131,128,127,73,124,82,73,81,78,88,116,100,100,90,102,104,94,92,92,67,72,57,58,75,75,54,54,55,75,55,53,53,55,42,30,46,48,58,58,48,59,59,32,51,54,49,64,64,64,39,55,54,60,69,66,61,61,52,54,54,52,54,53,56,57,55,53,55,53,58,50,55,52,55,56,54,49,52,53,52,56,46,55,58,54,53,58,57,48,54,53,52,50,56,50,50,52,48,58,40,60,50,59,48,61,61,55,48,56,55,54,54,60,51,66,61,54,52,52,58,47,53,51,51,58,56,52,50,57,61,55,67,60,58,63,63,61,56,59,61,61,57,59,57,60,57,52,110,41,44,45,48,68,13,41,40,41,50,42,46,43,46,44,52,47,41,64,47,44,72,42,47,47,62,43,47,51,44,39,46,43,40,32,34,37,32,37,22,43,32,37,39,36,33,12,15,43,42,39,44,67,37,36,39,38,29,35,56,33,40,34,36,42,41,38,50,45,63,39,67,39,41,44,48,40,43,45,70,42,64,42,33,39,43,47,47,38,30,30,28,28,20,22,19,25,34,31,24,31,17,49,20,24,20,23,24,35,16,25,33,34,33,30,31,28,29,30,31,27,38,31,26,14,27,29,19,34,32,39,35,36,28,27,33,17,87,28,13,93,28,54,31,20,36,17,19,18,25,25,29,28,15,27,15,14,15,9,37,17,27,26,7,26,25,26,17,15,22,16,28,17,14,19,21,26,19,14,14,28,19,13,14,31,17,27,22,23,20,15,15,15,20,15,22,12,29,15,16,16,20,22,13,29,15,29,29,26,28,20,20,16,20,22,27,16,23,21,13,22,13,250,23,23,20,18,22,19,27,25,18,26,18,15,12,33,24,24,16,18,15,27,17,16,22,3,17,16,17,22,17,28,27,17,15,19,18,15,23,19,23,11,13,18,4,0,26,33,17,4,11,8,15,12,18,13,20,27,14,16,23,24,14,14,23,21,23,24,17,24,12,4,10,21,21,10,24,15,19,10,16,9,12,14,10,12,14,13,10,11,14,11,7,16,5,9,23,28,25,29,23,23,23,15,24,23,19,22,20,23,8,12,16,14,13,13,10,15,10,67,10,15,13,12,50,11,18,17,8,22,8,9
EPI_ISL_2232267,135,133,133,130,129,75,126,84,75,83,80,90,118,100,100,88,102,104,92,90,88,74,79,64,65,82,82,61,61,62,82,62,60,60,62,32,24,34,36,65,65,36,66,66,26,39,42,37,71,71,71,27,59,61,67,76,73,68,68,59,61,61,59,61,60,61,64,62,60,64,60,65,55,62,59,62,65,63,56,61,62,59,63,55,64,67,63,60,65,66,55,61,58,59,57,63,57,59,61,55,65,48,67,57,66,56,68,68,64,55,63,62,61,61,67,58,75,68,61,59,59,67,56,62,58,58,65,63,59,57,64,68,62,55,67,65,70,70,68,63,66,68,68,64,66,64,67,64,59,114,29,46,35,36,60,21,31,30,31,38,30,34,33,34,32,40,35,31,54,51,32,62,30,49,51,52,33,35,39,38,29,36,37,28,24,26,45,24,27,34,33,36,31,29,24,27,20,31,31,32,27,32,73,29,44,31,36,23,43,60,21,28,24,40,50,29,26,54,33,53,29,57,29,45,32,36,30,31,35,60,30,68,32,25,29,33,37,35,42,16,40,20,40,30,34,29,36,44,39,34,39,30,37,32,36,29,34,36,42,32,37,41,34,19,16,17,14,15,18,17,29,24,19,12,30,13,21,35,36,42,25,23,28,20,13,21,31,97,16,23,79,16,42,41,30,22,27,29,28,31,11,15,14,25,13,25,24,25,21,19,25,15,36,19,12,15,14,23,25,8,26,16,29,22,21,23,20,21,20,22,16,13,21,24,39,21,9,34,11,22,23,23,23,32,23,30,24,15,23,24,26,20,16,21,19,23,15,19,18,16,18,10,28,20,4,23,24,11,11,21,8,21,261,9,9,18,18,12,19,21,19,32,34,24,21,22,19,12,14,28,28,25,15,23,28,30,25,29,28,21,10,27,12,11,25,23,27,28,15,23,31,11,23,23,18,26,26,0,19,23,26,23,26,27,24,26,23,28,15,24,20,13,12,26,24,3,23,5,6,21,10,24,24,22,23,5,22,32,23,30,21,25,21,24,25,22,22,26,21,20,21,24,23,23,25,25,29,11,30,13,11,5,5,5,23,6,23,13,10,12,11,20,24,24,22,23,21,20,15,20,79,18,25,23,24,60,19,24,19,20,12,20,21
EPI_ISL_2232397,142,140,140,137,136,82,133,91,82,90,87,97,125,107,107,95,109,111,99,97,95,81,86,71,72,89,89,68,68,69,89,69,67,67,69,39,31,41,43,72,72,43,73,73,33,46,49,44,78,78,78,34,66,68,74,83,80,75,75,66,68,68,66,68,67,70,71,69,67,71,67,72,64,69,66,69,72,70,63,68,69,66,70,62,71,74,70,67,72,73,62,68,65,66,64,70,64,66,68,62,72,55,74,64,73,63,75,75,71,62,70,69,68,68,74,65,82,75,68,66,66,74,63,69,65,65,72,70,66,64,71,75,69,62,74,72,77,77,75,70,73,75,75,71,73,71,74,71,66,121,38,55,42,43,67,28,38,37,38,45,39,39,40,41,39,47,42,36,61,58,39,69,37,58,58,59,40,42,46,45,36,43,44,35,31,33,52,31,34,41,40,43,38,36,31,34,27,38,38,39,34,39,80,36,51,38,43,30,50,67,28,35,31,47,57,36,33,61,40,60,36,64,36,52,39,43,37,38,42,67,37,75,39,32,36,40,44,42,49,23,46,27,47,37,41,36,43,51,46,41,46,37,44,39,43,36,41,43,49,39,44,48,41,26,23,24,21,22,25,24,36,33,26,19,37,20,28,42,43,49,34,30,35,27,20,28,38,104,23,30,86,23,49,48,37,3,34,36,35,42,18,22,21,32,20,32,31,32,28,30,32,22,43,26,19,22,21,32,32,15,33,23,36,29,28,30,27,28,27,29,23,20,28,31,46,28,20,41,18,29,30,30,30,39,30,37,31,22,30,31,33,27,23,28,26,30,22,26,25,23,25,17,35,27,15,30,31,18,18,28,15,28,268,16,16,25,25,19,28,28,26,39,41,31,28,29,26,19,21,35,35,32,22,34,35,41,32,36,35,28,17,36,23,22,36,30,34,35,24,32,38,18,30,30,27,33,33,19,0,34,33,30,37,34,31,33,30,35,22,31,27,20,19,33,31,16,30,16,17,28,17,31,31,29,30,14,29,39,30,37,28,32,28,31,32,29,29,33,28,27,28,31,30,30,32,32,36,18,37,20,22,16,16,16,30,17,32,20,17,19,18,27,31,31,29,30,28,27,24,27,86,25,32,30,29,67,26,31,26,27,19,27,28
EPI_ISL_2232268,134,132,132,129,128,74,125,83,74,82,79,89,117,101,101,91,103,105,95,93,93,68,73,58,59,76,76,55,55,56,76,56,54,54,56,43,31,47,49,59,59,49,60,60,33,52,55,50,65,65,65,40,58,55,61,70,67,62,62,53,55,55,53,55,54,57,58,56,54,58,54,59,51,56,53,56,59,57,50,55,56,55,57,49,58,61,57,54,59,60,49,55,54,53,51,57,51,53,55,49,59,41,61,51,60,49,62,62,58,49,57,56,55,55,61,52,69,62,55,53,53,61,50,56,52,52,59,57,53,51,58,62,56,68,61,59,64,64,62,57,60,62,62,58,60,58,61,58,53,113,42,47,46,49,71,14,42,41,42,51,43,47,44,47,45,53,48,42,65,50,45,75,43,50,50,63,44,48,52,45,40,47,44,41,33,35,38,33,38,25,44,35,38,40,37,34,13,22,44,43,40,45,72,38,37,40,39,30,36,59,34,41,35,39,43,42,39,53,46,64,40,68,40,44,45,49,41,44,46,71,43,67,43,34,40,43,48,48,41,31,29,29,31,19,25,18,28,38,35,27,32,23,50,23,27,24,26,27,36,23,28,34,35,34,31,32,29,30,31,32,28,39,32,27,21,28,30,26,35,33,40,36,37,29,28,34,22,86,29,14,94,29,55,32,9,37,6,8,7,10,26,30,29,4,28,4,3,4,12,32,18,26,26,10,27,26,25,18,18,23,19,29,20,15,20,22,27,20,15,15,29,20,14,13,32,18,24,25,24,21,16,16,16,23,16,23,15,30,16,17,15,25,23,14,30,16,30,30,27,29,21,21,19,21,23,28,17,24,22,14,23,14,252,24,24,21,19,23,20,28,26,23,27,19,16,13,34,25,25,19,17,14,28,14,19,21,16,20,19,20,23,18,25,22,16,14,20,21,16,24,22,24,14,12,19,17,17,23,34,0,17,14,17,18,15,19,12,21,28,17,17,24,25,17,15,24,22,24,25,20,25,15,15,13,22,22,13,25,16,21,10,16,12,15,16,13,14,17,14,9,10,14,14,14,17,16,20,24,29,26,28,24,24,24,16,25,24,20,23,21,24,11,15,17,15,12,14,9,16,9,70,11,15,15,15,49,12,19,18,11,23,11,12
EPI_ISL_2232400,133,131,131,128,127,73,124,82,73,81,78,88,116,100,100,90,102,104,94,92,92,67,72,57,58,75,75,54,54,55,75,55,53,53,55,42,30,46,48,58,58,48,59,59,32,51,54,49,64,64,64,39,55,54,60,69,66,61,61,52,54,54,52,54,53,56,57,55,53,55,53,58,50,55,52,55,56,54,49,52,53,52,56,46,55,58,54,53,58,57,48,54,53,52,50,56,50,50,52,48,58,40,60,50,59,48,61,61,55,48,56,55,54,54,60,51,66,61,54,52,52,58,47,53,51,51,58,56,52,50,57,61,55,67,60,58,63,63,61,56,59,61,61,57,59,57,60,57,52,110,41,44,45,48,68,13,41,40,41,50,42,46,43,46,44,52,47,41,64,47,44,72,42,47,47,62,43,47,51,44,39,46,43,40,32,34,37,32,37,22,43,32,37,39,36,33,12,15,43,42,39,44,67,37,36,39,38,29,35,56,33,40,34,36,42,41,38,50,45,63,39,67,39,41,44,48,40,43,45,70,42,64,42,33,39,43,47,47,38,30,30,28,28,20,22,19,25,34,31,24,31,17,49,20,24,20,23,24,35,16,25,33,34,33,30,31,28,29,30,31,27,38,31,26,14,27,29,19,34,32,39,35,36,28,27,33,17,87,28,13,93,28,54,31,20,36,17,19,18,25,25,29,28,15,27,15,14,15,9,37,17,27,26,7,26,25,26,17,15,22,16,28,17,14,19,21,26,19,14,14,28,19,13,14,31,17,27,22,23,20,15,15,15,20,15,22,12,29,15,16,16,20,22,13,29,15,29,29,26,28,20,20,16,20,22,27,16,23,21,13,22,13,250,23,23,20,18,22,19,27,25,18,26,18,15,12,33,24,24,16,18,15,27,17,16,22,1,17,16,19,22,17,28,27,17,15,19,18,15,23,19,23,11,13,18,2,4,26,33,17,0,11,6,13,12,18,13,20,27,14,16,23,24,14,14,23,21,23,24,19,24,12,2,10,21,21,10,24,15,19,10,16,9,12,14,10,12,14,13,10,11,14,11,7,16,3,7,23,28,25,29,23,23,23,15,24,23,19,22,20,23,8,12,16,14,13,13,10,15,10,67,10,15,13,12,50,11,18,17,8,22,8,9
EPI_ISL_2232340,130,128,128,125,124,70,121,79,70,78,75,85,113,97,97,87,99,101,91,89,89,64,69,54,55,72,72,51,51,52,72,52,50,50,52,39,27,43,45,55,55,45,56,56,29,48,51,46,61,61,61,36,54,51,57,66,63,58,58,49,51,51,49,51,50,53,54,52,50,52,50,55,47,52,49,52,53,51,46,49,50,49,53,43,52,55,51,50,55,54,45,51,50,49,47,53,47,47,49,45,55,37,57,47,56,45,58,58,52,45,53,52,51,51,57,48,63,58,51,49,49,55,44,50,48,48,55,53,49,47,54,58,52,64,57,55,60,60,58,53,56,58,58,54,56,54,57,54,49,109,38,43,42,45,65,10,38,37,38,47,39,43,40,43,41,49,44,38,61,46,41,69,39,46,46,59,40,44,48,41,36,43,40,37,29,31,34,29,34,19,40,31,32,36,33,30,9,16,40,39,36,41,66,34,33,36,35,26,32,55,28,37,31,35,39,38,35,49,42,60,36,64,36,40,41,45,37,40,42,67,39,63,39,30,36,40,44,44,37,27,27,25,23,17,19,16,22,33,30,22,28,17,46,17,21,19,20,21,32,17,22,30,29,30,27,28,25,26,27,28,24,35,28,23,15,24,26,20,31,29,36,32,33,25,24,30,16,84,25,10,90,25,51,28,17,33,14,16,15,22,22,26,25,12,24,12,11,12,6,34,14,24,23,4,23,22,23,14,12,19,13,23,14,11,16,18,23,14,11,11,25,16,10,11,28,14,24,17,20,17,12,12,12,15,12,19,9,26,12,13,13,19,19,10,26,12,26,26,23,23,17,17,13,17,19,24,13,20,18,10,19,10,248,20,20,17,15,19,16,22,22,19,23,15,12,9,30,21,21,11,15,12,24,14,13,19,10,14,13,16,19,14,25,24,14,12,16,15,12,20,16,20,8,10,15,11,11,23,30,14,11,0,15,16,1,15,10,17,24,11,13,20,21,11,11,20,18,20,21,16,21,9,9,7,18,18,7,21,12,16,7,13,6,9,11,7,9,11,10,7,8,11,8,8,13,10,14,20,25,22,26,20,20,20,12,21,20,16,19,17,20,5,9,13,11,10,10,7,12,7,64,7,12,10,9,45,8,15,14,5,19,5,6
EPI_ISL_2232291,137,135,135,132,131,77,128,86,77,85,82,92,120,104,104,94,106,108,98,96,96,71,76,61,62,79,79,58,58,59,79,59,57,57,59,46,34,50,52,62,62,52,63,63,36,55,58,53,68,68,68,43,59,58,64,73,70,65,65,56,58,58,56,58,57,60,61,59,57,59,57,62,54,59,56,59,60,58,53,56,57,56,60,50,59,62,58,57,62,61,52,58,57,56,54,60,54,54,56,52,62,44,64,54,63,52,65,65,59,52,60,59,58,58,64,55,70,65,58,56,56,62,51,57,55,55,62,60,56,54,61,65,59,71,64,62,67,67,65,60,63,65,65,61,63,61,64,61,56,114,45,48,49,52,72,17,45,44,45,54,46,50,47,50,48,56,51,45,68,51,48,76,46,51,51,66,47,51,55,48,43,50,47,44,36,38,41,36,41,26,47,36,41,43,40,37,16,19,47,46,43,48,71,41,40,43,42,33,39,60,37,44,38,40,46,45,42,54,49,67,43,71,43,45,48,52,44,47,49,74,46,68,46,37,43,47,51,51,42,34,34,32,32,24,26,23,29,38,35,28,35,21,53,24,28,24,27,28,39,20,29,37,38,37,34,35,32,33,34,35,31,42,35,30,18,31,33,23,38,36,43,39,40,32,31,37,21,91,32,17,97,32,58,35,18,40,21,17,20,19,29,27,26,19,31,17,18,19,13,37,21,31,30,11,30,23,30,21,19,26,20,32,21,18,23,25,30,23,18,18,32,23,17,18,35,21,27,26,27,24,19,19,19,24,19,26,16,33,19,20,20,24,26,17,33,19,33,33,30,32,24,24,20,24,26,31,20,27,25,17,26,17,254,27,27,24,22,26,23,31,29,22,30,22,19,16,37,28,22,20,22,19,31,17,20,22,5,21,20,23,26,19,28,27,17,17,23,22,19,27,17,27,15,17,22,6,8,26,37,17,6,15,0,11,16,22,17,24,31,18,20,27,28,18,18,27,25,25,28,23,28,16,6,14,25,25,14,28,19,23,14,20,13,16,18,14,16,18,17,14,15,18,15,11,20,7,5,27,32,29,32,27,27,27,19,28,27,23,26,24,27,12,16,20,18,17,17,14,19,14,71,14,19,17,16,54,15,22,21,12,25,12,13
EPI_ISL_2232398,132,130,130,127,126,74,123,83,74,82,79,89,117,101,101,91,103,105,95,91,91,68,73,58,59,76,76,55,55,56,76,56,54,54,56,43,31,47,49,59,59,49,60,60,33,52,55,50,65,65,65,40,56,55,61,70,67,62,62,53,55,55,53,55,54,57,58,56,54,58,54,59,51,56,53,56,59,57,50,55,56,55,57,49,58,61,57,54,59,60,49,55,52,53,51,57,51,53,55,49,59,41,61,51,60,49,62,62,58,49,57,56,55,55,61,52,69,62,55,53,53,61,50,56,52,52,59,57,53,51,58,62,56,68,61,59,64,64,62,57,60,62,62,58,60,58,61,58,53,111,42,45,46,49,71,14,42,41,42,51,43,47,44,47,45,53,48,42,65,46,45,75,43,48,48,63,44,48,52,45,40,47,44,41,33,35,38,33,38,27,44,33,38,40,37,34,13,22,44,43,40,45,70,38,37,40,39,30,36,57,34,41,35,37,43,42,39,51,46,64,40,68,40,42,45,49,41,44,46,71,43,65,43,34,40,44,48,48,39,31,33,29,33,23,27,22,30,38,35,28,32,24,50,25,29,25,27,29,36,23,30,34,35,34,31,32,29,30,31,32,28,39,32,27,21,28,30,26,35,35,40,36,37,29,28,34,24,90,29,16,94,29,55,34,17,37,20,16,19,22,26,24,23,18,28,16,17,18,14,36,12,26,29,12,27,22,25,18,20,23,19,29,22,15,20,22,27,20,15,15,29,20,14,17,32,18,28,27,24,21,16,16,16,25,16,23,17,30,16,17,19,25,23,14,30,16,30,30,27,29,21,21,21,21,23,28,17,24,22,14,23,14,254,24,24,21,19,23,20,28,26,23,27,19,16,15,34,25,19,21,21,18,28,20,21,27,12,22,21,20,23,22,29,26,22,14,14,23,16,24,18,24,16,16,19,13,15,27,34,18,13,16,11,0,17,19,16,21,28,17,17,24,25,19,17,24,22,22,25,20,25,17,13,15,22,22,15,25,16,23,14,18,14,17,18,15,15,19,14,13,14,17,16,14,18,14,12,24,29,26,27,24,24,24,16,25,24,20,23,21,24,13,17,17,15,16,14,13,16,13,72,11,18,16,17,53,12,19,18,13,22,13,14
EPI_ISL_2232341,131,129,129,126,125,71,122,80,71,79,76,86,114,98,98,88,100,102,92,90,90,65,70,55,56,73,73,52,52,53,73,53,51,51,53,40,28,44,46,56,56,46,57,57,30,49,52,47,62,62,62,37,55,52,58,67,64,59,59,50,52,52,50,52,51,54,55,53,51,53,51,56,48,53,50,53,54,52,47,50,51,50,54,44,53,56,52,51,56,55,46,52,51,50,48,54,48,48,50,46,56,38,58,48,57,46,59,59,53,46,54,53,52,52,58,49,64,59,52,50,50,56,45,51,49,49,56,54,50,48,55,59,53,65,58,56,61,61,59,54,57,59,59,55,57,55,58,55,50,110,39,44,43,46,66,11,39,38,39,48,40,44,41,44,42,50,45,39,62,47,42,70,40,47,47,60,41,45,49,42,37,44,41,38,30,32,35,30,35,20,41,32,33,37,34,31,10,17,41,40,37,42,67,35,34,37,36,27,33,56,29,38,32,36,40,39,36,50,43,61,37,65,37,41,42,46,38,41,43,68,40,64,40,31,37,41,45,45,38,28,28,26,24,18,20,17,23,34,31,23,29,18,47,18,22,20,21,22,33,18,23,31,30,31,28,29,26,27,28,29,25,36,29,24,16,25,27,21,32,30,37,33,34,26,25,31,17,85,26,11,91,26,52,29,18,34,15,17,16,23,23,27,26,13,25,13,12,13,7,35,15,25,24,5,24,23,24,15,13,20,14,24,15,12,17,19,24,15,12,12,26,17,11,12,29,15,25,18,21,18,13,13,13,16,13,20,10,27,13,14,14,20,20,11,27,13,27,27,24,24,18,18,14,18,20,25,14,21,19,11,20,11,249,21,21,18,16,20,17,23,23,20,24,16,13,10,29,22,22,12,16,13,25,15,14,20,11,15,14,17,20,15,26,25,15,13,17,16,13,21,17,21,9,11,16,12,12,24,31,15,12,1,16,17,0,16,11,18,25,12,14,21,22,12,12,21,19,21,22,17,22,10,10,8,19,19,8,22,13,17,8,14,7,10,12,8,10,12,11,8,9,12,9,9,14,11,15,21,26,23,27,21,21,21,13,22,21,17,20,18,21,6,10,14,12,11,11,8,13,8,65,8,13,11,10,46,9,16,15,6,20,6,7
EPI_ISL_8189549,133,131,131,128,127,73,124,82,73,81,78,88,116,100,100,90,102,104,94,92,92,67,70,57,58,73,73,54,54,55,73,55,53,53,55,42,30,46,48,56,56,48,57,57,32,51,54,49,62,62,62,39,57,54,58,67,64,59,59,52,52,54,48,50,51,54,55,51,53,53,49,54,48,53,52,51,54,52,47,52,53,50,52,46,53,58,52,49,54,55,46,50,49,48,46,54,48,48,50,46,56,40,56,46,55,48,57,57,55,46,52,51,50,52,60,47,64,61,52,48,50,56,47,55,51,49,56,52,50,48,55,61,53,65,60,58,63,63,59,54,59,61,59,55,59,55,60,57,52,112,41,46,45,48,68,13,41,40,41,50,42,46,43,46,44,52,47,41,62,49,44,72,42,49,49,58,43,47,51,44,39,46,43,40,32,34,37,32,37,26,43,34,37,39,36,33,12,23,43,42,39,44,69,37,36,39,38,29,35,58,33,40,34,38,42,41,38,52,45,59,39,65,39,43,44,48,40,43,45,68,42,64,42,33,39,43,47,47,40,30,32,28,30,22,26,21,29,38,35,25,19,24,49,24,28,23,24,28,25,24,29,21,34,33,30,31,28,29,30,31,27,38,31,26,22,27,29,27,34,34,39,35,36,28,27,33,23,89,28,15,93,28,54,33,22,36,19,21,20,27,25,29,28,17,27,17,16,17,13,37,17,27,28,11,26,27,26,17,17,22,18,28,19,14,19,21,26,19,14,14,28,19,13,16,31,17,27,26,23,20,15,15,15,24,15,22,16,29,15,16,18,24,22,13,29,15,29,29,26,28,20,20,18,20,22,27,16,23,21,13,22,13,253,23,23,20,18,22,19,27,25,24,26,18,15,14,33,24,24,20,20,17,27,19,20,26,17,21,20,19,22,21,28,27,21,15,19,20,15,23,23,23,15,15,18,18,18,26,33,19,18,15,22,19,16,0,15,20,27,16,16,23,24,16,16,23,19,23,24,19,24,16,16,14,19,21,14,24,15,22,13,17,13,16,17,14,14,18,13,12,13,16,15,15,17,17,21,23,28,25,29,23,23,23,15,24,23,19,22,20,23,12,16,14,14,15,13,12,15,12,71,10,17,15,16,52,11,18,17,12,22,12,13
EPI_ISL_1109627,130,128,128,125,124,70,121,79,70,78,75,85,113,97,97,87,99,101,91,89,89,64,69,54,55,72,72,51,51,52,72,52,50,50,52,39,27,43,45,55,55,45,56,56,29,48,51,46,61,61,61,36,54,51,57,66,63,58,58,49,51,51,49,51,50,53,54,52,50,52,50,53,47,52,49,50,55,51,46,51,52,51,53,45,54,57,53,50,53,56,45,49,50,49,47,53,47,49,51,45,55,37,55,47,56,45,56,58,54,45,53,52,51,51,57,48,65,58,51,49,49,57,46,52,48,48,55,53,49,47,54,58,52,64,57,55,60,60,58,53,56,58,58,54,56,54,57,54,49,109,38,43,42,45,67,10,38,37,38,47,39,43,40,43,41,49,44,38,61,46,41,71,39,46,46,59,40,44,48,41,36,43,40,37,29,31,34,29,34,21,40,31,34,36,33,30,9,18,40,39,36,41,68,34,33,36,35,26,32,55,30,37,31,35,39,38,35,49,42,60,36,64,36,40,41,45,37,40,42,67,39,63,39,30,36,40,44,44,37,27,25,25,27,15,21,14,24,34,31,23,28,19,46,19,23,20,22,23,32,19,24,30,31,30,27,28,25,26,27,28,24,35,28,23,17,24,26,22,31,29,36,32,33,25,24,28,18,82,25,10,90,25,51,28,15,33,12,14,13,20,22,26,25,10,24,10,9,10,8,34,14,24,23,6,23,22,23,14,14,19,15,25,16,11,16,18,23,16,11,11,25,16,10,9,28,14,24,21,20,17,12,12,12,19,12,19,11,26,12,13,11,21,19,10,26,12,26,26,23,25,17,17,15,17,19,24,13,20,18,10,19,10,248,20,20,17,15,19,16,24,22,19,23,15,12,9,30,21,21,15,13,10,24,14,15,21,12,16,15,16,19,16,25,24,16,10,16,17,12,20,18,20,10,8,15,13,13,23,30,12,13,10,17,16,11,15,0,17,24,13,13,20,21,13,11,20,18,20,21,16,21,11,11,9,18,18,9,21,12,17,6,12,8,11,12,9,10,13,10,5,6,10,10,10,13,12,16,20,25,22,26,20,20,20,12,21,20,16,19,17,20,7,11,13,11,8,10,5,12,5,66,7,11,11,11,45,8,15,14,7,19,7,8
EPI_ISL_812833,135,133,133,130,129,75,126,82,73,81,78,90,118,102,102,92,102,106,96,94,94,69,74,59,60,77,77,56,56,57,77,57,55,55,57,44,32,48,50,60,60,50,61,61,34,53,56,51,66,66,66,41,59,56,62,71,68,63,63,54,56,56,54,56,55,58,59,57,55,59,55,60,52,57,54,57,60,58,51,56,57,56,58,50,59,62,58,55,60,61,50,56,55,54,52,58,52,54,56,50,60,38,62,52,61,48,63,63,59,50,58,57,56,56,62,53,70,63,56,54,54,62,51,57,53,53,60,58,54,52,59,63,57,69,62,60,65,65,63,58,61,63,63,59,61,59,62,59,54,114,43,48,47,50,70,9,43,42,43,52,44,48,45,48,46,54,49,43,66,51,46,76,44,51,51,64,41,49,51,44,41,48,45,42,34,36,33,34,39,28,45,36,39,41,38,35,8,25,45,44,41,46,73,39,32,41,36,31,31,60,33,42,36,40,38,43,40,54,45,65,41,69,41,45,46,48,42,44,45,70,44,68,44,35,41,45,49,49,42,32,34,30,32,24,28,23,31,40,37,29,33,26,51,26,30,26,28,30,37,26,31,35,36,35,32,33,30,31,32,33,29,40,33,28,24,29,31,29,36,32,41,37,38,30,29,35,25,91,30,15,95,30,56,35,24,38,21,23,22,29,27,31,30,19,29,19,18,19,15,39,19,29,30,13,28,29,28,13,19,24,20,30,21,12,17,21,24,21,12,10,30,19,9,12,27,13,29,28,25,20,13,11,11,26,11,18,18,31,11,12,20,24,24,9,29,11,31,29,28,30,18,22,20,18,24,23,16,25,23,9,24,9,255,25,25,18,14,24,19,29,27,20,22,14,11,10,35,26,26,22,18,19,29,21,20,26,19,21,20,21,24,21,30,29,21,17,21,22,15,23,23,25,17,15,18,20,20,28,35,21,20,17,24,21,18,20,17,0,29,16,12,25,26,18,14,25,23,25,26,21,26,18,18,16,23,23,16,20,17,23,15,19,15,18,17,16,16,20,15,14,15,16,17,15,19,19,23,25,30,27,31,25,25,25,15,26,21,21,24,22,25,14,18,16,16,15,11,14,15,14,73,12,18,17,18,54,13,14,13,14,24,14,15
EPI_ISL_812817,136,134,134,131,130,76,127,85,76,84,81,91,119,101,101,89,103,105,93,91,89,75,80,65,66,83,83,62,62,63,83,63,61,61,63,33,25,35,37,66,66,37,67,67,27,40,43,38,72,72,72,28,60,62,68,77,74,69,69,60,62,62,60,62,61,64,65,63,61,65,61,66,58,63,60,63,66,64,57,62,63,60,64,56,65,68,64,61,66,67,56,62,59,60,58,64,58,60,62,56,66,49,68,58,67,57,69,69,65,56,64,63,62,62,68,59,76,69,62,60,60,68,57,63,59,59,66,64,60,58,65,69,63,56,68,66,71,71,69,64,67,69,69,65,67,65,68,65,60,115,32,49,36,37,61,22,32,31,32,39,33,35,34,35,33,41,36,32,55,52,33,63,31,52,52,53,34,36,40,39,30,37,38,29,25,27,46,25,28,35,34,37,32,30,25,28,21,32,32,33,28,33,74,30,45,32,37,26,44,61,24,29,25,41,51,30,27,55,34,54,30,58,30,46,33,37,31,32,36,61,31,69,33,26,30,34,38,36,43,19,41,21,41,31,35,30,37,45,40,35,40,31,38,33,37,30,35,37,43,33,38,42,35,22,19,20,17,18,19,20,30,27,20,15,31,16,22,36,37,43,28,24,29,21,16,22,32,98,17,24,82,17,43,42,31,25,28,30,29,36,14,18,17,26,16,26,25,26,22,26,26,16,37,20,15,16,15,26,26,11,27,17,30,23,22,14,23,22,21,23,17,14,22,25,40,22,16,35,12,15,24,24,24,33,24,31,25,18,24,25,27,11,17,22,20,24,18,22,19,17,19,11,29,21,11,26,25,12,12,22,11,22,262,12,12,19,19,13,22,22,22,33,35,25,22,23,22,13,15,29,29,26,2,28,29,35,26,30,29,22,11,30,17,16,30,24,28,29,18,26,32,12,24,24,21,27,27,15,22,28,27,24,31,28,25,27,24,29,0,25,21,14,13,27,25,12,24,12,13,22,13,25,25,23,24,10,23,33,24,31,22,26,20,25,26,23,23,27,22,21,22,25,24,24,26,26,30,12,31,14,18,12,12,12,24,13,26,14,11,13,12,21,25,25,23,24,22,21,18,21,80,19,26,24,25,61,20,25,20,21,13,21,22
EPI_ISL_812853,131,129,129,126,125,71,122,80,71,79,76,86,114,98,98,88,98,102,92,90,90,65,70,55,56,73,73,52,52,53,73,53,51,51,53,40,28,44,46,56,56,46,57,57,30,49,52,47,62,62,62,37,55,52,58,67,64,59,59,50,52,52,50,52,51,54,55,53,51,53,51,56,48,53,50,53,54,52,47,50,51,50,54,44,53,56,52,51,56,55,46,52,51,50,48,54,48,48,50,46,56,36,58,48,57,44,59,59,53,46,54,53,52,52,58,49,64,59,52,50,50,56,45,51,49,49,56,54,50,48,55,59,53,65,58,56,61,61,59,54,57,59,59,55,57,55,58,55,50,110,39,44,43,46,66,9,39,38,39,48,40,44,41,44,42,50,45,39,62,47,42,70,40,47,47,60,41,45,49,42,37,44,41,38,30,32,33,30,35,20,41,32,35,37,34,31,8,19,41,40,37,42,67,35,32,37,34,27,31,56,31,38,32,36,38,39,36,50,43,61,37,65,37,41,42,46,38,41,43,68,40,64,40,31,37,41,45,45,38,28,30,26,26,20,20,19,23,35,32,24,29,20,47,18,22,21,22,23,33,20,23,31,32,31,28,29,26,27,28,29,25,36,29,24,18,25,27,23,32,30,37,33,34,26,25,31,19,87,26,13,91,26,52,31,20,34,17,19,18,25,23,27,26,15,25,15,14,15,5,35,15,25,26,7,24,25,24,15,13,20,12,26,15,8,15,19,22,17,10,10,26,17,9,12,27,13,25,20,21,18,11,11,11,18,11,18,12,27,11,12,16,18,20,9,27,11,27,25,24,26,18,18,12,16,20,23,14,21,19,9,20,9,251,21,21,16,14,20,17,25,23,20,22,14,11,10,31,22,22,16,18,15,25,17,14,20,13,15,14,17,20,15,26,25,15,13,17,16,13,21,17,21,7,11,16,14,14,24,31,17,14,11,18,17,12,16,13,16,25,0,12,21,22,12,12,21,19,21,22,17,22,10,12,10,19,19,10,20,13,19,10,15,9,12,14,10,11,14,11,10,11,14,11,11,15,13,17,21,26,23,27,21,21,21,13,22,19,17,20,18,21,8,12,12,12,11,9,10,13,10,67,8,15,12,12,50,9,14,13,8,20,8,9
EPI_ISL_812836,131,129,129,126,125,71,122,78,69,77,74,86,114,98,98,88,98,102,92,90,90,65,70,55,56,73,73,52,52,53,73,53,51,51,53,36,26,40,42,56,56,42,57,57,28,45,48,43,62,62,62,33,55,52,58,67,64,59,59,50,52,52,50,52,51,54,55,53,51,55,51,56,48,53,50,53,56,54,47,52,53,52,54,46,55,58,54,51,56,57,46,52,51,50,48,54,48,50,52,46,56,34,58,48,57,44,59,59,55,46,54,53,50,52,58,49,66,59,52,50,50,58,47,53,49,49,56,54,50,48,55,59,53,61,58,56,61,61,59,54,57,59,59,55,57,55,58,55,50,110,35,44,39,42,62,5,35,34,35,44,36,40,37,40,38,46,41,35,58,47,38,68,36,47,47,56,35,41,43,36,33,40,37,34,28,30,29,26,31,24,37,32,31,33,30,29,4,21,37,36,33,38,69,33,28,35,30,25,27,56,27,34,28,36,34,35,32,50,37,57,33,61,33,41,38,40,34,37,37,62,36,64,36,27,33,37,41,41,38,24,30,22,28,20,24,19,26,35,31,25,29,21,43,22,26,21,24,26,33,22,27,31,32,27,24,25,22,23,24,25,25,32,25,20,20,21,23,25,32,28,33,29,30,22,21,27,21,87,22,11,87,22,48,31,20,30,17,19,18,25,19,23,22,15,21,15,14,15,11,31,15,21,26,9,20,21,20,11,17,16,16,22,17,8,11,15,18,17,6,6,22,11,5,8,23,7,21,24,17,16,9,7,7,22,7,14,14,23,7,8,16,20,16,5,21,7,23,23,16,22,12,14,16,14,16,19,12,17,15,5,16,5,251,17,17,12,8,16,17,21,19,16,18,10,7,6,27,18,18,18,14,15,21,17,18,24,15,19,18,17,16,19,22,21,19,13,17,20,13,21,21,17,13,11,16,16,16,20,27,17,16,13,20,17,14,16,13,12,21,12,0,17,18,16,10,17,19,17,18,17,18,14,14,12,19,15,12,16,13,19,11,15,11,14,13,12,12,16,11,10,11,12,13,11,15,15,19,17,26,19,23,17,17,17,13,18,17,13,16,14,17,10,14,12,12,11,7,10,13,10,69,8,14,13,14,50,9,8,9,10,16,10,11
EPI_ISL_812795,132,130,130,127,126,72,123,81,72,80,77,87,115,97,97,87,99,101,91,89,87,71,76,61,62,79,79,58,58,59,79,59,57,57,59,31,23,33,35,62,62,35,63,63,25,38,41,36,68,68,68,26,56,58,64,73,70,65,65,56,58,58,56,58,57,60,61,59,57,61,57,62,54,59,56,59,62,60,53,56,59,56,60,52,61,64,60,57,62,63,52,58,55,56,54,60,54,56,58,52,62,45,64,54,63,53,65,65,61,52,60,59,58,58,64,55,72,65,58,56,56,64,53,59,55,55,62,60,56,54,61,65,59,54,64,62,67,67,65,60,63,65,65,61,63,61,64,61,56,109,30,45,34,35,59,18,30,29,30,37,31,33,32,33,31,39,34,30,53,48,31,61,29,48,48,51,32,34,38,37,28,35,36,27,23,25,42,23,26,31,32,33,30,28,23,26,17,28,30,31,26,31,70,28,41,30,35,22,40,57,22,27,23,37,47,28,25,51,32,52,28,56,28,42,31,35,29,30,34,59,29,65,31,24,28,32,36,34,39,17,37,19,37,27,31,26,33,42,37,31,36,27,36,29,33,26,31,33,39,29,34,38,31,20,17,18,15,16,17,18,26,25,18,13,27,14,20,32,33,39,26,22,27,19,14,20,28,92,15,20,80,15,41,38,27,23,24,26,25,32,12,16,15,22,14,22,21,22,18,24,22,14,33,16,13,14,13,22,22,9,23,15,26,19,18,20,21,18,17,19,15,10,18,21,36,18,14,31,10,21,20,20,20,29,20,27,21,16,20,21,23,19,15,18,18,20,16,20,17,15,17,9,25,19,9,22,21,10,10,18,9,18,258,10,10,15,15,11,18,20,20,29,31,21,18,19,20,11,13,25,25,22,14,24,25,31,22,26,25,18,9,26,15,14,26,20,24,25,14,22,28,10,20,20,17,23,23,13,20,24,23,20,27,24,21,23,20,25,14,21,17,0,11,23,21,10,20,10,11,18,11,21,21,19,20,8,19,29,20,27,18,22,18,21,22,19,19,23,18,17,18,21,20,20,22,22,26,10,27,12,16,10,10,10,20,11,22,12,9,11,10,17,21,21,19,20,18,17,14,17,76,15,22,20,21,57,16,21,16,17,11,17,18
EPI_ISL_1141525,133,131,131,128,127,73,124,82,73,81,78,88,116,98,98,84,100,102,88,88,84,72,77,62,63,80,80,59,59,60,80,60,58,58,60,26,18,28,30,63,63,30,64,64,20,33,36,31,69,69,69,19,57,59,65,74,71,66,66,57,59,59,57,59,58,61,62,60,58,62,58,63,55,60,57,60,63,61,54,59,60,57,61,53,62,65,61,58,63,64,53,59,56,57,55,61,55,57,59,53,63,46,65,55,64,54,66,66,62,53,61,60,59,59,65,56,73,66,59,57,57,65,54,60,56,56,63,61,57,55,62,66,60,47,65,63,68,68,66,61,64,66,66,62,64,62,65,62,57,112,23,46,27,28,52,19,23,22,23,30,24,26,25,26,24,32,27,23,46,49,24,54,22,47,49,44,25,27,31,36,21,28,35,20,16,20,43,18,21,32,27,34,29,23,18,21,18,29,23,24,19,24,71,21,42,25,30,23,41,58,21,22,20,38,48,21,18,52,25,45,21,49,21,43,24,28,22,23,27,52,22,66,24,23,21,25,29,27,40,16,38,18,38,28,32,27,34,42,37,32,37,28,29,30,34,27,32,34,40,30,35,39,32,19,16,17,14,15,12,17,27,18,11,12,28,13,19,33,34,40,19,17,26,18,13,13,29,95,8,21,79,14,40,39,28,22,25,27,26,33,11,15,14,23,13,23,22,23,19,23,23,9,34,17,12,13,10,23,23,8,24,8,27,20,19,21,18,19,18,20,8,11,19,22,37,15,13,32,5,20,21,21,21,30,21,28,22,15,21,22,24,18,14,19,11,21,15,19,16,8,16,8,26,18,8,23,22,3,9,19,8,19,259,9,9,16,16,10,19,19,19,30,32,20,19,20,19,4,12,26,26,23,13,25,26,32,23,27,26,19,4,27,10,9,27,21,25,26,15,23,29,3,21,21,18,24,24,12,19,25,24,21,28,25,22,24,21,26,13,22,18,11,0,24,22,9,21,9,10,19,10,22,22,20,21,7,20,30,21,28,19,23,19,22,23,20,20,24,19,18,19,22,21,21,23,23,27,3,28,11,15,9,9,9,21,10,23,11,2,10,5,18,22,22,20,21,19,18,15,18,77,16,23,21,22,58,15,22,17,18,10,18,19
EPI_ISL_1109628,133,131,131,128,127,73,124,82,73,81,78,88,116,100,100,90,102,104,94,92,92,67,72,57,58,75,75,54,54,55,75,55,53,53,55,42,30,46,48,58,58,48,59,59,32,51,54,49,64,64,64,39,57,54,60,69,66,61,61,52,54,54,52,54,53,56,57,55,53,55,53,58,50,55,52,55,56,54,49,52,53,52,56,46,55,58,54,53,58,57,48,54,53,52,50,56,50,50,52,48,58,40,60,50,59,48,61,61,55,48,56,55,54,54,60,51,66,61,54,52,52,58,47,53,51,51,58,56,52,50,57,61,55,67,60,58,63,63,61,56,59,61,61,57,59,57,60,57,52,112,41,46,45,48,68,13,41,40,41,50,42,46,43,46,44,52,47,41,64,49,44,72,42,49,49,60,43,47,51,44,39,46,43,40,32,34,37,32,37,20,43,34,37,39,36,33,12,19,43,42,39,44,67,37,36,39,38,29,35,58,33,40,34,38,42,41,38,52,45,61,39,67,39,43,44,48,40,43,45,70,42,64,42,33,39,43,47,47,40,30,30,28,22,20,20,19,23,36,33,25,29,20,49,18,22,22,21,23,34,20,23,31,34,33,30,31,28,29,30,31,27,38,31,26,18,27,29,23,34,32,39,35,36,28,27,33,19,87,28,13,93,28,54,31,20,36,17,19,18,25,25,29,28,15,27,15,14,15,7,37,17,27,26,7,26,25,26,17,5,22,14,28,9,12,19,21,26,19,14,14,28,19,13,14,31,17,27,20,23,20,15,15,15,18,15,22,12,29,15,16,16,22,22,13,29,15,29,29,26,28,20,20,10,20,22,27,16,23,21,13,22,13,251,23,23,20,18,22,19,27,25,22,26,18,15,12,33,24,24,16,18,15,27,17,14,20,13,15,14,19,22,15,28,27,15,15,19,8,15,23,17,23,9,13,18,14,14,26,33,17,14,11,18,19,12,16,13,18,27,12,16,23,24,0,14,23,21,23,24,19,24,10,12,10,21,21,10,24,15,19,10,16,9,12,14,10,12,14,13,10,11,14,11,11,16,13,17,23,28,25,29,23,23,23,15,24,23,19,22,20,23,8,12,8,14,13,13,10,15,10,67,10,15,13,12,50,11,18,17,8,22,8,9
EPI_ISL_812788,131,129,129,126,125,71,122,80,71,79,76,86,114,98,98,88,98,102,92,90,90,65,70,55,56,73,73,52,52,53,73,53,51,51,53,40,28,44,46,56,56,46,57,57,30,49,52,47,62,62,62,37,55,52,58,67,64,59,59,50,52,52,50,52,51,54,55,53,51,55,51,56,48,53,50,53,56,54,47,52,53,52,54,46,55,58,54,51,56,57,46,52,51,50,48,54,48,50,52,46,56,36,58,48,57,44,59,59,55,46,54,53,52,52,58,49,66,59,52,50,50,58,47,53,49,49,56,54,50,48,55,59,53,65,58,56,61,61,59,54,57,59,59,55,57,55,58,55,50,110,39,44,43,46,68,7,39,38,39,48,40,44,41,44,42,50,45,39,62,47,42,72,40,47,47,60,41,45,49,42,37,44,41,38,30,32,31,30,35,22,41,32,35,37,34,31,6,19,41,40,37,42,67,35,30,37,32,27,29,56,31,38,32,36,36,39,36,50,43,61,37,65,37,41,42,46,38,41,43,68,40,64,40,31,37,41,45,45,38,28,28,26,28,18,22,17,25,35,32,24,29,20,47,20,24,21,23,24,33,20,25,31,32,31,28,29,26,27,28,29,25,36,29,24,18,25,27,23,32,26,37,33,34,26,25,31,19,85,26,9,91,26,52,29,18,34,15,17,16,23,23,27,26,13,25,13,12,13,9,35,15,25,24,7,24,23,24,13,15,20,16,26,15,8,13,17,20,17,8,8,26,15,7,8,25,11,25,22,21,16,11,9,9,20,9,16,12,27,9,10,14,20,20,7,25,9,27,25,24,26,16,18,14,14,20,21,12,21,19,7,20,7,249,21,21,14,12,20,17,25,23,16,20,12,9,6,31,22,22,16,14,13,25,15,16,22,13,17,16,17,20,17,26,25,17,13,17,18,13,21,19,21,11,9,16,14,14,24,31,15,14,11,18,17,12,16,11,14,25,12,10,21,22,14,0,21,19,21,22,17,22,12,12,10,19,19,10,18,13,17,9,14,9,12,11,10,11,14,11,8,9,10,11,9,14,13,17,21,26,23,27,21,21,21,13,22,17,17,20,18,21,8,12,12,12,9,7,8,13,8,67,8,12,12,12,48,9,12,11,8,20,8,9
EPI_ISL_2232313,132,130,130,127,126,72,123,81,72,80,77,87,115,97,97,85,99,101,89,87,85,71,76,61,62,79,79,58,58,59,79,59,57,57,59,29,21,31,33,62,62,33,63,63,23,36,39,34,68,68,68,24,56,58,64,73,70,65,65,56,58,58,56,58,57,60,61,59,57,61,57,62,54,59,56,59,62,60,53,58,59,56,60,52,61,64,60,57,62,63,52,58,55,56,54,60,54,56,58,52,62,45,64,54,63,53,65,65,61,52,60,59,58,58,64,55,72,65,58,56,56,64,53,59,55,55,62,60,56,54,61,65,59,52,64,62,67,67,65,60,63,65,65,61,63,61,64,61,56,111,28,45,32,33,57,18,28,27,28,35,29,31,30,31,29,37,32,28,51,48,29,59,27,48,48,49,30,32,36,35,26,33,34,25,21,23,42,21,24,31,30,33,28,26,21,24,17,28,28,29,24,29,70,26,41,28,33,20,40,57,18,25,21,37,47,26,23,51,30,50,26,54,26,42,29,33,27,28,32,57,27,65,29,22,26,30,34,32,39,13,37,17,37,27,31,26,33,41,36,31,36,27,34,29,33,26,31,33,39,29,34,38,31,16,13,14,11,12,15,14,26,23,16,9,27,10,18,32,33,39,24,20,25,17,10,18,28,94,13,20,76,13,39,38,27,19,24,26,25,32,8,12,11,22,10,22,21,22,18,20,22,12,33,16,9,12,11,22,22,5,23,13,26,19,18,20,17,18,17,19,13,10,18,21,36,18,10,31,8,19,20,20,20,29,20,27,21,12,20,21,23,17,13,18,16,20,12,16,15,13,15,7,25,17,1,20,21,8,8,18,5,18,258,6,6,15,15,9,18,18,16,29,31,21,18,19,16,9,11,25,25,22,12,24,25,31,22,26,25,18,7,26,13,12,26,20,24,25,14,22,28,8,20,20,17,23,23,3,16,24,23,20,27,24,21,23,20,25,12,21,17,10,9,23,21,0,20,2,3,18,7,21,21,19,20,2,19,29,20,27,18,22,18,21,22,19,19,23,18,17,18,21,20,20,22,22,26,8,27,10,8,2,2,2,20,3,22,10,7,9,8,17,21,21,19,20,18,17,14,17,76,15,22,20,21,57,16,21,16,17,9,17,18
EPI_ISL_2232315,130,128,128,125,124,70,121,79,70,78,75,85,113,97,97,87,99,101,91,89,89,69,74,59,60,77,77,56,56,57,77,57,55,55,57,39,27,43,45,60,60,45,61,61,29,48,51,46,66,66,66,36,54,56,62,71,68,63,63,54,56,56,54,56,55,58,59,57,55,59,55,60,52,57,54,57,60,58,51,56,57,56,58,50,59,62,58,55,60,61,50,56,55,54,52,58,52,54,56,50,60,43,62,52,61,51,63,63,59,50,58,57,56,56,62,53,70,63,56,54,54,62,51,57,53,53,60,58,54,52,59,63,57,64,62,60,65,65,63,58,61,63,63,57,61,59,62,59,54,109,38,43,42,45,67,16,38,37,38,47,39,43,40,43,41,49,44,38,61,46,41,71,39,46,46,59,40,44,48,41,36,43,40,37,29,31,40,29,34,29,40,31,34,36,33,30,15,26,40,39,36,41,68,34,39,36,41,26,38,55,30,37,31,35,45,38,35,49,42,60,36,64,36,40,41,45,37,40,42,67,39,63,39,30,36,40,44,44,37,27,35,25,35,25,29,24,32,41,38,30,34,27,46,27,31,27,29,31,38,27,32,36,31,30,27,28,25,26,27,28,24,35,28,23,25,24,26,30,31,37,36,32,33,25,24,30,26,92,25,18,90,25,51,36,25,33,22,24,23,30,22,26,25,20,24,20,19,20,16,34,20,24,31,14,23,24,23,20,22,19,21,25,24,17,22,24,23,16,17,17,25,16,16,19,34,20,24,29,20,23,18,18,18,27,18,25,19,26,18,19,21,21,19,16,26,18,26,26,23,25,17,17,23,23,19,24,19,20,18,16,19,16,256,20,20,17,21,19,16,24,28,27,29,21,18,17,30,21,21,23,23,20,24,22,23,29,20,24,23,16,19,24,25,24,24,18,22,25,12,20,26,20,18,18,15,21,21,23,30,22,21,18,25,22,19,19,18,23,24,19,19,20,21,21,19,20,0,20,21,16,21,19,19,17,6,18,17,27,18,25,16,20,16,19,20,17,17,21,16,15,16,19,18,18,20,20,24,20,25,22,26,20,20,20,18,21,20,16,19,17,20,15,19,19,17,18,16,15,12,15,74,13,20,18,19,55,14,21,14,15,19,15,16
EPI_ISL_2232314,132,130,130,127,126,72,123,81,72,80,77,87,115,97,97,85,99,101,89,87,85,71,76,61,62,79,79,58,58,59,79,59,57,57,59,29,21,31,33,62,62,33,63,63,23,36,39,34,68,68,68,24,56,58,64,73,70,65,65,56,58,58,56,58,57,60,61,59,57,61,57,62,54,59,56,59,62,60,53,58,59,56,60,52,61,64,60,57,62,63,52,58,55,56,54,60,54,56,58,52,62,45,64,54,63,53,65,65,61,52,60,59,58,58,64,55,72,65,58,56,56,64,53,59,55,55,62,60,56,54,61,65,59,52,64,62,67,67,65,60,63,65,65,61,63,61,64,61,56,111,28,45,32,33,57,18,28,27,28,35,29,31,30,31,29,37,32,28,51,48,29,59,27,48,48,49,30,32,36,35,26,33,34,25,21,23,42,21,24,31,30,33,28,26,21,24,17,28,28,29,24,29,70,26,41,28,33,20,40,57,18,25,21,37,47,26,23,51,30,50,26,54,26,42,29,33,27,28,32,57,27,65,29,22,26,30,34,32,39,13,37,17,37,27,31,26,33,41,36,31,36,27,34,29,33,26,31,33,39,29,34,38,31,16,13,14,11,12,15,14,26,23,16,9,27,10,18,32,33,39,24,20,25,17,10,18,28,94,13,20,76,13,39,38,25,19,24,24,25,30,8,10,9,22,10,20,21,22,18,20,22,12,33,16,9,10,11,22,22,5,23,13,26,19,18,20,17,18,17,19,13,10,18,21,36,18,10,31,8,19,20,20,20,29,20,27,21,12,20,21,23,17,13,18,16,20,12,16,15,13,15,7,25,17,1,20,21,8,8,18,5,18,258,6,6,15,15,9,18,18,16,29,31,21,18,19,16,9,9,25,25,22,12,24,25,31,22,26,25,18,7,26,13,12,26,20,24,25,14,22,26,8,20,20,17,23,23,5,16,24,23,20,25,22,21,23,20,25,12,21,17,10,9,23,21,2,20,0,3,18,7,21,21,19,20,2,19,29,20,27,18,22,18,21,22,19,19,23,18,17,18,21,20,20,22,22,24,8,27,10,8,2,2,2,20,3,22,10,7,9,8,17,21,21,19,20,18,17,14,17,76,15,22,20,21,57,16,21,16,17,9,17,18
EPI_ISL_2232292,133,131,131,128,127,73,124,82,73,81,78,88,116,98,98,86,100,102,90,88,86,72,77,62,63,80,80,59,59,60,80,60,58,58,60,30,22,32,34,63,63,34,64,64,24,37,40,35,69,69,69,25,57,59,65,74,71,66,66,57,59,59,57,59,58,61,62,60,58,62,58,63,55,60,57,60,63,61,54,59,60,57,61,53,62,65,61,58,63,64,53,59,56,57,55,61,55,57,59,53,63,46,65,55,64,54,66,66,62,53,61,60,59,59,65,56,73,66,59,57,57,65,54,60,56,56,63,61,57,55,62,66,60,53,65,63,68,68,66,61,64,66,66,62,64,62,65,62,57,112,29,46,33,34,58,19,29,28,29,36,30,32,31,32,30,38,33,29,52,49,30,60,28,49,49,50,31,33,37,36,27,34,35,26,22,24,43,22,25,32,31,34,29,27,22,25,18,29,29,30,25,30,71,27,42,29,34,21,41,58,19,26,22,38,48,27,24,52,31,51,27,55,27,43,30,34,28,29,33,58,28,66,30,23,27,31,35,33,40,14,38,18,38,28,32,27,34,42,37,32,37,28,35,30,34,27,32,34,40,30,35,39,32,17,14,15,12,13,16,15,27,24,17,10,28,11,19,33,34,40,25,21,26,18,11,19,29,95,14,21,77,14,40,39,28,20,25,27,26,33,9,13,12,23,11,23,22,23,19,21,23,13,34,17,10,13,12,23,23,6,24,14,27,20,19,21,18,19,18,20,14,11,19,22,37,19,11,32,9,20,21,21,21,30,21,28,22,13,21,22,24,18,14,19,17,21,13,17,16,14,16,8,26,18,2,21,22,9,9,19,6,19,259,7,7,16,16,10,19,19,17,30,32,22,19,20,17,10,12,26,26,23,13,25,26,32,23,27,26,19,8,27,14,13,27,21,25,26,15,23,29,9,21,21,18,24,24,6,17,25,24,21,28,25,22,24,21,26,13,22,18,11,10,24,22,3,21,3,0,19,8,22,22,20,21,3,20,30,21,28,19,23,19,22,23,20,20,24,19,18,19,22,21,21,23,23,27,9,28,11,9,3,3,3,21,4,23,11,8,10,9,18,22,22,20,21,19,18,15,18,77,16,23,21,22,58,17,22,17,18,10,18,19
EPI_ISL_2232376,128,126,126,123,122,68,119,77,68,76,73,83,111,95,95,85,97,99,89,87,87,67,72,57,58,75,75,54,54,55,75,55,53,53,55,37,25,41,43,58,58,43,59,59,27,46,49,44,64,64,62,34,52,54,60,69,66,61,61,52,54,54,52,54,53,56,57,55,53,57,53,58,50,55,52,55,56,56,49,54,55,54,56,48,57,60,56,53,58,59,48,54,53,52,50,56,50,52,54,48,58,41,60,50,59,49,61,61,57,48,56,55,54,54,60,51,68,61,54,52,52,60,49,55,51,51,58,56,52,50,57,61,55,62,60,58,63,63,61,56,59,61,61,57,59,57,60,57,52,107,36,41,40,43,65,14,36,35,36,45,37,41,38,41,39,47,42,36,59,44,39,69,37,44,44,57,38,42,46,39,34,41,38,35,27,29,38,27,32,27,38,29,32,34,31,28,13,24,38,37,34,39,66,32,37,34,39,24,36,53,28,35,29,33,43,36,33,47,40,58,34,62,34,38,39,43,35,38,40,65,37,61,37,28,34,38,42,42,35,25,31,23,33,23,27,22,30,39,36,28,32,25,44,25,29,25,27,29,36,25,30,34,29,28,25,26,23,24,25,26,22,33,26,21,23,22,24,28,27,35,34,30,31,23,22,26,24,88,23,16,88,23,49,34,23,31,20,22,21,28,20,24,23,18,22,18,17,18,14,32,18,22,29,12,21,22,21,18,20,17,19,23,22,15,20,22,21,14,15,15,23,14,14,17,32,18,22,27,18,21,16,16,16,25,16,23,17,24,16,17,19,19,17,14,24,16,24,24,21,23,15,15,21,21,17,22,17,18,16,14,17,14,254,18,18,15,19,17,14,22,26,25,27,19,16,15,28,19,19,21,21,18,22,20,21,27,18,22,21,4,17,22,23,22,22,16,20,23,10,18,24,18,16,16,13,19,17,21,28,20,19,16,23,20,17,19,16,21,22,17,17,18,19,19,17,18,16,18,19,0,19,17,17,15,16,16,15,25,16,23,14,18,14,17,18,15,15,19,14,13,14,17,16,16,18,18,22,18,23,20,24,18,18,18,16,19,18,14,17,15,18,13,17,17,15,16,14,13,10,13,72,11,18,16,17,53,12,19,12,13,17,13,14
EPI_ISL_1109630,133,131,131,128,127,73,124,82,73,81,78,88,116,98,98,86,100,102,90,88,86,72,77,62,63,80,80,59,59,60,80,60,58,58,60,30,22,32,34,63,63,34,64,64,24,37,40,35,69,69,69,25,57,59,65,74,71,66,66,57,59,59,57,59,58,61,62,60,58,62,58,63,55,60,57,60,63,61,54,59,60,57,61,53,62,65,61,58,63,64,53,59,56,57,55,61,55,57,59,53,63,46,65,55,64,54,66,66,62,53,61,60,59,59,65,56,73,66,59,57,57,65,54,60,56,56,63,61,57,55,62,66,60,53,65,63,68,68,66,61,64,66,66,62,64,62,65,62,57,112,29,46,33,34,58,19,29,28,29,36,30,32,31,32,30,38,33,29,52,49,30,60,28,49,49,50,31,33,37,36,27,34,35,26,22,24,43,22,25,32,31,34,29,27,22,25,18,29,29,30,25,30,71,27,42,29,34,21,41,58,19,26,22,38,48,27,24,52,31,51,27,55,27,43,30,34,28,29,33,58,28,66,30,23,27,31,35,33,40,14,38,18,38,28,32,27,34,42,37,32,37,28,35,30,34,27,32,34,40,30,35,39,32,17,14,15,12,13,16,15,27,24,17,10,28,11,19,33,34,40,25,21,26,18,11,19,29,95,14,21,77,14,40,39,28,20,25,27,26,33,9,13,12,23,11,23,22,23,19,21,23,13,34,17,10,13,12,23,23,6,24,14,27,20,19,21,18,19,18,20,14,11,19,22,37,19,11,32,9,20,21,21,21,30,21,28,22,13,21,22,24,18,14,19,17,21,13,17,16,14,16,8,26,18,6,21,22,9,9,19,6,19,259,7,5,16,16,10,19,19,17,30,32,22,19,20,17,10,12,26,26,23,13,25,26,32,23,27,26,19,8,27,14,13,27,21,25,26,15,23,29,9,21,21,18,24,24,10,17,25,24,21,28,25,22,24,21,26,13,22,18,11,10,24,22,7,21,7,8,19,0,22,22,20,21,5,20,30,21,28,19,23,19,22,23,20,20,24,19,18,19,22,21,21,23,23,27,9,28,11,13,7,7,7,21,8,23,11,8,10,9,18,22,22,20,21,19,18,15,18,77,16,23,21,22,58,17,22,17,18,10,18,19
EPI_ISL_1109629,131,129,129,126,125,71,122,80,71,79,76,86,114,98,98,88,100,102,92,90,90,65,70,55,56,73,73,52,52,53,73,53,51,51,53,40,28,44,46,56,56,46,57,57,30,49,52,47,62,62,62,37,55,52,58,67,64,59,59,50,52,52,50,52,51,54,55,53,51,53,51,56,48,53,50,53,54,52,47,50,51,50,54,44,53,56,52,51,56,55,46,52,51,50,48,54,48,48,50,46,56,38,58,48,57,46,59,59,53,46,54,53,52,52,58,49,64,59,52,50,50,56,45,51,49,49,56,54,50,48,55,59,53,65,58,56,61,61,59,54,57,59,59,55,57,55,58,55,50,110,39,44,43,46,66,11,39,38,39,48,40,44,41,44,42,50,45,39,62,47,42,70,40,47,47,60,41,45,49,42,37,44,41,38,30,32,33,30,35,18,41,32,35,37,34,31,10,17,41,40,37,42,67,35,32,37,36,25,31,56,31,38,32,36,38,39,36,50,43,61,37,65,37,41,42,46,38,41,43,68,40,64,40,31,37,41,45,45,38,28,28,26,24,18,14,17,17,32,31,23,29,18,47,12,16,20,21,17,33,18,21,31,32,31,28,29,26,27,28,29,25,36,29,24,16,25,27,21,32,30,37,33,34,26,25,31,17,85,26,11,91,26,52,29,18,34,15,17,16,23,23,27,26,13,25,13,12,13,5,35,15,25,22,5,24,23,24,15,11,20,12,26,13,8,17,19,24,17,12,12,26,17,11,12,27,15,25,16,21,18,13,13,13,14,13,20,10,27,13,14,14,20,20,11,27,13,27,27,24,26,18,18,12,18,20,25,14,21,19,11,20,11,249,21,21,18,16,20,17,25,23,20,24,16,13,10,31,22,22,14,16,13,25,15,10,16,11,11,10,17,20,11,26,25,11,13,17,14,13,21,13,21,7,11,16,12,12,24,31,15,12,9,16,17,10,16,11,18,25,10,14,21,22,10,12,21,19,21,22,17,22,0,10,8,19,19,8,22,13,17,8,14,7,10,12,8,10,12,11,8,9,12,9,9,14,11,15,21,26,23,27,21,21,21,13,22,21,17,20,18,19,6,10,12,12,11,11,8,13,8,65,8,13,11,10,48,9,16,15,6,20,6,7
EPI_ISL_2232378,131,129,129,126,125,71,122,80,71,79,76,86,114,98,98,88,100,102,92,90,90,65,70,55,56,73,73,52,52,53,73,53,51,51,53,40,28,44,46,56,56,46,57,57,30,49,52,47,62,62,62,37,53,52,58,67,64,59,59,50,52,52,50,52,51,54,55,53,51,53,51,56,48,53,50,53,54,52,47,50,51,50,54,44,53,56,52,51,56,55,46,52,51,50,48,54,48,48,50,46,56,38,58,48,57,46,59,59,53,46,54,53,52,52,58,49,64,59,52,50,50,56,45,51,49,49,56,54,50,48,55,59,53,65,58,56,61,61,59,54,57,59,59,55,57,55,58,55,50,108,39,42,43,46,66,11,39,38,39,48,40,44,41,44,42,50,45,39,62,45,42,70,40,45,45,60,41,45,49,42,37,44,41,38,30,32,35,30,35,20,41,30,35,37,34,31,10,13,41,40,37,42,65,35,34,37,36,27,33,54,31,38,32,34,40,39,36,48,43,61,37,65,37,39,42,46,38,41,43,68,40,62,40,31,37,41,45,45,36,28,28,26,26,18,20,17,23,32,29,22,29,15,47,18,22,18,21,22,33,14,23,31,32,31,28,29,26,27,28,29,25,36,29,24,12,25,27,17,32,30,37,33,34,26,25,31,15,85,26,11,91,26,52,29,18,34,15,17,16,23,23,27,26,13,25,13,12,13,7,35,15,25,24,5,24,23,24,15,13,20,14,26,15,12,17,19,24,17,12,12,26,17,11,12,29,15,25,20,21,18,13,13,13,18,13,20,10,27,13,14,14,18,20,11,27,13,27,27,24,26,18,18,14,18,20,25,14,21,19,11,20,11,248,21,21,18,16,20,17,25,23,16,24,16,13,10,31,22,22,14,16,13,25,15,14,20,1,15,14,17,20,15,26,25,15,13,17,16,13,21,17,21,9,11,16,2,4,24,31,15,2,9,6,13,10,16,11,18,25,12,14,21,22,12,12,21,19,21,22,17,22,10,0,8,19,19,8,22,13,17,8,14,7,10,12,8,10,12,11,8,9,12,9,5,14,1,5,21,26,23,27,21,21,21,13,22,21,17,20,18,21,6,10,14,12,11,11,8,13,8,65,8,13,11,10,48,9,16,15,6,20,6,7
EPI_ISL_2232317,129,127,127,124,123,69,120,78,69,77,74,84,112,96,96,86,98,100,90,88,88,63,68,53,54,71,71,50,50,51,71,51,49,49,51,38,26,42,44,54,54,44,55,55,28,47,50,45,60,60,60,35,53,50,54,65,62,57,57,48,50,50,48,50,49,52,53,51,49,51,49,54,46,51,48,51,52,50,45,48,49,48,52,42,51,54,50,49,54,53,44,50,49,48,46,52,46,46,48,44,54,36,56,46,55,44,57,57,51,44,52,51,50,50,56,47,62,57,50,48,48,54,43,49,47,47,54,52,48,46,53,57,51,63,56,54,59,59,57,52,55,57,57,53,55,53,56,53,48,108,37,42,41,44,64,9,37,36,37,46,38,42,39,42,40,48,43,37,60,45,40,68,38,45,45,58,39,43,47,40,35,42,39,36,28,30,33,28,33,18,39,30,33,35,32,29,8,15,39,38,35,40,65,33,32,35,34,25,31,54,29,36,30,34,38,37,34,48,41,59,35,63,35,39,40,44,36,39,41,66,38,62,38,29,35,39,43,43,36,26,26,24,24,16,18,15,21,32,29,21,27,16,45,16,20,18,19,20,31,16,21,29,30,29,26,27,24,25,26,27,23,34,27,22,14,23,25,19,30,28,35,31,32,24,23,29,15,83,24,9,89,24,50,25,16,32,13,15,14,21,21,25,24,11,23,11,10,11,5,33,13,23,20,3,22,21,22,13,11,18,12,24,13,10,15,17,22,15,10,10,24,15,9,10,27,13,23,18,19,16,11,11,11,16,11,18,8,25,11,12,12,18,18,9,25,11,25,25,22,24,16,16,12,16,18,23,12,19,17,9,18,9,247,19,19,16,14,18,15,23,19,18,22,14,11,8,29,20,20,10,14,11,23,13,12,18,9,13,12,15,18,13,24,23,13,11,15,14,11,19,15,19,7,9,14,10,10,22,29,13,10,7,14,15,8,14,9,16,23,10,12,19,20,10,10,19,17,19,20,15,20,8,8,0,17,17,6,20,11,15,6,12,5,8,10,6,8,10,9,6,7,10,7,7,12,9,13,19,24,21,25,19,19,19,11,20,19,15,18,16,19,4,8,12,10,9,9,6,11,6,63,6,11,9,8,46,7,14,13,4,18,4,5
EPI_ISL_8189546,130,128,128,125,124,70,121,79,70,78,75,85,113,97,97,87,99,101,91,89,89,69,74,59,60,77,77,56,56,57,77,57,55,55,57,39,27,43,45,58,60,45,59,59,29,48,51,46,66,66,66,36,54,56,62,71,68,63,63,54,56,55,54,56,55,56,59,57,55,59,55,60,52,57,54,57,58,58,51,56,57,56,58,50,59,62,58,55,60,61,50,56,55,54,52,58,52,54,56,50,60,43,62,52,61,51,63,63,59,50,58,57,56,56,62,53,70,63,56,54,54,62,50,57,53,53,60,58,54,52,59,63,57,64,62,60,65,65,63,58,61,63,63,57,61,59,62,59,54,109,38,43,42,45,67,16,38,37,38,47,39,43,40,43,41,49,44,38,61,46,41,71,39,46,46,57,40,44,48,41,36,43,40,37,29,31,40,29,34,29,40,31,34,36,33,30,15,26,40,39,36,41,68,34,39,36,41,26,38,55,30,37,31,35,45,38,35,49,42,60,36,63,36,40,41,45,37,40,42,66,39,63,39,30,36,40,44,44,37,27,35,25,35,25,29,24,32,41,38,30,34,27,46,27,31,27,29,31,38,27,32,36,31,30,27,28,25,26,27,28,24,35,28,23,25,24,26,30,31,37,36,32,33,25,24,30,26,92,25,18,90,25,51,36,25,33,22,24,23,30,22,26,25,20,24,20,19,20,16,34,20,24,31,14,23,24,23,20,22,19,21,25,24,17,22,24,23,16,17,17,25,16,16,19,34,20,24,29,20,23,18,18,18,27,18,25,19,26,18,19,21,21,19,16,26,18,26,26,23,25,17,17,23,23,19,24,19,20,18,16,19,16,256,20,20,17,21,19,16,24,28,27,29,21,18,17,30,21,21,23,23,20,24,22,23,29,20,24,23,16,19,24,25,24,24,18,22,25,12,20,26,20,18,18,15,21,21,23,30,22,21,18,25,22,19,19,18,23,24,19,19,20,21,21,19,20,6,20,21,16,21,19,19,17,0,18,17,27,18,25,16,20,16,19,20,17,17,21,16,15,16,19,18,18,20,20,24,20,25,22,26,20,20,20,18,21,20,16,19,17,20,15,19,19,17,18,16,15,12,15,74,13,20,18,19,55,14,21,14,15,19,15,16
EPI_ISL_8189346,130,128,128,125,124,70,121,79,70,78,75,85,113,95,95,83,97,99,87,85,83,69,74,59,60,77,77,56,56,57,77,57,55,55,57,27,19,29,31,60,60,31,61,61,21,34,37,32,66,66,66,22,54,56,62,71,68,63,63,54,56,56,54,56,55,58,59,57,55,59,55,60,52,57,54,57,60,58,51,56,57,54,58,50,59,62,58,55,60,61,50,56,53,54,52,58,52,54,56,50,60,43,62,52,61,51,63,63,59,50,58,57,56,56,62,53,70,63,56,54,54,62,51,57,53,53,60,58,54,52,59,63,57,50,62,60,65,65,63,58,61,63,63,59,61,59,62,59,54,109,26,43,30,31,55,16,26,25,26,33,27,29,28,29,27,35,30,26,49,46,27,57,25,46,46,47,28,30,34,33,24,31,32,23,19,21,40,19,22,29,28,31,26,24,19,22,15,26,26,27,22,27,68,24,39,26,31,18,38,55,16,23,19,35,45,24,21,49,28,48,24,52,24,40,27,31,25,26,30,55,25,63,27,20,24,28,32,30,37,11,35,15,35,25,29,24,31,39,34,29,34,25,32,27,31,24,29,31,37,27,32,36,29,14,11,12,9,10,13,12,24,21,14,7,25,8,16,30,31,37,22,18,23,15,8,16,26,92,11,18,74,11,37,36,25,17,22,24,23,30,6,10,9,20,8,20,19,20,16,18,20,10,31,14,7,10,9,20,20,3,21,11,24,17,16,18,15,16,15,17,11,8,16,19,34,16,8,29,6,17,18,18,18,27,18,25,19,10,18,19,21,15,11,16,14,18,10,14,13,11,13,5,23,15,1,18,19,6,6,16,3,16,256,4,4,13,13,7,16,16,14,27,29,19,16,17,14,7,9,23,23,20,10,22,23,29,20,24,23,16,5,24,11,10,24,18,22,23,12,20,26,6,18,18,15,21,21,5,14,22,21,18,25,22,19,21,18,23,10,19,15,8,7,21,19,2,18,2,3,16,5,19,19,17,18,0,17,27,18,25,16,20,16,19,20,17,17,21,16,15,16,19,18,18,20,20,24,6,25,8,8,2,2,2,18,3,20,8,5,7,6,15,19,19,17,18,16,15,12,15,74,13,20,18,19,55,14,19,14,15,7,15,16
EPI_ISL_477161,129,127,127,124,123,69,120,78,69,77,74,84,112,96,96,86,98,100,90,88,88,63,68,53,54,71,71,50,50,51,71,51,49,49,51,38,26,42,44,54,54,44,55,55,28,47,50,45,60,60,60,35,53,48,56,65,60,57,57,48,50,50,48,50,49,52,53,51,49,51,49,54,46,51,48,51,52,50,45,48,49,48,52,42,51,54,50,49,54,53,44,50,49,48,46,52,46,46,48,44,54,36,56,46,55,44,57,57,51,44,52,51,50,50,56,47,62,57,50,48,48,54,43,49,47,47,54,52,48,46,53,57,51,63,56,54,59,59,57,52,55,57,57,53,55,53,56,53,48,108,37,42,41,44,64,9,37,36,37,46,38,42,39,42,40,48,43,37,60,45,40,68,38,45,45,58,39,43,47,40,35,42,39,36,28,30,33,28,33,18,39,30,33,35,32,29,8,15,39,38,35,40,65,33,32,35,34,25,31,54,29,36,30,34,38,37,34,48,41,59,35,63,35,39,40,44,36,39,41,66,38,62,38,29,35,39,43,43,36,26,26,24,24,16,18,15,21,32,29,21,27,16,45,16,20,18,19,20,30,16,21,27,30,29,26,27,24,25,26,27,23,34,27,22,14,23,25,19,30,28,35,31,32,24,23,29,15,83,24,9,89,24,50,27,16,32,13,15,14,21,21,25,24,11,23,11,10,11,5,33,13,23,22,3,22,21,22,13,11,18,12,24,13,10,15,17,22,15,10,10,24,15,9,10,27,13,23,18,19,16,11,11,11,16,11,18,8,25,11,12,12,18,18,9,25,11,25,25,22,24,16,16,12,16,18,23,12,19,17,9,18,9,247,19,19,16,14,18,15,23,21,18,22,14,11,8,29,20,20,12,14,11,23,13,12,18,9,13,12,15,18,13,24,23,13,11,15,14,11,19,15,19,7,9,14,10,10,22,29,13,10,7,14,15,8,14,9,16,23,10,12,19,20,10,10,19,17,19,20,15,20,8,8,6,17,17,0,20,11,15,6,12,5,6,9,6,8,10,9,6,7,10,7,7,12,9,13,19,24,21,25,19,19,19,11,20,19,15,18,14,19,4,8,12,10,9,9,6,11,6,63,6,11,9,8,46,7,14,13,4,18,4,5
EPI_ISL_479727,139,137,137,134,133,79,130,86,77,85,82,94,122,106,106,96,106,110,100,98,98,73,78,63,64,81,81,60,60,61,81,61,59,59,61,48,36,52,54,64,64,54,65,65,38,57,60,55,70,70,70,45,63,60,66,75,72,67,67,58,60,60,58,60,59,62,63,61,59,63,59,64,56,61,58,61,64,62,55,60,61,60,62,54,63,66,62,59,64,65,54,60,59,58,56,62,56,58,60,54,64,42,66,56,65,52,67,67,63,54,62,61,60,60,66,57,74,67,60,58,58,66,55,61,57,57,64,62,58,56,63,67,61,73,66,64,69,69,67,62,65,67,67,63,65,63,66,63,58,118,47,52,51,54,74,13,47,46,47,56,48,52,49,52,50,58,53,47,70,55,50,80,48,55,55,68,47,53,55,48,45,52,49,46,38,40,25,38,41,30,49,40,43,45,42,39,12,29,49,48,45,50,77,43,24,45,36,31,25,64,39,46,40,44,28,47,44,58,49,69,43,73,45,49,50,52,46,49,48,74,48,72,48,37,45,49,53,53,46,36,36,32,38,28,32,27,35,44,40,32,37,30,55,30,34,29,32,34,40,30,35,39,40,39,36,37,34,35,36,37,33,44,35,32,28,33,33,33,38,32,45,41,40,32,33,39,29,95,34,19,99,34,60,39,28,42,25,27,26,33,31,35,34,23,32,23,22,23,19,42,23,33,34,17,31,33,32,19,25,28,24,34,25,16,21,25,28,25,16,14,34,23,13,16,17,17,33,32,29,24,17,15,15,30,15,8,22,35,15,16,24,28,28,13,33,15,35,33,30,34,22,26,24,22,28,27,20,29,27,13,28,13,259,29,29,22,18,28,25,33,31,24,16,18,15,14,39,30,30,26,22,23,33,25,26,32,23,27,26,25,28,27,34,33,27,21,25,28,21,29,29,29,21,19,24,24,24,32,39,25,24,21,28,25,22,24,21,20,33,20,16,29,30,24,18,29,27,29,30,25,30,22,22,20,27,27,20,0,21,27,19,23,19,22,21,20,20,24,19,18,19,20,21,19,23,23,27,29,34,31,35,29,29,29,21,30,25,25,28,26,29,18,22,20,20,19,15,18,21,18,77,16,22,21,22,58,17,10,17,18,28,18,19
EPI_ISL_479694,130,128,128,125,124,70,121,79,70,78,75,85,113,97,97,87,99,101,91,89,89,64,69,54,55,72,72,51,51,52,72,52,50,50,52,39,27,43,45,55,55,45,56,56,29,48,51,46,61,61,61,36,54,51,57,66,63,58,58,49,51,51,49,51,50,53,54,52,50,54,50,55,47,52,49,52,55,53,46,51,52,51,53,45,54,57,53,50,55,56,45,51,50,49,47,53,47,49,51,45,55,37,57,47,56,45,58,58,54,45,53,52,51,51,57,48,65,58,51,49,49,57,46,52,48,48,55,53,49,47,54,58,52,64,57,55,60,60,58,53,56,58,58,54,56,54,57,54,49,109,38,43,42,45,67,10,38,37,38,47,39,43,40,43,41,49,44,38,61,46,41,71,39,46,46,59,40,44,48,41,36,43,40,37,29,31,34,29,34,23,40,31,34,36,33,30,9,20,40,39,36,41,68,34,33,36,35,26,32,55,30,37,31,35,39,38,35,49,42,60,36,64,36,40,41,45,37,40,42,67,39,63,39,30,36,40,44,44,37,27,29,25,29,19,23,18,26,35,32,24,28,21,46,21,25,21,23,25,32,21,26,30,31,30,27,28,25,26,27,28,24,35,28,23,19,24,26,24,31,31,36,32,33,25,24,30,20,86,25,12,90,25,51,30,19,33,16,18,17,24,22,26,25,14,24,14,13,14,10,34,14,24,25,8,23,24,23,14,16,19,15,25,18,11,16,18,23,16,11,11,25,16,10,13,28,14,24,23,20,17,12,12,12,21,12,19,13,26,12,13,15,21,19,10,26,12,26,26,23,25,17,17,17,17,19,24,13,20,18,10,19,10,250,20,20,17,15,19,16,24,22,21,23,15,12,11,30,21,21,17,15,12,24,16,17,23,14,18,17,16,19,18,25,24,18,12,16,19,12,20,20,20,12,12,15,15,15,23,30,16,15,12,19,16,13,15,12,17,24,13,13,20,21,15,13,20,18,20,21,16,21,13,13,11,18,18,11,21,0,19,10,14,10,13,14,11,8,15,10,9,10,13,12,12,14,14,18,20,25,22,26,20,20,20,12,21,20,16,19,17,20,9,13,13,11,12,10,9,12,9,68,7,14,8,13,49,8,15,14,9,19,9,10
EPI_ISL_479692,137,135,135,132,131,77,128,86,77,85,82,92,120,104,104,94,106,108,98,96,96,71,76,61,62,79,79,58,58,59,79,59,57,57,59,46,34,50,52,61,62,52,62,62,36,55,58,53,68,68,68,43,61,58,64,73,70,65,65,56,58,58,56,58,57,60,61,59,57,60,57,62,54,59,56,59,61,59,53,57,58,57,60,51,60,63,59,57,62,62,52,58,57,56,54,60,54,55,56,52,61,44,64,54,63,52,65,65,60,52,60,59,58,58,64,55,71,65,58,56,56,63,52,58,55,55,62,60,56,54,61,65,59,71,64,62,67,67,65,60,63,65,65,61,63,61,64,61,56,116,45,50,49,52,73,16,45,44,45,54,46,50,47,50,48,56,51,45,68,53,48,77,46,53,53,66,47,51,55,48,43,50,47,44,36,38,40,36,41,27,47,38,41,43,40,37,15,24,47,46,43,48,74,41,39,43,41,33,38,62,37,44,38,42,45,45,42,56,49,67,43,71,43,47,48,52,44,47,49,74,46,70,46,37,43,47,51,51,44,34,34,32,33,24,27,23,30,39,36,28,35,25,53,24,29,25,28,29,39,25,30,37,38,37,34,35,32,33,34,35,31,42,35,30,23,31,33,28,38,35,43,39,40,32,31,37,24,91,32,16,97,32,58,35,24,40,21,23,22,29,29,33,32,19,31,19,18,19,14,41,21,31,30,12,30,29,30,20,20,26,21,32,21,17,22,24,29,23,17,17,32,22,16,17,34,20,31,27,27,23,19,18,18,25,18,25,17,33,18,19,20,27,26,16,32,18,33,33,30,32,23,24,21,23,26,30,19,27,25,16,26,16,255,27,27,23,21,26,23,31,29,25,29,21,18,15,37,28,28,21,21,19,31,21,21,27,18,22,21,23,26,22,32,31,22,19,23,23,19,27,24,27,16,17,22,19,19,30,37,21,19,16,23,23,17,22,17,23,31,19,19,27,28,19,17,27,25,27,28,23,28,17,17,15,25,25,15,27,19,0,13,14,14,17,16,15,15,19,13,14,15,9,16,15,20,18,22,27,32,29,33,27,27,27,19,28,26,23,26,24,27,13,17,19,14,17,16,14,19,14,72,14,9,16,17,54,15,21,20,13,26,13,14
EPI_ISL_479698,128,126,126,123,122,68,119,77,68,76,73,83,111,95,95,85,97,99,89,87,87,62,67,52,53,70,70,49,49,50,70,50,48,48,50,37,25,41,43,53,53,43,54,54,27,46,49,44,59,59,59,34,52,49,55,64,61,56,56,47,49,49,47,49,48,51,52,50,48,51,48,53,45,50,47,50,52,50,44,48,49,48,51,42,51,54,50,48,53,53,43,49,48,47,45,51,45,46,48,43,53,35,55,45,54,43,56,56,51,43,51,50,49,49,55,46,62,56,49,47,47,54,43,49,46,46,53,51,47,45,52,56,50,62,55,53,58,58,56,51,54,56,56,52,54,52,55,52,47,107,36,41,40,43,64,8,36,35,36,45,37,41,38,41,39,47,42,36,59,44,39,66,37,44,44,57,38,42,46,39,34,41,38,35,27,29,32,27,32,18,38,29,32,34,31,28,7,15,38,37,34,39,65,32,31,34,33,24,30,53,28,35,29,33,37,36,33,47,40,58,34,62,34,38,39,43,35,38,40,65,37,61,37,28,34,38,42,42,35,25,23,23,24,13,18,12,21,30,27,19,26,16,44,16,20,16,19,20,30,16,21,28,29,28,25,26,23,24,25,26,22,33,26,21,14,22,24,19,29,27,34,30,29,23,22,28,15,80,23,8,88,23,49,26,13,31,10,12,11,18,20,24,23,8,22,8,7,8,5,32,12,22,21,3,21,20,21,12,11,17,12,23,13,9,14,16,21,14,9,9,23,14,8,7,26,12,22,18,18,15,10,10,10,16,10,17,8,24,10,11,9,18,17,8,24,10,24,24,21,23,15,15,12,15,17,22,11,18,16,8,17,8,246,18,18,15,13,17,14,22,20,17,21,13,10,7,28,19,19,12,11,8,22,12,12,18,9,13,12,14,17,13,23,22,13,8,14,14,10,18,15,18,7,6,13,10,10,21,28,10,10,7,14,14,8,13,6,15,22,10,11,18,19,10,9,18,16,18,19,14,19,8,8,6,16,16,6,19,10,13,0,9,5,8,8,6,6,10,8,1,2,8,7,7,11,9,13,18,23,20,24,18,18,18,10,19,18,14,17,15,18,4,8,11,9,6,8,3,10,3,63,5,8,7,8,43,6,13,12,4,17,4,5
EPI_ISL_479695,132,130,130,127,126,72,123,81,72,80,77,87,115,99,99,89,101,103,93,91,91,66,71,56,57,74,74,53,53,54,74,54,52,52,54,41,29,45,47,57,57,47,58,58,31,50,53,48,63,63,63,38,56,53,59,68,65,60,60,51,53,53,51,53,52,55,56,54,52,56,52,57,49,54,51,54,57,55,48,53,54,53,55,47,56,59,55,52,57,58,47,53,52,51,49,55,49,51,53,47,57,39,59,49,58,47,60,60,56,47,55,54,53,53,59,50,67,60,53,51,51,59,48,54,50,50,57,55,51,49,56,60,54,66,59,57,62,62,59,55,58,60,60,56,58,56,59,56,51,111,40,45,44,47,69,12,40,39,40,49,41,45,42,45,43,51,46,40,63,48,43,72,41,48,48,61,42,46,50,43,38,45,42,39,31,33,36,31,36,24,42,33,36,38,35,32,11,21,42,41,38,43,70,36,35,38,37,28,34,57,32,39,33,37,41,40,37,51,44,62,38,66,38,42,43,47,39,42,44,69,41,65,41,32,38,42,46,46,39,29,29,27,30,19,24,18,27,35,32,24,30,22,48,22,26,21,23,26,34,22,27,32,33,32,29,30,27,28,29,30,26,37,30,25,20,26,28,25,33,32,38,34,34,27,26,32,21,86,27,13,92,27,53,31,19,35,16,18,17,24,24,28,27,14,26,14,13,14,11,36,16,26,26,9,25,25,25,16,17,21,17,27,19,13,18,20,25,18,13,13,27,18,12,13,30,16,26,24,22,19,14,14,14,22,14,21,14,28,14,15,15,23,21,12,28,14,28,28,25,27,19,19,18,19,21,26,15,22,20,12,21,12,251,22,22,19,17,21,18,26,24,22,25,17,14,12,32,23,23,18,17,14,26,17,18,24,15,19,18,18,21,19,27,26,19,13,18,20,14,22,21,22,13,12,17,16,16,25,32,16,16,13,20,18,14,17,12,19,26,15,15,22,23,16,14,22,20,22,23,18,23,14,14,12,20,20,12,23,14,14,9,0,11,14,15,12,11,16,9,8,9,6,13,13,14,15,19,22,27,24,28,22,22,22,14,23,22,18,21,19,22,10,14,15,10,12,12,9,14,9,69,9,5,12,14,49,10,17,16,10,21,10,11
EPI_ISL_479714,128,126,126,123,122,68,119,77,68,76,73,83,111,95,95,85,97,99,89,87,87,62,67,52,53,70,70,49,49,50,70,50,48,48,50,37,25,41,43,53,53,43,54,54,27,46,49,44,59,59,59,34,52,49,55,64,61,56,56,47,49,49,47,49,48,51,52,50,48,50,48,53,45,50,47,50,51,49,44,47,48,47,51,41,50,53,49,48,53,52,43,49,48,47,45,51,45,45,47,43,53,35,55,45,54,43,56,56,50,43,51,50,49,49,55,46,61,56,49,47,47,53,42,48,46,46,53,51,47,45,52,56,50,62,55,53,58,58,56,51,54,56,56,52,54,52,55,52,47,107,36,41,40,43,63,8,36,35,36,45,37,41,38,41,39,47,42,36,59,44,39,67,37,44,44,57,38,42,46,39,34,41,38,35,27,29,32,27,32,17,38,29,32,34,31,28,7,14,38,37,34,39,64,32,31,34,33,24,30,53,28,35,29,33,37,36,33,47,40,58,34,62,34,38,39,43,35,38,40,65,37,61,37,28,34,38,42,42,35,25,25,23,23,15,17,14,20,31,28,20,26,15,44,15,19,17,18,19,30,15,20,28,29,28,25,26,23,24,25,26,22,33,26,21,13,22,24,18,29,27,34,30,31,23,22,28,14,82,23,8,88,23,49,26,15,31,12,14,13,20,20,24,23,10,22,10,9,10,4,32,12,22,21,2,21,20,21,12,10,17,11,23,12,9,14,16,21,14,9,9,23,14,8,9,26,12,22,17,18,15,10,10,10,15,10,17,7,24,10,11,11,17,17,8,24,10,24,24,21,23,15,15,11,15,17,22,11,18,16,8,17,8,246,18,18,15,13,17,14,22,20,17,21,13,10,7,28,19,19,11,13,10,20,12,11,17,8,12,11,14,17,12,23,22,12,10,14,13,10,18,14,18,6,8,13,9,9,21,28,12,9,6,13,14,7,13,8,15,20,9,11,18,19,9,9,18,16,18,19,14,19,7,7,5,16,16,5,19,10,14,5,11,0,7,9,5,7,9,8,5,6,9,6,6,11,8,12,18,23,20,24,18,18,18,10,19,18,14,17,15,18,3,5,11,9,8,8,5,10,5,62,5,10,8,7,45,6,13,12,3,17,3,4
EPI_ISL_479706,131,129,129,126,125,71,122,80,71,79,76,86,114,98,98,88,100,102,92,90,90,65,70,55,56,73,73,52,52,53,73,53,51,51,53,40,28,44,46,56,56,46,57,57,30,49,52,47,62,62,62,37,55,52,58,67,64,59,59,50,52,52,50,52,51,54,55,53,51,53,51,56,48,53,50,53,54,52,47,50,51,50,54,44,53,56,52,51,56,55,46,52,51,50,48,54,48,48,50,46,56,38,58,48,57,46,59,59,53,46,54,53,52,52,58,49,64,59,52,50,50,56,45,51,49,49,56,54,50,48,55,59,53,65,58,56,61,61,59,54,57,59,59,55,57,55,58,55,50,110,39,44,43,46,66,11,39,38,39,48,40,44,41,44,42,50,45,39,62,47,42,70,40,47,47,60,41,45,49,42,37,44,41,38,30,32,35,30,35,20,41,32,35,37,34,31,10,17,41,40,37,42,67,35,34,37,36,27,33,56,31,38,32,36,40,39,36,50,43,61,37,65,37,41,42,46,38,41,43,68,40,64,40,31,37,41,45,45,38,28,28,26,26,18,20,17,23,34,31,23,29,18,47,18,22,20,21,22,33,18,23,31,32,31,28,29,26,27,28,29,25,36,29,24,16,25,27,21,32,30,37,33,34,26,25,31,17,85,26,11,91,26,52,29,18,34,15,17,16,23,23,27,26,13,25,13,12,13,7,35,15,25,24,5,24,23,24,15,13,20,14,26,15,12,17,19,24,17,12,12,26,17,11,12,29,15,25,20,21,18,13,13,13,18,13,20,10,27,13,14,14,20,20,11,27,13,27,27,24,26,18,18,14,18,20,25,14,21,19,11,20,11,249,21,21,18,16,20,17,25,23,20,24,16,13,10,31,22,22,14,16,13,25,15,12,18,11,13,12,17,20,13,26,25,13,13,17,16,13,21,15,21,9,11,16,12,12,24,31,15,12,9,16,17,10,16,11,18,25,12,14,21,22,12,12,21,19,21,22,17,22,10,10,8,19,19,6,22,13,17,8,14,7,0,11,8,10,12,11,8,9,12,9,9,14,11,15,21,26,23,27,21,21,21,13,22,21,17,20,16,21,6,10,14,12,11,11,8,13,8,65,8,13,11,10,48,9,16,15,6,20,6,7
EPI_ISL_479704,132,129,130,127,126,72,123,81,72,80,77,87,115,99,99,89,101,103,93,91,91,65,70,55,56,73,73,52,52,53,73,53,51,51,53,41,29,45,47,56,56,47,57,57,31,50,53,48,62,62,62,38,56,52,58,67,64,59,59,51,53,53,51,53,52,55,56,54,52,55,52,57,49,54,51,54,56,54,48,52,53,52,55,46,55,58,54,52,57,57,47,53,52,51,49,55,49,50,52,47,56,39,59,49,58,47,60,60,55,47,55,54,53,53,59,50,66,59,53,51,51,58,47,53,50,50,57,55,51,49,56,59,53,66,58,56,61,61,59,54,57,59,59,55,57,55,58,55,50,111,40,45,44,47,68,10,40,39,40,49,41,45,42,45,43,51,46,40,63,48,43,72,41,48,48,61,42,46,50,43,38,45,42,39,31,33,34,31,36,22,42,33,36,38,35,32,9,19,42,41,38,43,69,36,33,38,35,28,32,57,31,39,33,37,39,40,37,51,44,62,38,66,38,42,43,47,39,42,44,69,41,65,41,32,38,42,46,46,39,29,29,27,28,19,22,18,25,34,31,23,30,20,48,20,24,20,23,24,34,20,25,32,33,31,29,29,27,28,29,30,26,37,30,25,18,25,28,23,33,29,38,34,35,27,25,32,19,86,27,10,92,27,53,30,19,35,16,18,17,24,24,28,27,14,26,14,13,14,9,36,16,26,25,7,25,24,25,14,15,21,16,27,15,11,16,18,23,18,11,11,27,16,10,11,28,14,26,22,22,17,14,12,12,20,12,19,12,28,12,13,15,22,21,10,26,12,28,28,25,27,17,19,16,17,21,24,13,22,20,10,20,10,250,21,22,17,15,21,18,26,23,19,23,15,12,9,32,23,23,16,15,14,26,16,16,22,13,17,16,18,21,17,27,26,17,14,18,18,14,22,19,22,11,12,17,14,14,25,32,16,14,11,18,18,12,17,12,17,26,14,13,22,23,14,11,22,20,22,23,18,23,12,12,10,20,20,9,21,14,16,8,15,9,11,0,10,10,14,12,9,10,11,11,9,15,13,17,22,27,24,28,22,22,22,14,23,20,18,21,18,22,8,12,13,13,12,10,9,14,9,67,9,13,11,12,49,10,15,14,8,21,8,9
EPI_ISL_479697,129,127,127,124,123,69,120,78,69,77,74,84,112,96,96,86,98,100,90,88,88,63,68,53,54,71,71,50,50,51,71,51,49,49,51,38,26,42,44,54,54,44,55,55,28,47,50,45,60,60,60,35,53,50,56,65,62,57,57,48,50,50,48,50,49,52,53,51,49,51,49,54,46,51,48,51,52,50,45,48,49,48,52,42,51,54,50,49,54,53,44,50,49,48,46,52,46,46,48,44,54,36,56,46,55,44,57,57,51,44,52,51,50,50,56,47,62,57,50,48,48,54,43,49,47,47,54,52,48,46,53,57,51,63,56,54,59,59,57,52,55,57,57,53,55,53,56,53,48,108,37,42,41,44,64,9,37,36,37,46,38,42,39,42,40,48,43,37,60,45,40,68,38,45,45,58,39,43,47,39,35,42,38,36,28,30,33,28,33,18,39,30,32,35,32,29,8,15,39,38,35,40,65,33,32,35,34,25,31,54,29,36,30,34,38,37,34,48,41,59,35,63,35,39,40,44,36,39,41,66,38,62,38,29,35,39,43,43,36,26,26,24,24,16,18,15,21,32,29,21,27,16,45,16,20,18,19,20,31,16,21,29,30,29,26,27,24,25,26,27,23,34,27,22,14,23,25,19,30,28,35,31,32,24,23,29,15,83,24,9,89,24,50,27,16,32,13,15,14,21,21,25,24,11,23,11,10,11,5,33,13,23,22,3,22,21,22,13,11,18,12,24,13,10,15,17,22,15,10,10,24,15,9,10,27,13,23,18,19,16,11,11,11,16,11,18,8,25,11,12,12,18,18,9,25,11,25,25,22,24,16,16,12,16,18,23,12,19,17,9,18,9,247,19,19,16,14,18,15,23,21,18,22,14,11,8,29,20,20,12,14,11,23,13,12,18,9,13,12,15,18,13,24,23,13,11,15,14,11,19,15,19,7,9,14,10,10,22,29,13,10,7,14,15,8,14,9,16,23,10,12,19,20,10,10,19,17,19,20,15,20,8,8,6,17,17,6,20,11,15,6,12,5,8,10,0,8,10,9,6,7,10,7,7,12,9,13,19,24,21,25,19,19,19,11,20,19,15,18,16,19,4,8,12,10,9,9,6,11,6,63,6,11,9,8,46,7,14,13,4,18,4,5
EPI_ISL_479696,129,127,127,124,123,69,120,78,69,77,74,84,112,96,96,86,98,100,90,88,88,63,68,53,54,71,71,50,50,51,71,51,49,49,51,38,26,42,44,54,54,44,55,55,28,47,50,45,60,60,60,35,53,50,56,65,62,57,57,48,50,50,48,50,49,52,53,51,49,52,49,54,46,51,48,51,53,51,45,49,50,49,52,43,52,55,51,49,54,54,44,50,49,48,46,52,46,47,49,44,54,36,56,46,55,44,57,57,52,44,52,51,50,50,56,47,63,57,50,48,48,55,44,50,47,47,54,52,48,46,53,57,51,63,56,54,59,59,57,52,55,57,57,53,55,53,56,53,48,108,37,42,41,44,65,9,37,36,37,46,38,42,39,42,40,48,43,37,60,45,40,69,38,45,45,58,39,43,47,40,35,42,39,36,28,30,33,28,33,20,39,30,33,35,32,29,8,17,39,38,35,40,66,33,32,35,34,25,31,54,29,36,30,34,38,37,34,48,41,59,35,63,35,39,40,44,36,39,41,66,38,62,38,29,35,39,43,43,36,26,27,24,26,17,20,16,23,30,27,19,27,18,45,18,22,16,19,22,31,18,23,29,30,29,26,27,24,25,26,27,23,34,27,22,16,23,25,21,30,29,35,31,32,24,23,29,17,84,24,10,89,24,50,28,17,32,14,16,15,22,21,25,24,12,23,12,11,12,7,33,13,23,23,5,22,22,22,13,13,18,13,24,15,10,15,17,22,15,10,10,24,15,9,11,27,13,23,20,19,16,11,11,11,18,11,18,10,25,11,12,13,19,18,9,25,11,25,25,22,24,16,16,14,16,18,23,12,19,17,9,18,9,248,19,19,16,14,18,15,23,21,19,22,14,11,9,29,20,20,14,15,12,23,14,14,20,11,15,14,15,18,15,24,23,15,11,15,16,11,19,17,19,9,10,14,12,12,22,29,14,12,9,16,15,10,14,10,16,23,11,12,19,20,12,11,19,17,19,20,15,20,10,10,8,17,17,8,20,8,15,6,11,7,10,10,8,0,12,9,7,8,11,9,9,11,11,15,19,24,21,25,19,19,19,11,20,19,15,18,16,19,6,10,12,10,10,9,7,11,7,65,6,12,1,10,47,7,14,13,6,18,6,7
EPI_ISL_479693,133,131,131,128,127,73,124,82,73,81,78,88,116,100,100,90,102,104,94,92,92,67,72,57,58,75,75,54,54,55,75,55,53,53,55,42,30,46,48,58,58,48,59,59,32,51,54,49,64,64,64,39,57,54,60,69,66,61,61,52,54,54,52,54,53,56,57,55,53,55,53,58,50,55,52,55,56,54,49,52,53,52,56,46,55,58,54,53,58,57,48,54,53,52,50,56,50,50,52,48,58,40,60,50,59,48,61,61,55,48,56,55,54,54,60,51,66,61,54,52,52,58,47,53,51,51,58,56,52,50,57,61,55,67,60,58,63,63,61,56,59,61,61,57,59,57,60,57,52,112,41,46,45,48,68,13,41,40,41,50,42,46,43,46,44,52,47,41,64,49,44,72,42,49,49,62,43,47,51,44,39,46,43,40,32,34,37,32,37,22,43,34,37,39,36,33,12,19,43,42,39,44,69,37,36,39,38,29,35,58,33,40,34,38,42,41,38,52,45,63,39,67,39,43,44,48,40,43,45,70,42,66,42,33,39,43,47,47,40,30,30,28,28,20,22,19,25,36,33,25,31,20,49,20,24,22,23,24,35,20,25,33,34,33,30,31,28,29,30,31,27,38,31,26,18,27,29,23,34,32,39,35,36,28,27,33,19,87,28,13,93,28,54,31,20,36,17,19,18,25,25,29,28,15,27,15,14,15,9,37,17,27,26,7,26,25,26,17,15,22,16,28,17,14,19,21,26,17,14,14,28,19,13,14,31,17,27,22,23,20,15,15,15,20,15,22,12,29,15,16,16,22,22,13,29,15,29,29,26,28,20,20,16,20,22,27,16,23,21,13,22,13,251,23,23,20,18,22,19,27,25,22,26,18,15,12,33,24,24,16,18,15,27,17,16,22,13,17,16,19,22,17,28,27,17,15,19,18,15,23,19,23,11,13,18,14,14,26,33,17,14,11,18,19,12,18,13,20,27,14,16,23,24,14,14,23,21,23,24,19,24,12,12,10,21,21,10,24,15,19,10,16,9,12,14,10,12,0,13,10,11,14,11,11,16,13,17,23,28,25,29,23,23,23,15,24,23,19,22,20,23,8,12,16,14,13,13,10,15,10,67,10,15,13,12,50,11,18,17,8,22,8,9
EPI_ISL_479690,128,126,126,123,122,68,119,77,68,76,73,83,111,95,95,85,97,99,89,87,87,62,67,52,53,70,70,49,49,50,70,50,48,48,50,37,25,41,43,53,53,43,54,54,27,46,49,44,59,59,59,34,52,49,55,64,61,56,56,47,49,49,47,49,48,51,52,50,48,52,48,53,45,50,47,50,53,51,44,49,50,49,51,43,52,55,51,48,53,54,43,49,48,47,45,51,45,47,49,43,53,35,55,45,54,43,56,56,52,43,51,50,49,49,55,46,63,56,49,47,47,55,44,50,46,46,53,51,47,45,52,56,50,62,55,53,58,58,56,51,54,56,56,52,54,52,55,52,47,107,36,41,40,43,65,8,36,35,36,45,37,41,38,41,39,47,42,36,59,44,39,69,37,44,44,57,38,42,46,39,34,41,38,35,27,29,32,27,32,21,38,29,32,34,31,28,7,18,38,37,34,39,66,32,31,34,33,24,30,53,28,35,29,33,37,36,33,47,40,58,34,62,34,38,39,43,35,38,40,65,37,61,37,28,34,38,42,42,35,25,27,23,27,17,21,16,24,33,30,22,26,19,44,19,23,19,21,23,30,19,24,28,29,28,25,26,23,24,25,26,22,33,26,21,17,22,24,22,29,29,34,30,31,23,22,28,18,84,23,10,88,23,49,28,17,31,14,16,15,22,20,24,23,12,22,12,11,12,8,32,12,22,23,6,21,22,21,12,14,17,13,23,16,9,14,16,21,14,9,9,23,14,8,11,26,12,22,21,18,15,10,10,10,19,10,17,11,24,10,11,13,19,17,8,24,10,24,24,21,23,15,15,15,15,17,22,11,18,16,8,17,8,248,18,18,15,13,17,14,22,20,19,21,13,10,9,28,19,19,15,15,12,22,14,15,21,12,16,15,14,17,16,23,22,16,10,14,17,10,18,18,18,10,10,13,13,13,21,28,14,13,10,17,14,11,13,10,15,22,11,11,18,19,13,11,18,16,18,19,14,19,11,11,9,16,16,9,19,10,13,8,9,8,11,12,9,9,13,0,7,8,7,10,10,12,12,16,18,23,20,24,18,18,18,10,19,18,14,17,15,18,7,11,11,1,10,8,7,10,7,66,5,8,10,11,47,6,13,12,7,17,7,8
EPI_ISL_479689,127,125,125,122,121,67,118,76,67,75,72,82,110,94,94,84,96,98,88,86,86,61,66,51,52,69,69,48,48,49,69,49,47,47,49,36,24,40,42,52,52,42,53,53,26,45,48,43,58,58,58,33,51,48,54,63,60,55,55,46,48,48,46,48,47,50,51,49,47,51,47,52,44,49,46,49,52,50,43,48,49,48,50,42,51,54,50,47,52,53,42,48,47,46,44,50,44,46,48,42,52,34,54,44,53,42,55,55,51,42,50,49,48,48,54,45,62,55,48,46,46,54,43,49,45,45,52,50,46,44,51,55,49,61,54,52,57,57,55,50,53,55,55,51,53,51,54,51,46,106,35,40,39,42,64,7,35,34,35,44,36,40,37,40,38,46,41,35,58,43,38,66,36,43,43,56,37,41,45,38,33,40,37,34,26,28,31,26,31,18,37,28,31,33,30,27,6,15,37,36,33,38,65,31,30,33,32,23,29,52,27,34,28,32,36,35,32,46,39,57,33,61,33,37,38,42,34,37,39,64,36,60,36,27,33,37,41,41,34,24,22,22,24,12,18,11,21,31,28,20,25,16,43,16,20,17,19,20,29,16,21,27,28,27,24,25,22,23,24,25,21,32,25,20,14,21,23,19,28,26,33,29,28,22,21,27,15,79,22,7,87,22,48,25,12,30,9,11,10,17,19,23,22,7,21,7,6,7,5,31,11,21,20,3,20,19,20,11,11,16,12,22,13,8,13,15,20,13,8,8,22,13,7,6,25,11,21,18,17,14,9,9,9,16,9,16,8,23,9,10,8,18,16,7,23,9,23,23,20,22,14,14,12,14,16,21,10,17,15,7,16,7,245,17,17,14,12,16,13,21,19,16,20,12,9,6,27,18,18,12,10,7,21,11,12,18,9,13,12,13,16,13,22,21,13,7,13,14,9,17,15,17,7,5,12,10,10,20,27,9,10,7,14,13,8,12,5,14,21,10,10,17,18,10,8,17,15,17,18,13,18,8,8,6,15,15,6,18,9,14,1,8,5,8,9,6,7,10,7,0,1,7,7,7,10,9,13,17,22,19,23,17,17,17,9,18,17,13,16,14,17,4,8,10,8,5,7,2,9,2,63,4,7,8,8,42,5,12,11,4,16,4,5
EPI_ISL_479688,128,126,126,123,122,68,119,77,68,76,73,83,111,95,95,85,97,99,89,87,87,62,67,52,53,70,70,49,49,50,70,50,48,48,50,37,25,41,43,53,53,43,54,54,27,46,49,44,59,59,59,34,52,49,55,64,61,56,56,47,49,49,47,49,48,51,52,50,48,52,48,53,45,50,47,50,53,51,44,49,50,49,51,43,52,55,51,48,53,54,43,49,48,47,45,51,45,47,49,43,53,35,55,45,54,43,56,56,52,43,51,50,49,49,55,46,63,56,49,47,47,55,44,50,46,46,53,51,47,45,52,56,50,62,55,53,58,58,56,51,54,56,56,52,54,52,55,52,47,107,36,41,40,43,65,8,36,35,36,45,37,41,38,41,39,47,42,36,59,44,39,67,37,44,44,57,38,42,46,39,34,41,38,35,27,29,32,27,32,19,38,29,32,34,31,28,7,16,38,37,34,39,66,32,31,34,33,24,30,53,28,35,29,33,37,36,33,47,40,58,34,62,34,38,39,43,35,38,40,65,37,61,37,28,34,38,42,42,35,25,23,23,25,13,19,12,22,32,29,21,26,17,44,17,21,18,20,21,30,17,22,28,29,28,25,26,23,24,25,26,22,33,26,21,15,22,24,20,29,27,34,30,29,23,22,28,16,80,23,8,88,23,49,26,13,31,10,12,11,18,20,24,23,8,22,8,7,8,6,32,12,22,21,4,21,20,21,12,12,17,13,23,14,9,14,16,21,14,9,9,23,14,8,7,26,12,22,19,18,15,10,10,10,17,10,17,9,24,10,11,9,19,17,8,24,10,24,24,21,23,15,15,13,15,17,22,11,18,16,8,17,8,246,18,18,15,13,17,14,22,20,17,21,13,10,7,28,19,19,13,11,8,22,12,13,19,10,14,13,14,17,14,23,22,14,8,14,15,10,18,16,18,8,6,13,11,11,21,28,10,11,8,15,14,9,13,6,15,22,11,11,18,19,11,9,18,16,18,19,14,19,9,9,7,16,16,7,19,10,15,2,9,6,9,10,7,8,11,8,1,0,8,8,8,11,10,14,18,23,20,24,18,18,18,10,19,18,14,17,15,18,5,9,11,9,6,8,3,10,3,64,5,8,9,9,43,6,13,12,5,17,5,6
EPI_ISL_479686,131,129,129,126,125,71,122,80,71,79,76,86,114,98,98,88,100,102,92,90,90,65,70,55,56,73,73,52,52,53,73,53,51,51,53,40,28,44,46,56,56,46,57,57,30,49,52,47,62,62,62,37,55,52,58,67,64,59,59,50,52,52,50,52,51,54,55,53,51,55,51,56,48,53,50,53,56,54,47,52,53,52,54,46,55,58,54,51,56,57,46,52,51,50,48,54,48,50,52,46,56,38,58,48,57,46,59,59,55,46,54,53,52,52,58,49,66,59,52,50,50,58,47,53,49,49,56,54,50,48,55,59,53,65,58,56,61,61,59,54,57,59,59,55,57,55,58,55,50,110,39,44,43,46,68,9,39,38,39,48,40,44,41,44,42,50,45,39,62,47,42,72,40,47,47,60,41,45,49,42,37,44,41,38,30,32,33,30,35,22,41,32,35,37,34,31,8,19,41,40,37,42,69,35,32,37,34,27,31,56,31,38,32,36,38,39,36,50,43,61,37,65,37,41,42,46,38,41,43,68,40,64,40,31,37,41,45,45,38,28,27,26,28,17,22,16,25,35,32,24,29,20,47,20,24,21,23,24,33,20,25,31,32,31,28,29,26,27,28,29,25,36,29,24,18,25,27,23,32,28,37,33,34,26,25,31,19,84,26,9,91,26,52,29,17,34,14,16,15,22,23,27,26,12,25,12,11,12,9,35,15,25,24,7,24,23,24,13,15,20,16,26,15,10,15,17,22,17,10,10,26,15,9,9,27,13,25,22,21,16,13,11,11,20,11,18,12,27,11,12,13,22,20,9,25,11,27,27,24,26,16,18,16,16,20,23,12,21,19,9,20,9,249,21,21,16,14,20,17,25,23,18,22,14,11,8,31,22,22,16,13,12,25,15,16,22,13,17,16,17,20,17,26,25,17,12,17,18,13,21,19,21,11,10,16,14,14,24,31,14,14,11,18,17,12,16,10,16,25,14,12,21,22,14,10,21,19,21,22,17,22,12,12,10,19,19,10,20,13,9,8,6,9,12,11,10,11,14,7,7,8,0,11,9,14,13,17,21,26,23,27,21,21,21,13,22,19,17,20,18,21,8,12,12,8,10,9,7,13,7,67,8,2,12,12,47,9,14,13,8,20,8,9
EPI_ISL_479703,130,128,128,125,124,70,121,79,70,78,75,85,113,97,97,87,99,101,91,89,89,64,69,54,55,72,72,51,51,52,72,52,50,50,52,39,27,43,45,55,55,45,56,56,29,48,51,46,61,61,61,36,54,51,57,66,63,58,58,49,51,51,49,51,50,53,54,52,50,52,50,55,47,52,49,52,53,51,46,49,50,49,53,43,52,55,51,50,55,54,45,51,50,49,47,53,47,47,49,45,55,37,57,47,56,45,58,58,52,45,53,52,51,51,57,48,63,58,51,49,49,55,44,50,48,48,55,53,49,47,54,58,52,64,57,55,60,60,58,53,56,58,58,54,56,54,57,54,49,109,38,43,42,45,65,10,38,37,38,47,39,43,40,43,41,49,44,38,61,46,41,69,39,46,46,59,40,44,48,41,36,43,40,37,29,31,34,29,34,19,40,31,34,36,33,30,9,16,40,39,36,41,66,34,33,36,35,26,32,55,28,37,31,35,39,38,35,49,42,60,36,64,36,40,41,45,37,40,42,67,39,63,39,30,36,40,44,44,37,27,27,25,25,17,19,16,22,33,30,22,28,17,46,17,21,19,20,21,32,17,22,30,31,30,27,28,25,26,27,28,24,35,28,23,15,24,26,20,31,29,36,32,33,25,24,30,16,84,25,10,90,25,51,28,17,33,14,16,15,22,22,26,25,12,24,12,11,12,6,34,14,24,23,4,23,22,23,14,12,19,13,25,14,11,16,18,23,16,11,11,25,16,10,11,28,14,24,19,20,17,12,12,12,17,12,19,9,26,12,13,13,19,19,10,26,12,26,26,23,25,17,17,13,17,19,24,13,20,18,10,19,10,248,20,20,17,15,19,16,24,22,19,23,15,12,9,30,21,21,13,15,12,24,14,13,19,10,14,13,16,19,14,25,24,14,12,16,15,12,20,16,20,8,10,15,11,11,23,30,14,11,8,15,16,9,15,10,17,24,11,13,20,21,11,11,20,18,20,21,16,21,9,9,7,18,18,7,21,12,16,7,13,6,9,11,7,9,11,10,7,8,11,0,8,13,10,14,20,25,22,26,20,20,20,12,21,20,16,19,17,20,5,9,13,11,10,10,7,12,7,64,7,12,10,9,47,8,15,14,5,19,5,6
EPI_ISL_478672,130,128,128,125,124,70,121,79,70,78,75,85,113,97,97,87,99,101,91,89,89,64,69,54,55,72,72,51,51,52,72,52,50,50,52,39,27,43,45,55,55,45,56,56,29,48,51,46,61,61,61,36,52,51,57,66,63,58,58,49,51,51,49,51,50,53,54,52,50,52,50,55,47,52,49,52,53,51,46,49,50,49,53,43,52,55,51,50,55,54,45,51,50,49,47,53,47,47,49,45,55,37,57,47,56,45,58,58,52,45,53,52,51,51,57,48,63,58,51,49,49,55,44,50,48,48,55,53,49,47,54,58,52,64,57,55,60,60,58,53,56,58,58,54,56,54,57,54,49,107,38,41,42,45,65,8,38,37,38,47,39,43,40,43,41,49,44,38,61,44,41,69,39,44,44,59,40,44,48,41,36,43,40,37,29,31,32,29,34,19,40,29,34,36,33,30,7,12,40,39,36,41,64,34,31,36,33,26,30,53,30,37,31,33,37,38,35,47,42,60,36,64,36,38,41,45,37,40,42,67,39,61,39,30,36,40,44,44,35,27,27,25,25,17,19,16,22,31,28,21,28,14,46,17,21,17,20,21,32,13,22,30,31,30,27,28,25,26,27,28,24,35,28,23,11,24,26,16,31,27,36,32,33,25,24,30,14,84,25,8,90,25,51,28,17,33,14,16,15,22,22,26,25,12,24,12,11,12,6,34,14,24,23,4,23,22,23,12,12,19,13,25,12,9,14,16,21,16,9,9,25,14,8,9,26,12,24,19,20,15,12,10,10,17,10,17,9,26,10,11,13,17,19,8,24,10,26,26,23,25,15,17,13,15,19,22,11,20,18,8,19,8,247,20,20,15,13,19,16,24,22,13,21,13,10,7,30,21,21,13,13,12,24,14,13,19,6,14,13,16,19,14,25,24,14,12,16,15,12,20,16,20,8,10,15,7,7,23,30,14,7,8,11,14,9,15,10,15,24,11,11,20,21,11,9,20,18,20,21,16,21,9,5,7,18,18,7,19,12,15,7,13,6,9,9,7,9,11,10,7,8,9,8,0,13,6,10,20,25,22,26,20,20,20,12,21,18,16,19,17,20,5,9,11,11,10,8,7,12,7,64,7,11,10,9,47,8,13,12,5,19,5,6
EPI_ISL_479721,132,130,130,127,126,72,123,81,72,80,77,87,115,99,99,89,101,103,93,91,91,66,71,56,57,74,74,53,53,54,74,54,52,52,54,41,29,45,47,57,56,47,58,58,31,50,53,48,62,62,63,38,56,53,59,68,65,60,60,51,53,53,51,53,52,55,56,54,52,56,52,57,49,54,51,54,57,55,48,53,54,53,55,47,56,59,55,52,57,58,47,53,52,51,49,55,49,51,53,47,57,39,59,49,58,47,60,60,56,47,55,54,53,53,59,50,67,60,53,51,51,59,48,54,50,50,57,55,51,49,56,60,54,66,59,57,62,62,60,55,58,60,60,56,58,56,59,55,51,111,40,45,44,47,69,12,40,39,40,49,41,45,42,45,43,51,45,40,63,48,43,73,41,48,48,61,42,46,50,42,38,45,40,39,31,33,35,31,36,24,42,33,35,38,35,32,11,21,42,41,38,43,70,36,35,38,37,28,34,57,32,39,33,37,41,40,37,51,44,62,38,66,38,42,43,47,39,42,44,69,41,65,41,32,38,42,46,46,39,29,30,27,30,20,24,19,27,35,32,24,30,22,48,22,26,21,23,26,34,22,27,32,33,32,29,30,27,28,29,30,26,37,30,25,20,26,28,25,33,32,38,34,35,27,26,31,21,87,27,13,92,27,53,31,20,35,17,19,18,25,24,28,27,15,26,15,14,15,11,36,16,26,26,9,25,25,25,16,17,21,17,27,19,13,18,20,25,18,13,13,27,18,12,14,30,16,26,24,22,19,14,14,14,22,14,21,14,28,14,15,16,23,21,12,28,14,28,28,25,26,19,19,18,19,21,26,15,22,20,12,21,12,251,22,22,19,17,21,18,26,24,22,25,17,14,12,32,23,23,18,18,15,26,17,18,24,15,19,18,18,21,19,27,26,19,14,18,20,14,22,21,22,13,13,17,16,16,25,32,17,16,13,20,18,14,17,13,19,26,15,15,22,23,16,14,22,20,22,23,18,23,14,14,12,20,20,12,23,14,20,11,14,11,14,15,12,11,16,12,10,11,14,13,13,0,15,19,22,27,24,28,22,22,22,14,23,22,18,21,19,22,10,14,15,13,13,12,10,14,10,69,9,15,12,14,50,10,17,16,10,21,10,11
EPI_ISL_8189544,132,130,130,127,126,72,123,81,72,80,77,87,115,99,99,89,101,103,93,91,91,66,71,56,57,74,74,53,53,54,74,54,52,52,54,41,29,45,47,57,57,47,58,58,31,50,53,48,63,63,63,38,54,53,59,68,65,60,60,51,53,53,51,53,52,55,56,54,52,54,52,57,49,54,51,54,55,53,48,51,52,51,55,45,54,57,53,52,57,56,47,53,52,51,49,55,49,49,51,47,57,39,59,49,58,47,60,60,54,47,55,54,53,53,59,50,65,60,53,51,51,57,46,52,50,50,57,55,51,49,56,60,54,66,59,57,62,62,60,55,58,60,60,56,58,56,59,56,51,109,40,43,44,47,67,12,40,39,40,49,41,45,42,45,43,51,46,40,63,46,43,71,41,46,46,61,42,46,50,43,38,45,42,39,31,33,36,31,36,21,42,31,36,38,35,32,11,14,42,41,38,43,66,36,35,38,37,28,34,55,32,39,33,35,41,40,37,49,44,62,38,66,38,40,43,47,39,42,44,69,41,63,41,32,38,42,46,46,37,29,29,27,27,19,21,18,24,33,30,23,30,16,48,19,23,19,22,23,34,15,24,32,33,32,29,30,27,28,29,30,26,37,30,25,13,26,28,18,33,31,38,34,35,27,26,32,16,86,27,12,92,27,53,30,19,35,16,18,17,24,24,28,27,14,26,14,13,14,8,36,16,26,25,6,25,24,25,16,14,21,15,27,16,13,18,20,25,18,13,13,27,18,12,13,30,16,26,21,22,19,14,14,14,19,14,21,11,28,14,15,15,19,21,12,28,14,28,28,25,27,19,19,15,19,21,26,15,22,20,12,21,12,249,22,22,19,17,21,18,26,24,17,25,17,14,11,32,23,23,15,17,14,26,16,15,21,2,16,15,18,21,16,27,26,16,14,18,17,14,22,18,22,10,12,17,3,5,25,32,16,3,10,7,14,11,17,12,19,26,13,15,22,23,13,13,22,20,22,23,18,23,11,1,9,20,20,9,23,14,18,9,15,8,11,13,9,11,13,12,9,10,13,10,6,15,0,6,22,27,24,28,22,22,22,14,21,22,18,21,19,22,7,11,15,13,12,12,9,14,9,66,9,14,12,11,49,10,17,16,7,21,7,8
EPI_ISL_2232406,136,134,134,131,130,76,127,85,76,84,81,91,119,103,103,93,105,107,97,95,95,70,75,60,61,78,78,57,57,58,78,58,56,56,58,45,33,49,51,61,61,51,62,62,35,54,57,52,67,67,67,42,58,57,63,72,69,64,64,55,57,57,55,57,56,59,60,58,56,58,56,61,53,58,55,58,59,57,52,55,56,55,59,49,58,61,57,56,61,60,51,57,56,55,53,59,53,53,55,51,61,43,63,53,62,51,64,64,58,51,59,58,57,57,63,54,69,64,57,55,55,61,50,56,54,54,61,59,55,53,60,64,58,70,63,61,66,66,64,59,62,64,64,60,62,60,63,60,55,113,44,47,48,51,71,16,44,43,44,53,45,49,46,49,47,55,50,44,67,50,47,75,45,50,50,65,46,50,54,47,42,49,46,43,35,37,40,35,40,25,46,35,40,42,39,36,15,18,46,45,42,47,70,40,39,42,41,32,38,59,36,43,37,39,45,44,41,53,48,66,42,70,42,44,47,51,43,46,48,73,45,67,45,36,42,46,50,50,41,33,33,31,31,23,25,22,28,37,34,27,34,20,52,23,27,23,26,27,38,19,28,36,37,36,33,34,31,32,33,34,30,41,34,29,17,30,32,22,37,35,42,38,39,31,30,36,20,90,31,16,96,31,57,34,17,39,20,16,19,22,28,26,25,18,30,16,17,18,12,40,20,30,29,10,29,22,29,20,18,25,19,31,20,17,22,24,29,22,17,17,31,22,16,17,34,20,30,25,26,23,18,18,18,23,18,25,15,32,18,19,19,23,25,16,32,18,32,32,29,31,23,23,19,23,25,30,19,26,24,16,25,16,253,26,26,23,21,25,22,30,28,21,29,21,18,15,36,27,21,19,21,18,30,20,19,25,6,20,19,22,25,20,31,30,20,16,22,21,18,26,16,26,14,16,21,7,9,29,36,20,7,14,5,12,15,21,16,23,30,17,19,26,27,17,17,26,24,24,27,22,27,15,5,13,24,24,13,27,18,22,13,19,12,15,17,13,15,17,16,13,14,17,14,10,19,6,0,26,31,28,31,26,26,26,18,27,26,22,25,23,26,11,15,19,17,16,16,13,18,13,70,13,18,16,15,53,14,21,20,11,24,11,12
EPI_ISL_2232325,132,130,130,127,126,72,123,81,72,80,77,87,115,97,97,83,99,101,87,87,83,71,76,61,62,79,79,58,58,59,79,59,57,57,59,25,17,27,29,62,62,29,63,63,19,32,35,30,68,68,68,18,56,58,64,73,70,65,65,56,58,58,56,58,57,60,61,59,57,61,57,62,54,59,56,59,62,60,53,58,59,56,60,52,61,64,60,57,62,63,52,58,55,56,54,60,54,56,58,52,62,45,64,54,63,53,65,65,61,52,60,59,58,58,64,55,72,65,58,56,56,64,53,59,55,55,62,60,56,54,61,65,59,46,64,62,67,67,65,60,63,65,65,61,63,61,64,61,56,111,22,45,26,27,51,18,22,21,22,29,23,25,24,25,23,31,26,22,45,48,23,53,21,46,48,43,24,26,30,35,20,27,34,19,15,19,42,17,20,31,26,33,28,22,17,20,17,28,22,23,18,23,70,20,41,24,29,22,40,57,20,21,19,37,47,20,17,51,24,44,20,48,20,42,23,27,21,22,26,51,21,65,23,22,20,24,28,26,39,15,37,17,37,27,31,26,33,41,36,31,36,27,28,29,33,26,31,33,39,29,34,38,31,18,15,16,13,14,11,16,26,17,10,11,27,12,18,32,33,39,18,16,25,17,12,12,28,94,7,20,78,13,39,38,27,21,24,26,25,32,10,14,13,22,12,22,21,22,18,22,22,8,33,16,11,12,9,22,22,7,23,7,26,19,18,20,17,18,17,19,7,10,18,21,36,14,12,31,4,19,20,20,20,29,20,27,21,14,20,21,23,17,13,18,10,20,14,18,15,7,15,7,25,17,7,22,21,2,8,18,7,18,258,8,8,15,15,9,18,18,18,29,31,19,18,19,18,3,11,25,25,22,12,24,25,31,22,26,25,18,3,26,9,8,26,20,24,25,14,22,28,2,20,20,17,23,23,11,18,24,23,20,27,24,21,23,20,25,12,21,17,10,3,23,21,8,20,8,9,18,9,21,21,19,20,6,19,29,20,27,18,22,18,21,22,19,19,23,18,17,18,21,20,20,22,22,26,0,27,10,14,8,8,8,20,9,22,10,1,9,4,17,21,21,19,20,18,17,14,17,76,15,22,20,21,57,14,21,16,17,9,17,18
EPI_ISL_2232302,137,135,133,132,131,77,128,86,77,85,82,92,102,104,104,94,106,108,98,96,96,76,81,66,67,84,84,63,63,64,84,64,62,62,64,46,34,50,52,67,67,52,68,68,36,55,58,53,73,73,73,43,61,63,69,78,75,70,70,61,63,63,61,63,62,65,66,64,62,66,62,67,59,64,61,64,67,65,58,63,64,63,65,57,66,69,65,62,67,68,55,63,62,61,59,65,59,61,63,57,67,50,69,59,68,58,70,70,66,57,65,64,63,63,69,60,77,70,63,61,61,69,58,64,60,60,67,65,61,59,66,70,64,71,69,67,72,72,70,65,68,70,70,66,68,66,69,66,61,115,45,50,49,52,74,23,45,44,45,54,46,50,47,50,48,56,51,45,68,53,48,78,46,53,53,66,47,51,55,48,43,50,47,44,36,38,47,36,41,36,47,38,41,43,40,37,22,33,47,46,43,48,75,41,46,43,48,33,45,62,37,44,38,42,50,45,42,56,49,67,43,71,43,47,48,52,42,47,49,74,46,70,46,37,43,47,51,49,44,33,42,32,42,32,36,31,39,48,45,37,41,34,53,34,38,34,36,38,45,34,39,43,38,37,34,35,32,33,34,35,31,42,35,30,32,31,33,37,38,44,43,39,38,32,31,37,33,98,32,25,97,32,58,43,32,40,29,31,30,37,29,33,32,27,31,27,26,27,23,41,27,31,38,21,30,31,30,27,29,26,28,32,31,24,29,31,30,23,24,24,32,23,23,26,41,25,31,36,27,30,25,25,25,34,25,32,24,33,25,26,28,28,26,23,33,25,33,33,30,32,24,24,30,30,26,31,26,27,25,23,26,23,262,27,27,24,28,26,23,31,35,34,36,28,25,24,37,28,28,30,30,27,31,29,30,36,27,31,30,23,26,31,32,31,31,25,29,32,18,27,33,27,25,25,22,28,28,30,37,29,28,25,32,29,26,28,25,30,31,26,26,27,28,28,26,27,25,27,28,23,28,26,26,24,25,25,24,34,25,32,23,27,23,26,27,24,24,28,23,22,23,26,25,25,27,27,31,27,0,29,33,27,27,27,25,28,27,23,26,24,27,22,26,26,24,25,23,22,19,22,81,20,27,25,26,62,21,28,21,22,26,22,23
EPI_ISL_812787,134,132,132,129,128,74,125,83,74,82,79,89,117,97,99,87,99,103,91,89,87,73,78,63,64,81,81,60,60,61,81,61,59,59,61,31,23,33,35,64,64,35,65,65,25,38,41,36,70,70,70,26,58,60,66,75,72,67,67,58,60,60,58,60,59,62,63,61,59,63,59,64,56,61,58,61,64,62,55,60,61,58,62,54,63,66,62,59,64,65,54,60,57,58,56,62,56,58,60,54,64,47,66,56,65,55,67,67,63,54,62,61,60,60,66,57,74,67,60,58,58,66,55,61,57,57,64,62,58,56,63,67,61,54,66,64,69,69,67,62,65,67,67,63,65,63,66,63,58,113,30,47,34,35,59,20,30,29,30,37,31,33,32,33,31,39,34,30,53,50,29,61,29,50,50,51,32,34,38,37,28,35,36,27,23,25,44,23,26,33,32,35,30,26,23,26,19,28,30,31,26,31,72,28,43,30,35,24,42,59,22,27,23,39,49,28,25,53,32,52,28,56,28,44,31,35,29,30,34,59,29,67,31,24,28,32,36,34,41,17,39,19,39,29,33,28,35,42,37,32,38,27,36,31,35,26,33,35,41,31,36,40,33,20,17,18,15,16,17,18,28,25,18,13,29,14,20,34,35,39,26,22,27,19,14,20,30,96,15,22,80,15,41,40,29,23,26,28,27,34,12,16,15,24,14,24,23,24,20,24,24,14,35,18,13,14,13,24,24,9,25,15,28,21,18,22,21,20,19,21,15,12,20,23,38,20,14,33,10,21,22,22,22,31,22,29,23,16,22,23,25,19,15,20,18,22,16,20,17,15,17,9,27,19,9,24,23,10,10,20,9,20,260,10,10,17,17,11,20,20,20,31,33,23,20,21,20,11,13,27,27,24,14,26,27,33,24,28,27,20,9,28,15,14,28,22,26,27,16,24,30,10,22,22,19,25,25,13,20,26,25,22,29,26,23,25,22,27,14,23,19,12,11,25,23,10,22,10,11,20,11,23,23,21,22,8,21,31,22,29,20,24,20,23,24,21,21,25,20,19,20,23,22,22,24,24,28,10,29,0,16,10,10,10,22,11,24,12,9,11,10,19,23,23,21,22,20,19,16,19,78,17,24,22,23,59,18,23,18,19,11,19,20
EPI_ISL_2232349,138,136,136,133,132,78,129,87,78,86,83,93,121,103,103,91,105,107,95,93,91,77,82,67,68,85,85,64,64,65,85,65,63,63,65,35,27,37,39,68,68,39,69,69,29,42,45,40,74,74,74,30,62,64,70,79,76,71,71,62,64,64,62,64,63,66,67,65,63,67,63,68,60,65,62,65,68,66,59,64,65,62,66,58,67,70,66,63,68,69,58,64,61,62,60,66,60,62,64,58,68,51,70,60,69,59,71,71,67,58,66,65,64,64,70,61,78,71,64,62,62,70,59,65,61,61,68,66,62,60,67,71,65,58,70,68,73,73,71,66,69,71,71,67,69,67,70,67,62,115,34,51,38,39,63,24,34,33,34,41,35,37,36,37,35,43,38,34,57,54,35,65,33,54,54,55,36,38,42,41,32,39,40,31,27,29,48,27,30,37,36,39,34,32,27,30,23,34,34,35,30,35,76,32,47,34,39,26,46,63,24,31,27,43,53,32,29,57,36,56,32,60,32,48,35,39,33,34,38,63,33,71,35,28,32,36,40,38,45,19,43,23,43,33,37,32,39,47,42,37,42,33,40,35,39,32,37,39,45,35,40,44,37,22,19,20,17,18,21,20,32,29,22,15,33,16,24,38,39,45,30,26,31,23,16,24,34,100,19,26,82,19,45,44,32,25,30,31,30,33,14,17,16,28,16,28,27,28,24,20,28,16,39,22,15,17,15,28,28,11,29,19,32,25,24,26,23,24,23,25,19,16,24,27,42,24,12,37,14,25,26,26,26,35,26,33,27,18,26,27,29,23,19,24,22,26,18,22,21,19,21,13,31,23,7,26,27,14,14,24,11,24,264,12,12,21,21,15,24,24,22,35,37,27,24,25,22,15,16,31,31,28,18,26,29,33,28,32,31,24,13,32,15,12,32,25,26,31,20,28,33,14,26,26,23,29,29,11,22,28,29,26,32,27,27,29,26,31,18,27,23,16,15,29,27,8,26,8,9,24,13,27,27,25,26,8,25,35,26,33,24,28,24,27,28,25,25,29,24,23,24,27,26,26,28,28,31,14,33,16,0,8,8,8,26,9,28,16,13,15,14,23,27,27,25,26,24,23,20,23,82,21,28,26,27,63,22,27,22,23,13,23,24
EPI_ISL_2232348,132,130,130,127,126,72,123,81,72,80,77,87,115,97,97,85,99,101,89,87,85,71,76,61,62,79,79,58,58,59,79,59,57,57,59,29,21,31,33,62,62,33,63,63,23,36,39,34,68,68,68,24,56,58,64,73,70,65,65,56,58,58,56,58,57,60,61,59,57,61,57,62,54,59,56,59,62,60,53,58,59,56,60,52,61,64,60,57,62,63,52,58,55,56,54,60,54,56,58,52,62,45,64,54,63,53,65,65,61,52,60,59,58,58,64,55,72,65,58,56,56,64,53,59,55,55,62,60,56,54,61,65,59,52,64,62,67,67,65,60,63,65,65,61,63,61,64,61,56,111,28,45,32,33,57,18,28,27,28,35,29,31,30,31,29,37,32,28,51,48,29,59,27,48,48,49,30,32,36,35,26,33,34,25,21,23,42,21,24,31,30,33,28,26,21,24,17,28,28,29,24,29,70,26,41,28,33,20,40,57,18,25,21,37,47,26,23,51,30,50,26,54,26,42,29,33,27,28,32,57,27,65,29,22,26,30,34,32,39,13,37,17,37,27,31,26,33,41,36,31,36,27,34,29,33,26,31,33,39,29,34,38,31,16,13,14,11,12,15,14,26,23,16,9,27,10,18,32,33,39,24,20,25,17,10,18,28,94,13,20,76,13,39,36,27,19,24,26,25,32,8,12,11,22,10,22,21,22,18,20,22,12,33,16,9,12,11,22,22,5,23,13,26,19,18,20,17,18,17,19,13,10,18,21,36,18,10,31,8,19,20,20,20,29,20,27,21,12,20,21,23,17,13,18,16,20,12,16,15,13,15,7,25,17,1,20,21,8,8,18,5,18,258,6,6,15,15,9,18,18,16,29,31,21,18,19,16,9,11,25,25,22,12,24,25,31,22,26,25,18,7,26,13,12,26,20,24,25,14,22,28,8,20,20,17,23,23,5,16,24,23,20,27,24,21,23,20,25,12,21,17,10,9,23,21,2,20,2,3,18,7,21,21,19,20,2,19,29,20,27,18,22,18,21,22,19,19,23,18,17,18,21,20,20,22,22,26,8,27,10,8,0,2,2,20,3,22,10,7,9,8,17,21,21,19,20,18,17,14,17,76,15,22,20,21,57,16,21,16,17,9,17,18
EPI_ISL_2232346,132,130,130,127,126,72,123,81,72,80,77,87,115,97,97,85,99,101,89,87,85,71,76,61,62,79,79,58,58,59,79,59,57,57,59,29,21,31,33,62,62,33,63,63,23,36,39,34,68,68,68,24,56,58,64,73,70,65,65,56,58,58,56,58,57,60,61,59,57,61,57,62,54,59,56,59,62,60,53,58,59,56,60,52,61,64,60,57,62,63,52,58,55,56,54,60,54,56,58,52,62,45,64,54,63,53,65,65,61,52,60,59,58,58,64,55,72,65,58,56,56,64,53,59,55,55,62,60,56,54,61,65,59,52,64,62,67,67,65,60,63,65,65,61,63,61,64,61,56,111,28,45,32,33,57,18,28,27,28,35,29,31,30,31,29,37,32,28,51,48,29,59,27,48,48,49,30,32,36,35,26,33,34,25,21,23,42,21,24,31,30,33,28,26,21,24,17,28,28,29,24,29,70,26,41,28,33,20,40,57,18,25,21,37,47,26,23,51,30,50,26,54,26,42,29,33,27,28,32,57,27,65,29,22,26,30,34,32,39,13,37,17,37,27,31,26,33,41,36,31,36,27,34,29,33,26,31,33,39,29,34,38,31,16,13,14,11,12,15,14,26,23,16,9,27,10,18,32,33,39,24,20,25,17,10,18,28,94,13,20,76,13,39,38,27,19,24,26,25,32,8,12,11,22,10,22,21,22,18,20,22,12,33,16,9,12,11,22,22,5,23,13,26,19,18,20,17,18,17,19,13,10,18,21,36,18,10,31,8,19,20,20,20,29,20,27,21,12,20,21,23,17,13,18,16,20,12,16,15,13,15,7,25,17,1,20,21,8,8,18,5,18,258,6,6,15,15,9,18,18,16,29,31,21,18,19,16,9,11,25,25,22,12,24,25,31,22,26,25,18,7,26,13,12,26,20,24,25,14,22,28,8,20,20,17,23,23,5,16,24,23,20,27,24,21,23,20,25,12,21,17,10,9,23,21,2,20,2,3,18,7,21,21,19,20,2,19,29,20,27,18,22,18,21,22,19,19,23,18,17,18,21,20,20,22,22,26,8,27,10,8,2,0,2,20,3,22,10,7,9,8,17,21,21,19,20,18,17,14,17,76,15,22,20,21,57,16,21,16,17,9,17,18
EPI_ISL_2232328,132,130,130,127,126,72,123,81,72,80,77,87,115,97,97,85,99,101,89,87,85,71,76,61,62,79,79,58,58,59,79,59,57,57,59,29,21,31,33,62,62,33,63,63,23,36,38,34,68,68,68,24,56,58,64,73,70,65,65,56,58,58,56,58,57,60,61,59,57,61,57,62,54,59,56,59,62,60,53,58,59,56,60,52,61,64,60,57,62,63,52,58,55,56,54,60,54,56,58,52,62,45,64,54,63,53,65,65,61,52,60,59,58,58,64,55,72,65,58,56,56,64,53,59,55,55,62,60,56,54,61,65,59,52,64,62,67,67,65,60,63,65,65,61,63,61,64,61,56,111,28,45,32,33,57,18,28,27,28,35,29,31,30,31,29,37,32,28,51,48,29,59,27,48,48,49,30,32,36,35,26,33,34,25,21,23,42,21,24,31,30,33,28,26,21,24,17,28,28,29,24,29,70,26,41,28,33,20,40,57,18,25,21,37,47,26,23,51,30,50,26,54,26,42,29,33,27,28,32,57,27,65,29,22,26,30,34,32,39,13,37,17,37,27,31,26,33,41,36,31,36,27,34,29,33,26,31,33,39,29,34,38,31,16,13,14,11,12,15,14,26,23,16,9,27,10,18,32,33,39,24,20,25,17,10,18,28,94,13,20,76,13,39,38,27,19,24,26,25,32,8,12,11,22,10,22,21,22,18,20,22,12,33,16,9,12,11,22,22,5,23,13,26,19,18,20,17,18,17,19,13,10,18,21,36,18,10,31,8,19,20,20,20,29,20,27,21,12,20,21,23,17,13,18,16,20,12,16,15,13,15,7,25,17,1,20,21,8,8,18,5,18,258,6,6,15,15,9,18,18,16,29,31,21,18,19,16,9,11,25,25,22,12,24,25,31,22,26,25,18,7,26,13,12,26,20,24,25,14,22,28,8,20,20,17,23,23,5,16,24,23,20,27,24,21,23,20,25,12,21,17,10,9,23,21,2,20,2,3,18,7,21,21,19,20,2,19,29,20,27,18,22,18,21,22,19,19,23,18,17,18,21,20,20,22,22,26,8,27,10,8,2,2,0,20,3,22,10,7,9,8,17,21,21,19,20,18,17,14,17,76,15,22,20,21,57,16,21,16,17,9,17,18
EPI_ISL_812801,130,128,128,125,124,70,121,79,70,78,75,85,113,97,97,87,99,101,91,89,89,64,69,54,55,72,72,51,51,52,72,52,50,50,52,39,27,43,45,55,55,45,56,56,29,48,51,46,61,61,61,36,54,51,57,66,63,58,58,49,51,51,49,51,50,53,54,52,50,54,50,55,47,52,49,52,55,53,46,51,52,51,53,45,54,56,53,50,55,56,45,51,50,49,47,53,47,49,51,45,55,37,57,47,56,45,58,58,54,45,53,52,51,51,57,48,65,58,51,49,49,57,46,52,48,48,55,53,49,47,54,58,52,64,57,55,60,60,58,53,56,58,58,54,56,54,57,54,49,109,38,43,42,45,67,10,38,37,38,47,39,43,40,43,41,49,44,38,61,46,41,71,39,46,46,59,40,44,48,41,36,43,40,37,29,31,34,29,34,23,40,31,34,36,33,30,9,20,40,39,36,41,68,34,33,36,35,26,32,55,30,37,31,35,39,38,35,49,42,60,36,64,36,40,41,45,37,40,42,67,39,63,39,30,36,40,44,44,37,27,29,25,29,19,23,18,26,35,32,24,28,21,46,21,25,21,23,25,32,21,26,30,31,30,27,28,25,26,27,28,24,35,28,23,19,24,26,24,31,31,36,32,33,25,24,30,20,86,25,12,90,25,51,30,19,33,16,18,17,24,22,26,25,14,24,14,13,14,10,34,14,24,25,8,23,24,23,12,16,19,15,25,18,11,16,18,23,16,11,11,25,16,10,13,28,14,24,23,20,17,12,12,12,21,12,19,13,26,12,13,15,21,19,10,26,12,26,26,23,25,17,17,17,17,19,24,13,20,18,10,19,10,250,20,20,17,13,19,14,24,22,21,23,15,12,11,30,21,21,17,17,14,24,16,17,23,14,18,17,16,19,18,25,24,18,12,16,19,10,18,20,20,12,12,13,15,15,23,30,16,15,12,19,16,13,15,12,15,24,13,13,20,21,15,13,20,18,20,21,16,21,13,13,11,18,18,11,21,12,19,10,14,10,13,14,11,11,15,10,9,10,13,12,12,14,14,18,20,25,22,26,20,20,20,0,21,20,16,19,17,20,9,13,13,11,12,10,9,10,9,68,7,14,12,13,49,8,15,14,9,19,9,10
EPI_ISL_8189550,133,131,131,128,127,73,124,82,73,81,78,88,116,98,98,86,100,102,90,88,86,70,75,60,61,78,78,57,57,58,78,58,56,56,58,30,22,32,34,61,61,34,62,62,24,37,40,35,67,67,67,25,57,57,63,72,69,64,64,55,57,57,55,57,56,59,60,58,56,60,56,61,53,58,55,58,61,59,52,57,58,55,59,51,60,63,59,56,61,62,51,57,54,55,53,59,53,55,57,51,61,44,63,53,62,52,64,64,60,51,59,58,57,57,63,54,71,64,57,55,55,63,52,58,54,54,61,59,55,53,60,64,58,53,63,61,66,66,64,59,62,64,64,60,62,60,63,60,55,112,29,46,33,34,58,19,29,28,29,36,30,32,31,32,30,38,33,29,52,49,30,60,28,49,49,50,31,33,37,36,27,34,35,26,22,24,43,22,25,32,31,34,29,27,22,25,18,29,29,30,25,30,71,27,42,29,34,21,41,58,19,26,22,38,48,27,24,52,31,51,27,55,27,43,30,34,28,29,33,58,28,66,30,23,27,31,35,33,40,14,38,18,38,28,32,27,34,42,37,32,37,28,35,30,34,27,32,34,40,30,35,39,32,17,14,15,12,13,16,15,27,24,17,10,28,11,19,33,34,40,25,21,26,18,11,19,29,95,14,21,77,14,40,37,28,20,25,27,26,33,9,13,12,23,11,23,22,23,19,21,23,13,34,17,10,13,12,23,23,6,24,14,27,20,19,21,18,19,18,20,14,11,19,22,37,19,11,32,9,20,21,21,21,30,21,28,22,13,21,22,24,18,14,19,17,21,13,17,16,14,16,8,26,18,2,21,22,9,9,19,6,19,259,7,7,16,16,10,19,19,17,30,32,22,19,20,17,10,12,26,26,23,13,25,26,32,23,27,26,19,8,27,14,13,27,21,25,26,15,23,29,9,21,21,18,24,24,6,17,25,24,21,28,25,22,24,21,26,13,22,18,11,10,24,22,3,21,3,4,19,8,22,22,20,21,3,20,30,21,28,19,23,19,22,23,20,20,24,19,18,19,22,21,21,23,21,27,9,28,11,9,3,3,3,21,0,23,11,8,10,9,18,22,22,20,21,19,18,15,18,77,16,23,21,22,58,17,22,17,18,10,18,19
EPI_ISL_812800,132,130,130,127,126,72,123,81,72,80,77,87,115,99,99,89,99,103,93,91,91,71,76,61,62,79,79,58,58,59,79,59,57,57,59,41,29,45,47,62,62,47,63,63,31,50,53,48,68,68,68,38,56,58,64,73,70,65,65,56,58,58,56,58,57,58,61,59,57,61,57,62,52,59,56,59,62,60,53,58,59,58,60,52,61,64,60,57,62,63,52,58,57,56,54,60,54,56,58,52,62,43,64,54,63,51,65,65,61,52,60,59,58,58,64,55,72,65,58,56,56,64,53,59,55,55,62,60,56,54,61,65,59,66,64,62,67,67,65,60,63,65,65,61,63,61,64,61,56,111,38,43,44,47,69,14,40,39,40,49,39,45,42,45,43,51,46,40,63,48,43,73,41,46,48,61,42,46,50,43,38,45,42,39,31,33,38,31,36,31,42,33,36,38,35,32,13,28,42,41,38,43,70,36,37,38,39,28,36,57,32,39,33,37,43,40,37,51,44,62,38,66,38,42,43,47,39,42,44,69,41,65,41,32,38,42,46,46,39,29,35,27,37,27,31,26,34,43,40,32,36,29,48,29,33,29,31,33,40,29,34,38,33,32,29,30,27,28,29,30,26,35,30,25,27,26,28,32,33,35,36,34,35,27,26,32,28,92,27,18,92,27,53,38,27,35,24,26,25,32,24,28,27,22,26,22,21,22,18,36,22,26,33,16,25,26,25,16,24,21,23,27,24,15,20,24,21,18,15,15,27,16,14,17,32,18,26,31,22,23,18,16,16,29,16,23,21,28,16,17,23,21,21,14,26,16,28,26,25,27,17,19,23,21,21,22,19,22,20,14,21,14,258,22,22,15,19,21,14,26,30,25,27,19,16,15,32,23,23,25,23,22,26,24,25,31,22,26,25,18,21,26,27,26,26,20,24,27,12,18,28,22,20,18,15,23,23,23,32,24,23,20,27,24,21,23,20,21,26,19,17,22,23,23,17,22,20,22,23,18,23,21,21,19,20,20,19,25,20,26,18,22,18,21,20,19,19,23,18,17,18,19,20,18,22,22,26,22,27,24,28,22,22,22,20,23,0,18,21,19,22,17,21,19,19,18,14,17,12,17,76,15,21,20,21,57,16,19,12,17,21,17,18
EPI_ISL_812786,128,126,126,123,122,68,119,77,68,76,73,83,111,95,95,83,97,99,87,85,85,67,72,57,58,75,75,54,54,55,75,55,53,53,55,29,19,33,35,56,58,35,57,57,21,38,41,36,64,64,64,26,52,54,60,69,66,61,61,52,54,54,52,54,53,56,57,55,53,57,53,58,50,55,52,55,58,56,49,54,55,54,56,48,57,60,56,53,58,59,48,54,53,52,50,56,50,52,54,48,58,41,60,50,59,49,61,61,57,48,56,55,54,54,60,51,68,61,54,52,52,58,49,55,51,51,58,56,52,50,57,61,55,54,60,58,63,63,61,56,59,61,61,57,59,57,60,57,52,107,28,41,32,35,57,14,28,27,28,37,29,33,30,33,31,39,34,28,51,44,31,61,29,44,44,49,30,34,38,31,26,33,30,27,21,23,38,19,24,27,30,29,24,26,23,22,13,24,30,29,26,31,66,26,37,28,33,22,36,53,20,27,21,33,43,28,25,47,32,50,26,54,26,38,31,35,27,30,32,57,29,61,29,20,26,30,34,34,35,17,33,15,33,23,27,22,29,37,32,27,32,23,36,25,29,23,27,29,36,25,30,34,29,20,17,18,15,16,17,18,22,25,18,13,23,14,16,28,29,35,26,22,23,15,14,20,24,90,15,16,80,15,41,34,23,23,20,22,21,28,12,16,15,18,14,18,17,18,14,24,18,14,29,12,13,14,13,18,20,9,19,15,22,15,18,20,17,14,13,15,15,8,14,17,32,14,14,27,10,19,16,16,16,25,16,23,17,16,16,17,19,17,9,14,16,16,16,18,13,15,11,7,21,17,9,22,17,10,8,14,9,14,254,10,10,13,15,9,14,14,18,25,25,19,16,15,20,11,11,21,21,18,14,20,21,27,18,22,21,14,9,22,15,14,22,16,20,23,10,18,24,10,16,16,13,19,19,13,20,20,19,16,23,20,17,19,16,21,14,17,13,12,11,19,17,10,16,10,11,14,11,17,17,15,16,8,15,25,16,23,14,18,14,17,18,15,15,19,14,13,14,17,16,16,18,18,22,10,23,12,16,10,10,10,16,11,18,0,9,7,10,13,17,17,15,16,14,13,10,13,72,11,18,16,17,53,12,17,12,13,9,13,14
EPI_ISL_812783,131,129,129,126,125,71,122,80,71,79,76,86,114,96,96,82,98,100,86,86,82,70,75,60,61,78,78,57,57,58,78,58,56,56,58,24,16,26,28,61,61,28,62,62,18,31,34,29,67,67,67,17,55,57,63,72,69,64,64,55,57,57,55,57,56,59,60,58,56,60,56,61,53,58,55,58,61,59,52,57,58,55,59,51,60,63,59,56,61,62,51,57,54,55,53,59,53,55,57,51,61,44,63,53,62,52,64,64,60,51,59,58,57,57,63,54,71,64,57,55,55,63,52,58,54,54,61,59,55,53,60,64,58,45,63,61,66,66,64,59,62,64,64,60,62,60,63,60,55,110,21,44,25,26,50,17,21,20,21,28,22,24,23,24,22,30,25,21,44,47,22,52,20,45,47,42,23,25,29,34,19,26,33,18,14,18,41,16,19,30,25,32,27,21,16,19,16,27,21,22,17,22,69,19,40,23,28,21,39,56,19,20,18,36,46,19,16,50,23,43,19,47,19,41,22,26,20,21,25,50,20,64,22,21,19,23,27,25,38,14,36,16,36,26,30,25,32,40,35,30,35,26,27,28,32,25,30,32,38,28,33,37,30,17,14,15,12,13,10,15,25,16,9,10,26,11,17,31,32,38,17,15,24,16,11,11,27,93,6,19,77,12,38,37,26,20,23,25,24,31,9,13,12,21,11,21,20,21,17,21,21,7,32,15,10,11,8,21,21,6,22,6,25,18,17,19,16,17,16,18,6,9,17,20,35,13,11,30,3,18,19,19,19,28,19,26,20,13,19,20,22,16,12,17,9,19,13,17,14,6,14,6,24,16,6,21,20,1,7,17,6,17,257,7,7,14,14,8,17,17,17,28,30,18,17,18,17,2,10,24,24,21,11,23,24,30,21,25,24,17,2,25,8,7,25,19,23,24,13,21,27,1,19,19,16,22,22,10,17,23,22,19,26,23,20,22,19,24,11,20,16,9,2,22,20,7,19,7,8,17,8,20,20,18,19,5,18,28,19,26,17,21,17,20,21,18,18,22,17,16,17,20,19,19,21,21,25,1,26,9,13,7,7,7,19,8,21,9,0,8,3,16,20,20,18,19,17,16,13,16,75,14,21,19,20,56,13,20,15,16,8,16,17
EPI_ISL_1109486,129,127,127,124,123,69,120,78,69,77,74,84,112,94,94,82,96,98,86,84,84,68,73,58,59,76,76,55,55,56,76,56,54,54,56,28,18,32,34,59,59,34,60,60,20,37,40,35,65,65,65,25,53,55,61,70,67,62,62,53,55,55,53,55,54,57,58,56,54,58,54,59,51,56,53,56,59,57,50,55,56,55,57,49,58,61,57,54,59,60,49,55,54,53,51,57,51,53,55,49,57,42,61,51,60,50,62,62,58,49,57,56,55,55,61,52,69,62,55,53,53,61,50,56,52,52,59,57,53,51,58,62,56,53,61,59,64,64,62,57,60,62,62,58,60,58,59,58,53,108,27,42,31,34,56,15,27,26,27,36,28,32,29,32,30,38,33,27,50,45,30,60,28,45,45,48,29,33,37,32,25,32,31,26,20,22,39,18,23,28,29,30,25,25,22,21,14,25,29,28,25,30,67,25,38,27,32,21,37,54,19,26,20,34,44,27,24,48,31,49,25,53,25,39,30,34,26,29,31,56,28,62,28,19,25,29,33,33,34,16,34,14,34,24,28,23,30,38,33,28,33,24,35,26,30,24,28,30,36,26,31,35,30,19,16,17,14,15,16,17,23,24,17,12,24,13,15,29,30,36,25,21,22,14,13,19,25,91,14,17,79,14,40,35,24,22,21,23,22,29,11,15,14,19,13,19,18,19,15,23,19,13,30,13,12,13,12,19,21,8,20,14,23,16,19,21,16,15,14,16,14,7,15,18,33,15,13,28,9,18,17,17,17,26,17,24,18,15,17,18,20,16,10,15,15,17,15,19,12,14,12,6,22,18,8,21,18,9,7,15,8,15,255,9,9,12,16,8,15,15,19,26,28,20,15,16,19,10,10,22,22,19,13,21,22,28,19,23,22,15,8,23,14,13,23,17,21,24,11,19,25,9,17,17,14,20,20,12,19,21,20,17,24,21,18,20,17,22,13,18,14,11,10,20,18,9,17,9,10,15,10,18,18,16,17,7,14,26,17,24,15,19,15,16,18,16,16,20,15,14,15,18,17,17,19,19,23,9,24,11,15,9,9,9,17,10,19,7,8,0,9,14,18,18,16,17,15,14,11,14,73,12,19,17,18,54,13,18,13,14,8,14,15
EPI_ISL_812799,132,130,130,127,126,72,123,81,72,80,77,87,115,97,97,83,99,101,87,87,83,71,76,61,62,79,79,58,58,59,79,59,57,57,59,25,17,27,29,62,62,29,63,63,19,32,35,30,68,68,68,20,56,58,64,73,70,65,65,56,58,58,56,58,57,60,61,59,57,61,57,62,54,59,56,59,62,60,53,58,59,56,60,52,61,64,60,57,62,63,52,58,55,56,54,60,54,56,58,52,62,45,64,54,63,53,65,65,61,52,60,59,58,58,64,55,72,65,58,56,56,64,53,59,55,55,62,60,56,54,61,65,59,48,64,62,67,67,65,60,63,65,65,61,63,61,64,61,56,111,24,45,28,29,53,18,24,23,24,31,25,27,26,27,25,33,28,24,47,48,25,55,23,48,48,45,26,28,32,35,22,29,34,21,17,19,42,17,20,31,26,33,28,22,17,20,17,28,24,25,20,25,70,22,41,24,31,22,40,57,20,21,19,37,47,22,19,51,26,46,22,50,22,42,25,29,23,24,28,53,23,65,25,22,22,26,30,28,39,15,37,17,37,27,31,26,33,41,36,31,36,27,30,29,33,26,31,33,39,29,34,38,31,18,15,16,13,14,11,16,26,19,12,11,27,12,18,32,33,39,20,16,25,17,12,14,28,94,9,20,78,13,39,38,27,21,24,26,25,32,10,14,13,22,12,22,21,22,18,22,22,8,31,16,11,12,9,22,22,7,23,9,26,19,18,20,17,18,17,19,9,10,18,21,36,16,12,31,4,19,20,20,20,29,20,27,21,14,20,21,23,17,13,18,12,20,14,18,15,9,15,7,25,17,7,22,21,4,8,18,7,18,258,8,8,15,15,9,18,18,18,29,31,19,18,19,18,5,11,25,25,22,12,24,25,31,22,26,25,18,5,26,11,10,26,20,24,25,14,22,28,4,20,20,17,23,23,11,18,24,23,20,27,24,21,23,20,25,12,21,17,10,5,23,21,8,20,8,9,18,9,19,21,19,20,6,19,29,20,27,18,22,18,21,22,19,19,23,18,17,18,21,20,20,22,22,26,4,27,10,14,8,8,8,20,9,22,10,3,9,0,17,21,21,19,20,18,17,14,17,76,15,22,20,21,57,14,21,16,17,9,17,18
EPI_ISL_812794,127,125,125,122,121,67,118,76,67,75,72,82,110,94,94,84,96,98,88,86,86,61,66,51,52,69,69,48,48,49,69,49,47,47,49,36,24,40,42,52,52,42,53,53,26,45,48,43,58,58,58,33,51,48,54,63,60,55,55,46,48,48,46,48,47,50,51,49,47,49,47,52,44,49,46,49,50,48,43,46,47,46,50,40,49,52,48,47,52,51,42,48,47,46,44,50,44,44,46,42,52,34,54,44,53,42,55,55,49,42,50,49,48,48,54,45,60,55,48,46,46,52,41,47,45,45,52,50,46,44,51,55,49,61,54,52,57,57,55,50,53,55,55,51,53,51,54,51,46,106,35,40,39,42,62,7,35,34,35,44,36,40,37,40,38,46,41,35,58,43,38,66,36,43,43,56,37,41,45,38,33,40,37,34,26,28,31,26,31,16,37,28,31,33,30,27,6,13,37,36,33,38,63,31,30,33,32,23,29,52,27,34,28,32,36,35,32,46,39,57,33,61,33,37,38,42,34,37,39,64,36,60,36,27,33,37,41,41,34,24,24,22,22,14,16,13,19,30,27,19,25,14,43,14,18,16,17,18,29,14,19,27,28,27,24,25,22,23,24,25,21,32,25,20,12,21,23,17,28,26,33,29,30,22,21,27,13,81,22,7,87,22,48,25,14,30,11,13,12,19,19,23,22,9,21,9,8,9,3,31,11,21,20,1,20,19,20,11,9,16,10,22,11,8,13,15,20,13,8,8,22,13,7,8,25,11,21,16,17,14,9,9,9,14,9,16,6,23,9,10,10,16,16,7,23,9,23,23,20,22,14,14,10,14,16,21,10,17,15,7,16,7,245,17,17,14,12,16,13,21,19,16,20,12,9,6,27,18,18,10,12,9,21,11,10,16,7,11,10,13,16,11,22,21,11,9,13,12,9,17,13,17,5,7,12,8,8,20,27,11,8,5,12,13,6,12,7,14,21,8,10,17,18,8,8,17,15,17,18,13,18,6,6,4,15,15,4,18,9,13,4,10,3,6,8,4,6,8,7,4,5,8,5,5,10,7,11,17,22,19,23,17,17,17,9,18,17,13,16,14,17,0,6,10,8,7,7,4,9,4,61,4,9,7,6,44,5,12,11,2,16,2,3
EPI_ISL_529031,131,129,129,126,125,71,122,80,71,79,76,86,114,98,98,88,100,102,92,90,90,65,70,55,56,73,73,52,52,53,73,53,51,51,53,40,28,44,46,56,56,46,57,57,30,49,52,47,62,62,62,37,55,52,58,67,64,59,59,50,52,52,50,52,51,54,55,53,51,53,51,56,48,53,50,53,54,52,47,50,51,50,54,44,53,56,52,51,56,55,46,52,51,50,48,54,48,48,50,46,56,38,58,48,57,46,59,59,53,46,54,53,52,52,58,49,64,59,52,50,50,56,45,51,49,49,56,54,50,48,55,59,53,65,58,56,61,61,59,54,57,59,59,55,57,55,58,55,50,110,39,44,43,46,66,11,39,38,39,48,40,44,41,44,42,50,45,39,62,47,42,70,40,47,47,60,41,45,49,42,37,44,41,38,30,32,35,30,35,20,41,32,35,37,34,31,10,17,41,40,37,42,67,35,34,37,36,27,33,56,31,38,32,36,40,39,36,50,43,61,37,65,37,41,42,46,38,41,43,68,40,64,40,31,37,41,45,45,38,28,28,26,26,18,20,17,23,34,31,23,29,18,47,18,22,20,21,22,33,18,23,31,32,31,28,29,26,27,28,29,25,36,29,24,16,25,27,21,32,30,37,33,34,26,25,31,17,85,26,11,91,26,52,29,18,34,15,17,16,23,23,27,26,13,25,13,12,13,7,35,15,25,24,5,24,23,24,15,13,20,14,26,15,12,17,19,24,17,12,12,26,17,11,12,29,15,25,20,21,18,13,13,13,18,13,20,10,27,13,14,14,20,20,11,27,13,27,27,24,26,18,18,14,18,20,25,14,21,19,11,20,11,249,21,21,18,16,20,17,25,23,20,24,16,13,10,31,22,22,14,16,13,25,15,14,20,11,15,14,17,20,15,26,25,15,13,17,16,13,21,17,21,9,11,16,12,12,24,31,15,12,9,16,17,10,16,11,18,25,12,14,21,22,12,12,21,19,21,22,17,22,10,10,8,19,19,8,22,13,17,8,14,5,10,12,8,10,12,11,8,9,12,9,9,14,11,15,21,26,23,27,21,21,21,13,22,21,17,20,18,21,6,0,14,12,11,11,8,13,8,65,8,13,11,10,48,9,16,15,6,20,6,7
EPI_ISL_812784,131,129,129,126,125,71,122,80,71,79,76,86,114,98,98,88,100,102,92,90,90,65,70,55,56,73,73,52,52,53,73,53,51,51,53,40,28,44,46,56,56,46,57,57,30,49,52,47,62,62,62,37,55,52,58,67,64,59,59,50,52,52,50,52,51,54,55,53,51,55,51,56,48,53,50,53,56,54,47,52,53,52,54,46,55,58,54,51,56,57,46,52,51,50,48,54,48,50,52,46,56,38,58,48,57,46,59,59,55,46,54,53,52,52,58,49,66,59,52,50,50,58,47,53,49,49,56,54,50,48,55,59,53,65,58,56,61,61,59,54,57,59,59,55,57,55,58,55,50,110,39,44,43,46,68,9,39,38,39,48,40,44,41,44,42,50,45,39,62,47,42,72,40,47,47,58,41,45,49,42,37,44,41,38,30,32,33,30,35,22,41,32,35,37,34,31,8,21,41,40,37,42,67,35,32,37,34,27,31,56,31,38,32,36,38,39,36,50,43,59,37,65,37,41,42,46,38,41,43,68,40,62,40,31,37,41,45,45,38,28,30,26,26,20,22,19,25,36,33,25,27,22,47,20,24,22,22,25,32,22,25,29,32,31,28,29,26,27,28,29,25,36,29,24,20,25,27,25,32,30,37,33,34,26,25,31,21,87,26,11,91,26,52,31,20,34,17,19,18,25,23,27,26,15,25,15,14,15,9,35,15,25,26,9,24,25,24,13,9,20,14,26,9,8,15,17,22,17,10,10,26,15,9,12,27,13,25,22,21,16,13,11,11,20,11,18,14,27,11,12,16,22,20,9,25,11,27,27,24,26,16,18,12,16,20,23,12,21,19,9,20,9,251,21,21,16,14,20,17,25,23,20,22,14,11,10,31,22,22,18,16,15,25,17,16,22,15,17,16,17,20,17,26,25,17,13,17,12,13,21,19,21,11,13,16,16,16,24,31,17,16,13,20,17,14,14,13,16,25,12,12,21,22,8,12,21,19,21,22,17,22,12,14,12,19,19,12,20,13,19,11,15,11,14,13,12,12,16,11,10,11,12,13,11,15,15,19,21,26,23,27,21,21,21,13,22,19,17,20,18,21,10,14,0,12,13,9,10,13,10,69,8,14,13,14,50,9,14,13,10,20,10,11
EPI_ISL_812791,129,127,127,124,123,69,120,78,69,77,74,84,112,96,96,86,98,100,90,88,88,63,68,53,54,71,71,50,50,51,71,51,49,49,51,38,26,42,44,54,54,44,55,55,28,47,50,45,60,60,60,35,53,50,56,65,62,57,57,48,50,50,48,50,49,52,53,51,49,53,49,54,46,51,48,51,54,52,45,50,51,50,52,44,53,56,52,49,54,55,44,50,49,48,46,52,46,48,50,44,54,36,56,46,55,44,57,57,53,44,52,51,50,50,56,47,64,57,50,48,48,56,45,51,47,47,54,52,48,46,53,57,51,63,56,54,59,59,57,52,55,57,57,53,55,53,56,53,48,108,37,42,41,44,66,9,37,36,37,46,38,42,39,42,40,48,43,37,60,45,40,70,38,45,45,58,39,43,47,40,35,42,39,36,28,30,33,28,33,22,39,30,33,35,32,29,8,19,39,38,35,40,67,33,32,35,34,25,31,54,29,36,30,34,38,37,34,48,41,59,35,63,35,39,40,44,36,39,41,66,38,62,38,29,35,39,43,43,36,26,28,24,28,18,22,17,25,34,31,23,27,20,45,20,24,20,22,24,31,20,25,29,30,29,26,27,24,25,26,27,23,34,27,22,18,23,25,23,30,30,35,31,32,24,23,29,19,85,24,11,89,24,50,29,18,32,15,17,16,23,21,25,24,13,23,13,12,13,9,33,13,23,24,7,22,23,22,13,15,18,14,24,17,10,15,17,22,15,10,10,24,15,9,12,27,13,23,22,19,16,11,11,11,20,11,18,12,25,11,12,14,20,18,9,25,11,25,25,22,24,16,16,16,16,18,23,12,19,17,9,18,9,249,19,19,16,14,18,15,23,21,20,22,14,11,10,29,20,20,16,16,13,23,15,16,22,13,17,16,15,18,17,24,23,17,11,15,18,11,19,19,19,11,11,14,14,14,22,29,15,14,11,18,15,12,14,11,16,23,12,12,19,20,14,12,19,17,19,20,15,20,12,12,10,17,17,10,20,11,14,9,10,9,12,13,10,10,14,1,8,9,8,11,11,13,13,17,19,24,21,25,19,19,19,11,20,19,15,18,16,19,8,12,12,0,11,9,8,11,8,67,6,9,11,12,48,7,14,13,8,18,8,9
EPI_ISL_812790,130,128,128,125,124,70,121,79,70,78,75,85,113,97,97,87,97,101,91,89,89,64,69,54,55,72,72,51,51,52,72,52,50,50,52,39,27,43,45,55,55,45,56,56,29,48,51,46,61,61,61,36,54,51,57,66,63,58,58,49,51,51,49,51,50,53,54,52,50,54,50,55,47,52,49,52,55,53,46,51,52,51,53,45,54,57,53,50,55,56,45,51,50,49,47,53,47,49,51,45,55,35,57,47,56,43,58,58,54,45,53,52,51,51,57,48,65,58,51,49,49,57,46,52,48,48,55,53,49,47,54,58,52,64,57,55,60,60,58,53,56,58,58,54,56,54,57,54,49,109,38,43,42,45,67,8,38,37,38,47,39,43,40,43,41,49,44,38,61,46,41,71,39,46,46,59,40,44,48,41,36,43,40,37,29,31,32,29,34,21,40,31,34,36,33,30,7,18,40,39,36,41,68,34,31,36,33,26,30,55,30,37,31,35,37,38,35,49,42,60,36,64,36,40,41,45,37,40,42,67,39,63,39,30,36,40,44,44,37,27,25,25,27,15,21,14,24,34,31,23,28,19,46,19,23,20,22,23,32,19,24,30,31,30,27,28,25,26,27,28,24,35,28,23,17,24,26,22,31,27,36,32,33,25,24,30,18,82,25,10,90,25,51,28,15,33,12,14,13,20,22,26,25,10,24,10,9,10,8,34,14,24,23,6,23,22,23,14,14,19,15,25,16,9,14,18,21,16,9,9,25,16,8,7,26,12,24,21,20,17,10,10,10,19,10,17,11,26,10,11,11,19,19,8,26,10,26,24,23,25,17,17,13,15,19,22,13,20,18,8,19,8,248,20,20,15,13,19,16,24,22,17,21,13,10,7,30,21,21,15,13,10,24,14,15,21,12,16,15,16,19,16,25,24,16,6,16,17,12,20,18,20,10,6,15,13,13,23,30,12,13,10,17,16,11,15,8,15,24,11,11,20,21,13,9,20,18,20,21,16,21,11,11,9,18,18,9,19,12,17,6,12,8,11,12,9,10,13,10,5,6,10,10,10,13,12,16,20,25,22,26,20,20,20,12,21,18,16,19,17,20,7,11,13,11,0,8,5,12,5,66,7,11,11,11,45,8,13,12,7,19,7,8
EPI_ISL_812785,128,126,126,123,122,68,119,77,68,76,73,83,111,95,95,85,95,99,89,87,87,62,67,52,53,70,70,49,49,50,70,50,48,48,50,37,25,41,43,53,53,43,54,54,27,46,49,44,59,59,59,34,52,49,55,64,61,56,56,47,49,49,47,49,48,51,52,50,48,52,48,53,45,50,47,50,53,51,44,49,50,49,51,43,52,55,51,48,53,54,43,49,48,47,45,51,45,47,49,43,53,33,55,45,54,41,56,56,52,43,51,50,49,49,55,46,63,56,49,47,47,55,44,50,46,46,53,51,47,45,52,56,50,62,55,53,58,58,56,51,54,56,56,52,54,52,55,52,47,107,36,41,40,43,65,4,36,35,36,45,37,41,38,41,39,47,42,36,59,44,39,69,37,44,44,57,38,42,46,39,34,41,38,35,27,29,28,27,32,21,38,29,32,34,31,28,3,18,38,37,34,39,66,32,27,34,29,24,26,53,28,35,29,33,33,36,33,47,40,58,34,62,34,38,39,43,35,38,40,65,37,61,36,28,34,38,42,42,35,25,27,23,27,17,21,16,24,33,30,22,26,19,44,19,23,19,21,23,30,19,24,28,29,28,25,26,23,24,25,26,22,33,26,21,17,22,24,22,29,25,34,30,31,23,22,28,18,84,23,8,88,23,49,28,17,31,14,16,15,22,20,24,23,12,22,12,11,12,8,32,12,22,23,6,21,22,21,10,14,17,13,23,14,5,10,14,17,14,5,5,23,12,4,7,22,8,22,21,18,13,8,6,6,19,6,13,11,24,6,7,13,17,17,4,22,6,24,22,21,23,13,15,13,11,17,18,9,18,16,4,17,4,248,18,18,11,9,17,14,22,20,15,17,9,6,5,28,19,19,15,13,12,22,14,15,21,12,16,15,14,17,16,23,22,16,10,14,17,10,18,18,18,10,8,13,13,13,21,28,14,13,10,17,14,11,13,10,11,22,9,7,18,19,13,7,18,16,18,19,14,19,11,11,9,16,16,9,15,10,16,8,12,8,11,10,9,9,13,8,7,8,9,10,8,12,12,16,18,23,20,24,18,18,18,10,19,14,14,17,15,18,7,11,9,9,8,0,7,10,7,66,5,11,10,11,47,6,9,8,7,17,7,8
EPI_ISL_482774,127,125,125,122,121,67,118,76,67,75,72,82,110,94,94,84,96,98,88,86,86,61,66,51,52,69,69,48,48,49,69,49,47,47,49,36,24,40,42,52,52,42,53,53,26,45,48,43,58,58,58,33,51,48,54,63,60,55,55,46,48,48,46,48,47,50,51,49,47,51,47,52,44,49,46,49,52,50,43,48,49,48,50,42,51,54,50,47,52,53,42,48,47,46,44,50,44,46,48,42,52,34,54,44,53,42,55,55,51,42,50,49,48,48,54,45,62,55,48,46,46,54,43,49,45,45,52,50,46,44,51,55,49,61,54,52,57,57,55,50,53,55,55,51,53,51,54,51,46,106,35,40,39,42,64,7,35,34,35,44,36,40,37,40,38,46,41,35,58,43,38,68,36,43,43,56,37,41,45,38,33,40,37,34,26,28,31,26,31,18,37,28,31,33,30,27,6,15,37,36,33,38,65,31,30,33,32,23,29,52,27,34,28,32,36,35,32,46,39,57,33,61,33,37,38,42,34,37,39,64,36,60,36,27,33,37,41,41,34,24,22,22,24,12,18,11,21,31,28,20,25,16,43,16,20,17,19,20,29,16,21,27,28,27,24,25,22,23,24,25,21,32,25,20,14,21,23,19,28,26,33,29,30,22,21,27,15,79,22,7,87,22,48,25,12,30,9,11,10,17,19,23,22,7,21,7,6,7,5,31,11,21,20,3,20,19,20,11,11,16,12,22,13,8,13,15,20,13,8,8,22,13,7,6,25,11,21,18,17,14,9,9,9,16,9,16,8,23,9,10,8,18,16,7,23,9,23,23,20,22,14,14,12,14,16,21,10,17,15,7,16,7,245,17,17,14,12,16,13,21,19,16,20,12,9,6,27,18,18,12,10,7,21,11,12,18,9,13,12,13,16,13,22,21,13,7,13,14,9,17,15,17,7,5,12,10,10,20,27,9,10,7,14,13,8,12,5,14,21,10,10,17,18,10,8,17,15,17,18,13,18,8,8,6,15,15,6,18,9,14,3,9,5,8,9,6,7,10,7,2,3,7,7,7,10,9,13,17,22,19,23,17,17,17,9,18,17,13,16,14,17,4,8,10,8,5,7,0,9,2,63,4,8,8,8,42,5,12,11,4,16,4,5
EPI_ISL_482773,124,122,122,119,118,64,115,73,64,72,69,79,107,91,91,81,93,95,85,83,83,63,68,53,54,71,71,50,50,51,71,51,49,49,51,33,21,37,39,54,54,39,55,55,23,42,45,40,60,60,60,30,48,50,56,65,62,57,57,48,50,50,48,50,49,50,53,51,49,53,49,54,44,51,48,51,54,52,45,50,51,50,52,44,53,56,52,49,54,55,44,50,49,48,46,52,46,48,50,44,54,37,56,46,55,45,57,57,53,44,52,51,50,50,56,47,64,57,50,48,48,56,45,51,47,47,54,52,48,46,53,57,51,58,56,54,59,59,57,52,55,57,57,53,55,53,56,53,48,103,30,35,36,39,61,10,32,31,32,41,31,37,34,37,35,43,38,32,55,40,35,65,33,38,40,53,34,38,42,35,30,37,34,31,23,25,34,23,28,23,34,25,28,30,27,24,9,20,34,33,30,35,62,28,33,30,35,20,32,49,24,31,25,29,39,32,29,43,36,54,30,58,30,34,35,39,31,34,36,61,33,57,33,24,30,34,38,38,31,21,29,19,29,19,23,18,26,35,32,24,28,21,40,21,25,21,23,25,32,21,26,30,25,24,21,22,19,20,21,22,18,27,22,17,19,18,20,24,25,31,28,26,27,19,18,24,20,86,19,12,84,19,45,30,19,27,16,18,17,24,16,20,19,14,18,14,13,14,10,28,14,18,25,8,17,18,17,10,16,13,15,19,18,11,16,18,17,10,11,11,19,10,10,13,28,14,18,23,14,17,12,12,12,21,12,19,13,20,12,13,15,15,13,10,20,12,20,20,17,19,11,11,17,17,13,18,13,14,12,10,13,10,250,14,14,11,15,13,6,18,22,21,23,15,12,11,24,15,15,17,17,14,18,16,17,23,14,18,17,10,13,18,19,18,18,12,16,19,2,10,20,14,12,12,5,15,15,15,24,16,15,12,19,16,13,15,12,15,18,13,13,14,15,15,13,14,12,14,15,10,15,13,13,11,12,12,11,21,12,19,10,14,10,13,14,11,11,15,10,9,10,13,12,12,14,14,18,14,19,16,20,14,14,14,10,15,12,10,13,11,14,9,13,13,11,12,10,9,0,9,68,7,14,12,13,49,8,15,8,9,13,9,10
EPI_ISL_812789,127,125,125,122,121,67,118,76,67,75,72,82,110,94,94,84,96,98,88,86,86,61,66,51,52,69,69,48,48,49,69,49,47,47,49,36,24,40,42,52,52,42,53,53,26,45,48,43,58,58,58,33,51,48,54,63,60,55,55,46,48,48,46,48,47,50,51,49,47,51,47,52,44,49,46,49,52,50,43,48,49,48,50,42,51,54,50,47,52,53,42,48,47,46,44,50,44,46,48,42,52,34,54,44,53,42,55,55,51,42,50,49,48,48,54,45,62,55,48,46,46,54,43,49,45,45,52,50,46,44,51,55,49,61,54,52,57,57,55,50,53,55,55,51,53,51,54,51,46,106,35,40,39,42,64,7,35,34,35,44,36,40,37,40,38,46,41,35,58,43,38,68,36,43,43,56,37,41,45,38,33,40,37,34,26,28,31,26,31,18,37,28,31,33,30,27,6,15,37,36,33,38,65,31,30,33,32,23,29,50,27,34,28,32,36,35,32,46,39,57,33,61,33,37,38,42,34,37,39,64,36,60,36,27,33,37,41,41,34,24,22,22,24,12,18,11,21,31,28,20,25,16,43,16,20,17,19,20,29,16,21,27,28,27,24,25,22,23,24,25,21,32,25,20,14,21,23,19,28,26,33,29,30,22,21,27,15,79,22,7,87,22,48,25,12,28,9,11,10,17,19,23,22,7,21,7,6,7,5,31,11,21,20,3,20,19,20,11,11,16,12,22,13,8,13,15,20,13,8,8,22,13,7,6,25,11,21,18,17,14,9,9,9,16,9,16,8,23,9,10,8,18,16,7,23,9,23,23,20,22,14,14,12,14,16,21,10,17,15,7,16,7,245,17,17,14,12,16,13,21,19,16,20,12,9,6,27,18,18,12,10,7,21,11,12,18,9,13,12,13,16,13,22,21,13,7,13,14,9,17,15,17,7,5,12,10,10,20,27,9,10,7,14,13,8,12,5,14,21,10,10,17,18,10,8,17,15,17,18,13,18,8,8,6,15,15,6,18,9,14,3,9,5,8,9,6,7,10,7,2,3,7,7,7,10,9,13,17,22,19,23,17,17,17,9,18,17,13,16,14,17,4,8,10,8,5,7,2,9,0,63,4,8,8,8,42,5,12,11,4,16,4,5
EPI_ISL_1165083,185,183,183,180,179,125,176,134,125,133,130,140,168,153,153,143,155,157,147,145,145,120,125,110,111,128,128,107,107,108,128,108,106,106,108,95,83,99,101,111,111,101,112,112,85,104,107,102,117,117,117,92,110,107,113,122,119,114,114,105,107,107,105,106,106,109,110,108,106,108,106,111,103,108,105,108,109,107,102,105,106,105,109,99,108,111,107,106,111,110,101,107,105,105,103,109,103,103,105,101,111,93,113,103,112,101,114,114,108,101,109,108,107,107,113,104,118,114,107,105,105,111,100,106,104,104,111,109,105,103,110,114,108,120,113,111,116,116,114,109,112,114,114,110,112,110,113,110,105,165,94,99,98,101,121,66,94,93,94,103,95,99,96,98,97,105,100,94,117,101,97,125,95,102,102,115,96,100,104,97,92,99,96,93,85,87,90,85,90,75,96,87,90,92,89,86,65,71,96,95,92,97,122,90,89,92,91,82,88,111,86,93,87,91,94,94,91,105,98,116,92,120,92,96,97,101,93,96,98,123,95,119,95,85,92,96,100,100,93,83,83,81,81,73,75,72,78,89,86,77,84,73,102,73,77,75,76,77,88,73,78,86,87,84,83,84,81,82,83,84,80,91,84,78,71,80,82,76,87,85,92,88,89,81,80,86,72,140,81,66,145,81,107,84,73,89,70,72,71,78,78,82,81,68,80,68,67,68,62,90,70,80,79,60,79,78,79,70,68,75,69,81,70,67,72,74,79,72,67,67,81,72,66,67,84,70,80,75,76,73,68,68,68,73,68,75,65,82,68,69,69,75,75,66,82,68,82,82,79,81,73,73,69,73,75,80,69,76,74,66,75,66,292,76,76,73,71,75,72,80,77,75,79,71,68,65,86,77,77,69,71,68,80,70,69,75,66,70,69,72,75,70,81,80,70,68,72,71,68,76,72,76,64,66,71,67,67,79,86,70,67,64,71,72,65,71,66,73,80,67,69,76,77,67,67,76,74,76,77,72,77,65,65,63,74,74,63,77,68,72,63,69,62,65,67,63,65,67,66,63,64,67,64,64,69,66,70,76,81,78,82,76,76,76,68,77,76,72,75,73,76,61,65,69,67,66,66,63,68,63,0,63,68,66,65,91,64,71,70,61,75,61,62
EPI_ISL_482764,125,123,123,120,119,65,116,74,65,73,70,80,108,92,92,82,94,96,86,84,84,59,64,49,50,67,67,46,46,47,67,47,45,45,47,34,22,38,40,50,50,40,51,51,24,43,46,41,56,56,56,31,49,46,52,61,58,53,53,44,46,46,44,46,45,48,49,47,45,49,45,50,42,47,44,47,50,48,41,46,47,46,48,40,49,52,48,45,50,51,40,46,45,44,42,48,42,44,46,40,50,32,52,42,51,40,53,53,49,40,48,47,46,46,52,43,60,53,46,44,44,52,41,47,43,43,50,48,44,42,49,53,47,59,52,50,55,55,53,48,51,53,53,49,51,49,52,49,44,104,33,38,37,40,62,5,33,32,33,42,34,38,35,38,36,44,39,33,56,41,36,66,34,41,41,54,35,39,43,36,31,38,35,32,24,26,29,24,29,18,35,26,29,31,28,25,4,15,35,34,31,36,63,29,28,31,30,21,27,50,25,32,26,30,34,33,30,44,37,55,31,59,31,35,36,40,32,35,37,62,34,58,34,25,31,35,39,39,32,22,24,20,24,14,18,13,21,30,27,19,23,16,41,16,20,16,18,20,27,16,21,25,26,25,22,23,20,21,22,23,19,30,23,18,14,19,21,19,26,26,31,27,28,20,19,25,15,81,20,7,85,20,46,25,14,28,11,13,12,19,17,21,20,9,19,9,8,9,5,29,7,19,20,3,18,19,18,9,11,14,10,20,13,6,11,13,18,11,6,6,20,11,5,8,23,9,19,18,15,12,7,7,7,16,7,14,8,21,7,8,10,16,14,5,21,7,21,21,18,20,12,12,12,12,14,19,8,15,13,5,14,5,245,15,15,12,10,14,11,19,17,16,18,10,7,6,25,16,16,12,12,9,19,11,12,18,9,13,12,11,14,13,20,19,13,7,9,14,7,15,15,15,7,7,10,10,10,18,25,11,10,7,14,11,8,10,7,12,19,8,8,15,16,10,8,15,13,15,16,11,16,8,8,6,13,13,6,16,7,14,5,9,5,8,9,6,6,10,5,4,5,8,7,7,9,9,13,15,20,17,21,15,15,15,7,16,15,11,14,12,15,4,8,8,6,7,5,4,7,4,63,0,9,7,8,44,1,10,9,4,14,4,5
EPI_ISL_469275,132,130,130,127,126,72,123,81,72,80,77,87,115,99,99,89,101,103,93,91,91,66,71,56,57,74,74,53,53,54,74,54,52,52,54,41,29,45,47,57,57,47,58,58,31,50,53,48,63,63,63,38,56,53,59,68,65,60,60,51,53,53,51,53,52,55,56,54,52,56,52,57,49,54,51,54,57,55,48,53,54,53,55,47,56,59,55,52,57,58,47,53,52,51,49,55,49,51,53,47,57,39,59,49,58,47,60,60,56,47,55,54,53,53,59,50,67,60,53,51,51,59,48,54,50,50,57,55,51,49,56,60,54,66,59,57,62,62,60,55,58,60,60,56,58,56,59,56,51,111,40,45,44,47,69,11,40,39,40,49,41,45,42,45,43,51,46,40,63,48,43,72,41,48,48,61,42,46,50,43,38,45,42,39,31,33,35,31,36,23,42,33,36,38,35,32,10,20,42,41,38,43,70,36,34,38,36,28,33,57,32,39,33,37,40,40,37,51,44,62,38,66,38,42,43,47,39,42,44,69,41,65,41,32,38,42,46,46,39,29,28,27,29,18,23,17,26,36,33,25,30,21,48,21,25,22,24,25,34,21,26,32,33,32,29,30,27,28,29,30,26,37,30,25,19,26,28,24,33,30,38,34,34,27,26,32,20,85,27,11,92,27,53,30,18,35,15,17,16,23,24,28,27,13,26,13,12,13,10,36,16,26,25,8,25,24,25,15,16,21,17,27,17,12,17,19,24,18,12,12,27,17,11,11,29,15,26,23,22,18,14,13,13,21,13,20,13,28,13,14,14,23,21,11,27,13,28,28,25,27,18,19,17,18,21,25,14,22,20,11,21,11,250,22,22,18,16,21,18,26,24,20,24,16,13,10,32,23,23,17,15,13,26,16,17,23,14,18,17,18,21,18,27,26,18,13,18,19,14,22,20,22,12,11,17,15,15,25,32,15,15,12,19,18,13,17,11,18,26,15,14,22,23,15,12,22,20,22,23,18,23,13,13,11,20,20,11,22,14,9,8,5,10,13,13,11,12,15,8,7,8,2,12,11,15,14,18,22,27,24,28,22,22,22,14,23,21,18,21,19,22,9,13,14,9,11,11,8,14,8,68,9,0,13,13,48,10,16,15,9,21,9,10
EPI_ISL_468060,130,128,128,125,124,70,121,79,70,78,75,85,113,97,97,87,99,101,91,89,89,64,69,54,55,72,72,51,51,52,72,52,50,50,52,39,27,43,45,55,55,45,56,56,29,48,51,46,61,61,61,36,54,51,57,66,63,58,58,49,51,51,49,51,50,53,54,52,50,53,50,55,47,52,49,52,54,52,46,50,51,50,53,44,53,56,52,50,55,55,45,51,50,49,47,53,47,48,50,45,55,37,57,47,56,45,58,58,53,45,53,52,51,51,57,48,64,58,51,49,49,56,45,51,48,48,55,53,49,47,54,58,52,64,57,55,60,60,58,53,56,58,58,54,56,54,57,54,49,109,38,43,42,45,66,10,38,37,38,47,39,43,40,43,41,49,44,38,61,46,41,70,39,46,46,59,40,44,48,41,36,43,40,37,29,31,34,29,34,21,40,31,34,36,33,30,9,18,40,39,36,41,67,34,33,36,35,26,32,55,30,37,31,35,39,38,35,49,42,60,36,64,36,40,41,45,37,40,42,67,39,63,39,30,36,40,44,44,37,27,28,25,27,18,21,17,24,31,28,20,28,19,46,19,23,17,20,23,32,19,24,30,31,30,27,28,25,26,27,28,24,35,28,23,17,24,26,22,31,30,36,32,33,25,24,30,18,85,25,11,90,25,51,29,18,33,15,17,16,23,22,26,25,13,24,13,12,13,8,34,14,24,24,6,23,23,23,14,14,19,14,25,16,11,16,18,23,16,11,11,25,16,10,12,28,14,24,21,20,17,12,12,12,19,12,19,11,26,12,13,14,20,19,10,26,12,26,26,23,25,17,17,15,17,19,24,13,20,18,10,19,10,249,20,20,17,15,19,16,24,22,20,23,15,12,10,30,21,21,15,16,13,24,15,15,21,12,16,15,16,19,16,25,24,16,12,16,17,12,20,18,20,10,11,15,13,13,23,30,15,13,10,17,16,11,15,11,17,24,12,13,20,21,13,12,20,18,20,21,16,21,11,11,9,18,18,9,21,8,16,7,12,8,11,11,9,1,13,10,8,9,12,10,10,12,12,16,20,25,22,26,20,20,20,12,21,20,16,19,17,20,7,11,13,11,11,10,8,12,8,66,7,13,0,11,48,8,15,14,7,19,7,8
EPI_ISL_1273103,131,129,129,126,125,71,122,80,71,79,76,84,114,98,98,88,100,102,92,90,90,65,70,55,56,73,73,52,52,53,73,53,51,51,53,40,28,44,46,56,56,46,57,57,30,49,52,47,62,62,62,37,55,52,58,67,64,59,59,50,52,52,50,52,51,54,55,53,51,53,51,56,48,53,50,53,54,52,47,50,51,50,54,44,53,56,52,51,56,55,46,52,51,50,48,54,48,48,50,46,56,38,58,48,57,46,59,59,53,46,54,53,52,52,56,49,64,59,50,50,50,56,45,51,49,49,56,54,50,48,55,59,53,65,58,56,61,61,59,54,57,59,59,55,57,55,58,55,50,110,39,44,43,46,66,11,39,38,39,48,40,44,41,44,42,50,45,39,62,47,42,70,40,47,47,60,41,45,49,42,37,44,41,38,30,32,35,30,35,20,41,32,35,37,34,31,10,17,41,40,37,42,67,35,34,37,36,27,33,56,31,38,32,36,40,39,36,50,43,61,37,65,37,41,42,46,38,41,43,68,40,64,40,31,37,41,45,45,38,28,28,26,26,18,20,17,23,34,31,23,29,18,47,18,22,20,21,22,33,18,23,31,32,31,28,29,26,27,28,29,25,36,29,24,16,25,27,21,32,30,37,33,34,26,25,31,17,85,26,11,91,26,52,29,18,32,15,17,16,23,23,27,26,13,23,13,12,13,7,33,15,25,24,5,22,23,24,15,13,20,14,26,15,12,17,19,24,17,12,12,26,17,11,12,29,15,25,20,21,18,13,13,13,18,13,20,10,27,13,14,14,20,20,11,27,13,27,27,24,26,18,18,14,18,20,25,14,21,19,11,20,11,249,21,21,18,16,20,17,25,23,20,24,16,13,10,31,22,22,14,16,13,25,15,14,20,11,15,14,17,20,15,26,25,15,13,17,16,13,21,17,21,9,11,16,12,12,24,29,15,12,9,16,17,10,16,11,18,25,12,14,21,22,12,12,21,19,21,22,17,22,10,10,8,19,19,8,22,13,17,8,14,7,10,12,8,10,12,11,8,9,12,9,9,14,11,15,21,26,23,27,21,21,21,13,22,21,17,20,18,21,6,10,14,12,11,11,8,13,8,65,8,13,11,0,48,9,16,15,4,20,6,7
EPI_ISL_1165082,167,165,165,162,161,107,158,116,107,115,112,122,150,134,134,124,136,138,128,126,126,101,106,91,92,109,109,88,88,89,109,89,87,87,89,76,64,80,82,92,92,82,93,93,66,85,88,83,98,98,98,73,91,88,94,103,100,95,95,86,88,88,86,88,87,90,91,89,87,91,87,92,84,89,86,89,92,90,83,88,89,88,90,82,91,94,90,87,92,93,82,88,87,86,84,90,84,86,88,82,92,74,94,84,93,82,95,95,91,82,90,89,88,88,94,85,102,95,88,86,86,94,83,89,85,85,92,90,86,84,91,95,89,101,94,92,97,97,95,90,93,95,95,91,93,91,94,91,86,146,75,80,79,82,104,47,75,74,75,84,76,80,77,80,78,86,81,75,98,83,78,108,76,83,83,96,77,81,85,78,73,80,77,74,66,68,71,66,71,58,77,68,69,73,70,67,46,55,77,76,73,78,105,71,70,73,72,63,69,92,67,74,68,72,76,75,72,86,79,97,73,101,73,77,78,82,74,77,79,104,76,100,76,67,73,77,81,81,74,64,62,62,62,52,58,51,61,71,68,60,65,56,83,56,60,57,59,60,69,56,61,67,66,67,64,65,62,63,64,65,61,72,65,60,54,61,63,59,68,66,73,69,70,62,61,67,55,119,62,47,74,62,51,65,52,70,49,51,50,57,59,63,62,47,61,47,46,47,45,71,51,61,60,43,60,59,60,51,51,56,52,60,53,48,53,55,60,51,48,48,62,53,47,46,65,51,61,56,57,54,49,49,49,54,49,56,48,63,49,50,48,58,56,47,63,49,63,63,60,60,54,54,52,54,56,61,50,57,55,47,56,47,209,57,57,54,52,56,53,59,58,56,60,52,49,46,67,58,58,50,50,47,61,51,52,58,49,53,52,53,56,53,62,61,53,47,53,54,49,57,55,57,47,45,52,50,50,60,67,49,50,45,54,53,46,52,45,54,61,50,50,57,58,50,48,57,55,57,58,53,58,48,48,46,55,55,46,58,49,54,43,49,45,48,49,46,47,50,47,42,43,47,47,47,50,49,53,57,62,59,63,57,57,57,49,58,57,53,56,54,57,44,48,50,48,45,47,42,49,42,91,44,48,48,48,0,45,52,51,44,56,44,45
EPI_ISL_482759,126,124,124,121,120,66,117,75,66,74,71,81,109,93,93,83,95,97,87,85,85,60,65,50,51,68,68,47,47,48,68,48,46,46,48,33,21,37,39,51,51,39,52,52,23,42,45,40,57,57,57,30,50,47,53,62,59,54,54,45,47,47,45,47,46,49,50,48,46,50,46,51,43,48,45,48,51,49,42,47,48,47,49,41,50,53,49,46,51,52,41,47,46,45,43,49,43,45,47,41,51,33,53,43,52,41,54,54,50,41,49,48,47,47,53,44,61,54,47,45,45,53,42,48,44,44,51,49,45,43,50,54,48,58,53,51,56,56,54,49,52,54,54,50,52,50,53,50,45,105,32,39,36,39,61,6,32,31,32,41,33,37,34,37,35,43,38,32,55,42,35,65,33,42,42,53,34,38,42,37,30,37,36,31,23,25,30,23,28,19,34,27,30,30,27,24,5,16,34,33,30,35,64,28,29,30,31,22,28,51,26,31,25,31,35,32,29,45,36,54,30,58,30,36,35,39,31,34,36,61,33,59,33,26,30,34,38,38,33,23,25,21,25,15,19,14,22,31,28,20,24,17,40,17,21,17,19,21,28,17,22,26,27,26,23,24,21,22,21,24,20,29,22,19,15,20,22,20,27,27,30,26,29,21,20,24,16,82,19,8,86,21,47,26,15,29,12,14,13,20,18,22,21,10,20,10,9,10,6,30,8,18,21,4,19,20,17,10,12,15,11,19,14,7,12,14,19,12,7,7,19,12,6,9,24,8,20,19,14,13,8,8,8,17,8,15,9,22,8,9,11,17,15,6,20,8,22,22,19,19,13,13,13,13,15,20,9,14,14,6,15,6,246,16,16,13,11,15,12,20,18,17,19,9,8,7,26,15,17,13,13,10,20,12,13,19,10,14,13,12,13,14,19,18,14,8,10,15,8,16,16,14,8,8,11,11,11,19,26,12,11,8,15,12,9,11,8,13,20,9,9,16,15,11,9,16,14,16,17,12,17,9,9,7,14,14,7,17,8,15,6,10,6,9,10,7,7,11,6,5,6,9,8,8,10,10,14,14,21,18,22,16,16,16,8,17,16,12,13,13,14,5,9,9,7,8,6,5,8,5,64,1,10,8,9,45,0,11,10,5,15,5,6
EPI_ISL_483035,133,131,131,128,127,73,124,80,71,79,76,88,116,100,100,90,100,104,94,92,92,67,72,57,58,75,75,54,54,55,75,55,53,53,55,40,30,44,46,58,58,46,59,59,32,49,52,47,64,64,64,37,57,54,60,69,66,61,61,52,54,54,52,54,53,56,57,55,53,57,53,58,50,55,52,55,58,56,49,54,55,54,56,48,57,60,56,53,58,59,48,54,53,52,50,56,50,52,54,48,58,36,60,50,59,46,61,61,57,48,56,55,54,54,60,51,68,61,54,52,52,60,49,55,51,51,58,56,52,50,57,61,55,65,60,58,63,63,61,56,59,61,61,57,59,57,60,57,52,112,39,46,43,46,66,7,39,38,39,48,40,44,41,44,42,50,45,39,62,49,42,72,40,49,49,60,39,45,47,40,37,44,41,38,32,34,23,30,35,26,41,34,35,37,34,33,6,23,41,40,37,42,71,37,22,39,32,25,21,58,31,38,32,38,28,39,36,52,41,61,37,65,37,43,42,44,38,41,40,66,40,66,40,31,37,41,45,45,40,28,32,26,32,22,26,21,28,37,34,27,31,24,47,24,28,24,26,28,35,24,29,33,34,31,28,29,26,27,28,29,27,36,29,24,22,25,27,27,34,26,37,33,34,26,25,31,23,89,26,13,91,26,52,33,22,34,19,21,20,27,23,27,26,17,24,17,16,17,13,34,17,25,28,11,23,25,24,13,19,20,18,26,19,10,13,19,22,19,8,8,26,15,7,10,17,9,25,26,21,18,11,9,9,24,9,8,16,27,9,10,18,22,20,7,25,9,27,27,24,26,14,18,18,16,20,21,14,21,19,7,20,7,253,21,21,14,12,20,19,25,23,18,16,12,9,8,31,22,22,20,16,17,25,19,20,26,17,21,20,19,20,21,26,25,21,15,19,22,15,23,23,21,15,13,18,18,18,24,31,19,18,15,22,19,16,18,15,14,25,14,8,21,22,18,12,21,21,21,22,19,22,16,16,14,21,19,14,10,15,21,13,17,13,16,15,14,14,18,13,12,13,14,15,13,17,17,21,21,28,23,27,21,21,21,15,22,19,17,20,18,21,12,16,14,14,13,9,12,15,12,71,10,16,15,16,52,11,0,11,12,20,12,13
EPI_ISL_812793,126,124,124,121,120,66,117,73,64,72,69,81,109,93,93,83,93,97,87,85,85,65,70,55,56,73,73,52,52,53,73,53,51,51,53,35,23,39,41,56,56,41,57,57,25,44,47,42,62,62,62,32,50,52,58,67,64,59,59,50,52,52,50,52,51,54,55,53,51,55,51,56,48,53,50,53,56,54,47,52,53,52,54,46,55,58,54,51,56,57,46,52,51,50,48,54,48,50,52,46,56,35,58,48,57,45,59,59,55,46,54,53,52,52,58,49,66,59,52,50,50,58,47,53,49,49,56,54,50,48,55,59,53,60,58,56,61,61,59,54,57,59,59,55,57,55,58,55,50,105,34,39,38,41,61,6,34,33,34,43,35,39,36,39,37,45,40,34,57,42,37,67,35,42,42,55,34,40,42,35,32,39,36,33,25,27,30,25,30,25,36,27,30,32,29,26,5,22,36,35,32,37,64,30,29,32,33,22,28,51,26,33,27,31,35,34,31,45,36,56,32,60,32,36,37,39,33,36,36,61,35,59,35,26,32,36,40,40,33,23,31,21,31,21,25,20,28,37,34,26,30,23,42,23,27,23,25,27,34,23,28,32,27,26,23,24,21,22,23,24,20,31,24,19,21,20,22,26,27,29,32,28,29,21,20,26,22,88,21,12,86,21,47,32,21,29,18,20,19,26,18,22,21,16,20,16,15,16,12,30,16,20,27,10,19,20,19,12,18,15,17,21,18,9,14,18,15,12,9,7,21,10,6,9,24,10,20,25,16,17,10,8,8,23,8,15,15,22,8,9,17,15,15,6,20,8,22,20,19,21,9,13,17,15,15,14,13,16,14,6,15,6,252,16,16,9,11,15,12,20,24,17,19,11,8,7,26,17,17,19,15,16,20,18,19,25,16,20,19,12,15,20,21,20,20,14,18,21,8,16,22,16,14,12,11,17,17,19,26,18,17,14,21,18,15,17,14,13,20,13,9,16,17,17,11,16,14,16,17,12,17,15,15,13,14,14,13,17,14,20,12,16,12,15,14,13,13,17,12,11,12,13,14,12,16,16,20,16,21,18,22,16,16,16,14,17,12,12,15,13,16,11,15,13,13,12,8,11,8,11,70,9,15,14,15,51,10,11,0,11,15,11,12
EPI_ISL_1315065,127,125,125,122,121,67,118,76,67,75,72,80,110,94,94,84,96,98,88,86,86,61,66,51,52,69,69,48,48,49,69,49,47,47,49,36,24,40,42,52,52,42,53,53,26,45,48,43,58,58,58,33,51,48,54,63,60,55,55,46,48,48,46,48,47,50,51,49,47,49,47,52,44,49,46,49,50,48,43,46,47,46,50,40,49,52,48,47,52,51,42,48,47,46,44,50,44,44,46,42,52,34,54,44,53,42,55,55,49,42,50,49,48,48,52,45,60,55,46,46,46,52,41,47,45,45,52,50,46,44,51,55,49,61,54,52,57,57,55,50,53,55,55,51,53,51,54,51,46,106,35,40,39,42,62,7,35,34,35,44,36,40,37,40,38,46,41,35,58,43,38,66,36,43,43,56,37,41,45,38,33,40,37,34,26,28,31,26,31,16,37,28,31,33,30,27,6,13,37,36,33,38,63,31,30,33,32,23,29,52,27,34,28,32,36,35,32,46,39,57,33,61,33,37,38,42,34,37,39,64,36,60,36,27,33,37,41,41,34,24,24,22,22,14,16,13,19,30,27,19,25,14,43,14,18,16,17,18,29,14,19,27,28,27,24,25,22,23,24,25,21,32,25,20,12,21,23,17,28,26,33,29,30,22,21,27,13,81,22,7,87,22,48,25,14,30,11,13,12,19,19,23,22,9,19,9,8,9,3,29,11,21,20,1,18,19,20,11,9,16,10,22,11,8,13,15,20,13,8,8,22,13,7,8,25,11,21,16,17,14,9,9,9,14,9,16,6,23,9,10,10,16,16,7,23,9,23,23,20,22,14,14,10,14,16,21,10,17,15,7,16,7,245,17,17,14,12,16,13,21,19,16,20,12,9,6,27,18,18,10,12,9,21,11,10,16,7,11,10,13,16,11,22,21,11,9,13,12,9,17,13,17,5,7,12,8,8,20,27,11,8,5,12,13,6,12,7,14,21,8,10,17,18,8,8,17,15,17,18,13,18,6,6,4,15,15,4,18,9,13,4,10,3,6,8,4,6,8,7,4,5,8,5,5,10,7,11,17,22,19,23,17,17,17,9,18,17,13,16,14,17,2,6,10,8,7,7,4,9,4,61,4,9,7,4,44,5,12,11,0,16,2,3
EPI_ISL_2232407,131,129,129,126,125,71,122,80,71,79,76,86,114,96,96,84,98,100,88,86,84,70,75,60,61,78,78,57,57,58,78,58,56,56,58,30,20,32,34,61,61,34,62,62,22,37,40,35,67,67,67,25,55,57,63,72,69,64,64,55,57,57,55,57,56,59,60,58,56,60,56,61,53,58,55,58,61,59,52,57,58,55,59,51,60,63,59,56,61,62,51,57,54,55,53,59,53,55,57,51,61,44,63,53,62,52,64,64,60,51,59,58,57,57,63,54,71,64,57,55,55,63,52,58,54,54,61,59,55,53,60,64,58,53,63,61,66,66,64,59,62,64,64,60,62,60,63,60,55,110,29,44,33,34,58,17,29,28,29,36,30,32,31,32,30,38,33,29,52,47,30,60,28,47,47,50,31,33,37,34,27,34,33,26,22,24,41,20,25,30,31,32,27,27,22,23,16,27,29,30,25,30,69,27,40,29,34,23,39,56,21,26,22,36,46,27,24,50,31,51,27,55,27,41,30,34,28,29,33,58,28,64,30,21,27,31,35,33,38,16,36,16,36,26,30,25,32,40,35,30,35,26,35,28,32,25,30,32,38,28,33,37,32,19,16,17,14,15,16,17,25,24,17,12,26,13,17,31,32,38,25,21,24,16,13,19,27,93,14,19,79,14,40,37,25,22,23,24,23,30,11,14,13,21,13,21,20,21,17,23,21,13,30,15,12,12,12,21,23,8,22,14,25,18,19,21,18,17,16,18,14,9,17,20,35,17,13,30,9,20,19,19,19,28,19,26,20,15,19,20,22,18,12,17,17,19,15,19,14,14,14,2,24,18,8,21,20,9,1,17,8,17,257,9,9,14,16,2,17,17,19,28,30,20,17,18,19,10,3,24,24,21,13,23,24,30,21,25,24,17,8,25,14,13,25,18,23,26,13,21,26,9,19,19,16,22,22,12,19,23,22,19,25,22,20,22,19,24,13,20,16,11,10,22,20,9,19,9,10,17,10,20,20,18,19,7,18,28,19,26,17,21,17,20,21,18,18,22,17,16,17,20,19,19,21,21,24,9,26,11,13,9,9,9,19,10,21,9,8,8,9,16,20,20,18,19,17,16,13,16,75,14,21,19,20,56,15,20,15,16,0,16,17
EPI_ISL_794604,127,125,125,122,121,67,118,76,67,75,72,82,110,94,94,84,96,98,88,86,86,61,66,51,52,69,69,48,48,49,69,49,47,47,49,36,24,40,42,52,52,42,53,53,26,45,48,43,58,58,58,33,51,48,54,63,60,55,55,46,48,48,46,48,47,50,51,49,47,49,47,52,44,49,46,49,50,48,43,46,47,46,50,40,49,52,48,47,52,51,42,48,47,46,44,50,44,44,46,42,52,34,54,44,53,42,55,55,49,42,50,49,48,48,54,45,60,55,48,46,46,52,41,47,45,45,52,50,46,44,51,55,49,61,54,52,57,57,55,50,53,55,55,51,53,51,54,51,46,106,35,40,39,42,62,7,35,34,35,44,36,40,37,40,38,46,41,35,58,43,38,66,36,43,43,56,37,41,45,38,33,40,37,34,26,28,31,26,31,16,37,28,31,33,30,27,6,13,37,36,33,38,63,31,30,33,32,23,29,52,27,34,28,32,36,35,32,46,39,57,33,61,33,37,38,42,34,37,39,64,36,58,36,27,33,37,41,41,34,24,24,22,22,14,16,13,19,30,27,19,25,14,43,14,18,16,17,18,29,14,19,27,26,27,24,25,22,23,24,25,21,32,25,20,12,21,23,17,28,26,33,29,30,22,21,27,13,81,22,7,87,22,48,25,14,30,11,13,12,19,19,23,22,9,21,9,8,9,3,31,11,21,20,1,20,19,20,11,9,16,10,22,11,8,13,15,20,13,8,8,22,13,7,8,25,11,21,16,17,14,9,9,9,14,9,16,6,23,9,10,10,16,16,7,23,9,23,23,20,22,14,14,10,14,16,21,10,17,15,7,16,7,245,17,17,14,12,16,13,21,19,16,20,12,9,6,27,18,18,10,12,9,21,11,10,16,7,11,10,13,16,11,22,21,11,9,13,12,9,17,13,17,5,7,12,8,8,20,27,11,8,5,12,13,6,12,7,14,21,8,10,17,18,8,8,17,15,17,18,13,18,6,6,4,15,15,4,18,9,13,4,10,3,6,8,4,6,8,7,4,5,8,5,5,10,7,11,17,22,19,23,17,17,17,9,18,17,13,16,14,17,2,6,10,8,7,7,4,9,4,61,4,9,7,6,44,5,12,11,2,16,0,3
EPI_ISL_605780,128,126,126,123,122,68,119,77,68,76,73,83,111,95,95,85,97,99,89,87,87,62,67,52,53,70,70,49,49,50,70,50,48,48,50,37,25,41,43,53,53,43,54,54,27,46,49,44,59,59,59,34,52,49,55,64,61,56,56,47,49,49,47,49,48,51,52,50,48,50,48,53,45,50,47,50,51,49,44,47,48,47,51,41,50,53,49,48,53,52,43,49,48,47,45,51,45,45,47,43,53,35,55,45,54,43,56,56,50,43,51,50,49,49,55,46,61,56,49,47,47,53,42,48,46,46,53,51,47,45,52,56,50,62,55,53,58,58,56,51,54,56,56,52,54,52,55,52,47,107,36,41,40,43,63,8,36,35,36,45,37,41,38,41,39,47,42,36,59,44,39,67,37,44,44,57,38,42,46,39,34,41,38,35,27,29,32,27,32,17,38,29,32,34,31,28,7,14,38,37,34,39,64,32,31,34,33,24,30,53,28,35,29,33,37,36,33,47,40,58,34,62,34,38,39,43,35,38,40,65,37,61,37,28,34,38,42,42,35,25,25,23,23,15,17,14,20,31,28,20,26,15,44,15,19,17,18,19,30,15,20,28,29,28,25,26,23,24,25,26,22,33,26,21,13,22,24,18,29,27,34,30,31,23,22,28,14,82,23,8,88,23,49,26,15,31,12,14,13,20,20,24,23,10,22,10,9,10,4,32,12,22,21,2,21,20,21,12,10,17,11,23,12,9,14,16,21,14,9,9,23,14,8,9,26,12,22,17,18,15,10,10,10,15,10,17,7,24,10,11,11,17,17,8,24,10,24,24,21,23,15,15,11,15,17,22,11,18,16,8,17,8,246,18,18,15,13,17,14,22,20,17,21,13,10,7,28,19,19,11,13,10,22,12,11,17,8,12,11,14,17,12,23,22,12,10,14,13,10,18,14,18,6,8,13,9,9,21,28,12,9,6,13,14,7,13,8,15,22,9,11,18,19,9,9,18,16,18,19,14,19,7,7,5,16,16,5,19,10,14,5,11,4,7,9,5,7,9,8,5,6,9,6,6,11,8,12,18,23,20,24,18,18,18,10,19,18,14,17,15,18,3,7,11,9,8,8,5,10,5,62,5,10,8,7,45,6,13,12,3,17,3,0
