,EPI_ISL_17427629,EPI_ISL_17427630,EPI_ISL_17427623,EPI_ISL_17427622,EPI_ISL_17427613,EPI_ISL_17427635,EPI_ISL_17427627,EPI_ISL_18875619,EPI_ISL_18875617,EPI_ISL_18875618,EPI_ISL_18875620,EPI_ISL_16299755,EPI_ISL_17427615,EPI_ISL_14584144,EPI_ISL_14584133,EPI_ISL_14584110,EPI_ISL_14584112,EPI_ISL_14584082,EPI_ISL_14584073,EPI_ISL_15270521,EPI_ISL_15270508,EPI_ISL_17989125,EPI_ISL_14593745,EPI_ISL_14594253,EPI_ISL_14594254,EPI_ISL_14594263,EPI_ISL_14594264,EPI_ISL_14594265,EPI_ISL_14594266,EPI_ISL_14594267,EPI_ISL_14594269,EPI_ISL_14594272,EPI_ISL_14594273,EPI_ISL_14594274,EPI_ISL_14594275,EPI_ISL_14593730,EPI_ISL_14593733,EPI_ISL_14593735,EPI_ISL_14593736,EPI_ISL_14593741,EPI_ISL_14593744,EPI_ISL_14594235,EPI_ISL_14594242,EPI_ISL_14594243,EPI_ISL_14594244,EPI_ISL_14594245,EPI_ISL_14594247,EPI_ISL_14594249,EPI_ISL_14594251,EPI_ISL_14594252,EPI_ISL_17989126,EPI_ISL_9047399,EPI_ISL_9047397,EPI_ISL_9047365,EPI_ISL_8205821,EPI_ISL_8205828,EPI_ISL_8205820,EPI_ISL_8205826,EPI_ISL_8205814,EPI_ISL_6011751,EPI_ISL_6011750,EPI_ISL_6011749,EPI_ISL_6011748,EPI_ISL_6011746,EPI_ISL_6011744,EPI_ISL_6011743,EPI_ISL_6011741,EPI_ISL_6011745,EPI_ISL_6011752,EPI_ISL_6011762,EPI_ISL_6011759,EPI_ISL_6011758,EPI_ISL_6011757,EPI_ISL_6011756,EPI_ISL_6011742,EPI_ISL_6011753,EPI_ISL_6011761,EPI_ISL_6011760,EPI_ISL_6011754,EPI_ISL_6011766,EPI_ISL_6011769,EPI_ISL_6011774,EPI_ISL_6011773,EPI_ISL_6011772,EPI_ISL_6011768,EPI_ISL_6011767,EPI_ISL_6011763,EPI_ISL_6011764,EPI_ISL_6011771,EPI_ISL_6011765,EPI_ISL_6011755,EPI_ISL_6011775,EPI_ISL_6011770,EPI_ISL_6011784,EPI_ISL_6011792,EPI_ISL_6011790,EPI_ISL_6011789,EPI_ISL_6011787,EPI_ISL_6011785,EPI_ISL_6011783,EPI_ISL_6011782,EPI_ISL_6011781,EPI_ISL_6011780,EPI_ISL_6011779,EPI_ISL_6011778,EPI_ISL_6011786,EPI_ISL_6011777,EPI_ISL_6011776,EPI_ISL_6011791,EPI_ISL_6011793,EPI_ISL_6011805,EPI_ISL_6011810,EPI_ISL_6011809,EPI_ISL_6011808,EPI_ISL_6011807,EPI_ISL_6011806,EPI_ISL_6011803,EPI_ISL_8205813,EPI_ISL_6011788,EPI_ISL_6011801,EPI_ISL_6011802,EPI_ISL_6011799,EPI_ISL_6011795,EPI_ISL_6011814,EPI_ISL_6011812,EPI_ISL_6011811,EPI_ISL_6011800,EPI_ISL_6011797,EPI_ISL_6011798,EPI_ISL_6011794,EPI_ISL_6011813,EPI_ISL_8215713,EPI_ISL_8215712,EPI_ISL_8215711,EPI_ISL_8215710,EPI_ISL_8215708,EPI_ISL_8215706,EPI_ISL_8215705,EPI_ISL_8215691,EPI_ISL_8215703,EPI_ISL_8215700,EPI_ISL_8215701,EPI_ISL_8215699,EPI_ISL_8215697,EPI_ISL_8215696,EPI_ISL_8215695,EPI_ISL_8215694,EPI_ISL_4748283,EPI_ISL_8215692,EPI_ISL_8215721,EPI_ISL_2566506,EPI_ISL_2566474,EPI_ISL_2566473,EPI_ISL_8215720,EPI_ISL_2566521,EPI_ISL_2566482,EPI_ISL_2566480,EPI_ISL_2566511,EPI_ISL_2566514,EPI_ISL_2566485,EPI_ISL_2566510,EPI_ISL_2566481,EPI_ISL_2566490,EPI_ISL_2566486,EPI_ISL_2566487,EPI_ISL_8215718,EPI_ISL_2566509,EPI_ISL_2566508,EPI_ISL_2566530,EPI_ISL_2566512,EPI_ISL_8215719,EPI_ISL_2566529,EPI_ISL_2566513,EPI_ISL_2566483,EPI_ISL_2566479,EPI_ISL_2566523,EPI_ISL_2566478,EPI_ISL_2566488,EPI_ISL_2566476,EPI_ISL_2566515,EPI_ISL_2566475,EPI_ISL_2566489,EPI_ISL_2566477,EPI_ISL_2566507,EPI_ISL_1936144,EPI_ISL_1936116,EPI_ISL_1936130,EPI_ISL_1936134,EPI_ISL_1936145,EPI_ISL_1936141,EPI_ISL_1936135,EPI_ISL_1936111,EPI_ISL_1936104,EPI_ISL_1936103,EPI_ISL_1936102,EPI_ISL_1936127,EPI_ISL_1936132,EPI_ISL_1936107,EPI_ISL_2566470,EPI_ISL_2566469,EPI_ISL_2566468,EPI_ISL_2566467,EPI_ISL_2510688,EPI_ISL_1936244,EPI_ISL_1936251,EPI_ISL_1936255,EPI_ISL_1936259,EPI_ISL_1936252,EPI_ISL_1936257,EPI_ISL_2955336,EPI_ISL_1936274,EPI_ISL_1936275,EPI_ISL_1936273,EPI_ISL_1936276,EPI_ISL_3274165,EPI_ISL_2566500,EPI_ISL_2566493,EPI_ISL_2566503,EPI_ISL_2566496,EPI_ISL_2566525,EPI_ISL_2566517,EPI_ISL_2566527,EPI_ISL_2566502,EPI_ISL_2566505,EPI_ISL_2566495,EPI_ISL_2566491,EPI_ISL_2566492,EPI_ISL_2566494,EPI_ISL_2566472,EPI_ISL_2566524,EPI_ISL_2566501,EPI_ISL_2566526,EPI_ISL_2566497,EPI_ISL_3274161,EPI_ISL_2566504,EPI_ISL_2566498,EPI_ISL_2566471,EPI_ISL_2566499,EPI_ISL_2566516,EPI_ISL_1936358,EPI_ISL_1936344,EPI_ISL_3274158,EPI_ISL_8215716,EPI_ISL_890230,EPI_ISL_890224,EPI_ISL_890222,EPI_ISL_890220,EPI_ISL_890219,EPI_ISL_890216,EPI_ISL_890197,EPI_ISL_890196,EPI_ISL_890195,EPI_ISL_3274160,EPI_ISL_862788,EPI_ISL_862797,EPI_ISL_907114,EPI_ISL_862806,EPI_ISL_862799,EPI_ISL_862796,EPI_ISL_862787,EPI_ISL_857341,EPI_ISL_857330,EPI_ISL_17424328,EPI_ISL_17424307,EPI_ISL_17424313,EPI_ISL_17424316,EPI_ISL_17424317,EPI_ISL_17424319,EPI_ISL_17424320,EPI_ISL_17424322,EPI_ISL_17424324,EPI_ISL_17424325,EPI_ISL_17424327,EPI_ISL_17424331,EPI_ISL_17424332,EPI_ISL_17424333,EPI_ISL_17424334,EPI_ISL_17424335,EPI_ISL_17424336,EPI_ISL_17424338,EPI_ISL_17424339,EPI_ISL_17424341,EPI_ISL_17424342,EPI_ISL_17424344,EPI_ISL_17424358,EPI_ISL_17424359,EPI_ISL_17424360,EPI_ISL_8189344,EPI_ISL_3274163,EPI_ISL_794634,EPI_ISL_1165079,EPI_ISL_1109484,EPI_ISL_1165080,EPI_ISL_1109485,EPI_ISL_2232352,EPI_ISL_2232306,EPI_ISL_2232354,EPI_ISL_2232353,EPI_ISL_2232355,EPI_ISL_2232269,EPI_ISL_2232331,EPI_ISL_2232330,EPI_ISL_2232332,EPI_ISL_2232351,EPI_ISL_2232305,EPI_ISL_2232304,EPI_ISL_2232361,EPI_ISL_2232360,EPI_ISL_2232307,EPI_ISL_2232275,EPI_ISL_2232357,EPI_ISL_2232333,EPI_ISL_812857,EPI_ISL_528386,EPI_ISL_2232310,EPI_ISL_2232367,EPI_ISL_2232368,EPI_ISL_812812,EPI_ISL_812851,EPI_ISL_2232308,EPI_ISL_812852,EPI_ISL_812834,EPI_ISL_812819,EPI_ISL_812865,EPI_ISL_812844,EPI_ISL_812846,EPI_ISL_812830,EPI_ISL_812814,EPI_ISL_812810,EPI_ISL_812802,EPI_ISL_812807,EPI_ISL_812869,EPI_ISL_812867,EPI_ISL_812843,EPI_ISL_812821,EPI_ISL_812805,EPI_ISL_2232276,EPI_ISL_8189308,EPI_ISL_812835,EPI_ISL_812823,EPI_ISL_812841,EPI_ISL_812870,EPI_ISL_812831,EPI_ISL_8189307,EPI_ISL_812811,EPI_ISL_529142,EPI_ISL_529141,EPI_ISL_1109624,EPI_ISL_812845,EPI_ISL_812871,EPI_ISL_812849,EPI_ISL_812825,EPI_ISL_812809,EPI_ISL_812859,EPI_ISL_812864,EPI_ISL_812861,EPI_ISL_812816,EPI_ISL_812824,EPI_ISL_812808,EPI_ISL_1098839,EPI_ISL_812837,EPI_ISL_2232369,EPI_ISL_812855,EPI_ISL_812803,EPI_ISL_2232372,EPI_ISL_812866,EPI_ISL_812798,EPI_ISL_812797,EPI_ISL_2232335,EPI_ISL_812804,EPI_ISL_812796,EPI_ISL_812840,EPI_ISL_1165087,EPI_ISL_1109625,EPI_ISL_812822,EPI_ISL_812842,EPI_ISL_812860,EPI_ISL_2232381,EPI_ISL_812868,EPI_ISL_812863,EPI_ISL_812848,EPI_ISL_812820,EPI_ISL_812829,EPI_ISL_812813,EPI_ISL_812839,EPI_ISL_812838,EPI_ISL_1165078,EPI_ISL_1109626,EPI_ISL_2232383,EPI_ISL_2232297,EPI_ISL_812872,EPI_ISL_812856,EPI_ISL_812847,EPI_ISL_2232272,EPI_ISL_2232384,EPI_ISL_2232285,EPI_ISL_2232387,EPI_ISL_2232386,EPI_ISL_2232385,EPI_ISL_2232318,EPI_ISL_2232294,EPI_ISL_2232286,EPI_ISL_2232266,EPI_ISL_2232265,EPI_ISL_2232288,EPI_ISL_2232339,EPI_ISL_2232295,EPI_ISL_812854,EPI_ISL_812858,EPI_ISL_812818,EPI_ISL_2232389,EPI_ISL_529032,EPI_ISL_812826,EPI_ISL_812850,EPI_ISL_2232301,EPI_ISL_2232395,EPI_ISL_2232296,EPI_ISL_2232267,EPI_ISL_2232397,EPI_ISL_2232268,EPI_ISL_2232400,EPI_ISL_2232340,EPI_ISL_2232291,EPI_ISL_2232398,EPI_ISL_2232341,EPI_ISL_8189549,EPI_ISL_1109627,EPI_ISL_812833,EPI_ISL_812817,EPI_ISL_812853,EPI_ISL_812836,EPI_ISL_812795,EPI_ISL_1141525,EPI_ISL_1109628,EPI_ISL_812788,EPI_ISL_2232313,EPI_ISL_2232315,EPI_ISL_2232314,EPI_ISL_2232292,EPI_ISL_2232376,EPI_ISL_1109630,EPI_ISL_1109629,EPI_ISL_2232378,EPI_ISL_2232317,EPI_ISL_8189546,EPI_ISL_8189346,EPI_ISL_477161,EPI_ISL_479727,EPI_ISL_479694,EPI_ISL_479692,EPI_ISL_479698,EPI_ISL_479695,EPI_ISL_479714,EPI_ISL_479706,EPI_ISL_479704,EPI_ISL_479697,EPI_ISL_479696,EPI_ISL_479693,EPI_ISL_479690,EPI_ISL_479689,EPI_ISL_479688,EPI_ISL_479686,EPI_ISL_479703,EPI_ISL_478672,EPI_ISL_479721,EPI_ISL_8189544,EPI_ISL_2232406,EPI_ISL_2232325,EPI_ISL_2232302,EPI_ISL_812787,EPI_ISL_2232349,EPI_ISL_2232348,EPI_ISL_2232346,EPI_ISL_2232328,EPI_ISL_812801,EPI_ISL_8189550,EPI_ISL_812800,EPI_ISL_812786,EPI_ISL_812783,EPI_ISL_1109486,EPI_ISL_812799,EPI_ISL_812794,EPI_ISL_529031,EPI_ISL_812784,EPI_ISL_812791,EPI_ISL_812790,EPI_ISL_812785,EPI_ISL_482774,EPI_ISL_482773,EPI_ISL_812789,EPI_ISL_1165083,EPI_ISL_482764,EPI_ISL_469275,EPI_ISL_468060,EPI_ISL_1273103,EPI_ISL_1165082,EPI_ISL_482759,EPI_ISL_483035,EPI_ISL_812793,EPI_ISL_1315065,EPI_ISL_2232407,EPI_ISL_794604,EPI_ISL_605780
EPI_ISL_17427629,0,118,116,116,114,65,97,59,59,59,59,67,82,67,67,57,68,69,58,71,67,7,6,6,6,6,6,7,7,7,6,6,6,6,6,6,6,6,6,6,6,6,6,6,6,6,6,6,6,6,7,6,20,5,7,7,7,7,7,6,6,6,6,6,6,6,6,6,6,7,6,6,6,7,6,6,7,7,6,7,7,6,7,7,7,6,7,8,7,7,6,7,6,6,6,6,6,6,6,6,6,3,7,8,7,3,8,8,6,6,6,7,6,6,7,6,8,7,6,7,6,6,7,7,7,7,6,6,6,6,6,7,7,7,7,7,8,7,7,7,7,7,10,7,7,7,7,6,6,20,6,7,6,6,6,0,6,6,6,6,6,6,6,6,6,6,6,6,6,9,7,8,6,8,8,6,5,6,5,7,6,6,8,6,6,6,1,6,6,4,6,8,7,6,6,6,0,3,6,6,6,7,17,6,2,6,1,6,1,20,6,6,6,8,1,6,6,9,5,6,6,7,6,8,6,5,7,6,5,5,6,8,6,6,6,7,6,6,8,6,3,6,3,3,3,3,3,3,3,3,3,3,6,3,3,3,3,3,3,3,3,3,7,6,7,6,7,7,7,6,8,6,6,6,3,6,6,3,6,4,6,7,6,6,6,7,3,3,6,2,7,6,6,3,3,6,3,3,3,3,6,6,6,3,6,3,3,3,3,6,4,6,3,3,6,6,6,1,3,6,3,6,2,1,1,2,4,6,1,0,6,5,0,0,1,0,6,3,6,2,1,0,0,3,0,0,3,7,0,0,3,5,6,0,5,0,6,5,6,6,4,6,2,1,6,4,2,6,6,0,6,0,3,6,7,4,0,6,6,6,3,0,1,0,0,0,6,6,6,3,1,3,6,3,3,3,3,3,3,6,6,3,6,6,3,3,4,3,6,6,3,6,3,2,9,3,3,6,6,3,3,3,3,4,3,3,3,0,6,2,0,6,6,3,1,6,6,6,6,6,6,3,3,3,6,6,3,0,3,2,3,3,3,3,2,3,3,3,3,3,3,2,3,2,3,3,3,6,6,6,6,6,6,6,3,6,4,6,6,6,6,3,3,2,3,2,1,3,6,3,3,3,2,3,3,3,3,0,3,3,6,3,3
EPI_ISL_17427630,118,0,116,117,115,66,95,58,58,58,58,67,83,67,67,57,68,69,58,71,67,8,7,7,7,7,7,8,8,8,7,7,7,7,7,6,6,6,6,7,7,6,7,7,6,6,6,6,7,7,8,6,20,6,8,8,8,8,8,6,6,6,6,6,6,6,6,6,6,7,6,6,6,7,6,6,7,7,6,7,7,6,7,7,7,6,7,8,7,7,6,7,6,6,6,6,6,6,6,6,6,3,7,8,7,3,8,8,6,6,6,7,6,6,7,6,7,8,6,7,6,6,7,7,7,7,6,6,6,6,6,8,8,7,8,8,9,8,8,8,8,8,11,8,8,8,8,7,7,20,6,7,6,6,6,0,6,6,6,6,6,6,6,6,6,6,6,6,6,9,6,8,6,8,8,6,5,6,5,7,6,6,8,6,6,6,1,6,6,4,6,8,7,6,6,6,0,3,6,6,6,7,17,6,2,6,1,6,1,20,6,6,6,8,1,6,6,9,5,6,6,7,6,8,6,6,7,6,5,5,6,8,6,6,6,7,6,6,8,6,3,6,3,3,3,3,3,3,3,3,3,3,6,3,3,3,3,3,3,3,3,3,7,6,7,6,7,7,7,6,8,6,6,6,3,6,6,3,6,4,6,7,6,6,6,7,3,3,6,2,7,6,6,3,3,6,3,3,3,3,6,6,6,3,6,3,3,3,3,6,4,6,3,3,6,6,6,1,3,6,3,6,2,1,1,2,4,6,1,0,6,5,0,0,1,0,6,3,6,2,1,0,0,3,0,0,3,7,0,0,3,5,6,0,5,0,6,5,6,6,4,6,2,1,6,4,2,6,6,0,6,0,3,6,7,4,0,6,6,6,3,0,1,0,0,0,6,6,6,3,1,3,6,3,3,3,3,3,3,6,6,3,6,6,3,3,4,3,6,6,3,6,3,2,9,3,3,6,6,3,3,3,3,4,3,3,3,0,6,2,0,6,6,3,1,6,6,6,6,6,6,3,3,3,6,6,3,0,3,2,3,3,3,3,2,3,3,3,3,3,3,2,3,2,3,3,3,6,6,6,6,6,6,6,3,6,4,6,6,6,6,3,3,2,3,2,1,3,6,3,3,3,2,3,3,3,3,0,3,3,6,3,3
EPI_ISL_17427623,116,116,0,117,115,67,96,59,59,59,59,69,85,69,69,59,70,71,60,73,69,7,6,6,6,6,6,7,7,7,6,6,6,6,6,6,6,6,6,6,6,6,6,6,6,6,6,6,6,6,7,6,20,5,7,7,7,7,7,6,6,6,6,6,6,6,6,6,6,7,6,6,6,7,6,6,7,7,6,7,7,6,7,7,7,6,7,8,7,7,6,7,6,6,6,6,6,6,6,6,6,3,7,8,7,3,8,8,6,6,6,7,6,6,7,6,7,7,6,7,6,6,7,7,7,7,6,6,6,6,6,7,7,7,7,7,8,7,7,7,7,7,10,7,7,7,7,6,6,20,6,7,6,6,6,0,6,6,6,6,6,6,6,6,6,6,6,6,6,9,6,8,6,8,8,6,5,6,5,7,6,6,8,6,6,6,1,6,6,4,6,8,7,6,6,6,0,3,6,6,6,7,17,6,2,6,1,6,1,20,6,6,6,8,1,6,6,9,5,6,6,7,6,8,6,6,7,6,5,5,6,8,6,6,6,7,6,6,8,6,3,6,3,3,3,3,3,3,3,3,3,3,6,3,3,3,3,3,3,3,3,3,7,6,7,6,7,7,7,6,8,6,6,6,3,6,6,3,6,4,6,7,6,6,6,7,3,3,6,2,7,6,6,3,3,6,3,3,3,3,6,6,6,3,6,3,3,3,3,6,4,6,3,3,6,6,6,1,3,6,3,6,2,1,1,2,4,6,1,0,6,5,0,0,1,0,6,3,6,2,1,0,0,3,0,0,3,7,0,0,3,5,6,0,5,0,6,5,6,6,4,6,2,1,6,4,2,6,6,0,6,0,3,6,7,4,0,6,6,6,3,0,1,0,0,0,6,6,6,3,1,3,6,3,3,3,3,3,3,6,6,3,6,6,3,3,4,3,6,6,3,6,3,2,9,3,3,6,6,3,3,3,3,4,3,3,3,0,6,2,0,6,6,3,1,6,6,6,6,6,6,3,3,3,6,6,3,0,3,2,3,3,3,3,2,3,3,3,3,3,3,2,3,2,3,3,3,6,7,6,6,6,6,6,3,6,4,6,6,6,6,3,3,2,3,2,1,3,6,3,3,3,2,3,3,3,3,0,3,3,6,3,3
EPI_ISL_17427622,116,117,117,0,116,66,96,59,59,59,59,68,84,68,68,58,69,70,59,72,68,7,6,6,6,6,6,7,7,7,6,6,6,6,6,6,6,6,6,6,6,6,6,6,6,6,6,6,6,6,7,6,20,5,7,7,7,7,7,6,6,6,6,6,6,6,6,6,6,7,6,6,6,7,6,6,7,7,6,7,7,6,7,7,7,6,7,8,7,7,6,7,6,6,6,6,6,6,6,6,6,3,7,8,7,3,8,8,6,6,6,7,6,6,7,6,7,7,6,7,6,6,7,7,7,7,6,6,6,6,6,7,7,7,7,7,8,7,7,7,7,7,10,7,7,7,7,6,6,20,6,7,6,6,6,0,6,6,6,6,6,6,6,6,6,6,6,6,6,9,6,8,6,8,8,6,5,6,5,7,6,6,8,6,6,6,1,6,6,4,6,8,7,6,6,6,0,3,6,6,6,7,17,6,2,6,1,6,1,20,6,6,6,8,1,6,6,9,5,6,6,7,6,8,6,6,7,6,5,5,6,8,6,6,6,7,6,6,8,6,3,6,3,3,3,3,3,3,3,3,3,3,6,3,3,3,3,3,3,3,3,3,7,6,7,6,7,7,7,6,8,6,6,6,3,6,6,3,6,4,6,7,6,6,6,7,3,3,6,2,7,6,6,3,3,6,3,3,3,3,6,6,6,3,6,3,3,3,3,6,4,6,3,3,6,6,6,1,3,6,3,6,2,1,1,2,4,6,1,0,6,5,0,0,1,0,6,3,6,2,1,0,0,3,0,0,3,7,0,0,3,5,6,0,5,0,6,5,6,6,4,6,2,1,6,4,2,6,6,0,6,0,3,6,7,4,0,6,6,6,3,0,1,0,0,0,6,6,6,3,1,3,6,3,3,3,3,3,3,6,6,3,6,6,3,3,4,3,6,6,3,6,3,2,9,3,3,6,6,3,3,3,3,4,3,3,3,0,6,2,0,6,6,3,1,6,6,6,6,6,6,3,3,3,6,6,3,0,3,2,3,3,3,3,2,3,3,3,3,3,3,2,3,2,3,3,3,6,6,6,6,6,6,6,3,6,4,6,6,6,6,3,3,2,3,2,1,3,6,3,3,3,2,3,3,3,3,0,3,3,6,3,3
EPI_ISL_17427613,114,115,115,116,0,66,96,59,59,59,59,68,84,68,68,58,69,70,59,72,68,7,6,6,6,6,6,7,7,7,6,6,6,6,6,6,6,6,6,6,6,6,6,6,6,6,6,6,6,6,7,6,20,5,7,7,7,7,7,6,6,6,6,6,6,6,6,6,6,7,6,6,6,7,6,6,7,7,6,7,7,6,7,7,7,6,7,8,7,7,6,7,6,6,6,6,6,6,6,6,6,3,7,8,7,3,8,8,6,6,6,7,6,6,7,6,7,7,6,7,6,6,7,7,7,7,6,6,6,6,6,7,7,7,7,7,8,7,7,7,7,7,10,7,7,7,7,6,6,20,6,7,6,6,6,0,6,6,6,6,6,6,6,6,6,6,6,6,6,9,6,8,6,8,8,6,5,6,5,7,6,6,8,6,6,6,1,6,6,4,6,8,7,6,6,6,0,3,6,6,6,7,17,6,2,6,1,6,1,20,6,6,6,8,1,6,6,9,5,6,6,7,6,8,6,6,7,6,5,5,6,8,6,6,6,7,6,6,8,6,3,6,3,3,3,3,3,3,3,3,3,3,6,3,3,3,3,3,3,3,3,3,7,6,7,6,7,7,7,6,8,6,6,6,3,6,6,3,6,4,6,7,6,6,6,7,3,3,6,2,7,6,6,3,3,6,3,3,3,3,6,6,6,3,6,3,3,3,3,6,4,6,3,3,6,6,6,1,3,6,3,6,2,1,1,2,4,6,1,0,6,5,0,0,1,0,6,3,6,2,1,0,0,3,0,0,3,7,0,0,3,5,6,0,5,0,6,5,6,6,4,6,2,1,6,4,2,6,6,0,6,0,3,6,7,4,0,6,6,6,3,0,1,0,0,0,6,6,6,3,1,3,6,3,3,3,3,3,3,6,6,3,6,6,3,3,4,3,6,6,3,6,3,2,9,3,3,6,6,3,3,3,3,4,3,3,3,0,6,2,0,6,6,3,1,6,6,6,6,6,6,3,3,3,6,6,3,0,3,2,3,3,3,3,2,3,3,3,3,3,3,2,3,2,3,3,3,6,6,6,6,6,6,6,3,6,4,6,6,6,6,3,3,2,3,2,1,3,6,3,3,3,2,3,3,3,3,0,3,3,6,3,3
EPI_ISL_17427635,65,66,67,66,66,0,65,45,45,45,45,63,67,53,54,45,52,55,45,52,50,5,5,5,5,5,5,6,6,6,5,5,5,5,5,6,6,6,6,5,5,6,5,5,6,6,6,6,5,5,5,6,17,4,5,5,5,5,5,5,5,5,5,5,5,5,5,5,5,5,5,5,5,6,5,5,5,5,5,5,5,5,5,5,5,4,5,6,5,5,5,5,5,5,5,5,5,5,5,5,5,1,5,6,5,2,6,6,4,5,5,5,5,5,5,5,5,5,5,5,5,5,5,5,5,5,5,5,5,5,5,5,5,7,5,5,5,5,5,5,5,5,5,5,5,5,5,5,4,17,6,7,6,6,5,0,6,6,6,6,6,6,6,6,6,6,6,6,6,9,6,7,6,8,8,6,5,6,5,7,6,6,8,6,6,6,1,6,6,4,6,8,7,6,6,6,0,3,6,6,6,7,17,6,1,6,1,6,1,17,6,6,6,8,1,6,6,8,5,6,6,6,6,8,6,6,7,6,5,5,6,8,6,6,6,7,6,6,8,6,3,6,3,3,3,3,3,3,3,3,3,3,6,3,3,3,3,3,3,3,3,3,7,6,7,6,7,7,7,6,8,6,6,6,3,6,6,3,6,1,6,7,6,6,6,6,3,3,6,2,7,6,6,3,3,6,3,3,3,3,6,6,6,3,6,3,3,3,3,6,3,6,3,3,6,6,6,1,3,6,3,6,2,1,1,2,4,6,1,0,6,5,0,0,1,0,6,3,6,2,1,0,0,3,0,0,3,7,0,0,3,5,6,0,5,0,6,5,6,6,4,6,2,1,6,4,2,6,6,0,6,0,3,6,7,4,0,6,6,6,3,0,1,0,0,0,6,6,6,3,1,3,6,3,3,3,3,3,3,6,6,3,6,6,3,3,3,3,6,6,3,6,3,2,6,3,3,6,6,3,3,3,3,3,3,3,3,0,6,2,0,6,6,3,1,6,6,6,6,6,6,3,3,3,6,6,3,0,3,2,3,3,3,3,2,3,3,3,3,3,3,2,3,2,3,3,3,6,6,6,6,6,6,6,3,6,4,6,6,6,6,3,3,2,3,2,1,3,6,3,3,3,2,3,3,3,3,0,3,3,6,3,3
EPI_ISL_17427627,97,95,96,96,96,65,0,59,59,59,59,68,83,68,68,59,66,70,60,72,68,7,6,6,6,6,6,7,7,7,6,6,6,6,6,6,6,6,6,6,6,6,6,6,6,6,6,6,6,6,7,6,17,6,7,7,7,7,7,6,6,6,6,6,6,6,6,6,6,7,6,6,6,7,6,6,7,7,6,7,7,6,7,7,7,6,7,8,7,7,6,7,6,6,6,7,6,6,6,6,6,3,7,8,7,3,8,8,6,6,6,7,6,6,7,6,7,7,6,7,6,6,7,7,7,7,6,6,6,6,6,7,7,7,7,7,8,7,7,7,7,7,7,7,7,7,7,6,6,17,6,7,6,6,7,0,6,6,6,6,6,6,6,6,6,6,6,6,6,9,6,8,6,8,8,6,5,6,6,7,6,6,8,6,6,6,1,6,6,4,6,8,7,6,6,6,0,3,6,6,6,7,17,6,2,6,1,6,1,17,6,6,6,8,1,6,6,9,5,6,6,7,6,8,6,6,7,6,5,5,6,8,6,6,6,7,6,6,8,6,3,6,3,3,3,3,3,3,3,3,3,3,6,3,3,3,3,3,3,3,3,3,7,6,7,6,7,7,7,6,8,6,6,6,3,6,6,3,6,1,6,7,6,6,6,6,3,3,6,2,7,6,6,3,3,6,3,3,3,3,6,6,6,3,6,3,3,3,3,6,4,6,3,3,6,6,6,1,3,6,3,6,2,1,1,2,4,6,1,0,6,5,0,0,1,0,6,3,6,2,1,0,0,3,0,0,3,7,0,0,3,5,6,0,5,0,6,5,6,6,4,6,2,1,6,4,2,6,6,0,6,0,3,6,7,4,0,6,6,6,3,0,1,0,0,0,6,6,6,3,1,3,6,3,3,3,3,3,3,6,6,3,6,6,3,3,4,3,6,6,3,6,3,2,6,3,3,6,6,3,3,3,3,4,3,3,3,0,6,2,0,6,6,3,1,6,6,6,6,6,6,3,3,3,6,6,3,0,3,2,3,3,3,3,2,3,3,3,3,3,3,2,3,2,3,3,3,6,6,6,6,6,6,6,3,6,4,6,6,6,6,3,3,2,3,2,1,3,6,3,3,3,2,3,3,3,3,0,3,3,6,3,3
EPI_ISL_18875619,59,58,59,59,59,45,59,0,64,73,70,47,60,51,50,46,49,53,49,44,42,4,3,3,3,3,3,4,4,4,3,3,3,3,3,5,5,5,5,3,3,5,3,3,5,5,5,5,3,3,4,5,15,2,5,4,4,4,4,3,4,3,3,3,3,3,3,3,3,4,3,4,3,4,3,4,3,4,3,3,3,3,3,3,3,2,3,4,4,3,3,4,3,3,3,3,3,3,3,3,3,1,3,4,4,2,5,5,2,3,3,3,3,3,3,3,3,4,3,3,3,3,3,3,3,3,3,3,3,3,3,4,4,6,4,4,4,4,4,5,4,4,5,4,4,4,4,3,3,15,5,6,5,5,5,0,5,5,5,5,5,5,5,5,5,5,5,5,5,7,5,6,5,6,6,5,5,5,5,6,5,5,6,5,5,5,2,5,5,3,5,6,6,5,5,5,0,2,5,5,5,6,15,5,1,5,0,5,2,15,6,5,5,6,1,5,5,6,5,5,5,5,5,6,5,5,6,5,5,5,5,6,5,5,5,6,5,5,6,5,2,5,2,2,2,2,2,2,2,2,2,2,5,2,2,2,2,2,2,2,2,2,6,5,6,5,6,6,5,5,6,5,5,5,2,5,5,2,5,0,5,5,5,5,5,5,2,2,5,1,6,5,5,2,2,5,2,2,2,2,5,5,5,2,5,2,2,2,2,5,2,5,2,2,5,5,5,1,2,5,2,5,1,0,0,1,3,5,0,0,5,4,0,0,1,0,5,2,5,1,1,0,0,2,0,0,2,6,0,0,2,4,5,0,4,0,5,4,5,5,4,5,1,0,5,4,1,5,5,0,5,0,2,5,6,3,0,5,5,5,2,0,1,0,0,0,5,5,5,2,1,2,5,2,2,2,2,2,2,5,5,2,5,5,2,2,2,2,5,5,2,5,2,1,5,2,2,5,5,2,2,2,2,2,2,2,2,0,5,1,0,5,5,2,0,5,5,5,5,5,5,2,2,2,5,5,2,0,2,1,2,2,2,2,1,2,2,2,2,2,2,1,2,1,2,2,2,5,5,5,5,5,5,5,2,5,3,5,5,5,5,2,2,1,2,1,0,2,5,2,2,2,1,2,2,2,2,0,3,2,5,2,2
EPI_ISL_18875617,59,58,59,59,59,45,59,64,0,64,64,45,60,50,49,45,48,52,48,44,42,4,3,3,3,3,3,4,4,4,3,3,3,3,3,5,5,5,5,3,3,5,3,3,5,5,5,5,3,3,4,5,15,2,5,4,4,4,4,3,4,3,3,3,3,3,3,3,3,4,3,4,3,3,3,4,3,4,3,3,3,3,3,3,3,2,3,3,4,3,3,4,3,3,3,3,3,3,3,3,3,1,3,3,4,2,4,4,2,3,3,3,3,3,3,3,3,4,3,3,3,3,3,3,3,3,3,3,3,3,3,4,4,6,4,4,4,4,4,5,4,4,5,4,4,4,4,3,3,15,5,6,5,5,5,0,5,5,5,5,5,5,5,5,5,5,5,5,5,6,5,6,5,6,6,5,5,5,5,6,5,5,6,5,5,5,1,5,5,3,5,6,6,5,5,5,0,2,5,5,5,6,15,5,1,5,0,5,1,15,6,5,5,6,1,5,5,6,5,5,5,5,5,6,5,5,5,5,5,5,5,6,5,5,5,5,5,5,6,5,2,5,2,2,2,2,2,2,2,2,2,2,5,2,2,2,2,2,2,2,2,2,6,5,6,5,6,6,5,5,6,5,5,5,2,5,5,2,5,0,5,5,5,5,5,5,2,2,5,1,6,5,5,2,2,5,2,2,2,2,5,5,5,2,5,2,2,2,2,5,2,5,2,2,5,5,5,1,2,5,2,5,1,0,0,1,3,5,0,0,5,4,0,0,1,0,5,2,5,1,1,0,0,2,0,0,2,6,0,0,2,4,5,0,4,0,5,4,5,5,4,5,1,0,5,4,1,5,5,0,5,0,2,5,6,3,0,5,5,5,2,0,1,0,0,0,5,5,5,2,1,2,5,2,2,2,2,2,2,5,5,2,5,5,2,2,2,2,5,5,2,5,2,1,5,2,2,5,5,2,2,2,2,2,2,2,2,0,5,1,0,5,5,2,0,5,5,5,5,5,5,2,2,2,5,5,2,0,2,1,2,2,2,2,1,2,2,2,2,2,2,1,2,1,2,2,2,5,5,5,5,5,5,5,2,5,3,5,5,5,5,2,2,1,2,1,0,2,5,2,2,2,1,2,2,2,2,0,3,2,5,2,2
EPI_ISL_18875618,59,58,59,59,59,45,59,73,64,0,70,47,60,51,50,46,49,53,49,44,42,4,3,3,3,3,3,4,4,4,3,3,3,3,3,5,5,5,5,3,3,5,3,3,5,5,5,5,3,3,4,5,15,2,5,4,4,4,4,3,4,3,3,3,3,3,3,3,3,4,3,4,3,4,3,4,3,4,3,3,3,3,3,3,3,2,3,4,4,3,3,4,3,3,3,3,3,3,3,3,3,1,3,4,4,2,5,5,2,3,3,3,3,3,3,3,3,4,3,3,3,3,3,3,3,3,3,3,3,3,3,4,4,6,4,4,4,4,4,5,4,4,5,4,4,4,4,3,3,15,5,6,5,5,5,0,5,5,5,5,5,5,5,5,5,5,5,5,5,7,5,6,5,6,6,5,5,5,5,6,5,5,6,5,5,5,2,5,5,3,5,6,6,5,5,5,0,2,5,5,5,6,15,5,1,5,0,5,2,15,6,5,5,6,1,5,5,6,5,5,5,5,5,6,5,5,6,5,5,5,5,6,5,5,5,6,5,5,6,5,2,5,2,2,2,2,2,2,2,2,2,2,5,2,2,2,2,2,2,2,2,2,6,5,6,5,6,6,5,5,6,5,5,5,2,5,5,2,5,0,5,5,5,5,5,5,2,2,5,1,6,5,5,2,2,5,2,2,2,2,5,5,5,2,5,2,2,2,2,5,2,5,2,2,5,5,5,1,2,5,2,5,1,0,0,1,3,5,0,0,5,4,0,0,1,0,5,2,5,1,1,0,0,2,0,0,2,6,0,0,2,4,5,0,4,0,5,4,5,5,4,5,1,0,5,4,1,5,5,0,5,0,2,5,6,3,0,5,5,5,2,0,1,0,0,0,5,5,5,2,1,2,5,2,2,2,2,2,2,5,5,2,5,5,2,2,2,2,5,5,2,5,2,1,5,2,2,5,5,2,2,2,2,2,2,2,2,0,5,1,0,5,5,2,0,5,5,5,5,5,5,2,2,2,5,5,2,0,2,1,2,2,2,2,1,2,2,2,2,2,2,1,2,1,2,2,2,5,5,5,5,5,5,5,2,5,3,5,5,5,5,2,2,1,2,1,0,2,5,2,2,2,1,2,2,2,2,0,3,2,5,2,2
EPI_ISL_18875620,59,58,59,59,59,45,59,70,64,70,0,47,60,51,50,46,49,53,49,44,42,4,3,3,3,3,3,4,4,4,3,3,3,3,3,5,5,5,5,3,3,5,3,3,5,5,5,5,3,3,4,5,15,2,5,4,4,4,4,3,4,3,3,3,3,3,3,3,3,4,3,4,3,4,3,4,3,4,3,3,3,3,3,3,3,2,3,4,4,3,3,4,3,3,3,3,3,3,3,3,3,1,3,4,4,2,5,5,2,3,3,3,3,3,3,3,3,4,3,3,3,3,3,3,3,3,3,3,3,3,3,4,4,6,4,4,4,4,4,5,4,4,5,4,4,4,4,3,3,15,5,6,5,5,5,0,5,5,5,5,5,5,5,5,5,5,5,5,5,7,5,6,5,6,6,5,5,5,5,6,5,5,6,5,5,5,2,5,5,3,5,6,6,5,5,5,0,2,5,5,5,6,15,5,1,5,0,5,2,15,6,5,5,6,1,5,5,6,5,5,5,5,5,6,5,5,6,5,5,5,5,6,5,5,5,6,5,5,6,5,2,5,2,2,2,2,2,2,2,2,2,2,5,2,2,2,2,2,2,2,2,2,6,5,6,5,6,6,5,5,6,5,5,5,2,5,5,2,5,0,5,5,5,5,5,5,2,2,5,1,6,5,5,2,2,5,2,2,2,2,5,5,5,2,5,2,2,2,2,5,2,5,2,2,5,5,5,1,2,5,2,5,1,0,0,1,3,5,0,0,5,4,0,0,1,0,5,2,5,1,1,0,0,2,0,0,2,6,0,0,2,4,5,0,4,0,5,4,5,5,4,5,1,0,5,4,1,5,5,0,5,0,2,5,6,3,0,5,5,5,2,0,1,0,0,0,5,5,5,2,1,2,5,2,2,2,2,2,2,5,5,2,5,5,2,2,2,2,5,5,2,5,2,1,5,2,2,5,5,2,2,2,2,2,2,2,2,0,5,1,0,5,5,2,0,5,5,5,5,5,5,2,2,2,5,5,2,0,2,1,2,2,2,2,1,2,2,2,2,2,2,1,2,1,2,2,2,5,5,5,5,5,5,5,2,5,3,5,5,5,5,2,2,1,2,1,0,2,5,2,2,2,1,2,2,2,2,0,3,2,5,2,2
EPI_ISL_16299755,67,67,69,68,68,63,68,47,45,47,47,0,78,66,63,56,64,67,56,55,53,7,6,6,6,6,6,7,7,7,6,6,6,6,6,13,7,13,13,6,6,13,6,6,7,13,13,13,6,6,7,7,23,5,7,7,7,7,7,6,6,6,6,6,6,6,6,6,6,6,6,6,6,7,6,6,6,6,6,6,6,6,6,6,6,5,6,7,6,6,6,6,6,6,6,6,6,6,6,6,6,1,6,7,6,4,7,7,5,6,6,6,6,6,7,6,6,7,7,6,6,6,6,6,6,6,6,6,6,6,6,7,7,14,7,7,7,7,7,7,7,7,7,7,7,7,7,6,6,23,6,7,6,13,6,0,7,7,7,7,7,7,7,6,7,13,7,6,7,9,7,7,6,8,8,7,5,7,6,7,6,7,8,6,7,7,1,7,7,4,7,8,7,7,7,7,0,3,6,6,6,7,17,7,1,7,2,6,1,23,6,7,7,8,7,7,6,8,6,7,6,7,6,8,7,7,8,7,5,6,6,8,6,6,6,7,7,6,8,6,3,6,3,3,3,3,3,3,3,3,3,3,13,3,3,3,3,3,3,3,3,3,6,6,6,6,6,6,7,6,7,7,6,6,3,6,6,3,6,1,7,7,6,6,6,6,3,3,6,2,7,6,6,3,3,6,3,3,3,3,6,6,6,3,7,3,3,3,3,7,3,6,3,3,7,6,6,1,3,6,3,6,2,1,1,2,4,6,1,0,6,5,0,0,1,0,6,3,6,2,1,0,0,3,0,0,3,7,0,0,3,5,6,0,5,0,6,5,6,6,4,6,2,1,6,4,2,6,6,0,6,0,3,6,7,4,0,6,6,6,3,0,1,0,0,0,6,6,6,3,1,3,6,3,3,3,3,3,3,6,6,3,6,6,3,3,3,3,6,6,3,6,3,2,6,3,3,6,6,3,3,3,3,3,3,3,3,0,6,2,0,6,6,3,1,6,6,6,6,6,6,3,3,3,6,6,3,0,3,2,3,3,3,3,2,3,3,3,3,3,3,2,3,2,3,3,3,6,6,6,6,6,6,6,3,6,4,6,6,6,6,3,3,2,3,2,1,3,6,3,3,3,2,3,4,3,3,0,3,4,6,3,3
EPI_ISL_17427615,82,83,85,84,84,67,83,60,60,60,60,78,0,81,77,70,79,83,71,68,65,7,6,6,6,6,6,7,7,7,6,6,6,6,6,13,7,13,13,6,6,13,6,6,7,13,13,13,6,6,7,7,23,5,7,7,7,7,7,6,6,6,6,6,6,6,6,6,6,6,6,6,6,7,6,6,6,6,6,6,6,6,6,6,6,5,6,7,6,6,6,6,6,6,6,6,6,6,6,6,6,1,6,7,6,4,7,7,5,6,6,6,6,6,6,6,6,7,6,6,6,6,6,6,6,6,6,6,6,6,6,7,7,14,7,7,8,7,7,7,7,7,7,7,7,7,7,6,6,23,6,7,6,13,6,0,7,7,7,7,7,7,7,6,7,13,7,6,7,9,7,8,6,8,8,7,5,7,6,7,6,7,8,6,7,7,1,7,7,4,7,8,7,7,7,7,0,3,6,6,6,7,17,7,1,7,2,6,1,23,6,7,7,8,7,7,6,8,6,7,6,7,6,8,7,7,8,7,5,6,6,8,6,6,6,7,7,6,8,6,3,6,4,3,3,3,3,3,3,3,3,3,13,3,3,3,3,3,3,3,3,3,7,6,7,6,7,7,7,6,8,7,6,6,3,6,6,3,6,1,7,7,6,6,6,6,3,3,6,2,7,6,6,3,3,6,3,3,3,3,6,6,6,3,6,3,3,3,3,6,3,6,3,3,6,6,6,1,3,6,3,6,2,1,1,2,4,6,1,0,6,5,0,0,1,0,6,3,6,2,1,0,0,3,0,0,3,7,0,0,3,5,6,0,5,0,6,5,6,6,4,6,2,1,6,4,2,6,6,0,6,0,3,6,7,4,0,6,6,6,3,0,1,0,0,0,6,6,6,3,1,3,6,3,3,3,3,3,3,6,6,3,6,6,3,3,3,3,6,6,3,6,3,2,6,3,3,6,6,3,3,3,3,3,3,3,3,0,6,2,0,6,6,3,1,6,6,6,6,6,6,3,3,3,6,6,3,0,3,2,3,3,3,3,2,3,3,3,3,3,3,2,3,2,3,3,3,6,15,6,6,6,6,6,3,6,4,6,6,6,6,3,3,2,3,2,1,3,6,3,3,3,2,3,3,3,3,0,3,3,6,3,3
EPI_ISL_14584144,67,67,69,68,68,53,68,51,50,51,51,66,81,0,87,78,91,91,82,74,71,7,6,6,6,6,6,6,6,6,6,6,6,6,6,17,9,17,18,6,6,17,6,6,9,18,18,17,6,6,7,10,14,5,7,7,7,7,7,6,6,6,6,6,6,6,6,6,6,6,6,6,6,7,6,6,6,6,6,6,6,6,6,6,6,5,6,7,6,6,6,6,6,6,6,6,6,6,6,6,6,1,6,7,6,4,7,7,5,6,6,6,6,6,6,6,6,7,6,6,6,6,6,6,6,6,6,6,6,6,6,7,7,19,7,7,8,7,7,7,7,7,7,7,7,7,7,6,6,14,10,7,11,17,10,0,12,10,12,13,11,11,12,11,11,17,12,10,12,9,10,12,10,10,8,11,9,12,10,7,11,12,8,9,10,10,1,10,10,4,11,8,7,8,10,11,0,3,10,11,10,12,10,11,1,10,5,7,1,14,8,12,10,8,7,11,9,9,10,11,10,12,9,8,11,11,13,11,8,10,9,8,11,7,9,11,12,12,10,7,3,7,4,3,3,3,3,3,3,3,3,3,17,3,3,3,3,3,3,3,3,3,7,7,8,7,8,8,8,7,8,10,7,7,3,7,7,3,6,1,10,8,7,7,7,7,3,3,7,2,8,7,7,3,3,7,3,3,3,3,7,7,7,3,7,3,3,3,3,7,3,7,3,3,7,7,7,1,3,7,3,7,2,1,2,2,5,6,1,0,7,6,0,0,1,0,7,3,7,3,1,0,0,3,0,0,3,8,0,0,3,6,6,0,6,0,7,5,7,7,4,7,2,1,7,5,2,7,7,0,7,0,3,7,8,5,0,7,6,6,3,0,1,0,1,0,7,7,7,3,1,3,7,3,3,3,3,3,3,6,7,3,7,7,3,3,3,3,6,6,3,7,3,2,6,3,3,7,7,3,3,3,3,3,3,3,3,0,7,2,0,7,7,3,1,7,6,7,7,6,7,3,3,3,6,7,3,0,3,2,3,3,3,3,2,3,3,3,3,3,3,2,3,2,3,3,3,7,6,8,7,7,7,7,3,7,4,6,7,7,7,3,3,2,3,2,1,3,6,3,3,3,2,3,3,3,3,0,3,3,7,3,3
EPI_ISL_14584133,67,67,69,68,68,54,68,50,49,50,50,63,77,87,0,76,86,88,81,76,73,7,6,6,6,6,6,6,6,6,6,6,6,6,6,17,9,17,18,6,6,17,6,6,9,18,18,17,6,6,7,10,14,4,7,7,7,7,8,6,6,6,6,6,6,6,6,6,6,6,6,6,6,7,6,6,6,6,6,6,6,6,6,6,6,4,6,7,6,6,6,6,6,6,6,6,6,6,6,6,6,1,6,7,6,3,7,7,4,6,6,6,6,6,6,6,6,7,6,6,6,6,6,6,6,6,6,6,6,6,6,7,7,19,7,7,8,7,7,7,7,7,7,7,7,7,7,6,5,14,10,7,12,17,10,0,11,9,11,13,10,10,12,12,11,17,12,10,12,9,10,13,10,10,8,11,10,11,9,8,11,12,9,10,10,10,1,10,10,4,11,8,8,8,10,11,0,3,11,12,11,13,10,11,1,10,4,7,1,14,8,12,10,8,7,11,10,9,9,11,10,12,9,8,11,10,12,10,8,10,9,8,11,7,9,12,11,12,10,7,3,7,4,3,3,3,3,3,3,3,3,3,17,3,3,3,3,3,3,3,3,3,7,7,8,7,8,8,8,7,8,10,7,7,3,7,7,3,6,1,10,8,7,7,7,7,3,3,7,2,8,7,7,3,3,7,3,3,3,3,7,7,7,3,7,3,3,3,3,7,3,7,3,3,7,7,7,1,3,7,3,7,2,1,1,2,5,6,1,0,7,6,0,0,1,0,7,3,7,3,1,0,0,3,0,0,3,8,0,0,3,6,6,0,6,0,7,5,7,7,4,7,2,1,7,5,2,7,7,0,7,0,3,7,8,5,0,7,6,6,3,0,1,0,1,0,7,7,7,3,1,3,7,3,3,3,3,3,3,6,7,3,7,7,3,3,3,3,6,6,3,7,3,2,6,3,3,7,7,3,3,3,3,3,3,3,3,0,7,2,0,7,7,3,1,7,6,7,7,6,7,3,3,3,6,7,3,0,3,2,3,3,3,3,2,3,3,3,3,3,3,2,3,2,3,3,3,7,6,7,7,7,7,7,3,7,4,6,7,7,7,3,3,2,3,2,1,3,6,3,3,3,2,3,3,3,3,0,3,3,7,3,3
EPI_ISL_14584110,57,57,59,58,58,45,59,46,45,46,46,56,70,78,76,0,77,77,81,68,68,7,6,6,6,6,6,6,6,6,6,6,6,6,6,20,12,20,21,6,6,20,6,6,12,21,21,20,6,6,7,14,13,4,7,7,7,7,7,6,6,6,6,6,6,6,6,6,6,6,6,6,6,7,6,6,6,6,6,6,6,6,6,6,6,4,6,7,6,6,6,6,6,6,6,6,6,6,6,6,6,1,6,7,6,4,7,7,4,6,6,6,6,6,6,6,6,7,6,6,6,6,6,6,6,6,6,6,6,6,6,7,7,23,7,7,7,7,7,7,7,7,7,7,7,7,7,6,5,13,13,7,15,21,14,0,15,13,15,17,14,14,16,15,15,21,16,13,16,8,14,16,13,9,7,15,13,15,13,8,14,16,9,13,14,14,1,14,14,4,15,7,8,11,13,15,0,3,14,15,14,16,9,14,1,13,7,7,1,13,8,16,13,7,7,15,13,8,13,15,13,16,12,7,15,14,16,14,11,14,12,7,14,8,12,15,15,15,9,8,3,8,4,3,3,3,3,3,3,3,3,3,21,3,3,3,3,3,3,3,3,3,7,8,9,8,9,9,9,8,8,14,9,8,3,8,8,3,6,1,14,9,8,8,8,9,3,3,9,2,9,8,8,3,3,8,3,3,3,3,8,8,8,3,8,3,3,3,3,8,3,9,3,3,8,8,8,1,3,8,3,9,2,1,1,2,7,6,1,0,9,6,0,0,1,0,8,3,9,4,1,0,0,3,0,0,3,9,0,0,3,7,7,0,8,0,8,6,8,9,5,8,2,2,8,5,2,9,8,0,8,0,3,8,9,5,0,8,6,7,4,0,1,0,1,0,8,9,8,3,1,3,8,3,3,3,3,3,3,6,8,3,8,8,3,3,3,3,6,6,3,9,3,2,6,3,3,8,8,3,3,3,3,3,3,3,3,0,8,2,0,7,9,3,1,8,6,8,8,6,8,3,3,3,6,8,3,0,3,2,3,3,3,3,2,3,3,3,3,3,3,2,3,2,3,3,3,9,6,8,8,8,8,8,3,8,4,7,9,8,9,3,3,2,3,2,1,3,6,3,3,3,2,3,3,3,3,0,3,3,8,3,3
EPI_ISL_14584112,68,68,70,69,69,52,66,49,48,49,49,64,79,91,86,77,0,89,81,73,70,6,5,5,5,5,5,5,5,5,5,5,5,5,5,16,8,16,17,5,5,16,5,5,8,17,17,16,5,5,6,9,16,4,6,6,6,6,6,5,5,5,5,5,5,5,5,5,5,5,5,5,5,6,5,5,5,5,5,5,5,5,5,5,5,4,5,6,5,5,5,5,5,5,5,5,5,5,5,5,5,1,5,6,5,4,6,6,4,5,5,5,5,5,5,5,5,6,5,5,5,5,5,5,5,5,5,5,5,5,5,6,6,18,6,6,7,6,6,6,6,6,9,6,6,6,6,5,5,16,9,6,10,16,9,0,11,9,11,12,10,10,11,10,10,16,11,9,11,8,9,11,9,9,7,10,8,11,9,6,10,11,7,8,9,9,1,9,9,3,10,7,6,7,9,10,0,2,9,10,9,11,9,10,1,9,5,6,1,16,7,11,9,7,7,10,8,8,9,10,9,11,8,7,10,10,12,10,7,9,8,7,10,6,8,10,11,11,9,6,2,6,3,2,2,2,2,2,2,2,2,2,16,2,2,2,2,2,2,2,2,2,6,6,7,6,7,7,7,6,7,9,6,6,2,6,6,2,5,4,9,7,6,6,6,6,2,2,6,1,7,6,6,2,2,6,2,2,2,2,6,6,6,2,6,2,2,2,2,6,2,6,2,2,6,6,6,0,2,6,2,6,1,1,2,1,5,5,1,0,6,5,0,0,1,0,6,2,6,2,1,0,0,2,0,0,2,7,0,0,2,6,5,0,5,0,6,5,6,6,3,6,2,1,6,5,1,6,6,0,6,0,2,6,7,5,0,6,5,5,2,0,1,0,1,0,6,6,6,2,0,2,6,2,2,2,2,2,2,5,6,2,6,6,2,2,2,2,5,5,2,6,2,2,8,2,2,6,6,2,2,2,2,2,2,2,2,0,6,2,0,6,6,2,1,6,5,6,6,5,6,2,2,2,5,6,2,0,2,1,2,2,2,2,1,2,2,2,2,2,2,1,2,1,2,2,2,6,5,7,6,6,6,6,2,6,4,5,6,6,6,2,2,1,2,2,1,2,5,2,2,2,1,2,2,2,2,0,3,2,6,2,2
EPI_ISL_14584082,69,69,71,70,70,55,70,53,52,53,53,67,83,91,88,77,89,0,82,73,70,7,6,6,6,6,6,6,6,6,6,6,6,6,6,16,8,16,17,6,6,16,6,6,8,17,17,16,6,6,7,9,14,5,7,7,7,7,7,6,6,6,6,6,6,6,6,6,6,6,6,6,6,7,6,6,6,6,6,6,6,6,6,6,6,5,6,7,6,6,6,6,6,6,6,6,6,6,6,6,6,1,6,7,6,4,7,7,5,6,6,6,6,6,6,6,6,7,6,6,6,6,6,6,6,6,6,6,6,6,6,7,7,18,7,7,8,7,7,7,7,7,7,7,7,7,7,6,6,14,9,7,10,16,9,0,11,9,11,12,10,10,11,10,10,17,11,9,11,9,9,12,9,10,8,10,8,11,9,7,10,11,8,8,9,9,1,9,9,4,10,8,7,8,9,10,0,3,9,10,9,11,10,10,1,9,4,7,1,14,8,11,9,8,7,10,8,9,9,10,9,11,8,8,10,10,12,10,7,9,8,8,10,7,8,10,11,11,10,7,3,7,5,3,3,3,3,3,3,3,3,3,16,3,3,3,3,3,3,3,3,3,7,7,8,7,8,8,8,7,8,9,7,7,3,7,7,3,6,1,9,8,7,7,7,7,3,3,7,2,8,7,7,3,3,7,3,3,3,3,7,7,7,3,7,3,3,3,3,7,3,7,3,3,7,7,7,1,3,7,3,7,2,1,1,2,5,6,1,0,7,6,0,0,1,0,7,3,7,3,1,0,0,3,0,0,3,8,0,0,3,6,6,0,6,0,7,5,7,7,4,7,2,1,7,5,2,7,7,0,7,0,3,7,8,5,0,7,6,6,3,0,1,0,1,0,7,7,7,3,1,3,7,3,3,3,3,3,3,6,7,3,7,7,3,3,3,3,6,6,3,7,3,2,6,3,3,7,7,3,3,3,3,3,3,3,3,0,7,2,0,7,7,3,1,7,6,7,7,6,7,3,3,3,6,7,3,0,3,2,3,3,3,3,2,3,3,3,3,3,3,2,3,2,3,3,3,7,6,7,7,7,7,7,3,7,4,6,7,7,7,3,3,2,3,2,1,3,6,3,3,3,2,3,3,3,3,0,3,3,7,3,3
EPI_ISL_14584073,58,58,60,59,59,45,60,49,48,49,49,56,71,82,81,81,81,82,0,69,68,7,6,6,6,6,6,6,6,6,6,6,6,6,6,20,12,20,21,6,6,20,6,6,12,21,21,20,6,6,7,14,13,4,7,7,7,7,7,6,6,6,6,6,6,6,6,6,6,6,6,6,6,7,6,6,6,6,6,6,6,6,6,6,6,4,6,7,6,6,6,6,6,6,6,6,6,6,6,6,6,1,6,7,6,4,7,7,4,6,6,6,6,6,6,6,6,7,6,6,6,6,6,6,6,6,6,6,6,6,6,7,7,23,7,7,8,7,7,7,7,7,7,7,7,7,7,6,5,13,13,7,15,21,14,0,15,13,15,17,14,14,16,15,15,21,16,13,16,8,14,16,13,9,7,15,13,15,13,8,14,16,9,13,14,14,1,14,14,4,15,7,8,11,13,15,0,3,14,15,14,16,9,14,1,13,7,7,1,13,9,16,13,7,7,15,13,8,13,15,13,16,12,7,15,14,16,14,11,14,12,7,14,8,12,15,15,15,9,8,3,8,5,3,3,3,3,3,3,3,3,3,21,3,3,3,3,3,3,3,3,3,7,8,9,8,9,9,9,8,8,14,9,8,3,8,8,3,6,1,14,9,8,8,8,9,3,3,9,2,9,8,8,3,3,8,3,3,3,3,8,8,8,3,8,3,3,3,3,8,3,9,3,3,8,8,8,1,3,8,3,9,2,1,1,2,7,6,1,0,9,6,0,0,1,0,8,3,9,4,1,0,0,3,0,0,3,9,0,0,3,7,7,0,8,0,8,6,8,9,5,8,2,2,8,5,2,9,8,0,8,0,3,8,9,5,0,8,6,7,4,0,1,0,1,0,8,9,8,3,1,3,8,3,3,3,3,3,3,6,8,3,8,8,3,3,3,3,6,6,3,9,3,2,6,3,3,8,8,3,3,3,3,3,3,3,3,0,8,2,0,7,9,3,1,8,6,8,8,6,8,3,3,3,6,8,3,0,3,2,3,3,3,3,2,3,3,3,3,3,3,2,3,2,3,3,3,9,6,8,8,8,8,8,3,8,4,7,9,8,9,3,3,2,3,2,1,3,6,3,3,3,2,3,3,3,3,0,3,3,8,3,3
EPI_ISL_15270521,71,71,73,72,72,52,72,44,44,44,44,55,68,74,76,68,73,73,69,0,80,7,6,6,6,6,6,6,6,6,6,6,6,6,6,12,10,12,13,6,6,12,6,6,10,13,13,12,6,6,7,12,8,4,7,7,7,7,7,6,6,6,6,7,6,6,6,6,6,7,6,6,6,7,6,6,7,7,6,7,7,6,7,7,7,5,7,8,7,7,6,7,6,6,6,6,6,7,7,6,6,2,7,8,7,3,8,8,5,6,6,7,6,6,7,6,7,7,6,7,6,6,7,7,7,7,6,6,6,7,6,7,7,15,7,7,8,7,7,7,7,7,7,7,7,7,7,6,5,8,12,7,14,13,13,0,13,11,13,15,12,12,14,14,13,13,14,12,14,9,12,15,12,10,8,13,12,13,11,8,13,14,9,12,12,12,1,12,12,4,13,8,8,9,11,13,0,3,13,14,13,15,10,12,2,11,5,7,1,8,8,14,12,8,1,13,12,9,11,13,12,15,11,8,13,12,14,12,10,12,11,8,13,8,11,14,13,14,10,8,3,8,3,3,3,3,3,3,3,3,3,3,13,3,3,3,3,3,3,3,3,3,7,8,9,8,9,9,9,8,8,12,8,8,3,8,8,3,6,1,12,9,8,8,8,8,3,3,8,2,9,8,8,4,3,8,3,3,3,3,8,8,8,3,8,3,3,3,3,8,4,8,3,3,8,8,8,1,3,8,3,8,2,1,1,2,6,6,1,0,8,6,0,0,1,0,8,3,8,4,1,0,0,3,0,0,3,9,0,0,3,7,7,0,7,0,8,6,8,8,5,8,2,2,8,5,2,8,8,0,8,0,3,8,9,5,0,8,6,7,4,0,1,0,1,0,8,8,8,3,1,3,8,3,3,3,3,3,3,6,8,3,8,8,3,3,4,3,6,6,3,8,3,2,6,3,3,8,8,3,3,3,3,4,3,3,3,0,8,2,0,7,8,3,1,8,6,8,8,6,8,3,3,3,6,8,3,0,3,2,3,3,3,3,2,3,3,3,3,3,3,2,3,2,3,3,3,8,6,8,8,8,8,8,3,8,4,7,8,8,8,3,3,2,3,2,1,3,6,3,3,3,2,3,3,3,3,0,3,3,8,3,3
EPI_ISL_15270508,67,67,69,68,68,50,68,42,42,42,42,53,65,71,73,68,70,70,68,80,0,7,6,6,6,6,6,6,6,6,6,6,6,6,6,13,11,14,15,6,6,14,6,6,11,15,15,14,6,6,7,14,8,4,7,7,7,7,7,6,6,6,6,6,6,6,6,6,6,7,6,6,6,7,6,6,7,7,6,7,7,7,7,7,7,5,7,8,7,7,6,7,7,6,6,6,6,6,6,6,6,2,7,8,7,3,8,8,5,6,6,7,6,6,7,6,7,7,6,7,6,6,7,7,7,7,6,6,6,6,6,7,7,17,7,7,7,7,7,7,7,7,7,7,7,7,7,6,5,8,13,7,15,15,14,0,14,12,14,17,13,14,15,16,15,15,16,13,15,9,14,17,14,10,8,14,13,16,13,9,14,16,10,14,13,13,1,13,13,4,14,8,9,10,13,14,0,3,15,15,15,17,10,13,2,12,6,7,1,8,8,16,12,8,1,15,14,9,13,14,13,16,12,8,15,14,15,14,11,13,13,8,14,9,12,15,15,16,10,9,3,9,3,3,3,3,3,3,3,3,3,3,15,3,3,3,3,3,3,3,3,3,7,9,10,9,10,10,11,9,8,14,10,9,3,9,9,3,6,2,14,11,9,9,9,10,3,3,10,2,10,9,9,3,3,9,3,3,3,3,9,9,9,3,9,3,3,3,3,9,4,10,3,3,9,9,9,1,3,9,3,10,2,1,2,3,7,6,1,0,10,6,0,0,1,0,9,3,10,4,1,0,0,3,0,0,3,10,0,0,3,7,7,0,8,0,9,7,8,10,5,9,2,3,9,6,2,10,9,0,9,0,3,9,10,5,1,9,6,7,5,0,1,1,1,0,9,10,9,3,1,3,9,3,3,3,3,3,3,6,9,3,9,9,3,3,4,3,6,6,3,10,3,2,6,3,3,9,9,3,3,3,3,4,3,3,3,0,9,2,0,8,10,3,1,9,6,9,9,6,9,3,3,3,6,9,3,0,3,2,3,3,3,3,2,3,3,3,3,3,3,2,3,2,3,3,3,10,6,9,9,9,9,9,3,9,4,7,10,8,10,3,3,2,3,2,1,3,6,3,3,3,2,3,3,3,3,0,3,3,9,3,3
EPI_ISL_17989125,7,8,7,7,7,5,7,4,4,4,4,7,7,7,7,7,6,7,7,7,7,0,45,39,39,45,45,39,39,39,45,39,39,39,39,6,6,5,6,38,38,5,38,38,6,6,6,5,38,38,42,6,4,30,42,42,42,42,42,27,28,27,27,26,27,27,28,27,34,27,28,28,28,27,28,27,27,28,27,26,27,27,27,26,27,17,27,27,28,25,27,27,27,27,28,26,33,28,26,27,27,9,28,27,27,12,28,28,17,27,27,27,27,28,27,27,27,42,26,27,27,27,25,25,26,26,27,27,27,26,27,54,42,7,42,48,54,54,42,42,42,42,42,42,48,42,42,39,30,4,4,3,5,7,5,0,5,4,5,6,5,5,6,5,6,7,6,4,6,3,6,6,4,3,3,6,4,5,4,4,4,6,5,5,5,5,0,5,5,3,7,3,5,5,5,6,0,3,5,5,5,6,3,7,0,5,2,3,0,4,3,6,5,3,0,6,4,3,4,7,4,6,3,3,6,4,5,5,2,6,3,3,4,4,3,5,5,4,3,3,3,4,4,3,3,3,3,3,3,3,3,3,7,4,3,3,3,3,3,3,3,3,3,3,3,3,3,3,3,4,3,6,3,3,3,3,5,3,3,1,6,3,4,5,3,4,3,3,3,2,3,3,3,4,3,3,3,3,3,3,3,3,3,3,3,3,3,3,3,3,3,3,3,3,3,3,3,1,3,3,3,3,2,1,1,2,1,3,1,0,3,2,0,0,1,0,3,3,3,2,1,0,0,3,0,0,3,3,0,0,3,2,3,0,2,0,3,2,3,3,1,3,2,1,3,0,2,3,3,0,3,0,3,3,3,1,0,3,3,3,3,0,0,0,0,0,3,3,3,3,1,3,3,3,3,3,3,3,3,3,3,3,3,3,3,3,3,3,3,3,3,3,3,2,3,3,3,3,3,3,3,3,3,3,3,3,3,0,3,2,0,3,3,3,1,3,3,3,3,3,3,3,3,3,3,3,3,0,3,2,3,3,3,3,2,3,3,3,3,3,3,2,3,2,3,3,3,3,3,3,3,3,3,3,3,4,1,3,3,3,3,3,3,2,3,2,1,3,3,3,3,3,2,3,3,3,3,0,0,3,3,3,3
EPI_ISL_14593745,6,7,6,6,6,5,6,3,3,3,3,6,6,6,6,6,5,6,6,6,6,45,0,42,42,66,66,42,42,42,66,42,42,42,42,7,6,5,6,40,41,5,40,40,6,6,6,5,41,41,40,6,4,28,40,40,40,40,40,25,27,26,26,26,25,26,26,26,32,26,27,27,26,25,26,26,26,27,26,24,25,26,26,24,26,15,26,26,27,24,25,26,26,26,27,25,31,27,26,25,25,8,27,26,26,11,27,27,15,25,26,26,26,25,25,26,26,39,25,26,25,26,23,23,24,24,25,26,25,25,26,45,40,7,39,45,45,45,40,40,39,39,40,39,45,40,39,41,27,4,3,3,4,6,4,0,4,4,4,5,4,4,5,4,5,6,5,3,5,3,6,5,3,3,3,5,3,4,3,4,3,5,4,4,5,5,0,5,5,3,6,3,4,5,5,5,0,3,4,4,4,5,3,6,0,5,2,3,0,4,3,5,5,3,0,5,4,3,3,6,3,5,3,3,5,3,4,4,2,5,3,3,3,4,3,4,4,3,3,3,3,4,3,3,3,3,3,3,3,3,4,3,6,3,3,3,3,3,4,3,3,4,3,3,3,3,3,3,3,4,3,6,3,3,3,3,4,3,3,1,6,3,4,4,3,4,3,3,3,2,3,3,3,4,3,3,3,3,3,3,3,3,3,3,3,3,3,3,3,3,3,3,3,3,3,3,3,1,3,3,3,3,2,1,1,2,1,3,1,0,3,2,0,0,0,0,3,3,3,2,1,0,0,3,0,0,3,3,0,0,3,2,3,0,2,0,3,2,3,3,1,3,2,1,3,0,2,3,3,0,3,0,3,3,3,1,0,3,3,3,3,0,0,0,0,0,3,3,3,3,1,3,3,3,3,3,3,3,3,3,3,3,3,3,3,3,3,3,3,3,3,3,3,2,3,3,3,3,3,3,3,3,3,3,3,4,3,0,3,2,0,3,3,3,1,3,3,3,3,3,3,3,3,3,3,3,3,0,3,2,3,3,3,3,2,3,3,3,3,3,3,2,3,2,3,3,3,3,3,3,3,3,3,3,3,4,1,3,3,3,3,3,3,2,3,2,1,3,3,3,3,3,2,3,3,3,3,0,0,3,3,3,3
EPI_ISL_14594253,6,7,6,6,6,5,6,3,3,3,3,6,6,6,6,6,5,6,6,6,6,39,42,0,47,42,42,45,45,46,42,46,45,45,45,7,6,5,6,39,40,5,39,39,6,6,6,5,40,40,39,6,4,28,39,39,39,39,39,25,26,26,25,25,25,25,25,25,26,25,26,26,26,25,26,25,25,26,25,24,25,25,25,24,25,15,25,25,26,23,25,25,25,25,25,24,25,26,25,25,25,8,26,25,25,11,26,26,15,25,25,25,25,25,25,25,25,39,25,25,25,25,23,23,24,24,25,25,25,24,25,39,39,6,39,39,39,39,39,39,39,39,39,39,39,39,39,41,27,4,3,3,4,6,4,0,4,4,4,5,4,4,5,4,5,6,5,3,5,3,6,5,3,3,3,5,3,4,3,3,3,5,4,4,5,5,0,5,5,3,5,3,4,5,5,5,0,3,4,4,4,5,3,5,0,5,2,3,0,4,3,5,5,3,0,5,4,3,3,5,3,5,3,3,5,3,4,4,2,4,3,3,3,4,3,4,4,3,3,3,3,4,3,3,3,3,3,3,3,3,3,3,6,3,3,3,3,3,3,3,3,3,3,3,3,3,3,3,3,4,3,6,3,3,3,3,4,3,3,1,6,3,4,4,3,4,3,3,3,2,3,3,3,4,3,3,3,3,3,3,3,3,3,3,3,3,3,3,3,3,3,3,3,3,3,3,3,1,3,3,3,3,2,1,1,2,1,3,1,0,3,2,0,0,0,0,3,3,3,2,1,0,0,3,0,0,3,3,0,0,3,2,3,0,2,0,3,2,3,3,1,3,2,1,3,0,2,3,3,0,3,0,3,3,3,1,0,3,3,3,3,0,0,0,0,0,3,3,3,3,1,3,3,3,3,3,3,3,3,3,3,3,3,3,3,3,3,3,3,3,3,3,3,2,3,3,3,3,3,3,3,3,3,3,3,3,3,0,3,2,0,3,3,3,1,3,3,3,3,3,3,3,3,3,3,3,3,0,3,2,3,3,3,3,2,3,3,3,3,3,3,2,3,2,3,3,3,3,3,3,3,3,3,3,3,4,1,3,3,3,3,3,3,2,3,2,1,3,3,3,3,3,2,3,3,3,3,0,0,3,3,3,3
EPI_ISL_14594254,6,7,6,6,6,5,6,3,3,3,3,6,6,6,6,6,5,6,6,6,6,39,42,47,0,42,42,45,45,45,42,45,45,45,45,7,6,5,6,39,40,5,39,39,6,6,6,5,40,40,39,6,4,28,39,39,39,39,39,25,26,26,25,25,25,25,25,25,26,25,26,26,26,25,26,25,25,26,25,24,25,25,25,24,25,15,25,25,26,23,25,25,25,25,25,24,25,26,25,25,25,8,26,25,25,11,26,26,15,25,25,25,25,25,25,25,25,39,25,25,25,25,23,23,24,24,25,25,25,24,25,39,39,6,39,39,39,39,39,39,39,39,39,39,39,39,39,41,27,4,3,3,4,6,4,0,4,4,4,5,4,4,5,4,5,6,5,3,5,3,6,5,3,3,3,5,3,4,3,3,3,5,4,4,5,5,0,5,5,3,5,3,4,5,5,5,0,3,4,4,4,5,3,5,0,5,2,3,0,4,3,5,5,3,0,5,4,3,3,5,3,5,3,3,5,3,4,4,2,4,3,3,3,4,3,4,4,3,3,3,3,4,3,3,3,3,3,3,3,3,3,3,6,3,3,3,3,3,3,3,3,3,3,3,3,3,3,3,3,4,3,6,3,3,3,3,4,3,3,1,6,3,4,4,3,4,3,3,3,2,3,3,3,4,3,3,3,3,3,3,3,3,3,3,3,3,3,3,3,3,3,3,3,3,3,3,3,1,3,3,3,3,2,1,1,2,1,3,1,0,3,2,0,0,0,0,3,3,3,2,1,0,0,3,0,0,3,3,0,0,3,2,3,0,2,0,3,2,3,3,1,3,2,1,3,0,2,3,3,0,3,0,3,3,3,1,0,3,3,3,3,0,0,0,0,0,3,3,3,3,1,3,3,3,3,3,3,3,3,3,3,3,3,3,3,3,3,3,3,3,3,3,3,2,3,3,3,3,3,3,3,3,3,3,3,3,3,0,3,2,0,3,3,3,1,3,3,3,3,3,3,3,3,3,3,3,3,0,3,2,3,3,3,3,2,3,3,3,3,3,3,2,3,2,3,3,3,3,3,3,3,3,3,3,3,4,1,3,3,3,3,3,3,2,3,2,1,3,3,3,3,3,2,3,3,3,3,0,0,3,3,3,3
EPI_ISL_14594263,6,7,6,6,6,5,6,3,3,3,3,6,6,6,6,6,5,6,6,6,6,45,66,42,42,0,67,42,42,42,67,42,42,42,42,7,6,5,6,40,41,5,40,40,6,6,6,5,41,41,40,6,4,28,40,40,40,40,40,25,27,26,26,26,25,26,26,26,32,26,27,27,26,25,26,26,26,27,26,24,25,26,26,24,26,15,26,26,27,24,25,26,26,26,27,25,31,27,26,25,25,8,27,26,26,11,27,27,15,25,26,26,26,25,25,26,26,39,25,26,25,26,23,23,24,24,25,26,25,25,26,45,40,7,39,45,45,45,40,40,39,39,40,39,45,40,39,41,27,4,3,3,4,6,4,0,4,4,4,5,4,4,5,4,5,6,5,3,5,3,6,5,3,3,3,5,3,4,3,4,3,5,4,4,5,5,0,5,5,3,6,3,4,5,5,5,0,3,4,4,4,5,3,6,0,5,2,3,0,4,3,5,5,3,0,5,4,3,3,6,3,5,3,3,5,3,4,4,2,5,3,3,3,4,3,4,4,3,3,3,3,4,3,3,3,3,3,3,3,3,4,3,6,3,3,3,3,3,4,3,3,4,3,3,3,3,3,3,3,4,3,6,3,3,3,3,4,3,3,1,6,3,4,4,3,4,3,3,3,2,3,3,3,4,3,3,3,3,3,3,3,3,3,3,3,3,3,3,3,3,3,3,3,3,3,3,3,1,3,3,3,3,2,1,1,2,1,3,1,0,3,2,0,0,0,0,3,3,3,2,1,0,0,3,0,0,3,3,0,0,3,2,3,0,2,0,3,2,3,3,1,3,2,1,3,0,2,3,3,0,3,0,3,3,3,1,0,3,3,3,3,0,0,0,0,0,3,3,3,3,1,3,3,3,3,3,3,3,3,3,3,3,3,3,3,3,3,3,3,3,3,3,3,2,3,3,3,3,3,3,3,3,3,3,3,4,3,0,3,2,0,3,3,3,1,3,3,3,3,3,3,3,3,3,3,3,3,0,3,2,3,3,3,3,2,3,3,3,3,3,3,2,3,2,3,3,3,3,3,3,3,3,3,3,3,4,1,3,3,3,3,3,3,2,3,2,1,3,3,3,3,3,2,3,3,3,3,0,0,3,3,3,3
EPI_ISL_14594264,6,7,6,6,6,5,6,3,3,3,3,6,6,6,6,6,5,6,6,6,6,45,66,42,42,67,0,42,43,43,66,42,42,42,42,7,6,5,6,40,41,5,40,40,6,6,6,5,41,41,40,6,4,28,40,40,40,40,40,25,27,26,26,26,25,26,26,26,32,26,27,27,26,25,26,26,26,27,26,24,25,26,26,24,26,15,26,26,27,24,25,26,26,26,27,25,31,27,26,25,25,8,27,26,26,11,27,27,15,25,26,26,26,25,25,26,26,39,25,26,25,26,23,23,24,24,25,26,25,25,26,45,40,7,39,45,45,45,40,40,39,39,40,39,45,40,39,41,27,4,3,3,4,6,4,0,4,4,4,5,4,4,5,4,5,6,5,3,5,3,6,5,3,3,3,5,3,4,3,4,3,5,4,4,5,5,0,5,5,3,6,3,4,5,5,5,0,3,4,4,4,5,3,6,0,5,2,3,0,4,3,5,5,3,0,5,4,3,3,6,3,5,3,3,5,3,4,4,2,5,3,3,3,4,3,4,4,3,3,3,3,4,3,3,3,3,3,3,3,3,4,3,6,3,3,3,3,3,4,3,3,4,3,3,3,3,3,3,3,4,3,6,3,3,3,3,4,3,3,1,6,3,4,4,3,4,3,3,3,2,3,3,3,4,3,3,3,3,3,3,3,3,3,3,3,3,3,3,3,3,3,3,3,3,3,3,3,1,3,3,3,3,2,1,1,2,1,3,1,0,3,2,0,0,0,0,3,3,3,2,1,0,0,3,0,0,3,3,0,0,3,2,3,0,2,0,3,2,3,3,1,3,2,1,3,0,2,3,3,0,3,0,3,3,3,1,0,3,3,3,3,0,0,0,0,0,3,3,3,3,1,3,3,3,3,3,3,3,3,3,3,3,3,3,3,3,3,3,3,3,3,3,3,2,3,3,3,3,3,3,3,3,3,3,3,4,3,0,3,2,0,3,3,3,1,3,3,3,3,3,3,3,3,3,3,3,3,0,3,2,3,3,3,3,2,3,3,3,3,3,3,2,3,2,3,3,3,3,3,3,3,3,3,3,3,4,1,3,3,3,3,3,3,2,3,2,1,3,3,3,3,3,2,3,3,3,3,0,0,3,3,3,3
EPI_ISL_14594265,7,8,7,7,7,6,7,4,4,4,4,7,7,6,6,6,5,6,6,6,6,39,42,45,45,42,42,0,47,46,42,45,45,45,46,7,6,5,6,39,40,5,39,39,6,6,6,5,40,40,39,6,5,28,39,39,39,39,39,25,26,26,25,25,25,25,25,25,26,25,26,26,26,25,26,25,25,26,25,24,25,25,25,24,25,15,25,25,26,23,25,25,25,25,25,24,25,26,25,25,25,8,26,25,25,11,26,26,15,25,25,25,25,25,25,25,25,39,25,25,25,25,23,23,24,24,25,25,25,24,25,39,39,6,39,39,39,39,39,39,39,39,39,39,39,39,39,41,27,5,3,3,4,6,4,0,4,4,4,5,4,4,5,4,5,6,5,3,5,3,6,5,3,3,3,5,3,4,3,3,3,5,4,4,5,5,0,5,5,3,5,3,4,5,5,5,0,3,4,4,4,5,4,5,0,5,2,3,0,5,3,5,5,3,0,5,4,3,3,5,3,5,3,3,5,3,4,4,2,4,3,3,3,4,3,4,4,3,3,3,3,4,3,3,3,3,3,3,3,3,3,3,6,3,3,3,3,3,3,3,3,3,3,3,3,3,3,3,3,4,3,6,3,3,3,3,4,3,3,1,6,3,4,4,3,4,3,3,3,2,3,3,3,4,3,3,3,3,3,3,3,3,3,3,3,3,3,3,3,3,3,3,3,3,3,3,3,1,3,3,3,3,2,1,1,2,1,3,1,0,3,2,0,0,0,0,3,3,3,2,1,0,0,3,0,0,3,3,0,0,3,2,3,0,2,0,3,2,3,3,1,3,2,1,3,0,2,3,3,0,3,0,3,3,3,1,0,3,3,3,3,0,0,0,0,0,3,3,3,3,1,3,3,3,3,3,3,3,3,3,3,3,3,3,3,3,3,3,3,3,3,3,3,2,3,3,3,3,3,3,3,3,3,3,3,3,3,0,3,2,0,3,3,3,1,3,3,3,3,3,3,3,3,3,3,3,3,0,3,2,3,3,3,3,2,3,3,3,3,3,3,2,3,2,3,3,3,3,3,3,3,3,3,3,3,4,1,3,3,3,3,3,3,2,3,2,1,3,3,3,3,3,2,3,3,3,3,0,0,3,3,3,3
EPI_ISL_14594266,7,8,7,7,7,6,7,4,4,4,4,7,7,6,6,6,5,6,6,6,6,39,42,45,45,42,43,47,0,47,42,45,45,45,45,7,6,5,6,39,40,5,39,39,6,6,6,5,40,40,39,6,5,28,39,39,39,39,39,25,26,26,25,25,25,25,25,25,26,25,26,26,26,25,26,25,25,26,25,24,25,25,25,24,25,15,25,25,26,23,25,25,25,25,25,24,25,26,25,25,25,8,26,25,25,11,26,26,15,25,25,25,25,25,25,25,25,39,25,25,25,25,23,23,24,24,25,25,25,24,25,39,39,6,39,39,39,39,39,39,39,39,39,39,39,39,39,41,27,5,3,3,4,6,4,0,4,4,4,5,4,4,5,4,5,6,5,3,5,3,6,5,3,3,3,5,3,4,3,3,3,5,4,4,5,5,0,5,5,3,5,3,4,5,5,5,0,3,4,4,4,5,4,5,0,5,2,3,0,5,3,5,5,3,0,5,4,3,3,5,3,5,3,3,5,3,4,4,2,4,3,3,3,4,3,4,4,3,3,3,3,4,3,3,3,3,3,3,3,3,3,3,6,3,3,3,3,3,3,3,3,3,3,3,3,3,3,3,3,4,3,6,3,3,3,3,4,3,3,1,6,3,4,4,3,4,3,3,3,2,3,3,3,4,3,3,3,3,3,3,3,3,3,3,3,3,3,3,3,3,3,3,3,3,3,3,3,1,3,3,3,3,2,1,1,2,1,3,1,0,3,2,0,0,0,0,3,3,3,2,1,0,0,3,0,0,3,3,0,0,3,2,3,0,2,0,3,2,3,3,1,3,2,1,3,0,2,3,3,0,3,0,3,3,3,1,0,3,3,3,3,0,0,0,0,0,3,3,3,3,1,3,3,3,3,3,3,3,3,3,3,3,3,3,3,3,3,3,3,3,3,3,3,2,3,3,3,3,3,3,3,3,3,3,3,3,3,0,3,2,0,3,3,3,1,3,3,3,3,3,3,3,3,3,3,3,3,0,3,2,3,3,3,3,2,3,3,3,3,3,3,2,3,2,3,3,3,3,3,3,3,3,3,3,3,4,1,3,3,3,3,3,3,2,3,2,1,3,3,3,3,3,2,3,3,3,3,0,0,3,3,3,3
EPI_ISL_14594267,7,8,7,7,7,6,7,4,4,4,4,7,7,6,6,6,5,6,6,6,6,39,42,46,45,42,43,46,47,0,42,46,45,45,45,7,6,5,6,39,40,5,39,39,6,6,6,5,40,40,39,6,5,28,39,39,39,39,39,25,26,26,25,25,25,25,25,25,26,25,26,26,26,25,26,25,25,26,25,24,25,25,25,24,25,15,25,25,26,23,25,25,25,25,25,24,25,26,25,25,25,8,26,25,25,11,26,26,15,25,25,25,25,25,25,25,25,39,25,25,25,25,23,23,24,24,25,25,25,24,25,39,39,6,39,39,39,39,39,39,39,39,39,39,39,39,39,41,27,5,3,3,4,6,4,0,4,4,4,5,4,4,5,4,5,6,5,3,5,3,6,5,3,3,3,5,3,4,3,3,3,5,4,4,5,5,0,5,5,3,5,3,4,5,5,5,0,3,4,4,4,5,4,5,0,5,2,3,0,5,3,5,5,3,0,5,4,3,3,5,3,5,3,3,5,3,4,4,2,4,3,3,3,4,3,4,4,3,3,3,3,4,3,3,3,3,3,3,3,3,3,3,6,3,3,3,3,3,3,3,3,3,3,3,3,3,3,3,3,4,3,6,3,3,3,3,4,3,3,1,6,3,4,4,3,4,3,3,3,2,3,3,3,4,3,3,3,3,3,3,3,3,3,3,3,3,3,3,3,3,3,3,3,3,3,3,3,1,3,3,3,3,2,1,1,2,1,3,1,0,3,2,0,0,0,0,3,3,3,2,1,0,0,3,0,0,3,3,0,0,3,2,3,0,2,0,3,2,3,3,1,3,2,1,3,0,2,3,3,0,3,0,3,3,3,1,0,3,3,3,3,0,0,0,0,0,3,3,3,3,1,3,3,3,3,3,3,3,3,3,3,3,3,3,3,3,3,3,3,3,3,3,3,2,3,3,3,3,3,3,3,3,3,3,3,3,3,0,3,2,0,3,3,3,1,3,3,3,3,3,3,3,3,3,3,3,3,0,3,2,3,3,3,3,2,3,3,3,3,3,3,2,3,2,3,3,3,3,3,3,3,3,3,3,3,4,1,3,3,3,3,3,3,2,3,2,1,3,3,3,3,3,2,3,3,3,3,0,0,3,3,3,3
EPI_ISL_14594269,6,7,6,6,6,5,6,3,3,3,3,6,6,6,6,6,5,6,6,6,6,45,66,42,42,67,66,42,42,42,0,42,42,42,42,7,6,5,6,40,41,5,40,40,6,6,6,5,41,41,40,6,4,28,40,40,40,40,40,25,27,26,26,26,25,26,26,26,32,26,27,27,26,25,26,26,26,27,26,24,25,26,26,24,26,15,26,26,27,24,25,26,26,26,27,25,31,27,26,25,25,8,27,26,26,11,27,27,15,25,26,26,26,25,25,26,26,39,25,26,25,26,23,23,24,24,25,26,25,25,26,45,40,7,39,45,45,45,40,40,39,39,40,39,45,40,39,41,27,4,3,3,4,6,4,0,4,4,4,5,4,4,5,4,5,6,5,3,5,3,6,5,3,3,3,5,3,4,3,4,3,5,4,4,5,5,0,5,5,3,6,3,4,5,5,5,0,3,4,4,4,5,3,6,0,5,2,3,0,4,3,5,5,3,0,5,4,3,3,6,3,5,3,3,5,3,4,4,2,5,3,3,3,4,3,4,4,3,3,3,3,4,3,3,3,3,3,3,3,3,4,3,6,3,3,3,3,3,4,3,3,4,3,3,3,3,3,3,3,4,3,6,3,3,3,3,4,3,3,1,6,3,4,4,3,4,3,3,3,2,3,3,3,4,3,3,3,3,3,3,3,3,3,3,3,3,3,3,3,3,3,3,3,3,3,3,3,1,3,3,3,3,2,1,1,2,1,3,1,0,3,2,0,0,0,0,3,3,3,2,1,0,0,3,0,0,3,3,0,0,3,2,3,0,2,0,3,2,3,3,1,3,2,1,3,0,2,3,3,0,3,0,3,3,3,1,0,3,3,3,3,0,0,0,0,0,3,3,3,3,1,3,3,3,3,3,3,3,3,3,3,3,3,3,3,3,3,3,3,3,3,3,3,2,3,3,3,3,3,3,3,3,3,3,3,4,3,0,3,2,0,3,3,3,1,3,3,3,3,3,3,3,3,3,3,3,3,0,3,2,3,3,3,3,2,3,3,3,3,3,3,2,3,2,3,3,3,3,3,3,3,3,3,3,3,4,1,3,3,3,3,3,3,2,3,2,1,3,3,3,3,3,2,3,3,3,3,0,0,3,3,3,3
EPI_ISL_14594272,6,7,6,6,6,5,6,3,3,3,3,6,6,6,6,6,5,6,6,6,6,39,42,46,45,42,42,45,45,46,42,0,45,45,45,7,6,5,6,39,40,5,39,39,6,6,6,5,40,40,39,6,4,28,39,39,39,39,39,25,26,26,25,25,25,25,25,25,26,25,26,26,26,25,26,25,25,26,25,24,25,25,25,24,25,15,25,25,26,23,25,25,25,25,25,24,25,26,25,25,25,8,26,25,25,11,26,26,15,25,25,25,25,25,25,25,25,39,25,25,25,25,23,23,24,24,25,25,25,24,25,39,39,6,39,39,39,39,39,39,39,39,39,39,39,39,39,41,27,4,3,3,4,6,4,0,4,4,4,5,4,4,5,4,5,6,5,3,5,3,6,5,3,3,3,5,3,4,3,3,3,5,4,4,5,5,0,5,5,3,5,3,4,5,5,5,0,3,4,4,4,5,3,5,0,5,2,3,0,4,3,5,5,3,0,5,4,3,3,5,3,5,3,3,5,3,4,4,2,4,3,3,3,4,3,4,4,3,3,3,3,4,3,3,3,3,3,3,3,3,3,3,6,3,3,3,3,3,3,3,3,3,3,3,3,3,3,3,3,4,3,6,3,3,3,3,4,3,3,1,6,3,4,4,3,4,3,3,3,2,3,3,3,4,3,3,3,3,3,3,3,3,3,3,3,3,3,3,3,3,3,3,3,3,3,3,3,1,3,3,3,3,2,1,1,2,1,3,1,0,3,2,0,0,0,0,3,3,3,2,1,0,0,3,0,0,3,3,0,0,3,2,3,0,2,0,3,2,3,3,1,3,2,1,3,0,2,3,3,0,3,0,3,3,3,1,0,3,3,3,3,0,0,0,0,0,3,3,3,3,1,3,3,3,3,3,3,3,3,3,3,3,3,3,3,3,3,3,3,3,3,3,3,2,3,3,3,3,3,3,3,3,3,3,3,3,3,0,3,2,0,3,3,3,1,3,3,3,3,3,3,3,3,3,3,3,3,0,3,2,3,3,3,3,2,3,3,3,3,3,3,2,3,2,3,3,3,3,3,3,3,3,3,3,3,4,1,3,3,3,3,3,3,2,3,2,1,3,3,3,3,3,2,3,3,3,3,0,0,3,3,3,3
EPI_ISL_14594273,6,7,6,6,6,5,6,3,3,3,3,6,6,6,6,6,5,6,6,6,6,39,42,45,45,42,42,45,45,45,42,45,0,45,45,7,6,5,6,39,40,5,39,39,6,6,6,5,40,40,39,6,4,28,39,39,39,39,39,25,26,26,25,25,25,25,25,25,26,25,26,26,26,25,26,25,25,26,25,24,25,25,25,24,25,15,25,25,26,23,25,25,25,25,25,24,25,26,25,25,25,8,26,25,25,11,26,26,15,25,25,25,25,25,25,25,25,39,25,25,25,25,23,23,24,24,25,25,25,24,25,39,39,6,39,39,39,39,39,39,39,39,39,39,39,39,39,41,27,4,3,3,4,6,4,0,4,4,4,5,4,4,5,4,5,6,5,3,5,3,6,5,3,3,3,5,3,4,3,3,3,5,4,4,5,5,0,5,5,3,5,3,4,5,5,5,0,3,4,4,4,5,3,5,0,5,2,3,0,4,3,5,5,3,0,5,4,3,3,5,3,5,3,3,5,3,4,4,2,4,3,3,3,4,3,4,4,3,3,3,3,4,3,3,3,3,3,3,3,3,3,3,6,3,3,3,3,3,3,3,3,3,3,3,3,3,3,3,3,4,3,6,3,3,3,3,4,3,3,1,6,3,4,4,3,4,3,3,3,2,3,3,3,4,3,3,3,3,3,3,3,3,3,3,3,3,3,3,3,3,3,3,3,3,3,3,3,1,3,3,3,3,2,1,1,2,1,3,1,0,3,2,0,0,0,0,3,3,3,2,1,0,0,3,0,0,3,3,0,0,3,2,3,0,2,0,3,2,3,3,1,3,2,1,3,0,2,3,3,0,3,0,3,3,3,1,0,3,3,3,3,0,0,0,0,0,3,3,3,3,1,3,3,3,3,3,3,3,3,3,3,3,3,3,3,3,3,3,3,3,3,3,3,2,3,3,3,3,3,3,3,3,3,3,3,3,3,0,3,2,0,3,3,3,1,3,3,3,3,3,3,3,3,3,3,3,3,0,3,2,3,3,3,3,2,3,3,3,3,3,3,2,3,2,3,3,3,3,3,3,3,3,3,3,3,4,1,3,3,3,3,3,3,2,3,2,1,3,3,3,3,3,2,3,3,3,3,0,0,3,3,3,3
EPI_ISL_14594274,6,7,6,6,6,5,6,3,3,3,3,6,6,6,6,6,5,6,6,6,6,39,42,45,45,42,42,45,45,45,42,45,45,0,45,7,6,5,6,39,40,5,39,39,6,6,6,5,40,40,39,6,4,28,39,39,39,39,39,25,26,26,25,25,25,25,25,25,26,25,26,26,26,25,26,25,25,26,25,24,25,25,25,24,25,15,25,25,26,23,25,25,25,25,25,24,25,26,25,25,25,8,26,25,25,11,26,26,15,25,25,25,25,25,25,25,25,39,25,25,25,25,23,23,24,24,25,25,25,24,25,39,39,6,39,39,39,39,39,39,39,39,39,39,39,39,39,41,27,4,3,3,4,6,4,0,4,4,4,5,4,4,5,4,5,6,5,3,5,3,6,5,3,3,3,5,3,4,3,3,3,5,4,4,5,5,0,5,5,3,5,3,4,5,5,5,0,3,4,4,4,5,3,5,0,5,2,3,0,4,3,5,5,3,0,5,4,3,3,5,3,5,3,3,5,3,4,4,2,4,3,3,3,4,3,4,4,3,3,3,3,4,3,3,3,3,3,3,3,3,3,3,6,3,3,3,3,3,3,3,3,3,3,3,3,3,3,3,3,4,3,6,3,3,3,3,4,3,3,1,6,3,4,4,3,4,3,3,3,2,3,3,3,4,3,3,3,3,3,3,3,3,3,3,3,3,3,3,3,3,3,3,3,3,3,3,3,1,3,3,3,3,2,1,1,2,1,3,1,0,3,2,0,0,0,0,3,3,3,2,1,0,0,3,0,0,3,3,0,0,3,2,3,0,2,0,3,2,3,3,1,3,2,1,3,0,2,3,3,0,3,0,3,3,3,1,0,3,3,3,3,0,0,0,0,0,3,3,3,3,1,3,3,3,3,3,3,3,3,3,3,3,3,3,3,3,3,3,3,3,3,3,3,2,3,3,3,3,3,3,3,3,3,3,3,3,3,0,3,2,0,3,3,3,1,3,3,3,3,3,3,3,3,3,3,3,3,0,3,2,3,3,3,3,2,3,3,3,3,3,3,2,3,2,3,3,3,3,3,3,3,3,3,3,3,4,1,3,3,3,3,3,3,2,3,2,1,3,3,3,3,3,2,3,3,3,3,0,0,3,3,3,3
EPI_ISL_14594275,6,7,6,6,6,5,6,3,3,3,3,6,6,6,6,6,5,6,6,6,6,39,42,45,45,42,42,46,45,45,42,45,45,45,0,7,6,5,6,39,40,5,39,39,6,6,6,5,40,40,39,6,4,28,39,39,39,39,39,25,26,26,25,25,25,25,25,25,26,25,26,26,26,25,26,25,25,26,25,24,25,25,25,24,25,15,25,25,26,23,25,25,25,25,25,24,25,26,25,25,25,8,26,25,25,11,26,26,15,25,25,25,25,25,25,25,25,39,25,25,25,25,23,23,24,24,25,25,25,24,25,39,39,6,39,39,39,39,39,39,39,39,39,39,39,39,39,41,27,4,3,3,4,6,4,0,4,4,4,5,4,4,5,4,5,6,5,3,5,3,6,5,3,3,3,5,3,4,3,3,3,5,4,4,5,5,0,5,5,3,5,3,4,5,5,5,0,3,4,4,4,5,3,5,0,5,2,3,0,4,3,5,5,3,0,5,4,3,3,5,3,5,3,3,5,3,4,4,2,4,3,3,3,4,3,4,4,3,3,3,3,4,3,3,3,3,3,3,3,3,3,3,6,3,3,3,3,3,3,3,3,3,3,3,3,3,3,3,3,4,3,6,3,3,3,3,4,3,3,1,6,3,4,4,3,4,3,3,3,2,3,3,3,4,3,3,3,3,3,3,3,3,3,3,3,3,3,3,3,3,3,3,3,3,3,3,3,1,3,3,3,3,2,1,1,2,1,3,1,0,3,2,0,0,0,0,3,3,3,2,1,0,0,3,0,0,3,3,0,0,3,2,3,0,2,0,3,2,3,3,1,3,2,1,3,0,2,3,3,0,3,0,3,3,3,1,0,3,3,3,3,0,0,0,0,0,3,3,3,3,1,3,3,3,3,3,3,3,3,3,3,3,3,3,3,3,3,3,3,3,3,3,3,2,3,3,3,3,3,3,3,3,3,3,3,3,3,0,3,2,0,3,3,3,1,3,3,3,3,3,3,3,3,3,3,3,3,0,3,2,3,3,3,3,2,3,3,3,3,3,3,2,3,2,3,3,3,3,3,3,3,3,3,3,3,4,1,3,3,3,3,3,3,2,3,2,1,3,3,3,3,3,2,3,3,3,3,0,0,3,3,3,3
EPI_ISL_14593730,6,6,6,6,6,6,6,5,5,5,5,13,13,17,17,20,16,16,20,12,13,6,7,7,7,7,7,7,7,7,7,7,7,7,7,0,17,34,32,6,7,34,6,6,17,32,32,34,7,7,6,20,13,5,6,6,6,6,6,5,5,5,5,5,5,5,5,5,5,5,5,5,5,5,5,5,5,5,5,5,5,5,5,5,5,4,5,5,5,5,5,5,5,5,5,6,5,5,5,5,5,2,5,5,5,3,5,5,4,5,5,5,5,5,5,5,5,6,5,5,5,5,5,5,5,5,5,5,5,5,5,6,6,32,6,6,6,6,6,6,6,6,6,6,6,6,6,7,5,13,24,6,24,33,25,0,24,18,24,25,24,25,25,24,26,31,26,23,25,6,20,25,23,8,6,25,24,24,24,9,23,25,10,20,18,18,0,18,19,3,25,6,10,17,19,23,0,3,25,24,24,24,9,24,0,18,12,9,0,13,12,25,18,6,6,26,18,7,23,26,24,25,17,6,26,24,24,25,16,24,17,6,23,12,17,25,24,23,8,12,3,11,3,3,3,3,3,3,3,3,3,3,32,3,3,3,3,3,3,3,4,3,7,12,12,12,12,12,14,12,6,20,14,12,3,12,12,3,6,1,20,15,12,12,12,14,3,3,14,2,12,12,12,3,3,12,3,3,3,3,12,12,12,3,12,3,3,3,3,12,3,14,3,3,12,12,13,1,4,12,3,14,2,1,3,4,8,7,2,0,14,9,0,0,0,3,12,3,14,5,1,0,0,3,0,0,3,12,0,0,3,8,10,0,13,0,12,9,11,14,6,11,2,4,12,4,2,14,11,0,12,0,3,12,12,6,3,11,6,10,8,0,0,1,1,0,12,14,11,3,1,3,12,3,3,3,3,3,3,6,13,3,13,13,3,3,3,4,6,6,3,14,3,2,6,3,3,12,12,3,3,3,3,3,3,3,3,0,12,2,2,11,14,3,1,12,6,12,12,6,12,3,3,3,6,12,3,0,3,2,3,3,3,3,2,3,3,3,3,3,3,2,3,2,3,3,3,14,6,12,12,12,12,12,3,12,4,10,14,11,14,3,3,2,3,2,1,3,6,3,3,3,2,3,3,3,4,1,3,3,11,3,3
EPI_ISL_14593733,6,6,6,6,6,6,6,5,5,5,5,7,7,9,9,12,8,8,12,10,11,6,6,6,6,6,6,6,6,6,6,6,6,6,6,17,0,16,17,6,6,16,6,6,24,17,17,16,6,6,6,21,7,5,6,6,6,6,6,5,5,5,5,5,5,5,5,5,5,5,5,5,5,5,5,5,5,5,5,5,5,5,5,5,5,4,5,5,5,5,5,5,5,5,5,5,5,5,5,5,5,1,5,5,5,3,5,5,4,5,5,5,5,5,5,5,5,6,5,5,5,5,5,5,5,5,5,5,5,5,5,6,6,17,6,6,6,6,6,6,6,6,6,6,6,6,6,6,5,7,14,6,15,17,15,0,15,20,15,16,15,15,16,15,16,16,16,14,16,6,21,16,14,6,6,15,14,15,14,8,14,16,9,19,21,20,0,19,20,3,16,6,9,19,19,16,0,3,15,15,14,15,7,16,0,18,11,8,0,7,10,16,19,6,0,16,19,6,14,16,14,16,19,6,16,14,15,15,17,15,18,6,14,10,18,15,15,14,6,10,3,10,3,3,3,3,3,3,3,3,3,3,17,3,3,3,3,3,3,3,3,3,6,10,10,10,10,10,12,10,6,21,12,10,3,10,10,3,6,1,21,12,10,10,10,12,3,3,12,2,10,10,10,3,3,10,3,3,3,3,10,10,10,3,10,3,3,3,3,10,3,12,3,3,10,10,11,1,3,10,3,12,2,1,1,3,8,7,1,0,12,8,0,0,0,2,10,4,12,4,1,0,0,4,0,0,3,10,0,0,3,7,9,0,11,0,10,8,10,12,5,10,2,3,10,4,2,12,10,0,10,0,3,10,10,5,2,10,6,9,6,0,0,1,1,0,10,12,10,3,1,3,10,3,3,3,3,3,3,6,11,3,11,11,3,3,3,3,6,6,3,12,3,2,6,3,3,10,10,3,3,3,3,3,3,3,3,0,10,2,1,9,12,3,1,10,6,10,10,6,10,3,3,3,6,10,3,0,3,2,3,3,3,3,2,3,3,3,3,3,3,2,3,2,3,3,3,12,6,10,10,10,10,10,3,10,4,9,12,10,12,3,3,2,3,2,1,3,6,3,3,3,2,3,3,3,4,0,3,3,10,3,3
EPI_ISL_14593735,6,6,6,6,6,6,6,5,5,5,5,13,13,17,17,20,16,16,20,12,14,5,5,5,5,5,5,5,5,5,5,5,5,5,5,34,16,0,32,5,5,40,5,5,16,32,32,40,5,5,5,20,12,4,5,5,5,5,5,5,5,5,5,5,5,5,5,5,5,5,5,5,5,5,5,5,5,5,5,5,5,6,5,5,5,4,5,5,5,5,5,5,6,5,5,6,5,5,5,5,5,2,5,5,5,3,5,5,4,5,5,5,5,5,5,5,5,5,5,5,5,5,5,5,5,5,5,5,5,5,5,5,5,32,5,5,5,5,5,5,5,5,5,5,5,5,5,5,4,12,24,6,24,33,25,0,24,18,24,26,24,26,25,25,27,31,27,23,25,6,20,26,24,8,6,25,24,25,25,9,23,25,10,21,18,18,0,18,19,3,25,6,10,17,20,23,0,3,26,24,25,25,9,24,0,18,12,9,0,12,12,26,18,6,6,27,19,7,24,26,24,25,17,6,27,25,24,26,16,24,18,6,23,12,17,25,24,24,8,13,3,11,3,3,3,3,3,3,3,3,3,3,32,3,3,3,3,3,3,3,4,3,7,13,13,13,13,13,15,13,6,20,15,13,3,13,12,3,6,1,20,16,12,12,13,15,3,3,15,2,13,13,13,3,3,13,3,3,3,3,13,13,13,3,13,3,3,3,3,13,3,15,3,3,13,13,14,1,4,13,3,15,2,1,4,5,8,7,2,0,15,9,0,0,0,3,13,3,15,5,1,0,0,3,0,0,3,13,0,0,3,8,10,0,13,0,13,10,11,15,6,12,2,5,13,5,2,15,12,0,13,0,3,13,13,6,4,12,6,10,9,0,0,2,1,0,13,15,12,3,1,3,13,3,3,3,3,3,3,6,14,3,14,14,3,3,3,4,6,6,3,15,3,2,6,3,3,13,13,3,3,3,3,3,3,3,3,0,13,2,2,12,15,3,1,13,6,13,13,6,13,3,3,3,6,13,3,0,3,2,3,3,3,3,2,3,3,3,3,3,3,2,3,2,3,3,3,15,6,13,13,13,13,13,3,13,4,10,15,11,15,3,3,2,3,2,1,3,6,3,3,3,2,3,3,3,4,1,3,3,12,3,3
EPI_ISL_14593736,6,6,6,6,6,6,6,5,5,5,5,13,13,18,18,21,17,17,21,13,15,6,6,6,6,6,6,6,6,6,6,6,6,6,6,32,17,32,0,6,6,32,6,6,17,42,42,32,6,6,6,21,13,5,6,6,6,6,6,5,5,5,5,5,5,5,5,5,5,5,5,5,5,5,5,5,5,5,5,5,5,6,5,5,5,4,5,5,5,5,5,5,6,5,5,6,5,5,5,5,5,2,5,5,5,3,5,5,4,5,5,5,5,5,5,6,5,6,5,5,5,5,5,5,5,5,5,5,5,5,5,6,6,34,6,6,6,6,6,6,6,6,6,6,6,6,6,6,5,13,23,6,25,33,24,0,26,18,25,27,24,25,26,26,26,33,27,23,26,6,21,27,24,8,6,24,23,26,24,9,24,26,10,21,18,18,0,18,19,3,25,6,10,17,20,23,0,3,25,25,24,26,9,24,0,18,12,9,0,13,12,27,18,6,6,26,19,7,24,25,23,26,17,6,26,24,25,25,16,24,18,6,24,11,17,24,25,25,8,13,3,11,3,3,3,3,3,3,3,3,3,3,33,3,3,3,3,3,3,3,3,3,7,13,13,13,13,13,15,13,6,21,15,13,3,13,11,3,6,1,21,15,11,11,13,15,3,3,15,2,13,13,13,3,3,13,3,3,3,3,13,13,13,3,13,3,3,3,3,13,3,15,3,3,13,13,14,1,4,13,3,15,2,1,4,5,8,6,2,0,15,9,0,0,0,3,13,3,15,5,1,0,0,3,0,0,3,13,0,0,3,8,10,0,13,0,13,10,11,15,6,12,2,5,13,5,2,15,12,0,13,0,3,13,13,6,4,12,6,10,9,0,0,2,1,0,13,15,12,3,1,3,13,3,3,3,3,3,3,6,14,3,14,14,3,3,3,4,6,6,3,15,3,2,6,3,3,13,13,3,3,3,3,3,3,3,3,0,13,2,2,12,15,3,1,13,6,13,13,6,13,3,3,3,6,13,3,0,3,2,3,3,3,3,2,3,3,3,3,3,3,2,3,2,3,3,3,15,6,13,13,13,13,13,3,13,4,10,15,11,15,3,3,2,3,2,1,3,6,3,3,3,2,3,3,3,4,1,3,3,12,3,3
EPI_ISL_14593741,6,7,6,6,6,5,6,3,3,3,3,6,6,6,6,6,5,6,6,6,6,38,40,39,39,40,40,39,39,39,40,39,39,39,39,6,6,5,6,0,40,5,52,52,6,6,6,5,40,40,39,6,4,28,39,39,39,39,39,25,26,25,26,26,25,31,25,26,25,26,26,26,25,25,25,26,32,26,26,24,25,26,26,24,26,15,26,26,26,24,25,26,26,26,26,25,25,26,26,25,25,8,26,26,26,11,26,26,15,25,26,26,26,25,25,26,26,38,25,26,25,26,23,23,24,24,25,26,25,25,26,38,39,7,38,38,38,38,39,39,38,38,39,38,38,39,38,39,27,4,3,3,4,6,4,0,4,4,4,5,4,5,5,4,5,6,5,3,5,3,6,5,3,3,3,6,3,4,3,3,3,5,4,4,5,5,0,5,5,3,5,3,4,5,5,5,0,3,4,4,4,5,3,5,0,5,2,3,0,4,3,5,5,3,0,5,4,3,3,5,3,5,3,3,5,3,4,4,2,4,3,3,3,4,3,4,4,3,3,3,3,4,3,3,3,3,3,3,3,3,4,3,6,3,3,3,3,3,4,3,3,4,3,3,3,3,3,3,3,4,3,6,3,3,3,3,4,3,3,1,6,3,4,4,3,4,3,3,3,2,3,3,3,4,3,3,3,3,3,3,3,3,3,3,3,3,3,3,3,3,3,3,3,3,3,3,3,1,3,3,3,3,2,1,1,2,1,3,1,0,3,2,0,0,0,0,3,3,3,2,1,0,0,3,0,0,3,3,0,0,3,2,3,0,3,0,3,2,3,3,1,3,2,1,3,0,2,3,3,0,3,0,3,3,3,1,0,3,3,3,3,0,0,0,0,0,3,3,3,3,1,3,3,3,3,3,3,3,3,3,3,3,3,3,3,3,3,3,3,3,3,3,3,2,3,3,3,3,3,3,3,3,3,3,3,4,3,0,3,2,0,3,3,3,1,3,3,3,3,3,3,3,3,3,4,3,3,0,3,2,3,3,3,3,2,3,3,3,3,3,3,2,3,2,3,3,3,3,3,3,3,3,3,3,3,4,1,4,3,3,3,3,3,2,3,2,1,3,3,3,3,3,2,3,3,3,3,0,0,3,3,3,3
EPI_ISL_14593744,6,7,6,6,6,5,6,3,3,3,3,6,6,6,6,6,5,6,6,6,6,38,41,40,40,41,41,40,40,40,41,40,40,40,40,7,6,5,6,40,0,5,40,40,6,6,6,5,52,52,39,6,4,28,39,39,39,39,39,25,26,25,29,26,25,26,25,26,25,26,26,26,25,25,25,26,26,26,26,24,25,26,26,24,26,15,26,26,26,24,25,26,26,26,29,25,25,26,26,25,25,8,26,26,26,11,26,26,15,25,26,26,26,25,25,26,26,38,25,26,25,26,23,23,24,24,25,26,25,25,26,38,40,7,38,38,38,38,39,39,38,38,39,38,38,39,38,41,27,4,3,3,4,6,4,0,4,4,4,5,4,4,5,4,5,6,6,3,5,3,6,5,3,3,3,5,3,4,3,3,3,5,5,4,5,5,1,5,5,3,5,3,4,5,5,5,0,3,4,4,4,5,3,5,0,5,2,3,0,4,3,5,5,3,0,5,4,3,3,5,3,5,3,3,5,3,4,4,2,4,3,3,3,4,3,4,4,3,3,3,3,4,3,3,3,3,3,3,3,3,4,3,6,3,3,3,3,3,4,3,3,4,3,3,3,3,3,3,3,4,3,6,3,3,3,3,4,3,3,1,6,3,4,4,3,5,3,3,3,2,3,3,3,4,3,3,3,3,3,3,3,3,3,3,3,3,3,3,3,3,3,3,3,3,3,3,3,1,3,3,3,3,2,1,1,2,1,3,1,0,3,2,0,0,0,0,3,3,3,2,1,0,0,3,0,0,3,3,0,0,3,2,3,0,2,0,3,2,3,3,1,3,2,1,3,0,2,3,3,0,3,0,3,3,3,1,0,3,3,3,3,0,0,0,0,0,3,3,3,3,1,3,3,3,3,3,3,3,3,3,3,3,3,3,3,3,3,3,3,3,3,3,3,2,3,3,3,3,3,3,3,3,3,3,3,4,3,0,3,2,0,3,3,3,1,3,3,3,3,3,3,3,3,3,3,3,3,0,3,2,3,3,3,3,2,3,3,3,3,3,3,2,3,2,3,3,3,3,3,3,3,3,3,3,3,4,1,3,3,3,3,3,3,2,3,2,1,3,3,3,3,3,2,3,3,3,3,0,0,3,3,3,3
EPI_ISL_14594235,6,6,6,6,6,6,6,5,5,5,5,13,13,17,17,20,16,16,20,12,14,5,5,5,5,5,5,5,5,5,5,5,5,5,5,34,16,40,32,5,5,0,5,5,16,32,32,40,5,6,5,20,12,4,5,5,5,5,5,5,5,5,5,5,5,5,5,5,5,5,5,5,5,5,5,5,5,5,5,5,5,6,5,5,5,4,5,5,5,5,5,5,6,5,5,6,5,5,5,5,5,2,5,5,5,3,5,5,4,5,5,5,5,5,5,5,5,5,5,5,5,5,5,5,5,5,5,5,5,5,5,5,5,32,5,5,5,5,5,5,5,5,5,5,5,5,5,5,4,12,24,6,24,33,25,0,24,18,24,26,24,26,25,25,27,31,27,23,25,6,20,26,24,8,6,25,24,25,25,9,23,25,10,21,18,18,0,18,19,3,25,6,10,17,20,23,0,3,26,24,25,25,9,24,0,18,12,9,0,12,12,26,18,6,6,27,19,7,24,26,24,25,17,6,27,25,24,26,16,24,18,6,23,12,17,25,24,24,8,13,3,11,3,3,3,3,3,3,3,3,3,3,32,3,3,3,3,3,3,3,4,3,7,13,13,13,13,13,15,13,6,20,15,13,3,13,12,3,6,1,20,16,12,12,13,15,3,3,15,2,13,13,13,3,3,13,3,3,3,3,13,13,13,3,13,3,3,3,3,13,3,15,3,3,13,13,14,1,4,13,3,15,2,1,4,5,8,7,2,0,15,9,0,0,0,3,13,3,15,5,1,0,0,3,0,0,3,13,0,0,3,8,10,0,13,0,13,10,11,15,6,12,2,5,13,5,2,15,12,0,13,0,3,13,13,6,4,12,6,10,9,0,0,2,1,0,13,15,12,3,1,3,13,3,3,3,3,3,3,6,14,3,14,14,3,3,3,4,6,6,3,15,3,2,6,3,3,13,13,3,3,3,3,3,3,3,3,0,13,2,2,12,15,3,1,13,6,13,13,6,13,3,3,3,6,13,3,0,3,2,3,3,3,3,2,3,3,3,3,3,3,2,3,2,3,3,3,15,6,13,13,13,13,13,3,13,4,10,15,11,15,3,3,2,3,2,1,3,6,3,3,3,2,3,3,3,4,1,3,3,12,3,3
EPI_ISL_14594242,6,7,6,6,6,5,6,3,3,3,3,6,6,6,6,6,5,6,6,6,6,38,40,39,39,40,40,39,39,39,40,39,39,39,39,6,6,5,6,52,40,5,0,52,6,6,6,5,40,40,39,6,4,28,39,39,39,39,39,25,26,25,26,26,25,31,25,26,25,26,26,26,25,25,25,26,32,26,26,24,25,26,26,24,26,15,26,26,26,24,25,26,26,26,26,25,25,26,26,25,25,8,26,26,26,11,26,26,15,25,26,26,26,25,25,26,26,38,25,26,25,26,23,23,24,24,25,26,25,25,26,38,39,7,38,38,38,38,39,39,38,38,39,38,38,39,38,39,27,4,3,3,4,6,4,0,4,4,4,5,4,5,5,4,5,6,5,3,5,3,6,5,3,3,3,6,3,4,3,3,3,5,4,4,5,5,0,5,5,3,5,3,4,5,5,5,0,3,4,4,4,5,3,5,0,5,2,3,0,4,3,5,5,3,0,5,4,3,3,5,3,5,3,3,5,3,4,4,2,4,3,3,3,4,3,4,4,3,3,3,3,4,3,3,3,3,3,3,3,3,4,3,6,3,3,3,3,3,4,3,3,4,3,3,3,3,3,3,3,4,3,6,3,3,3,3,4,3,3,1,6,3,4,4,3,4,3,3,3,2,3,3,3,4,3,3,3,3,3,3,3,3,3,3,3,3,3,3,3,3,3,3,3,3,3,3,3,1,3,3,3,3,2,1,1,2,1,3,1,0,3,2,0,0,0,0,3,3,3,2,1,0,0,3,0,0,3,3,0,0,3,2,3,0,3,0,3,2,3,3,1,3,2,1,3,0,2,3,3,0,3,0,3,3,3,1,0,3,3,3,3,0,0,0,0,0,3,3,3,3,1,3,3,3,3,3,3,3,3,3,3,3,3,3,3,3,3,3,3,3,3,3,3,2,3,3,3,3,3,3,3,3,3,3,3,4,3,0,3,2,0,3,3,3,1,3,3,3,3,3,3,3,3,3,4,3,3,0,3,2,3,3,3,3,2,3,3,3,3,3,3,2,3,2,3,3,3,3,3,3,3,3,3,3,3,4,1,4,3,3,3,3,3,2,3,2,1,3,3,3,3,3,2,3,3,3,3,0,0,3,3,3,3
EPI_ISL_14594243,6,7,6,6,6,5,6,3,3,3,3,6,6,6,6,6,5,6,6,6,6,38,40,39,39,40,40,39,39,39,40,39,39,39,39,6,6,5,6,52,40,5,52,0,6,6,6,5,40,40,39,6,4,28,39,39,39,39,39,25,26,25,26,26,25,31,25,26,25,26,26,26,25,25,25,26,32,26,26,24,25,26,26,24,26,15,26,26,26,24,25,26,26,26,26,25,25,26,26,25,25,8,26,26,26,11,26,26,15,25,26,26,26,25,25,26,26,38,25,26,25,26,23,23,24,24,25,26,25,25,26,38,39,7,38,38,38,38,39,39,38,38,39,38,38,39,38,39,27,4,3,3,4,6,4,0,4,4,4,5,4,5,5,4,5,6,5,3,5,3,6,5,3,3,3,6,3,4,3,3,3,5,4,4,5,5,0,5,5,3,5,3,4,5,5,5,0,3,4,4,4,5,3,5,0,5,2,3,0,4,3,5,5,3,0,5,4,3,3,5,3,5,3,3,5,3,4,4,2,4,3,3,3,4,3,4,4,3,3,3,3,4,3,3,3,3,3,3,3,3,4,3,6,3,3,3,3,3,4,3,3,4,3,3,3,3,3,3,3,4,3,6,3,3,3,3,4,3,3,1,6,3,4,4,3,4,3,3,3,2,3,3,3,4,3,3,3,3,3,3,3,3,3,3,3,3,3,3,3,3,3,3,3,3,3,3,3,1,3,3,3,3,2,1,1,2,1,3,1,0,3,2,0,0,0,0,3,3,3,2,1,0,0,3,0,0,3,3,0,0,3,2,3,0,3,0,3,2,3,3,1,3,2,1,3,0,2,3,3,0,3,0,3,3,3,1,0,3,3,3,3,0,0,0,0,0,3,3,3,3,1,3,3,3,3,3,3,3,3,3,3,3,3,3,3,3,3,3,3,3,3,3,3,2,3,3,3,3,3,3,3,3,3,3,3,4,3,0,3,2,0,3,3,3,1,3,3,3,3,3,3,3,3,3,4,3,3,0,3,2,3,3,3,3,2,3,3,3,3,3,3,2,3,2,3,3,3,3,3,3,3,3,3,3,3,4,1,4,3,3,3,3,3,2,3,2,1,3,3,3,3,3,2,3,3,3,3,0,0,3,3,3,3
EPI_ISL_14594244,6,6,6,6,6,6,6,5,5,5,5,7,7,9,9,12,8,8,12,10,11,6,6,6,6,6,6,6,6,6,6,6,6,6,6,17,24,16,17,6,6,16,6,6,0,17,17,16,6,6,6,21,7,5,6,6,6,6,6,5,5,5,5,5,5,5,5,5,5,5,5,5,5,5,5,5,5,5,5,5,5,5,5,5,5,4,5,5,5,5,5,5,5,5,5,5,5,5,5,5,5,1,5,5,5,3,5,5,4,5,5,5,5,5,5,5,5,6,5,5,5,5,5,5,5,5,5,5,5,5,5,6,6,17,6,6,6,6,6,6,6,6,6,6,6,6,6,6,5,7,14,6,15,17,15,0,15,20,15,16,15,15,16,15,16,16,16,14,16,6,21,16,14,6,6,15,14,15,14,8,14,16,9,19,21,20,0,19,20,3,16,6,9,19,19,16,0,3,15,15,14,15,7,16,0,18,11,8,0,7,10,16,19,6,0,16,19,6,14,16,14,16,19,6,16,14,15,15,17,15,18,6,14,10,18,15,15,14,6,10,3,10,3,3,3,3,3,3,3,3,3,3,17,3,3,3,3,3,3,3,3,3,6,10,10,10,10,10,12,10,6,21,12,10,3,10,10,3,6,1,21,12,10,10,10,12,3,3,12,2,10,10,10,3,3,10,3,3,3,3,10,10,10,3,10,3,3,3,3,10,3,12,3,3,10,10,11,1,3,10,3,12,2,1,1,3,8,7,1,0,12,8,0,0,0,2,10,4,12,4,1,0,0,4,0,0,3,10,0,0,3,7,9,0,11,0,10,8,10,12,5,10,2,3,10,4,2,12,10,0,10,0,3,10,10,5,2,10,6,9,6,0,0,1,1,0,10,12,10,3,1,3,10,3,3,3,3,3,3,6,11,3,11,11,3,3,3,3,6,6,3,12,3,2,6,3,3,10,10,3,3,3,3,3,3,3,3,0,10,2,1,9,12,3,1,10,6,10,10,6,10,3,3,3,6,10,3,0,3,2,3,3,3,3,2,3,3,3,3,3,3,2,3,2,3,3,3,12,6,10,10,10,10,10,3,10,4,9,12,10,12,3,3,2,3,2,1,3,6,3,3,3,2,3,3,3,4,0,3,3,10,3,3
EPI_ISL_14594245,6,6,6,6,6,6,6,5,5,5,5,13,13,18,18,21,17,17,21,13,15,6,6,6,6,6,6,6,6,6,6,6,6,6,6,32,17,32,42,6,6,32,6,6,17,0,42,32,6,6,6,21,13,5,6,6,6,6,6,5,5,5,5,5,5,5,5,5,5,5,5,5,5,5,5,5,5,5,5,5,5,6,5,5,5,4,5,5,5,5,5,5,6,5,5,6,5,5,5,5,5,2,5,5,5,3,5,5,4,5,5,5,5,5,5,6,5,6,5,5,5,5,5,5,5,5,5,5,5,5,5,6,6,34,6,6,6,6,6,6,6,6,6,6,6,6,6,6,5,13,23,6,25,33,24,0,26,18,25,27,24,25,26,26,26,33,27,23,26,6,21,27,24,8,6,24,23,26,24,9,24,26,10,21,18,18,0,18,19,3,25,6,10,17,20,23,0,3,25,25,24,26,9,24,0,18,12,9,0,13,12,27,18,6,6,26,19,7,24,25,23,26,17,6,26,24,25,25,16,24,18,6,24,11,17,24,25,25,8,13,3,11,3,3,3,3,3,3,3,3,3,3,33,3,3,3,3,3,3,3,3,3,7,13,13,13,13,13,15,13,6,21,15,13,3,13,11,3,6,1,21,15,11,11,13,15,3,3,15,2,13,13,13,3,3,13,3,3,3,3,13,13,13,3,13,3,3,3,3,13,3,15,3,3,13,13,14,1,4,13,3,15,2,1,4,5,8,6,2,0,15,9,0,0,0,3,13,3,15,5,1,0,0,3,0,0,3,13,0,0,3,8,10,0,13,0,13,10,11,15,6,12,2,5,13,5,2,15,12,0,13,0,3,13,13,6,4,12,6,10,9,0,0,2,1,0,13,15,12,3,1,3,13,3,3,3,3,3,3,6,14,3,14,14,3,3,3,4,6,6,3,15,3,2,6,3,3,13,13,3,3,3,3,3,3,3,3,0,13,2,2,12,15,3,1,13,6,13,13,6,13,3,3,3,6,13,3,0,3,2,3,3,3,3,2,3,3,3,3,3,3,2,3,2,3,3,3,15,6,13,13,13,13,13,3,13,4,10,15,11,15,3,3,2,3,2,1,3,6,3,3,3,2,3,3,3,4,1,3,3,12,3,3
EPI_ISL_14594247,6,6,6,6,6,6,6,5,5,5,5,13,13,18,18,21,17,17,21,13,15,6,6,6,6,6,6,6,6,6,6,6,6,6,6,32,17,32,42,6,6,32,6,6,17,42,0,32,6,6,6,21,13,5,6,6,6,6,6,5,5,5,5,5,5,5,5,5,5,5,5,5,5,5,5,5,5,5,5,5,5,6,5,5,5,4,5,5,5,5,5,5,6,5,5,6,5,5,5,5,5,2,5,5,5,3,5,5,4,5,5,5,5,5,5,6,5,6,5,5,5,5,5,5,5,5,5,5,5,5,5,6,6,34,6,6,6,6,6,6,6,6,6,6,6,6,6,6,5,13,23,6,25,33,24,0,26,18,25,27,24,25,26,26,26,33,27,23,26,6,21,27,24,8,6,24,23,26,24,9,24,26,10,21,18,18,0,18,19,3,25,6,10,17,20,23,0,3,25,25,24,26,9,24,0,18,12,9,0,13,12,27,18,6,6,26,19,7,24,25,23,26,17,6,26,24,25,25,16,24,18,6,24,11,17,24,25,25,8,13,3,11,3,3,3,3,3,3,3,3,3,3,33,3,3,3,3,3,3,3,3,3,7,13,13,13,13,13,15,13,6,21,15,13,3,13,11,3,6,1,21,15,11,11,13,15,3,3,15,2,13,13,13,3,3,13,3,3,3,3,13,13,13,3,13,3,3,3,3,13,3,15,3,3,13,13,14,1,4,13,3,15,2,1,4,5,8,6,2,0,15,9,0,0,0,3,13,3,15,5,1,0,0,3,0,0,3,13,0,0,3,8,10,0,13,0,13,10,11,15,6,12,2,5,13,5,2,15,12,0,13,0,3,13,13,6,4,12,6,10,9,0,0,2,1,0,13,15,12,3,1,3,13,3,3,3,3,3,3,6,14,3,14,14,3,3,3,4,6,6,3,15,3,2,6,3,3,13,13,3,3,3,3,3,3,3,3,0,13,2,2,12,15,3,1,13,6,13,13,6,13,3,3,3,6,13,3,0,3,2,3,3,3,3,2,3,3,3,3,3,3,2,3,2,3,3,3,15,6,13,13,13,13,13,3,13,4,10,15,11,15,3,3,2,3,2,1,3,6,3,3,3,2,3,3,3,4,1,3,3,12,3,3
EPI_ISL_14594249,6,6,6,6,6,6,6,5,5,5,5,13,13,17,17,20,16,16,20,12,14,5,5,5,5,5,5,5,5,5,5,5,5,5,5,34,16,40,32,5,5,40,5,5,16,32,32,0,5,5,5,20,12,4,5,5,5,5,5,5,5,5,5,5,5,5,5,5,5,5,5,5,5,5,5,5,5,5,5,5,5,6,5,5,5,4,5,5,5,5,5,5,6,5,5,6,5,5,5,5,5,2,5,5,5,3,5,5,4,5,5,5,5,5,5,5,5,5,5,5,5,5,5,5,5,5,5,5,5,5,5,5,5,32,5,5,5,5,5,5,5,5,5,5,5,5,5,5,4,12,24,6,24,33,25,0,24,18,24,26,24,26,25,25,27,31,27,23,25,6,20,26,24,8,6,25,24,25,25,9,23,25,10,21,18,18,0,18,19,3,25,6,10,17,20,23,0,3,26,24,25,25,9,24,0,18,12,9,0,12,12,26,18,6,6,27,19,7,24,26,24,25,17,6,27,25,24,26,16,24,18,6,23,12,17,25,24,24,8,13,3,11,3,3,3,3,3,3,3,3,3,3,32,3,3,3,3,3,3,3,4,3,7,13,13,13,13,13,15,13,6,20,15,13,3,13,12,3,6,1,20,16,12,12,13,15,3,3,15,2,13,13,13,3,3,13,3,3,3,3,13,13,13,3,13,3,3,3,3,13,3,15,3,3,13,13,14,1,4,13,3,15,2,1,4,5,8,7,2,0,15,9,0,0,0,3,13,3,15,5,1,0,0,3,0,0,3,13,0,0,3,8,10,0,13,0,13,10,11,15,6,12,2,5,13,5,2,15,12,0,13,0,3,13,13,6,4,12,6,10,9,0,0,2,1,0,13,15,12,3,1,3,13,3,3,3,3,3,3,6,14,3,14,14,3,3,3,4,6,6,3,15,3,2,6,3,3,13,13,3,3,3,3,3,3,3,3,0,13,2,2,12,15,3,1,13,6,13,13,6,13,3,3,3,6,13,3,0,3,2,3,3,3,3,2,3,3,3,3,3,3,2,3,2,3,3,3,15,6,13,13,13,13,13,3,13,4,10,15,11,15,3,3,2,3,2,1,3,6,3,3,3,2,3,3,3,4,1,3,3,12,3,3
EPI_ISL_14594251,6,7,6,6,6,5,6,3,3,3,3,6,6,6,6,6,5,6,6,6,6,38,41,40,40,41,41,40,40,40,41,40,40,40,40,7,6,5,6,40,52,5,40,40,6,6,6,5,0,54,39,6,4,28,39,39,39,39,39,25,26,25,29,26,25,26,25,26,25,26,26,26,25,25,25,26,26,26,26,24,25,26,26,24,26,15,26,26,26,24,25,26,26,26,29,25,25,26,26,25,25,8,26,26,26,11,26,26,15,25,26,26,26,25,25,26,26,38,25,26,25,26,23,23,24,24,25,26,25,25,26,38,40,7,38,38,38,38,39,39,38,38,39,38,38,39,38,41,27,4,3,3,4,6,4,0,4,4,4,5,4,4,5,4,5,6,6,3,5,3,6,5,3,3,3,5,3,4,3,3,3,5,5,4,5,5,1,5,5,3,5,3,4,5,5,5,0,3,4,4,4,5,3,5,0,5,2,3,0,4,3,5,5,3,0,5,4,3,3,5,3,5,3,3,5,3,4,4,2,4,3,3,3,4,3,4,4,3,3,3,3,4,3,3,3,3,3,3,3,3,4,3,6,3,3,3,3,3,4,3,3,4,3,3,3,3,3,3,3,4,3,6,3,3,3,3,4,3,3,1,6,3,4,4,3,5,3,3,3,2,3,3,3,4,3,3,3,3,3,3,3,3,3,3,3,3,3,3,3,3,3,3,3,3,3,3,3,1,3,3,3,3,2,1,1,2,1,3,1,0,3,2,0,0,0,0,3,3,3,2,1,0,0,3,0,0,3,3,0,0,3,2,3,0,2,0,3,2,3,3,1,3,2,1,3,0,2,3,3,0,3,0,3,3,3,1,0,3,3,3,3,0,0,0,0,0,3,3,3,3,1,3,3,3,3,3,3,3,3,3,3,3,3,3,3,3,3,3,3,3,3,3,3,2,3,3,3,3,3,3,3,3,3,3,3,4,3,0,3,2,0,3,3,3,1,3,3,3,3,3,3,3,3,3,3,3,3,0,3,2,3,3,3,3,2,3,3,3,3,3,3,2,3,2,3,3,3,3,3,3,3,3,3,3,3,4,1,3,3,3,3,3,3,2,3,2,1,3,3,3,3,3,2,3,3,3,3,0,0,3,3,3,3
EPI_ISL_14594252,6,7,6,6,6,5,6,3,3,3,3,6,6,6,6,6,5,6,6,6,6,38,41,40,40,41,41,40,40,40,41,40,40,40,40,7,6,5,6,40,52,6,40,40,6,6,6,5,54,0,39,6,4,28,39,39,39,39,39,25,26,25,29,26,25,26,25,26,25,26,26,26,25,25,25,26,26,26,26,24,25,26,26,24,26,15,26,26,26,24,25,26,26,26,29,25,25,26,26,25,25,8,26,26,26,11,26,26,15,25,26,26,26,25,25,26,26,38,25,26,25,26,23,23,24,24,25,26,25,25,26,38,40,7,38,38,38,38,39,39,38,38,39,38,38,39,38,41,27,4,3,3,4,6,4,0,4,4,4,5,4,4,5,4,5,6,6,3,5,3,6,5,3,3,3,5,3,4,3,3,3,5,5,4,5,5,1,5,5,3,5,3,4,5,5,5,0,3,4,4,4,5,3,5,0,5,2,3,0,4,3,5,5,3,0,5,4,3,3,5,3,5,3,3,5,3,4,4,2,4,3,3,3,4,3,4,4,3,3,3,3,4,3,3,3,3,3,3,3,3,4,3,6,3,3,3,3,3,4,3,3,4,3,3,3,3,3,3,3,4,3,6,3,3,3,3,4,3,3,1,6,3,4,4,3,5,3,3,3,2,3,3,3,4,3,3,3,3,3,3,3,3,3,3,3,3,3,3,3,3,3,3,3,3,3,3,3,1,3,3,3,3,2,1,1,2,1,3,1,0,3,2,0,0,0,0,3,3,3,2,1,0,0,3,0,0,3,3,0,0,3,2,3,0,2,0,3,2,3,3,1,3,2,1,3,0,2,3,3,0,3,0,3,3,3,1,0,3,3,3,3,0,0,0,0,0,3,3,3,3,1,3,3,3,3,3,3,3,3,3,3,3,3,3,3,3,3,3,3,3,3,3,3,2,3,3,3,3,3,3,3,3,3,3,3,4,3,0,3,2,0,3,3,3,1,3,3,3,3,3,3,3,3,3,3,3,3,0,3,2,3,3,3,3,2,3,3,3,3,3,3,2,3,2,3,3,3,3,3,3,3,3,3,3,3,4,1,3,3,3,3,3,3,2,3,2,1,3,3,3,3,3,2,3,3,3,3,0,0,3,3,3,3
EPI_ISL_17989126,7,8,7,7,7,5,7,4,4,4,4,7,7,7,7,7,6,7,7,7,7,42,40,39,39,40,40,39,39,39,40,39,39,39,39,6,6,5,6,39,39,5,39,39,6,6,6,5,39,39,0,6,4,30,43,43,43,43,47,27,29,27,28,27,27,28,27,28,28,28,29,29,28,27,28,28,28,29,28,26,27,28,28,26,28,17,28,28,29,26,27,28,28,28,28,27,27,29,27,27,27,9,29,28,28,12,29,29,17,27,28,28,28,27,27,28,28,42,26,28,27,28,25,25,26,26,27,28,27,27,28,42,43,8,42,42,42,42,43,43,42,42,43,42,42,43,42,39,30,4,4,3,5,7,5,0,5,4,5,6,5,5,6,5,6,7,6,4,6,3,6,6,4,3,3,6,4,5,4,4,4,6,5,5,5,5,0,5,5,3,6,3,5,5,5,6,0,3,5,5,5,6,3,6,0,5,2,3,0,4,4,6,5,3,0,6,4,3,4,6,4,6,3,3,6,4,5,5,2,5,3,3,4,4,3,5,5,4,3,3,4,4,3,3,3,4,3,3,3,3,4,3,7,3,3,3,3,3,4,3,3,4,3,3,3,3,3,3,3,4,3,6,3,3,3,3,4,3,4,1,6,3,4,4,3,5,3,4,3,2,3,3,3,5,3,4,3,3,3,3,3,3,3,3,3,3,3,3,3,3,3,3,3,3,3,3,3,1,3,3,3,3,2,1,1,2,1,3,1,0,3,2,0,0,0,0,3,3,3,2,1,0,0,3,0,0,3,3,0,0,3,2,3,0,2,0,3,2,3,3,1,3,2,1,3,0,2,3,3,0,3,0,3,3,3,1,0,3,3,3,3,0,0,0,0,0,3,3,3,3,2,4,3,3,3,3,3,3,3,4,3,3,3,3,3,3,3,3,3,3,3,3,3,2,3,3,3,3,3,3,3,3,3,3,3,4,3,0,3,2,0,3,3,3,1,3,3,3,3,4,3,3,3,3,3,3,3,0,3,2,3,3,3,3,2,3,3,3,3,3,3,2,3,2,3,3,3,3,3,3,3,3,3,3,3,4,1,3,3,3,3,3,3,2,3,2,1,3,3,3,3,3,2,3,3,3,3,0,0,3,3,3,3
EPI_ISL_9047399,6,6,6,6,6,6,6,5,5,5,5,7,7,10,10,14,9,9,14,12,14,6,6,6,6,6,6,6,6,6,6,6,6,6,6,20,21,20,21,6,6,20,6,6,21,21,21,20,6,6,6,0,7,5,6,6,6,6,6,5,5,5,5,5,5,5,5,5,5,5,5,5,5,5,5,5,5,5,5,5,5,6,5,5,5,4,5,5,5,5,5,5,6,5,5,5,5,5,5,5,5,1,5,5,5,3,5,5,4,5,5,5,5,5,5,5,5,6,5,5,5,5,5,5,5,5,5,5,5,5,5,6,6,24,6,6,6,6,6,6,6,6,6,6,6,6,6,6,5,7,20,6,21,24,21,0,21,25,21,23,21,22,22,22,23,23,23,20,22,6,28,23,21,8,6,21,20,22,21,9,20,22,10,25,24,23,0,22,25,3,20,6,10,20,24,18,0,3,22,21,21,22,7,19,0,21,15,9,0,7,12,22,24,6,0,23,25,7,21,22,20,22,24,6,23,21,21,22,23,21,25,6,20,11,24,21,21,21,7,13,3,11,3,3,3,3,3,3,3,3,3,3,24,3,3,3,3,4,3,3,3,3,7,13,13,13,13,13,15,13,6,28,16,13,3,13,11,3,6,1,28,15,11,11,13,16,3,3,16,2,13,13,13,3,3,13,3,3,3,3,13,13,13,3,13,3,3,3,3,13,3,15,3,3,13,13,14,1,4,13,3,16,2,1,4,5,8,6,2,0,16,9,0,0,0,4,13,3,15,5,1,0,0,3,0,0,3,13,0,0,3,8,10,0,14,0,13,10,11,16,6,12,2,5,13,5,2,16,12,0,13,0,3,13,13,6,4,12,6,10,9,0,0,2,1,0,13,16,12,3,1,3,13,3,3,3,3,3,3,6,15,3,15,15,3,3,3,4,6,6,3,16,3,2,6,3,3,13,13,3,3,3,3,3,3,3,3,0,13,2,2,12,16,3,1,13,6,13,13,6,13,3,3,3,6,13,3,0,3,2,3,3,3,3,2,3,3,3,3,3,3,2,3,2,3,3,3,16,6,13,13,13,13,13,3,13,4,10,16,11,15,3,3,2,3,2,1,3,6,3,3,3,2,3,3,3,4,1,3,3,12,3,3
EPI_ISL_9047397,20,20,20,20,20,17,17,15,15,15,15,23,23,14,14,13,16,14,13,8,8,4,4,4,4,4,4,5,5,5,4,4,4,4,4,13,7,12,13,4,4,12,4,4,7,13,13,12,4,4,4,7,0,4,4,4,4,4,5,3,3,3,3,3,3,3,3,3,3,3,3,3,3,3,3,3,3,3,3,3,3,3,3,3,3,3,3,3,3,3,3,3,3,3,3,3,3,3,3,3,3,1,3,3,3,2,3,3,3,3,3,3,3,3,3,3,3,4,3,3,3,3,3,3,3,3,3,3,3,3,3,4,4,13,4,4,4,4,4,4,4,4,7,4,4,4,4,4,4,46,6,26,6,13,5,0,6,6,6,6,6,6,6,6,6,13,6,6,6,27,7,6,6,27,27,6,5,6,5,5,6,6,6,6,6,6,0,6,6,3,6,25,6,6,6,6,0,4,6,6,6,6,35,6,0,6,1,6,0,46,6,6,6,26,6,6,6,27,5,6,6,6,6,27,6,6,6,6,5,5,6,24,6,6,6,6,6,6,26,6,3,6,3,3,3,3,3,3,3,3,3,3,13,3,3,3,3,3,3,4,3,3,6,6,6,6,6,6,6,6,6,7,6,6,4,6,6,4,6,4,7,6,6,6,6,6,3,3,6,2,6,6,6,3,3,6,3,3,3,3,6,6,6,3,6,3,3,3,3,6,3,6,3,3,6,6,6,1,3,6,3,6,2,1,1,2,4,6,1,0,6,5,0,0,0,0,6,3,6,2,1,0,0,3,0,0,3,6,0,0,3,5,6,0,5,0,6,5,6,6,4,6,2,1,6,3,2,6,6,0,6,0,3,6,6,4,0,6,6,6,3,1,0,0,0,0,6,6,6,3,1,3,6,3,3,3,4,3,3,6,6,3,6,6,3,3,3,3,6,6,3,6,3,2,9,4,4,6,6,3,4,3,4,4,3,3,3,0,6,2,0,6,6,3,1,6,6,6,6,6,6,3,4,3,6,6,3,0,3,2,3,3,3,3,2,3,3,3,3,3,3,2,3,3,3,4,4,6,6,6,6,6,6,6,3,6,4,6,6,6,6,3,3,2,3,2,1,3,6,3,3,3,2,3,3,3,3,0,3,3,6,3,3
EPI_ISL_9047365,5,6,5,5,5,4,6,2,2,2,2,5,5,5,4,4,4,5,4,4,4,30,28,28,28,28,28,28,28,28,28,28,28,28,28,5,5,4,5,28,28,4,28,28,5,5,5,4,28,28,30,5,4,0,30,30,31,30,30,17,17,16,17,16,17,17,17,17,17,17,17,17,17,17,17,17,18,17,17,18,17,17,17,17,17,22,17,17,17,16,17,17,17,17,17,17,17,17,16,17,17,4,17,17,17,14,17,17,22,17,17,17,17,17,17,17,17,30,16,17,17,17,17,16,17,17,17,17,17,17,17,30,30,6,30,30,30,30,30,30,30,30,30,30,31,30,30,28,34,4,4,3,4,6,4,0,5,5,5,5,5,5,5,4,5,6,5,4,5,3,5,5,4,3,3,5,3,5,4,3,4,5,4,4,4,4,0,4,4,4,5,3,4,4,4,5,0,3,4,4,4,4,3,5,0,5,2,3,0,4,3,5,4,3,0,5,3,3,4,5,4,5,3,3,5,4,5,5,2,4,3,3,4,4,3,4,5,4,3,3,3,4,3,3,4,3,4,3,3,3,3,3,6,4,3,3,3,4,3,3,3,4,3,3,3,3,3,3,3,4,3,5,3,3,3,3,4,3,4,2,5,3,4,4,3,3,3,3,3,2,3,4,3,4,3,3,3,3,3,3,3,3,3,3,3,3,3,3,3,3,3,3,3,3,3,3,3,1,3,3,3,3,2,1,1,2,1,3,1,0,3,2,0,0,0,0,3,3,3,2,1,0,0,3,0,0,3,3,0,0,3,2,3,0,2,0,3,2,3,3,1,3,2,1,3,0,2,3,3,0,3,0,3,3,3,1,0,3,3,3,3,0,0,0,0,0,3,3,3,3,1,3,3,3,3,3,3,3,3,3,3,3,3,3,3,3,3,3,3,3,3,3,3,2,3,3,3,3,3,3,3,3,3,3,3,3,3,0,3,2,0,3,3,3,1,3,3,3,3,3,3,3,3,3,3,3,4,0,3,2,3,3,3,3,2,3,3,3,3,3,3,2,3,2,3,3,3,3,3,3,3,3,3,3,3,4,1,3,3,3,3,3,3,2,3,2,1,3,3,3,3,3,2,3,3,3,3,0,0,3,3,3,3
EPI_ISL_8205821,7,8,7,7,7,5,7,5,5,5,5,7,7,7,7,7,6,7,7,7,7,42,40,39,39,40,40,39,39,39,40,39,39,39,39,6,6,5,6,39,39,5,39,39,6,6,6,5,39,39,43,6,4,30,0,43,43,43,43,27,33,27,28,27,27,28,27,28,28,32,29,33,28,27,28,32,28,33,28,26,27,28,28,26,28,17,28,28,31,26,27,30,28,28,28,27,27,29,27,27,27,9,31,28,30,12,32,31,17,27,28,28,28,27,27,28,28,42,26,28,27,28,25,25,26,26,27,28,27,27,28,42,43,8,42,42,42,42,43,47,42,42,47,42,42,45,42,39,30,4,4,3,5,7,5,0,5,4,5,6,5,5,6,5,6,7,6,4,6,3,6,6,4,3,3,6,4,5,4,5,4,6,5,5,5,5,0,5,5,3,6,3,5,5,5,6,0,3,5,5,5,6,3,6,0,5,2,3,0,4,3,6,5,3,0,6,4,3,4,6,4,6,3,3,6,4,5,5,2,5,3,3,4,4,3,5,5,4,3,3,3,4,3,3,3,3,3,3,3,3,4,3,7,3,3,3,3,3,4,3,3,4,3,3,3,3,3,3,3,4,3,6,3,3,3,3,4,3,3,1,6,3,4,4,3,4,3,3,3,2,3,3,3,5,3,3,3,3,3,3,3,3,3,3,3,3,3,3,3,3,3,3,3,3,3,3,3,1,3,3,3,3,2,1,1,2,1,3,1,0,3,2,0,0,0,0,3,3,3,2,1,0,0,3,0,0,3,3,0,0,3,2,3,0,2,0,3,2,3,3,1,3,2,1,3,0,2,3,3,0,3,0,3,3,3,1,0,3,3,3,4,0,0,0,0,0,3,3,3,4,1,3,3,3,3,3,3,3,3,3,3,3,3,3,3,3,3,3,3,3,3,3,3,2,3,3,3,3,3,3,3,3,3,3,3,4,3,0,3,2,0,3,3,3,1,3,3,3,3,3,3,3,3,4,3,3,3,0,3,2,3,3,3,3,2,3,3,3,3,3,3,2,3,2,3,3,3,3,3,3,3,3,3,3,3,4,1,3,3,3,3,3,3,2,3,2,1,3,3,3,3,3,2,3,3,3,3,0,0,3,3,3,3
EPI_ISL_8205828,7,8,7,7,7,5,7,4,4,4,4,7,7,7,7,7,6,7,7,7,7,42,40,39,39,40,40,39,39,39,40,39,39,39,39,6,6,5,6,39,39,5,39,39,6,6,6,5,39,39,43,6,4,30,43,0,43,48,43,27,29,27,28,27,27,28,27,33,28,28,29,29,28,27,28,28,28,29,33,26,27,28,28,26,28,17,32,28,29,26,27,28,28,28,28,31,27,29,27,27,27,9,29,28,28,12,29,29,17,27,28,33,33,27,27,33,28,42,26,28,27,28,25,25,26,26,27,28,27,27,28,42,43,8,42,42,42,42,43,43,42,42,43,42,42,43,42,39,30,4,4,3,5,7,5,0,5,4,5,6,5,5,6,5,6,7,6,4,6,3,6,6,4,3,3,6,4,5,4,4,4,6,5,5,5,5,0,5,5,3,6,3,5,5,5,6,0,3,5,5,5,6,3,6,0,5,2,3,0,4,3,6,5,3,0,6,4,3,4,6,4,6,3,3,6,4,5,5,2,5,3,3,4,4,3,5,5,4,3,3,3,4,3,3,3,3,3,3,3,3,4,3,7,3,3,3,3,3,4,3,3,4,3,3,3,3,3,3,3,4,3,6,3,3,3,3,4,3,3,1,6,3,4,4,3,4,3,3,3,2,3,3,3,4,3,3,3,3,3,3,3,3,3,3,3,3,3,3,3,3,3,3,3,3,3,3,3,1,3,3,3,3,2,1,1,2,1,3,1,0,3,2,0,0,0,0,3,3,3,2,1,0,0,3,0,0,3,3,0,0,3,2,3,0,2,0,3,2,3,3,1,3,2,1,3,0,2,3,3,0,3,0,3,3,3,1,0,3,3,3,3,0,0,0,0,0,3,3,3,3,1,3,3,3,3,3,3,3,3,3,3,3,3,3,3,3,3,3,3,3,3,3,3,2,3,3,3,3,3,3,3,3,3,3,3,4,3,0,3,2,0,3,3,3,1,3,3,3,3,3,3,3,3,3,3,3,3,0,3,2,3,3,3,3,2,3,3,3,3,3,3,2,3,2,3,3,3,3,3,3,3,3,3,3,3,4,1,3,3,3,3,3,3,2,3,2,1,3,3,3,3,3,2,3,3,3,3,0,0,3,3,3,3
EPI_ISL_8205820,7,8,7,7,7,5,7,4,4,4,4,7,7,7,7,7,6,7,7,7,7,42,40,39,39,40,40,39,39,39,40,39,39,39,39,6,6,5,6,39,39,5,39,39,6,6,6,5,39,39,43,6,4,31,43,43,0,43,43,27,29,27,28,27,27,28,27,28,28,28,29,29,28,27,28,28,28,29,28,26,27,28,28,26,28,17,28,28,29,26,27,28,28,28,28,27,27,29,27,27,28,9,29,28,28,12,29,29,17,27,28,28,28,27,27,28,28,42,26,28,27,28,25,25,26,26,27,29,27,27,37,42,43,8,42,42,42,42,43,43,42,42,43,42,42,43,43,40,30,4,4,3,5,7,5,0,5,4,5,6,5,5,6,5,6,7,6,4,6,3,6,6,4,3,3,6,4,5,4,5,4,6,5,5,5,5,0,5,5,3,6,3,5,5,5,6,0,4,5,5,5,7,3,6,0,5,2,3,0,4,3,6,5,3,0,6,4,3,4,6,4,7,3,3,6,4,5,5,2,5,3,3,4,4,3,5,5,4,3,3,3,4,3,3,3,3,3,3,3,3,4,3,7,3,3,3,3,3,4,3,3,5,3,3,3,3,3,3,3,4,3,6,3,3,3,3,4,3,3,1,6,3,4,4,3,4,3,3,3,2,3,3,3,4,3,3,3,3,3,3,3,3,3,3,4,3,3,3,3,4,3,3,3,3,4,3,3,1,3,3,3,3,2,1,1,2,1,3,1,0,3,2,0,0,0,0,3,3,3,2,1,0,0,3,0,0,3,3,0,1,3,2,3,0,2,0,3,2,3,3,1,3,2,1,3,0,2,3,3,0,3,0,3,3,3,1,0,3,3,3,3,0,0,0,0,0,3,3,3,3,1,3,3,3,3,3,3,3,3,3,3,3,3,3,3,3,3,3,3,3,3,3,3,2,3,3,3,3,3,3,3,3,3,3,3,4,3,0,3,2,0,3,3,3,1,3,3,3,3,3,3,3,3,3,3,3,4,0,3,2,3,3,3,3,2,3,3,3,3,3,3,2,3,2,3,3,3,3,3,3,3,3,3,3,3,4,1,3,3,3,3,3,3,2,3,2,1,3,3,3,3,3,2,3,3,3,3,0,0,3,3,3,3
EPI_ISL_8205826,7,8,7,7,7,5,7,4,4,4,4,7,7,7,7,7,6,7,7,7,7,42,40,39,39,40,40,39,39,39,40,39,39,39,39,6,6,5,6,39,39,5,39,39,6,6,6,5,39,39,43,6,4,30,43,48,43,0,43,27,29,27,28,27,27,28,27,33,28,28,29,29,28,27,28,28,28,29,34,26,27,28,28,26,28,17,32,28,29,26,27,28,28,28,28,31,27,29,27,27,27,9,29,28,28,12,29,29,17,27,28,33,33,27,27,33,28,42,26,28,27,29,25,25,26,26,27,28,27,27,28,42,43,8,42,42,42,42,43,43,42,42,43,42,42,43,42,39,30,4,4,3,5,7,5,0,5,4,5,6,5,5,6,5,6,7,6,4,6,3,6,6,4,3,3,6,4,5,4,4,4,6,5,5,5,5,0,5,5,3,6,3,5,5,5,6,0,3,5,5,5,6,3,6,0,5,2,3,0,4,3,6,5,3,0,6,4,3,4,6,4,6,3,3,6,4,5,5,2,5,3,3,4,4,3,5,5,4,3,3,3,4,3,3,3,3,3,3,3,3,4,3,7,3,3,3,3,3,4,3,3,4,4,3,3,3,3,3,3,4,3,6,3,3,3,3,4,3,3,1,6,3,4,4,3,4,3,3,3,2,3,3,3,4,3,3,3,3,3,3,3,3,3,3,3,3,3,3,3,3,3,3,3,3,3,3,3,1,3,3,3,3,2,1,1,2,1,3,1,0,3,2,0,0,0,0,3,3,3,2,1,0,0,3,0,0,3,3,0,0,3,2,3,0,2,0,3,2,3,3,1,3,2,1,3,0,2,3,3,0,3,0,3,3,3,1,0,3,3,3,3,0,0,0,0,0,3,3,3,3,1,3,3,3,3,3,3,3,3,3,3,3,3,3,3,3,3,3,3,3,3,3,3,2,3,3,3,3,3,3,3,3,3,3,3,4,3,0,3,2,0,3,3,3,1,3,3,3,3,3,3,3,3,3,3,3,3,0,3,2,3,3,3,3,2,3,3,3,3,3,3,2,3,2,3,3,3,3,3,3,3,3,3,3,3,4,1,3,3,3,3,3,3,2,3,2,1,3,3,3,3,3,2,3,3,3,3,0,0,3,3,3,3
EPI_ISL_8205814,7,8,7,7,7,5,7,4,4,4,4,7,7,7,8,7,6,7,7,7,7,42,40,39,39,40,40,39,39,39,40,39,39,39,39,6,6,5,6,39,39,5,39,39,6,6,6,5,39,39,47,6,5,30,43,43,43,43,0,27,29,27,28,27,27,28,27,28,28,28,29,29,28,27,28,28,28,29,28,26,27,28,28,26,28,17,28,28,29,26,27,28,28,28,28,27,27,29,27,27,27,9,29,28,28,12,29,29,17,27,28,28,28,27,27,28,28,42,26,28,27,28,25,25,26,26,27,28,27,27,28,42,43,8,42,42,42,42,43,43,42,42,43,42,42,43,42,39,30,4,4,3,5,7,5,0,5,4,5,6,5,5,6,5,6,7,6,4,6,3,6,6,4,3,3,6,4,5,4,5,4,6,6,5,5,5,0,5,5,3,6,3,6,5,5,6,0,3,5,5,5,6,3,6,0,5,2,3,0,4,4,6,5,3,0,6,4,3,4,6,4,6,3,3,6,4,5,5,2,5,3,3,4,4,3,5,5,4,3,3,3,4,3,3,3,3,3,3,3,3,4,3,7,3,3,3,3,3,4,3,3,4,3,3,3,3,3,3,3,4,3,6,3,3,3,3,4,3,3,1,6,3,4,4,3,4,3,3,3,2,3,3,3,4,3,3,3,3,3,3,3,3,3,3,3,3,3,3,3,3,3,3,3,3,3,3,3,1,3,3,3,3,2,1,1,2,1,3,1,0,3,2,0,0,0,0,3,3,3,2,1,0,0,3,0,0,3,3,0,0,3,2,3,0,2,0,3,2,3,3,1,3,2,1,3,0,2,3,3,0,3,0,3,3,3,1,0,3,3,3,3,0,0,0,0,0,3,3,3,3,1,3,3,3,3,3,3,3,3,3,3,3,3,3,3,3,3,3,3,3,3,3,3,2,3,3,3,3,3,3,3,3,3,3,3,4,3,0,3,2,0,3,3,3,1,3,3,3,3,3,3,3,3,3,3,3,3,0,3,2,3,3,3,3,2,3,3,3,3,3,3,2,3,2,3,3,3,3,3,3,3,3,3,3,3,4,1,3,3,3,3,3,3,2,3,2,1,3,3,3,3,3,2,3,3,3,3,0,0,3,3,3,3
EPI_ISL_6011751,6,6,6,6,6,5,6,3,3,3,3,6,6,6,6,6,5,6,6,6,6,27,25,25,25,25,25,25,25,25,25,25,25,25,25,5,5,5,5,25,25,5,25,25,5,5,5,5,25,25,27,5,3,17,27,27,27,27,27,0,36,38,36,35,36,36,36,36,36,33,36,36,36,36,42,35,35,33,36,33,33,37,36,32,34,24,34,38,39,31,36,39,37,33,33,29,34,33,32,32,33,10,40,37,40,19,39,41,24,33,34,34,34,36,34,33,33,27,32,35,33,34,25,30,31,33,33,34,33,30,32,27,27,6,27,27,27,27,27,27,27,30,27,27,27,27,27,25,16,3,4,3,5,6,14,0,5,4,5,6,5,5,6,5,6,6,6,4,14,3,5,14,4,3,3,14,4,5,4,4,4,6,5,5,5,5,0,5,5,3,6,3,5,5,5,6,0,4,5,5,5,6,9,6,0,5,2,4,0,3,5,6,5,3,0,6,4,3,4,14,4,14,3,3,6,4,5,5,2,14,3,12,4,4,3,5,5,4,3,3,3,4,3,3,3,3,3,3,3,3,3,3,6,3,3,3,4,3,3,3,3,3,3,3,3,3,3,3,3,4,3,5,3,3,3,3,4,3,3,1,5,3,4,4,3,4,3,3,3,2,3,3,3,5,3,3,3,3,3,3,3,3,3,3,3,3,3,3,3,3,3,3,3,3,3,3,3,1,3,3,3,3,2,1,1,2,1,3,1,0,3,2,0,0,0,0,3,3,3,2,1,0,0,3,0,0,3,3,0,0,3,2,4,0,2,0,3,2,3,4,1,3,2,1,3,0,2,3,3,0,3,0,3,3,3,1,0,3,3,3,3,0,0,0,0,0,3,3,3,3,1,3,3,3,3,3,3,3,3,3,3,3,3,3,3,3,3,4,3,3,3,3,3,2,3,3,3,3,3,3,3,3,3,3,3,3,3,0,3,2,0,3,3,3,1,3,3,3,3,3,3,3,3,3,3,3,3,0,3,2,3,3,3,3,2,3,3,3,3,3,3,2,3,2,3,3,3,3,3,3,3,3,3,3,3,4,1,3,3,3,3,3,3,2,3,2,1,3,3,3,3,3,2,3,3,3,3,0,0,3,3,3,3
EPI_ISL_6011750,6,6,6,6,6,5,6,4,4,4,4,6,6,6,6,6,5,6,6,6,6,28,27,26,26,27,27,26,26,26,27,26,26,26,26,5,5,5,5,26,26,5,26,26,5,5,5,5,26,26,29,5,3,17,33,29,29,29,29,36,0,36,37,36,36,37,36,37,37,39,38,43,37,36,37,41,35,40,37,33,33,35,37,32,34,24,35,38,41,32,36,40,35,34,34,30,34,35,33,32,33,10,41,37,40,19,42,41,24,33,35,35,35,33,34,34,34,28,32,36,33,35,25,30,31,33,33,35,33,31,33,28,29,7,28,28,28,28,29,34,28,28,33,28,28,31,28,26,16,3,4,3,5,6,14,0,5,4,5,6,5,5,6,5,6,6,6,4,14,3,5,14,4,3,3,14,4,5,4,5,4,6,5,5,5,5,0,5,5,3,6,3,5,5,5,6,0,4,5,5,5,6,9,6,0,5,2,4,0,3,5,6,5,3,0,6,4,3,4,14,4,14,3,3,6,4,5,5,2,14,3,12,4,4,3,5,5,4,3,3,3,4,3,3,3,3,3,3,3,3,4,3,6,3,3,3,3,3,4,3,3,4,3,3,3,3,3,3,3,4,3,5,3,3,3,3,4,3,3,1,5,3,4,4,3,4,3,3,3,2,3,3,3,5,3,3,3,3,3,3,3,3,3,3,3,3,3,3,3,3,3,3,3,3,3,3,3,1,3,3,3,3,2,1,1,2,1,3,1,0,3,2,0,0,0,0,3,3,3,2,1,0,0,3,0,0,3,3,0,0,3,2,3,0,2,0,3,2,3,4,1,3,2,1,3,0,2,3,3,0,3,0,3,3,3,1,0,3,3,3,3,0,0,0,0,0,3,3,3,3,1,3,3,3,3,3,3,3,3,3,3,3,3,3,3,3,3,3,3,3,3,3,3,2,3,3,3,3,3,3,3,3,3,3,3,4,3,0,3,2,0,3,3,3,1,3,3,3,3,3,3,3,3,3,3,3,3,0,3,2,3,3,3,3,2,3,3,3,3,3,3,2,3,2,3,3,3,3,3,3,3,3,3,3,3,4,1,3,3,3,3,3,3,2,3,2,1,3,3,3,3,3,2,3,3,3,3,0,0,3,3,3,3
EPI_ISL_6011749,6,6,6,6,6,5,6,3,3,3,3,6,6,6,6,6,5,6,6,6,6,27,26,26,26,26,26,26,26,26,26,26,26,26,26,5,5,5,5,25,25,5,25,25,5,5,5,5,25,25,27,5,3,16,27,27,27,27,27,38,36,0,35,35,35,37,35,35,36,32,36,36,36,35,39,34,34,33,35,32,32,36,35,32,33,23,33,36,37,30,35,37,36,32,32,28,33,33,32,31,32,11,38,36,37,19,37,38,23,32,33,33,33,35,33,32,32,27,32,34,32,33,25,29,30,32,32,33,32,29,31,27,27,6,27,27,27,27,27,27,27,30,27,27,27,27,27,26,15,3,4,3,5,6,14,0,5,4,5,6,5,5,6,5,6,7,6,4,14,3,5,14,4,3,3,14,4,5,4,4,4,6,5,5,5,5,0,5,5,3,6,3,5,5,5,6,0,4,5,5,5,6,9,6,0,5,2,4,0,3,5,6,5,3,0,6,4,3,4,14,4,15,3,3,6,4,5,5,2,15,3,12,4,4,3,5,5,4,3,3,3,4,3,3,3,3,3,3,3,3,3,3,6,3,3,3,4,3,3,3,3,3,3,3,3,3,3,3,3,4,3,5,3,3,3,3,4,3,3,1,5,3,4,4,3,4,3,3,3,2,3,3,3,5,3,3,3,3,3,3,3,3,3,3,3,3,3,3,3,3,3,3,3,3,3,3,3,1,3,3,3,3,2,1,1,2,1,3,1,0,3,2,0,0,0,0,3,3,3,2,1,0,0,3,0,0,3,3,0,0,3,2,3,0,2,0,3,2,3,4,1,3,2,1,3,0,2,3,3,0,3,0,3,3,3,1,0,3,3,3,3,0,0,0,0,0,3,3,3,3,1,3,3,3,3,3,3,3,3,3,3,3,3,3,3,3,3,4,3,3,3,3,3,2,3,3,3,3,3,3,3,3,3,3,3,3,3,0,3,2,0,3,3,3,1,3,3,3,3,3,3,3,3,3,3,3,3,0,3,2,3,3,3,3,2,3,3,3,3,3,3,2,3,2,3,3,3,3,3,3,3,3,3,3,3,4,1,3,3,3,3,3,3,2,3,2,1,3,3,3,3,3,2,3,3,3,3,0,0,3,3,3,3
EPI_ISL_6011748,6,6,6,6,6,5,6,3,3,3,3,6,6,6,6,6,5,6,6,6,6,27,26,25,25,26,26,25,25,25,26,25,25,25,25,5,5,5,5,26,29,5,26,26,5,5,5,5,29,29,28,5,3,17,28,28,28,28,28,36,37,35,0,37,37,37,37,38,36,35,38,38,37,37,36,37,36,35,37,34,34,36,38,33,35,25,36,38,38,33,37,38,36,35,38,30,35,35,34,33,34,10,38,38,38,19,38,38,25,34,36,36,36,34,34,35,35,27,33,37,34,36,26,30,31,34,34,36,34,31,33,27,29,7,27,27,27,27,28,28,27,27,28,27,27,28,27,25,16,3,4,3,5,6,15,0,5,4,5,6,5,5,6,5,6,6,6,4,15,3,5,15,4,3,3,15,4,5,4,4,4,6,5,5,5,5,0,5,5,3,6,3,5,5,5,6,0,4,5,5,5,6,9,6,0,5,2,4,0,3,5,6,5,3,0,6,4,3,4,15,4,15,3,3,6,4,5,5,2,15,3,12,4,4,3,5,5,4,3,3,3,5,3,3,3,3,3,3,3,3,5,3,6,3,3,3,3,3,5,3,3,5,3,3,3,3,3,3,3,4,3,5,3,3,3,3,4,3,3,1,5,3,4,4,3,4,3,3,3,2,3,3,3,5,3,3,3,3,3,3,3,3,3,3,3,3,3,3,3,3,3,3,3,3,3,3,3,1,3,3,3,4,2,1,1,2,1,3,1,0,3,2,0,0,0,0,3,3,3,2,1,0,0,3,0,0,3,3,0,0,3,2,3,0,2,0,3,2,3,4,1,3,2,1,3,0,2,3,3,0,3,0,3,3,3,1,0,3,3,3,3,0,0,0,0,0,3,3,3,3,1,3,3,3,3,3,3,3,3,3,3,3,3,3,3,3,3,3,3,3,3,3,3,2,3,3,3,3,3,3,3,3,3,3,3,5,3,0,3,2,0,3,3,3,1,3,3,3,3,3,3,3,3,3,3,3,3,0,3,2,3,3,3,3,2,3,3,3,3,3,3,2,3,2,3,3,3,3,3,3,3,3,3,3,3,4,1,3,3,3,3,3,3,2,3,2,1,3,3,3,3,3,2,3,3,3,3,0,0,3,3,3,3
EPI_ISL_6011746,6,6,6,6,6,5,6,3,3,3,3,6,6,6,6,6,5,6,6,7,6,26,26,25,25,26,26,25,25,25,26,25,25,25,25,5,5,5,5,26,26,5,26,26,5,5,5,5,26,26,27,5,3,16,27,27,27,27,27,35,36,35,37,0,36,36,36,37,35,34,37,37,36,36,35,36,35,34,36,33,33,35,37,32,34,24,35,37,37,32,36,37,35,34,34,29,34,37,37,32,33,10,37,37,37,19,37,37,24,33,35,35,35,33,33,34,34,26,33,36,33,35,25,29,30,33,33,35,33,33,32,26,27,7,26,26,26,26,27,27,26,26,27,26,26,27,26,25,15,3,4,3,5,6,15,0,5,4,5,6,5,5,6,6,6,6,6,4,15,3,5,15,4,3,3,15,4,5,4,4,4,6,5,5,5,5,0,5,5,3,6,3,5,5,5,6,0,4,5,5,5,6,9,6,0,5,2,4,0,3,5,6,5,3,0,6,4,3,4,15,4,15,3,3,6,4,5,5,2,15,3,12,4,4,3,5,5,4,3,3,3,4,3,3,3,3,3,3,3,3,5,3,6,3,3,3,3,3,5,3,3,5,3,3,3,3,3,3,3,4,3,5,3,3,3,3,4,3,3,1,5,3,4,4,3,4,3,3,3,2,3,3,3,5,3,3,3,3,3,3,3,3,3,3,3,3,3,3,3,3,3,3,3,3,3,3,3,1,3,3,3,3,2,1,1,2,1,3,1,0,3,2,0,0,0,0,3,3,3,2,1,0,0,3,0,0,3,3,0,0,3,2,3,0,2,0,3,2,3,4,1,3,2,1,3,0,2,3,3,0,3,0,3,3,3,1,0,3,3,3,3,0,0,0,0,0,3,3,3,3,1,3,3,3,3,3,3,3,3,3,3,3,3,3,3,3,3,3,3,3,3,3,3,2,3,3,3,3,3,3,3,3,3,3,3,5,3,0,3,2,0,3,3,3,1,3,3,3,3,3,3,3,3,3,3,3,3,0,3,2,3,3,3,3,2,3,3,3,3,3,3,2,3,2,3,3,3,3,3,3,3,3,3,3,3,4,1,3,3,3,3,3,3,2,3,2,1,3,3,3,3,3,2,3,3,3,3,0,0,3,3,3,3
EPI_ISL_6011744,6,6,6,6,6,5,6,3,3,3,3,6,6,6,6,6,5,6,6,6,6,27,25,25,25,25,25,25,25,25,25,25,25,25,25,5,5,5,5,25,25,5,25,25,5,5,5,5,25,25,27,5,3,17,27,27,27,27,27,36,36,35,37,36,0,36,37,37,36,34,37,37,38,37,36,36,35,34,36,35,34,35,37,34,34,25,35,37,37,32,38,37,35,34,34,29,35,34,34,33,35,10,37,37,37,19,37,37,25,34,35,35,35,34,34,34,34,28,33,36,34,35,26,30,31,34,36,35,34,30,32,27,27,6,27,27,27,27,27,27,28,27,27,28,27,27,28,26,16,3,4,3,5,6,15,0,5,4,5,6,5,5,6,5,6,6,6,4,15,3,5,15,4,3,3,15,4,5,4,4,4,6,5,5,5,5,0,5,5,3,6,3,5,5,5,6,0,5,5,5,5,6,9,6,0,5,2,4,0,3,5,6,5,3,1,6,4,3,4,15,4,15,3,3,6,4,5,5,2,15,3,12,4,4,3,5,5,4,3,3,3,4,3,3,3,3,3,3,3,3,4,3,6,3,3,3,3,3,4,3,3,4,3,3,3,4,3,3,3,4,3,5,3,3,3,3,4,3,3,1,5,3,4,4,3,4,3,3,3,2,3,3,3,5,3,3,3,3,3,3,3,3,3,3,3,3,3,3,3,3,3,3,3,3,3,3,3,1,3,3,3,3,2,1,1,2,1,3,1,0,3,2,0,0,0,0,3,3,3,2,1,0,0,3,0,0,3,3,0,0,3,2,3,0,2,0,3,2,3,4,1,3,2,1,3,0,2,3,3,0,3,0,3,3,3,1,0,3,3,3,3,0,0,0,0,0,3,3,3,3,1,3,3,3,3,3,3,3,3,3,3,3,3,3,3,3,3,3,3,3,3,3,3,2,3,3,3,3,3,3,3,3,3,3,3,4,3,0,3,2,0,3,3,3,1,3,3,3,3,3,3,3,3,3,3,3,3,0,3,2,3,3,3,3,2,3,3,3,3,3,3,2,3,2,3,3,3,3,3,3,3,3,3,3,3,4,1,3,3,3,3,3,3,2,3,2,1,3,3,3,3,3,2,3,3,3,3,0,0,3,3,3,3
EPI_ISL_6011743,6,6,6,6,6,5,6,3,3,3,3,6,6,6,6,6,5,6,6,6,6,27,26,25,25,26,26,25,25,25,26,25,25,25,25,5,5,5,5,31,26,5,31,31,5,5,5,5,26,26,28,5,3,17,28,28,28,28,28,36,37,37,37,36,36,0,36,37,36,34,37,37,37,36,36,36,40,34,37,33,33,35,37,32,34,24,35,37,37,32,36,37,35,34,34,30,34,34,33,32,33,11,38,37,37,19,37,37,24,33,35,35,35,33,34,34,34,27,32,36,33,35,25,30,31,33,33,35,33,31,33,27,28,7,27,27,27,27,28,28,27,27,28,27,27,28,27,25,16,3,5,4,5,6,14,0,5,4,5,6,6,6,6,5,6,6,7,4,14,3,5,14,4,4,3,15,4,5,4,4,4,6,5,5,5,5,0,5,5,3,6,3,5,5,5,6,0,4,5,5,5,6,9,6,0,5,2,4,0,3,5,6,5,3,0,6,5,3,4,14,4,14,3,3,6,4,5,5,2,14,3,12,4,4,3,5,5,4,3,3,3,4,3,3,3,3,3,3,3,3,4,3,6,3,3,3,3,3,4,3,3,4,3,4,3,3,3,3,3,4,3,6,3,3,3,3,4,3,3,1,6,3,4,4,3,4,3,3,3,2,3,3,3,5,3,3,3,3,3,3,3,3,3,3,3,3,3,3,3,3,3,3,3,3,3,3,3,2,3,3,3,3,2,1,1,2,1,3,1,0,3,2,0,0,0,0,3,3,3,2,1,0,0,3,0,0,3,3,0,0,3,2,3,0,3,0,3,2,3,4,1,3,2,1,3,0,2,3,3,0,3,0,3,3,3,1,0,3,4,3,4,0,0,0,0,0,3,3,3,3,1,3,3,3,3,3,3,3,3,3,3,3,3,3,3,3,3,3,4,4,3,3,3,2,4,3,3,4,3,3,3,3,3,3,3,4,3,0,3,2,0,3,3,3,1,3,3,3,3,3,3,3,3,3,4,3,3,0,3,2,3,3,3,3,2,3,3,3,3,3,3,2,3,2,3,3,3,3,3,3,3,3,3,3,3,4,2,3,3,3,3,3,3,2,3,2,1,3,4,3,3,3,2,3,3,3,3,0,0,3,3,3,3
EPI_ISL_6011741,6,6,6,6,6,5,6,3,3,3,3,6,6,6,6,6,5,6,6,6,6,28,26,25,25,26,26,25,25,25,26,25,25,25,25,5,5,5,5,25,25,5,25,25,5,5,5,5,25,25,27,5,3,17,27,27,27,27,27,36,36,35,37,36,37,36,0,37,37,34,37,37,37,38,36,36,35,34,36,34,35,35,37,33,34,25,35,37,37,32,37,37,35,34,34,29,36,34,33,34,34,10,37,37,37,19,37,37,25,35,35,35,35,34,35,34,35,27,33,36,35,35,26,31,32,35,34,35,35,30,32,28,27,6,29,28,28,28,27,27,27,27,27,27,28,27,27,25,16,3,4,3,5,6,15,0,5,4,5,6,5,5,6,5,6,6,6,4,15,3,5,15,4,3,3,15,4,5,4,4,4,6,5,5,5,5,0,5,5,3,6,3,5,5,5,6,0,4,5,5,5,6,9,6,0,5,2,4,0,3,5,6,5,3,0,6,4,3,4,15,4,15,3,3,6,4,5,5,2,15,3,12,4,4,3,5,5,4,3,3,3,4,3,3,3,3,3,3,3,3,4,3,6,3,3,3,3,3,4,3,3,4,3,3,3,3,3,3,3,4,3,5,3,3,3,3,4,3,3,1,5,3,4,4,3,4,3,3,3,2,3,3,3,5,3,3,3,3,3,3,3,3,3,3,3,3,3,3,3,3,3,3,3,3,3,3,3,1,3,3,3,3,2,1,1,2,1,3,1,0,3,2,0,0,0,0,3,3,3,2,1,0,0,3,0,0,3,3,0,0,3,2,3,0,2,0,3,2,3,4,1,3,2,1,3,0,2,3,3,0,3,0,3,3,3,1,0,3,3,3,3,0,0,0,0,0,3,3,3,3,1,3,3,3,3,3,3,3,3,3,3,3,3,3,3,3,3,3,3,3,3,3,3,3,3,3,3,3,3,3,3,3,3,3,3,4,3,0,3,2,0,3,3,3,1,3,3,3,3,3,3,3,3,3,3,3,3,0,3,2,3,3,3,3,2,3,3,3,3,3,3,2,3,2,3,3,3,3,3,3,3,3,3,3,3,4,1,3,3,3,3,3,3,2,3,2,1,3,3,3,3,3,2,3,3,3,3,0,0,3,3,3,3
EPI_ISL_6011745,6,6,6,6,6,5,6,3,3,3,3,6,6,6,6,6,5,6,6,6,6,27,26,25,25,26,26,25,25,25,26,25,25,25,25,5,5,5,5,26,26,5,26,26,5,5,5,5,26,26,28,5,3,17,28,33,28,33,28,36,37,35,38,37,37,37,37,0,36,35,38,38,37,37,36,37,36,35,42,34,34,36,38,33,35,25,40,38,38,33,37,38,36,35,35,34,35,35,34,33,34,10,38,38,38,19,38,38,25,34,36,41,41,34,34,40,35,27,33,37,34,36,26,30,31,34,34,36,34,31,33,27,28,7,27,27,27,27,28,28,27,27,28,27,27,28,27,25,16,3,4,3,5,6,15,0,5,4,5,6,5,5,6,5,6,6,6,4,15,3,5,15,4,3,3,15,4,5,4,4,4,6,5,5,5,5,0,5,5,3,6,3,5,5,5,6,0,5,5,5,5,6,9,6,0,5,2,4,0,3,5,6,5,3,0,6,4,3,4,15,4,15,3,3,6,4,5,5,2,15,3,12,4,4,3,5,5,4,3,3,3,4,3,3,3,3,3,3,3,3,5,3,6,3,3,3,3,3,5,3,3,5,3,3,3,3,3,3,3,4,3,5,3,3,3,3,4,3,3,1,5,3,4,4,3,4,3,3,3,2,3,3,3,5,3,3,3,3,3,3,3,3,3,3,3,3,3,3,3,3,3,3,3,3,3,3,3,1,3,3,3,3,2,1,1,2,1,3,1,0,3,2,0,0,0,0,3,3,3,2,1,0,0,3,0,0,3,3,0,0,3,2,3,0,2,0,3,2,3,4,1,3,2,1,3,0,2,3,3,0,3,0,3,3,3,1,0,3,3,3,3,0,0,0,0,0,3,3,3,3,1,3,3,3,3,3,3,3,3,3,3,3,3,3,3,3,3,3,3,3,3,3,3,2,3,3,3,3,3,3,3,3,3,3,3,5,3,0,3,2,0,3,3,3,1,3,3,3,3,3,3,3,3,3,3,3,3,0,3,2,3,3,3,3,2,3,3,3,3,3,3,2,3,2,3,3,3,3,3,3,3,3,3,3,3,4,1,3,3,3,3,3,3,2,3,2,1,3,3,3,3,3,2,3,3,3,3,0,0,3,3,3,3
EPI_ISL_6011752,6,6,6,6,6,5,6,3,3,3,3,6,6,6,6,6,5,6,6,6,6,34,32,26,26,32,32,26,26,26,32,26,26,26,26,5,5,5,5,25,25,5,25,25,5,5,5,5,25,25,28,5,3,17,28,28,28,28,28,36,37,36,36,35,36,36,37,36,0,33,37,37,38,36,37,35,34,34,36,33,33,34,36,32,33,24,34,36,37,31,36,36,34,33,34,29,40,34,32,32,33,10,37,36,36,19,37,37,24,33,34,34,34,33,34,33,33,28,32,35,33,34,25,30,31,33,33,34,33,30,32,34,28,6,28,34,34,34,28,28,28,28,28,28,34,28,28,26,16,3,4,3,5,6,14,0,5,4,5,6,5,5,6,5,6,6,6,4,14,3,5,14,4,3,3,14,4,5,4,4,4,6,5,5,5,5,0,5,5,3,7,3,5,5,5,6,0,4,5,5,5,6,9,7,0,5,2,4,0,3,5,6,5,3,0,6,4,3,4,15,4,14,3,3,6,4,5,5,2,15,3,12,4,4,3,5,5,4,3,3,4,4,3,3,3,3,3,3,3,3,3,3,6,3,3,3,3,3,3,3,3,3,3,3,3,3,3,3,3,4,3,5,3,3,3,3,4,3,3,1,5,3,4,4,3,4,3,3,3,2,3,3,3,5,3,3,3,3,3,3,3,3,3,3,3,3,3,3,3,3,3,3,3,3,3,3,3,1,3,3,3,3,2,1,1,2,1,3,1,0,3,2,0,0,0,0,3,3,3,2,1,0,0,3,0,0,3,3,0,0,3,2,3,0,2,0,3,2,3,4,1,3,2,1,3,0,2,3,3,0,3,0,3,3,3,1,0,3,3,3,3,0,0,0,0,0,3,3,3,3,1,3,3,3,3,3,3,3,3,3,3,3,3,3,3,3,3,3,3,3,3,3,3,2,3,3,3,3,3,3,3,3,3,3,3,3,3,0,3,2,0,3,3,3,1,3,3,3,3,3,3,3,3,3,3,3,3,0,3,2,3,3,3,3,2,3,3,3,3,3,3,2,3,2,3,3,3,3,3,3,3,3,3,3,3,4,1,3,3,3,3,3,3,2,3,2,1,3,3,3,3,3,2,3,3,3,3,0,0,3,3,3,3
EPI_ISL_6011762,7,7,7,7,7,5,7,4,4,4,4,6,6,6,6,6,5,6,6,7,7,27,26,25,25,26,26,25,25,25,26,25,25,25,25,5,5,5,5,26,26,5,26,26,5,5,5,5,26,26,28,5,3,17,32,28,28,28,28,33,39,32,35,34,34,34,34,35,33,0,35,47,34,34,33,47,38,49,34,36,36,37,36,35,39,28,38,38,44,36,34,41,36,36,36,30,35,37,36,33,33,12,44,37,45,16,45,42,27,34,35,37,36,34,34,36,37,27,32,36,34,36,30,33,33,36,35,36,34,31,33,27,28,7,27,27,27,27,28,33,27,27,32,27,27,30,27,25,16,3,4,3,5,6,15,0,5,4,5,6,5,5,6,5,6,6,6,4,13,3,5,15,4,3,3,12,4,5,4,5,4,6,5,5,5,5,0,5,5,4,6,3,5,5,5,6,0,5,5,5,5,6,11,6,1,5,2,4,0,3,5,6,5,3,0,6,4,3,4,12,4,14,3,3,6,4,5,5,2,12,3,9,4,4,3,5,5,4,3,3,3,4,4,3,4,3,4,3,3,3,5,4,6,4,4,3,4,4,5,4,4,5,3,3,3,3,3,3,3,4,3,5,3,3,4,3,4,4,3,1,5,3,4,4,3,5,4,3,3,2,3,3,3,5,3,3,3,3,3,3,3,3,3,3,3,3,3,3,4,3,3,3,3,4,3,3,3,1,4,3,4,3,3,1,1,2,1,3,1,0,3,2,0,0,0,0,3,4,3,2,1,0,0,4,0,0,4,3,0,0,3,3,3,0,2,0,3,2,3,4,1,3,3,1,3,0,2,3,3,0,3,0,3,3,3,1,0,3,3,3,3,0,0,0,0,0,3,3,3,4,1,3,3,3,4,4,4,4,4,3,3,4,3,3,4,3,3,4,3,3,4,3,4,2,3,4,4,3,3,3,4,4,4,3,4,5,4,0,3,3,0,3,3,4,1,3,3,3,3,3,3,4,4,4,3,3,4,0,3,2,3,3,4,4,2,4,3,4,3,3,3,2,4,3,3,4,4,3,3,3,3,3,3,3,3,4,1,3,3,3,3,4,4,2,3,2,1,3,3,3,4,3,2,3,4,3,3,0,0,4,3,4,4
EPI_ISL_6011759,6,6,6,6,6,5,6,3,3,3,3,6,6,6,6,6,5,6,6,6,6,28,27,26,26,27,27,26,26,26,27,26,26,26,26,5,5,5,5,26,26,5,26,26,5,5,5,5,26,26,29,5,3,17,29,29,29,29,29,36,38,36,38,37,37,37,37,38,37,35,0,39,38,37,37,37,36,36,37,34,34,36,38,33,35,25,36,38,39,33,37,38,36,35,35,30,35,36,34,33,34,10,39,38,38,19,39,39,25,34,36,36,36,34,34,35,35,28,33,37,34,36,26,30,31,34,34,36,34,31,33,28,29,7,28,28,28,28,29,29,28,28,29,28,28,29,28,26,16,3,4,3,5,6,15,0,5,4,5,6,5,5,6,5,6,6,6,4,15,3,5,15,4,3,3,15,4,5,4,4,4,6,5,5,5,5,0,5,5,3,6,3,5,5,5,6,0,4,5,5,5,6,9,6,0,5,2,4,0,3,5,6,5,3,0,6,4,3,4,15,4,15,3,3,6,4,5,5,2,15,3,12,4,4,3,5,5,4,3,3,3,5,3,3,3,3,3,3,3,3,5,3,6,3,3,3,3,3,5,3,3,5,3,3,3,3,3,3,3,4,3,5,3,3,3,3,4,3,3,1,5,3,4,4,3,4,3,3,3,2,3,3,3,5,3,3,3,3,3,3,3,3,3,3,3,3,3,3,3,3,3,3,3,3,3,3,3,1,3,3,3,3,2,1,1,2,1,3,1,0,3,2,0,0,0,0,3,3,3,2,1,0,0,3,0,0,3,3,0,0,3,2,3,0,2,0,3,2,3,4,1,3,2,1,3,0,2,3,3,0,3,0,3,3,3,1,0,3,3,3,3,0,0,0,0,0,3,3,3,3,1,3,3,3,3,3,3,3,3,3,3,3,3,3,3,3,3,3,3,3,3,3,3,2,3,3,3,3,3,3,3,3,3,3,3,5,3,0,3,2,0,3,3,3,1,3,3,3,3,3,3,3,3,3,3,3,3,0,3,2,3,3,3,3,2,3,3,3,3,3,3,2,3,2,3,3,3,3,3,3,3,3,3,3,3,4,1,3,3,3,3,3,3,2,3,2,1,3,3,3,3,3,2,3,3,3,3,0,0,3,3,3,3
EPI_ISL_6011758,6,6,6,6,6,5,6,4,4,4,4,6,6,6,6,6,5,6,6,6,6,28,27,26,26,27,27,26,26,26,27,26,26,26,26,5,5,5,5,26,26,5,26,26,5,5,5,5,26,26,29,5,3,17,33,29,29,29,29,36,43,36,38,37,37,37,37,38,37,47,39,0,38,37,37,49,36,48,37,34,34,36,38,33,35,25,36,39,47,33,37,43,36,35,35,30,35,36,34,33,34,10,46,38,46,19,47,45,25,34,36,36,36,34,34,35,35,28,33,37,34,36,26,30,31,34,34,36,34,31,33,28,29,7,28,28,28,28,29,34,28,28,33,28,28,31,28,26,16,3,4,3,5,6,15,0,5,4,5,6,5,5,6,5,6,6,6,4,15,3,5,15,4,3,3,15,4,5,4,5,4,6,5,5,5,5,0,5,5,3,6,3,5,5,5,6,0,4,5,5,5,6,9,6,0,5,2,4,0,3,5,6,5,3,0,6,4,3,4,15,4,15,3,3,6,4,5,5,2,15,3,12,4,4,3,5,5,4,3,3,3,4,3,3,3,3,3,3,3,3,5,3,6,3,3,3,3,3,5,3,3,5,3,3,3,3,3,3,3,4,3,5,3,3,3,3,4,3,3,1,5,3,4,4,3,5,3,3,3,2,3,3,3,5,3,3,3,3,3,3,3,3,3,3,3,3,3,3,3,3,3,3,3,3,3,3,3,1,3,3,3,3,2,1,1,2,1,3,1,0,3,2,0,0,0,0,3,3,3,2,1,0,0,3,0,0,3,3,0,0,3,2,3,0,2,0,3,2,3,4,1,3,2,1,3,0,2,3,3,0,3,0,3,3,3,1,0,3,3,3,3,0,0,0,0,0,3,3,3,3,1,3,3,3,3,3,3,3,3,3,3,3,3,3,3,3,3,3,3,3,3,3,3,2,3,3,3,3,3,3,3,3,3,3,3,5,4,0,3,2,0,3,3,3,1,3,3,3,3,3,3,3,3,3,3,3,3,0,3,2,3,3,3,3,2,3,3,3,3,3,3,2,3,2,3,3,3,3,3,3,3,3,3,3,3,4,1,3,3,3,3,3,3,2,3,2,1,3,3,3,3,3,2,3,3,3,3,0,0,3,3,3,3
EPI_ISL_6011757,6,6,6,6,6,5,6,3,3,3,3,6,6,6,6,6,5,6,6,6,6,28,26,26,26,26,26,26,26,26,26,26,26,26,26,5,5,5,5,25,25,5,25,25,5,5,5,5,25,25,28,5,3,17,28,28,28,28,28,36,37,36,37,36,38,37,37,37,38,34,38,38,0,37,37,36,35,35,36,35,34,35,37,34,34,25,35,37,38,32,38,37,35,34,34,29,35,35,33,33,35,10,39,37,37,19,39,40,25,34,35,35,35,34,34,34,34,29,33,36,34,35,26,30,31,34,35,35,34,30,32,28,28,6,28,28,28,28,28,28,29,28,28,30,28,28,29,27,16,3,5,4,5,6,15,0,5,4,5,6,6,5,6,5,6,6,6,4,15,3,5,15,4,4,3,15,4,5,4,5,4,6,5,5,5,5,0,5,5,3,6,3,6,5,5,6,0,4,5,5,5,6,9,6,0,5,2,4,0,3,5,6,5,3,0,6,4,3,4,15,4,15,3,3,6,4,5,5,2,15,3,12,4,4,3,5,5,4,3,3,3,4,3,3,3,3,3,3,3,3,4,3,6,3,3,3,4,3,4,3,3,4,3,3,3,3,3,3,3,4,3,6,3,3,3,3,4,3,3,1,6,3,4,4,3,4,3,3,3,2,3,3,3,5,3,3,3,3,3,3,3,3,3,3,3,3,3,3,3,3,3,3,3,3,3,3,3,2,3,3,3,3,2,1,1,2,1,3,1,0,3,2,0,0,0,0,3,3,3,2,1,0,0,3,0,0,3,3,0,0,3,2,3,0,2,0,3,2,3,4,1,3,2,1,3,0,2,3,3,0,3,0,3,3,3,1,0,3,4,3,3,0,0,0,0,0,3,3,3,3,1,3,3,3,3,3,3,3,3,3,3,3,3,3,3,3,3,3,4,4,3,3,3,2,4,3,3,4,3,3,3,3,3,3,3,4,3,0,3,2,0,3,3,3,1,3,3,3,3,3,3,3,3,3,3,3,3,0,3,2,3,3,3,3,2,3,3,3,3,3,3,2,3,2,3,3,3,3,3,3,3,3,3,3,3,4,2,3,3,3,3,3,3,2,3,2,1,3,4,3,3,3,2,3,3,3,3,0,0,3,3,3,3
EPI_ISL_6011756,7,7,7,7,7,6,7,4,3,4,4,7,7,7,7,7,6,7,7,7,7,27,25,25,25,25,25,25,25,25,25,25,25,25,25,5,5,5,5,25,25,5,25,25,5,5,5,5,25,25,27,5,3,17,27,27,27,27,27,36,36,35,37,36,37,36,38,37,36,34,37,37,37,0,36,36,35,34,36,34,37,35,37,33,34,25,36,39,38,32,37,38,35,34,34,30,35,34,33,35,34,10,37,39,38,19,39,39,25,36,35,35,35,34,37,34,37,27,33,36,44,35,27,33,34,37,34,35,36,31,32,27,27,6,28,27,27,27,27,27,27,27,27,27,27,27,27,25,16,3,4,3,5,6,16,0,5,4,5,6,5,5,6,5,6,6,6,4,15,4,5,15,4,3,3,15,4,5,4,4,4,6,5,5,5,5,0,5,5,3,6,3,5,5,5,6,0,4,5,5,5,6,9,6,0,5,2,4,0,3,5,6,5,3,0,6,4,3,4,15,4,15,3,3,6,4,6,5,2,16,3,12,4,4,3,6,5,4,3,3,3,4,3,3,4,3,4,3,3,3,4,3,6,3,3,3,3,3,4,3,3,4,3,3,3,3,3,3,3,4,3,5,3,3,3,3,4,3,3,1,5,3,4,4,3,4,3,3,3,2,3,3,3,5,3,3,3,3,3,3,3,3,3,3,3,3,3,3,3,3,3,3,3,3,3,3,3,1,3,3,3,3,2,1,1,2,1,3,1,0,3,2,0,0,0,0,3,3,3,2,1,0,0,3,0,0,3,3,0,0,3,2,3,0,2,0,3,2,3,4,1,3,2,1,3,0,2,3,3,0,3,0,3,3,3,1,0,3,3,3,3,0,0,0,0,0,3,3,3,3,1,3,3,3,3,3,3,3,3,3,3,3,3,3,3,3,3,3,3,3,3,3,3,2,3,3,3,3,3,3,3,3,3,3,3,4,3,0,3,2,0,3,3,3,1,3,3,3,3,3,3,3,3,3,3,3,3,0,3,2,3,3,3,3,2,3,3,3,3,3,3,2,3,2,3,3,3,3,3,3,3,3,3,3,3,4,1,3,3,3,3,3,3,2,3,2,1,3,3,3,3,3,2,3,3,3,3,0,0,3,3,3,3
EPI_ISL_6011742,6,6,6,6,6,5,6,3,3,3,3,6,6,6,6,6,5,6,6,6,6,28,26,26,26,26,26,26,26,26,26,26,26,26,26,5,5,5,5,25,25,5,25,25,5,5,5,5,25,25,28,5,3,17,28,28,28,28,28,42,37,39,36,35,36,36,36,36,37,33,37,37,37,36,0,35,35,34,36,33,33,37,36,32,34,24,34,38,40,31,36,39,37,33,33,29,34,34,32,32,33,11,41,37,40,19,40,41,24,33,34,34,34,36,34,33,33,28,32,35,33,34,25,30,31,33,33,34,33,30,32,28,28,6,28,28,28,28,28,28,28,31,28,28,28,28,28,26,16,3,4,3,5,6,14,0,5,4,5,6,5,5,6,5,6,6,6,4,14,3,5,14,4,3,3,14,4,5,4,4,4,6,5,5,5,5,0,5,5,3,6,3,5,5,5,6,0,4,5,5,5,6,9,6,0,5,2,4,0,3,5,6,5,3,0,6,4,3,4,14,4,14,3,3,6,4,5,5,2,14,3,12,4,4,3,5,5,4,3,3,3,4,3,3,3,3,3,3,3,3,3,3,6,3,3,3,4,3,3,3,3,3,3,3,3,3,3,3,3,4,3,5,3,3,3,3,4,3,3,1,5,3,4,4,3,4,3,3,3,2,3,3,3,5,3,3,3,3,3,3,3,3,3,3,3,3,3,3,3,3,3,3,3,3,3,3,3,1,3,3,3,3,2,1,1,2,1,3,1,0,3,2,0,0,0,0,3,3,3,2,1,0,0,3,0,0,3,3,0,0,3,2,3,0,2,0,3,2,3,4,1,3,2,1,3,0,2,3,3,0,3,0,3,3,3,1,0,3,3,3,3,0,0,0,0,0,3,3,3,3,1,3,3,3,3,3,3,3,3,3,3,3,3,3,3,3,3,4,3,3,3,3,3,2,3,3,3,3,3,3,3,3,3,3,3,3,3,0,3,2,0,3,3,3,1,3,3,3,3,3,3,3,3,3,3,3,3,0,3,2,3,3,3,3,2,3,3,3,3,3,3,2,3,2,3,3,3,3,3,3,3,3,3,3,3,4,1,3,3,3,3,3,3,2,3,2,1,3,3,3,3,3,2,3,3,3,3,0,0,3,3,3,3
EPI_ISL_6011753,6,6,6,6,6,5,6,4,4,4,4,6,6,6,6,6,5,6,6,6,6,27,26,25,25,26,26,25,25,25,26,25,25,25,25,5,5,5,5,26,26,5,26,26,5,5,5,5,26,26,28,5,3,17,32,28,28,28,28,35,41,34,37,36,36,36,36,37,35,47,37,49,36,36,35,0,35,47,36,33,33,35,37,32,35,24,35,38,45,33,36,42,35,35,35,30,34,35,34,32,33,10,44,37,45,18,45,43,24,33,35,35,35,33,33,35,34,27,32,36,33,35,26,29,30,33,34,35,33,31,32,27,28,7,27,27,27,27,28,33,27,27,32,27,27,30,27,25,16,3,4,3,5,6,14,0,5,4,5,6,5,5,6,5,6,6,6,4,14,3,5,14,4,3,3,14,4,5,4,5,4,6,5,5,5,5,0,5,5,3,6,3,5,5,5,6,0,4,5,5,5,6,9,6,0,5,2,4,0,3,5,6,5,3,0,6,4,3,4,14,4,14,3,3,6,4,5,5,2,14,3,11,4,4,3,5,5,4,3,3,3,4,3,3,3,3,3,3,3,3,5,3,6,3,3,3,3,3,5,3,3,5,3,3,3,3,3,3,3,4,3,5,3,3,3,3,4,3,3,1,5,3,4,4,3,5,3,3,3,2,3,3,3,5,3,3,3,3,3,3,3,3,3,3,3,3,3,3,3,3,3,3,3,3,3,3,3,1,3,3,3,3,2,1,1,2,1,3,1,0,3,2,0,0,0,0,3,3,3,2,1,0,0,3,0,0,3,3,0,0,3,2,3,0,2,0,3,2,3,4,1,3,2,1,3,0,2,3,3,0,3,0,3,3,3,1,0,3,3,3,3,0,0,0,0,0,3,3,3,3,1,3,3,3,3,3,3,3,3,3,3,3,3,3,3,3,3,3,3,3,3,3,3,2,3,3,3,3,3,3,3,3,3,3,3,5,4,0,3,2,0,3,3,3,1,3,3,3,3,3,3,3,3,3,3,3,3,0,3,2,3,3,3,3,2,3,3,3,3,3,3,2,3,2,3,3,3,3,3,3,3,3,3,3,3,4,1,3,3,3,3,3,3,2,3,2,1,3,3,3,3,3,2,3,3,3,3,0,0,3,3,3,3
EPI_ISL_6011761,7,7,7,7,7,5,7,3,3,3,3,6,6,6,6,6,5,6,6,7,7,27,26,25,25,26,26,25,25,25,26,25,25,25,25,5,5,5,5,32,26,5,32,32,5,5,5,5,26,26,28,5,3,18,28,28,28,28,28,35,35,34,36,35,35,40,35,36,34,38,36,36,35,35,35,35,0,37,35,37,37,39,37,36,39,28,39,39,38,36,35,38,38,36,36,30,36,37,36,34,34,11,39,39,39,17,39,38,28,35,36,38,37,36,34,36,38,27,33,37,35,37,29,33,33,36,35,37,35,31,34,27,28,7,27,27,27,27,28,28,27,28,28,27,27,28,27,25,16,3,4,3,5,6,16,0,5,5,5,6,5,6,6,5,6,6,6,4,14,3,5,16,4,3,3,14,4,5,4,4,4,6,5,5,5,5,0,5,5,4,6,3,5,5,5,6,0,5,5,5,5,6,10,6,1,5,2,4,0,3,5,6,5,3,0,6,4,3,4,13,4,15,3,3,6,4,5,5,2,13,3,10,4,4,3,5,5,4,3,3,3,4,4,3,4,3,4,3,3,3,5,4,6,4,4,3,5,4,5,4,4,5,3,3,3,3,3,3,3,4,3,5,3,3,4,3,4,4,3,1,5,3,4,4,3,4,4,3,3,2,3,3,3,5,3,3,3,3,3,3,3,3,3,3,3,3,3,3,4,3,3,3,3,4,3,3,3,1,4,3,4,3,3,1,1,2,1,3,1,0,3,2,0,0,0,0,3,4,3,2,1,0,0,4,0,0,4,3,0,0,3,3,3,0,3,0,3,2,3,4,1,3,3,1,3,0,2,3,3,0,3,0,3,3,3,1,0,3,3,3,3,0,0,0,0,0,3,3,3,4,1,3,3,3,4,4,4,4,4,3,3,4,3,3,4,3,3,5,3,3,4,3,4,2,3,4,4,3,3,3,4,4,4,3,4,5,3,0,3,3,0,3,3,4,1,3,3,3,3,4,3,4,4,4,4,3,4,0,3,2,3,3,4,4,2,4,3,4,3,3,3,2,4,3,3,4,4,3,3,3,3,3,3,3,3,4,1,3,3,3,3,4,4,2,3,2,1,3,3,3,4,3,2,3,4,3,3,0,0,4,3,4,4
EPI_ISL_6011760,7,7,7,7,7,5,7,4,4,4,4,6,6,6,6,6,5,6,6,7,7,28,27,26,26,27,27,26,26,26,27,26,26,26,26,5,5,5,5,26,26,5,26,26,5,5,5,5,26,26,29,5,3,17,33,29,29,29,29,33,40,33,35,34,34,34,34,35,34,49,36,48,35,34,34,47,37,0,34,35,35,36,36,34,37,26,37,37,45,35,34,41,35,35,35,29,34,37,35,32,33,11,44,36,44,16,45,43,26,33,35,36,35,33,33,35,36,28,32,36,33,36,28,31,31,34,34,35,33,31,32,28,29,7,28,28,28,28,29,34,28,28,33,28,28,31,28,26,16,3,4,3,5,6,14,0,5,4,5,6,5,5,6,5,6,6,6,4,12,3,5,14,4,3,3,12,4,5,4,5,4,6,5,5,5,5,0,5,5,4,6,3,5,5,5,6,0,5,5,5,5,6,10,6,1,5,2,4,0,3,5,6,5,3,0,6,4,3,4,12,4,13,3,3,6,4,5,5,2,12,3,9,4,4,3,5,5,4,3,3,3,4,4,3,4,3,4,3,3,3,5,4,6,4,4,3,4,4,5,4,4,5,3,3,3,3,3,3,3,4,3,5,3,3,4,3,4,4,3,1,5,3,4,4,3,5,4,3,3,2,3,3,3,5,3,3,3,3,3,3,3,3,3,3,3,3,3,3,4,3,3,3,3,4,3,3,3,1,4,3,4,3,3,1,1,2,1,3,1,0,3,2,0,0,0,0,3,4,3,2,1,0,0,4,0,0,4,3,0,0,3,3,3,0,2,0,3,2,3,4,1,3,3,1,3,0,2,3,3,0,3,0,3,3,3,1,0,3,3,3,3,0,0,0,0,0,3,3,3,4,1,3,3,3,4,4,4,4,4,3,3,4,3,3,4,3,3,4,3,3,4,3,4,2,3,4,4,3,3,3,4,4,4,3,4,5,4,0,3,3,0,3,3,4,1,3,3,3,3,3,3,4,4,4,3,3,4,0,3,2,3,3,4,4,2,4,3,4,3,3,3,2,4,3,3,4,4,3,3,3,3,3,3,3,3,4,1,3,3,3,3,4,4,2,3,2,1,3,3,3,4,3,2,3,4,3,3,0,0,4,3,4,4
EPI_ISL_6011754,6,6,6,6,6,5,6,3,3,3,3,6,6,6,6,6,5,6,6,6,6,27,26,25,25,26,26,25,25,25,26,25,25,25,25,5,5,5,5,26,26,5,26,26,5,5,5,5,26,26,28,5,3,17,28,33,28,34,28,36,37,35,37,36,36,37,36,42,36,34,37,37,36,36,36,36,35,34,0,33,33,35,37,32,34,24,39,37,37,32,36,37,35,34,34,34,34,34,33,32,33,10,37,37,37,19,37,37,24,33,35,40,40,33,34,39,34,27,32,36,33,35,25,30,31,33,33,35,33,31,33,27,28,7,27,27,27,27,28,28,27,27,28,27,27,28,27,25,16,3,4,3,5,6,14,0,5,4,5,6,5,5,6,5,6,6,6,4,14,3,5,14,4,3,3,14,4,5,4,4,4,6,5,5,5,5,0,5,5,3,6,3,5,5,5,6,0,4,5,5,5,6,9,6,0,5,2,4,0,3,5,6,5,3,0,6,4,3,4,14,4,14,3,3,6,4,5,5,2,14,3,12,4,4,3,5,5,4,3,3,3,4,3,3,3,3,3,3,3,3,4,3,6,3,3,3,3,3,4,3,3,4,3,3,3,3,3,3,3,4,3,5,3,3,3,3,4,3,3,1,5,3,4,4,3,4,3,3,3,2,3,3,3,5,3,3,3,3,3,3,3,3,3,3,3,3,3,3,3,3,3,3,3,3,3,3,3,1,3,3,3,3,2,1,1,2,1,3,1,0,3,2,0,0,0,0,3,3,3,2,1,0,0,3,0,0,3,3,0,0,3,2,3,0,2,0,3,2,3,4,1,3,2,1,3,0,2,3,3,0,3,0,3,3,3,1,0,3,3,3,3,0,0,0,0,0,3,3,3,3,1,3,3,3,3,3,3,3,3,3,3,3,3,3,3,3,3,3,3,3,3,3,3,2,3,3,3,3,3,3,3,3,3,3,3,4,3,0,3,2,0,3,3,3,1,3,3,3,3,3,3,3,3,3,3,3,3,0,3,2,3,3,3,3,2,3,3,3,3,3,3,2,3,2,3,3,3,3,3,3,3,3,3,3,3,4,1,3,3,3,3,3,3,2,3,2,1,3,3,3,3,3,2,3,3,3,3,0,0,3,3,3,3
EPI_ISL_6011766,7,7,7,7,7,5,7,3,3,3,3,6,6,6,6,6,5,6,6,7,7,26,24,24,24,24,24,24,24,24,24,24,24,24,24,5,5,5,5,24,24,5,24,24,5,5,5,5,24,24,26,5,3,18,26,26,26,26,26,33,33,32,34,33,35,33,34,34,33,36,34,34,35,34,33,33,37,35,33,0,36,36,35,37,36,28,37,36,35,35,35,35,35,34,34,28,35,35,34,33,34,11,36,36,36,17,36,35,28,34,34,36,35,34,33,34,36,27,32,35,34,35,29,33,33,36,35,35,34,30,32,26,26,6,26,26,26,26,26,26,27,26,26,27,26,26,27,25,16,4,4,3,5,6,16,0,5,4,5,6,5,5,6,5,6,6,6,4,14,3,5,16,4,3,3,13,4,5,4,4,4,6,5,5,5,5,0,5,5,4,6,3,5,5,5,6,0,5,5,5,5,6,10,6,1,5,2,4,0,4,5,6,5,3,0,6,4,3,4,13,4,15,3,3,6,4,5,5,2,13,3,10,4,4,3,5,6,4,3,3,3,4,4,3,4,3,4,3,3,3,4,4,6,4,4,3,4,4,4,4,4,4,3,3,3,3,3,3,3,4,3,5,3,3,4,3,4,4,3,1,5,3,4,4,3,4,4,4,3,2,3,3,3,5,3,3,3,3,3,3,3,3,3,3,3,3,3,3,4,3,3,3,3,4,3,3,3,1,4,3,4,3,3,1,1,2,1,3,1,0,3,2,0,0,0,0,3,4,3,2,1,0,0,4,1,0,4,3,0,0,3,3,3,0,2,0,3,2,3,4,2,3,3,1,3,0,2,3,3,0,3,0,3,3,3,1,0,3,3,3,3,0,0,0,0,0,3,3,3,4,1,3,3,3,4,4,4,4,4,3,3,4,3,3,4,3,3,4,3,3,4,3,4,2,3,4,4,3,3,3,4,4,4,3,4,4,3,0,3,3,0,4,3,4,1,3,3,3,3,3,3,4,4,4,3,3,4,0,3,2,3,3,4,4,2,4,3,4,3,3,3,2,4,3,3,4,4,3,3,3,3,3,3,3,3,4,1,3,3,3,3,4,4,2,3,2,1,3,3,3,4,3,2,3,4,3,3,0,0,4,3,4,4
EPI_ISL_6011769,7,7,7,7,7,5,7,3,3,3,3,6,6,6,6,6,5,6,6,7,7,27,25,25,25,25,25,25,25,25,25,25,25,25,25,5,5,5,5,25,25,5,25,25,5,5,5,5,25,25,27,5,3,17,27,27,27,27,27,33,33,32,34,33,34,33,35,34,33,36,34,34,34,37,33,33,37,35,33,36,0,36,35,35,36,27,37,36,35,35,34,35,35,34,34,29,35,35,34,37,33,11,36,36,36,16,36,35,27,38,35,36,35,34,35,34,38,27,34,35,39,35,30,35,35,37,34,35,38,29,33,27,27,6,29,27,27,27,27,27,27,27,27,27,27,27,27,25,16,3,4,3,5,6,15,0,5,4,5,6,5,5,6,5,6,6,6,4,13,3,5,15,4,3,3,12,4,5,4,5,4,6,6,5,5,5,0,5,5,4,6,3,6,5,5,6,0,5,5,5,5,6,9,6,1,5,2,4,0,3,5,6,5,3,0,6,4,3,4,12,4,14,3,3,6,4,5,5,2,12,3,9,4,4,3,5,5,4,3,3,3,4,4,3,4,3,4,3,3,3,4,4,6,5,4,3,4,4,4,4,4,4,3,3,3,3,3,3,3,4,3,5,3,3,4,3,4,4,3,1,5,3,4,4,3,4,4,3,3,2,3,3,3,4,3,3,3,3,3,3,3,3,3,3,3,3,3,3,4,3,3,3,3,4,3,3,3,1,4,3,4,3,3,1,1,2,1,3,1,0,3,2,0,0,0,0,3,4,3,2,1,0,0,4,0,0,4,3,0,0,3,3,3,0,2,0,3,2,3,4,1,3,3,1,3,0,2,3,3,0,3,0,3,3,3,1,0,3,3,3,3,0,0,0,0,0,3,3,3,4,1,3,3,3,4,4,4,4,4,3,3,4,3,3,4,3,3,4,3,3,4,3,4,2,3,4,4,3,3,3,4,4,4,3,4,4,3,0,3,3,0,3,3,4,1,3,3,3,3,3,3,4,4,4,3,3,4,0,3,2,3,3,4,4,2,4,3,4,3,3,3,2,4,3,3,4,4,3,3,3,3,3,3,3,3,4,1,3,3,3,3,4,4,2,3,2,1,3,3,3,4,3,2,3,4,3,3,0,0,4,3,4,4
EPI_ISL_6011774,6,6,6,6,6,5,6,3,3,3,3,6,6,6,6,6,5,6,6,6,7,27,26,25,25,26,26,25,25,25,26,25,25,25,25,5,5,6,6,26,26,6,26,26,5,6,6,6,26,26,28,6,3,17,28,28,28,28,28,37,35,36,36,35,35,35,35,36,34,37,36,36,35,35,37,35,39,36,35,36,36,0,36,35,38,27,38,38,37,35,35,38,45,36,36,30,36,37,36,34,34,11,38,38,39,17,38,38,27,35,36,37,37,40,33,36,37,27,34,36,35,37,28,32,32,35,35,37,35,31,34,27,28,8,27,27,27,27,28,28,27,32,28,27,27,28,27,25,16,3,4,3,5,7,15,0,5,4,5,7,5,6,6,6,7,7,7,4,14,3,6,16,5,3,3,13,4,6,5,4,4,6,5,6,5,5,0,5,5,4,6,3,5,5,6,6,0,5,6,5,6,7,10,6,0,5,2,4,0,3,5,7,5,3,0,7,5,3,5,13,4,14,3,3,7,5,5,6,2,13,4,10,4,4,3,5,5,5,3,4,3,5,4,3,4,3,4,3,3,3,5,4,7,4,4,3,5,4,5,4,4,5,3,4,4,4,4,4,4,5,3,6,4,4,4,4,4,4,3,1,6,4,4,4,4,5,4,3,4,2,4,4,4,5,3,4,3,3,3,3,4,4,4,3,4,3,3,3,4,4,3,4,3,4,4,4,4,1,4,4,4,4,3,1,2,3,1,3,1,0,4,2,0,0,0,0,4,4,4,2,1,0,0,4,0,0,4,4,0,0,3,3,3,0,2,0,4,3,3,5,1,4,3,2,4,1,2,4,4,0,4,0,3,4,4,1,1,4,3,3,4,0,0,1,0,0,4,4,4,4,1,3,4,3,4,4,4,4,4,3,4,4,4,4,4,3,3,5,3,3,4,4,4,2,3,4,4,4,4,3,4,4,4,3,4,5,3,0,4,3,0,4,4,4,1,4,3,4,4,3,4,4,4,4,3,4,4,0,3,2,3,3,4,4,2,4,3,4,3,3,3,2,4,3,3,4,4,4,3,4,4,4,4,4,3,5,1,3,4,3,4,4,4,2,3,2,1,3,3,3,4,3,2,3,4,3,3,0,0,4,4,4,4
EPI_ISL_6011773,7,7,7,7,7,5,7,3,3,3,3,6,6,6,6,6,5,6,6,7,7,27,26,25,25,26,26,25,25,25,26,25,25,25,25,5,5,5,5,26,26,5,26,26,5,5,5,5,26,26,28,5,3,17,28,28,28,28,28,36,37,35,38,37,37,37,37,38,36,36,38,38,37,37,36,37,37,36,37,35,35,36,0,34,36,26,37,39,39,43,37,39,36,35,35,30,35,35,34,33,34,11,39,39,39,19,39,39,26,34,45,37,36,34,35,35,36,27,33,38,34,36,27,31,32,35,34,36,34,31,33,27,28,7,27,27,27,27,31,28,27,27,28,27,27,28,27,25,16,3,4,3,5,6,16,0,5,4,5,6,5,5,6,5,6,6,6,4,15,3,5,16,4,3,3,15,4,5,4,4,4,6,5,5,5,5,0,5,5,3,6,3,5,5,5,6,0,4,5,5,5,6,9,6,1,5,2,4,0,3,5,6,5,3,0,6,4,3,4,15,4,16,3,3,6,4,5,5,2,15,3,12,4,4,3,5,5,4,3,3,3,4,3,3,3,3,3,3,3,3,5,3,6,3,3,3,3,3,5,3,3,5,3,3,3,3,3,3,3,4,3,5,3,3,3,3,4,3,3,1,5,3,4,4,3,4,3,3,3,2,3,3,3,5,3,3,3,3,3,3,3,3,3,3,3,3,3,3,3,3,3,3,3,3,3,3,3,1,3,3,3,3,2,1,1,2,1,3,1,0,3,2,0,0,0,0,3,3,3,2,1,0,0,3,0,0,3,3,0,0,3,2,3,0,2,0,3,2,3,4,1,3,2,1,3,0,2,3,3,0,3,0,3,3,3,1,0,3,3,3,3,0,0,0,0,0,3,3,3,3,1,3,3,3,3,3,3,3,3,3,3,3,3,3,3,3,3,3,3,3,3,3,3,2,3,3,3,3,3,3,3,3,3,3,3,5,3,0,3,2,0,3,3,3,1,3,3,3,3,3,3,3,3,3,3,3,3,0,3,2,3,3,3,3,2,3,3,3,3,3,3,2,3,2,3,3,3,3,3,3,3,3,3,3,3,4,1,3,3,3,3,3,3,2,3,2,1,3,3,3,3,3,2,3,3,3,3,0,0,3,3,3,3
EPI_ISL_6011772,7,7,7,7,7,5,7,3,3,3,3,6,6,6,6,6,5,6,6,7,7,26,24,24,24,24,24,24,24,24,24,24,24,24,24,5,5,5,5,24,24,5,24,24,5,5,5,5,24,24,26,5,3,17,26,26,26,26,26,32,32,32,33,32,34,32,33,33,32,35,33,33,34,33,32,32,36,34,32,37,35,35,34,0,35,27,36,35,34,34,34,34,34,33,33,28,34,34,33,32,33,11,35,35,35,16,35,34,27,33,33,35,34,33,32,33,35,27,31,34,33,35,29,33,33,35,34,34,33,30,31,26,26,6,26,26,26,26,26,26,27,26,26,27,26,26,27,25,16,3,4,3,5,6,15,0,5,4,5,6,5,5,6,5,6,6,6,4,14,3,5,16,4,3,3,13,4,5,4,4,4,6,5,5,5,5,0,5,5,4,6,3,5,5,5,6,0,5,5,5,5,6,9,6,1,5,2,4,0,3,5,6,5,3,0,6,4,3,4,13,4,15,3,3,6,4,5,5,2,12,3,9,4,4,3,5,5,4,3,3,3,4,4,3,4,3,4,3,3,3,4,4,6,4,4,3,4,4,4,4,4,4,3,3,3,3,3,3,3,4,3,5,3,3,4,3,4,4,3,1,5,3,4,4,3,4,4,3,3,2,3,3,3,5,3,3,3,3,3,3,3,3,3,3,3,3,3,3,4,3,3,3,3,4,3,3,3,1,4,3,5,3,3,1,1,2,1,3,1,0,3,2,0,0,0,0,3,4,3,2,1,0,0,4,0,0,4,3,0,0,3,3,3,0,2,0,3,2,3,4,1,3,3,1,3,0,2,3,3,0,3,0,3,3,3,1,0,3,3,3,3,0,0,0,0,0,3,3,3,4,1,3,3,3,4,4,4,4,4,3,3,4,3,3,4,3,3,4,3,3,4,3,5,2,3,4,4,3,3,3,4,4,4,3,4,4,3,0,3,3,0,3,3,4,1,3,3,3,3,3,3,4,4,4,3,3,4,0,3,2,3,3,4,4,2,4,3,4,3,3,3,2,4,3,3,4,4,3,3,3,3,3,3,3,3,4,1,3,3,3,3,4,4,2,3,2,1,3,3,3,4,3,2,3,4,3,3,0,0,4,3,4,4
EPI_ISL_6011768,7,7,7,7,7,5,7,3,3,3,3,6,6,6,6,6,5,6,6,7,7,27,26,25,25,26,26,25,25,25,26,25,25,25,25,5,5,5,5,26,26,5,26,26,5,5,5,5,26,26,28,5,3,17,28,28,28,28,28,34,34,33,35,34,34,34,34,35,33,39,35,35,34,34,34,35,39,37,34,36,36,38,36,35,0,28,38,38,37,36,34,37,37,36,36,30,35,37,36,33,33,12,38,38,38,16,38,37,27,34,35,37,36,35,34,36,37,27,32,36,34,36,30,33,33,36,35,36,34,31,33,27,28,7,27,27,27,27,28,28,27,28,28,27,27,28,27,25,16,3,4,3,5,6,15,0,5,4,5,6,5,5,6,5,6,6,6,4,13,3,5,15,4,3,3,12,4,5,4,4,4,6,5,5,5,5,0,5,5,4,6,3,5,5,5,6,0,5,5,5,5,6,11,6,1,5,2,4,0,3,5,6,5,3,0,6,4,3,4,12,4,14,3,3,6,4,5,5,2,12,3,9,4,4,3,5,5,4,3,3,3,4,4,3,4,3,4,3,3,3,5,4,7,4,4,3,5,4,5,4,4,5,3,3,3,3,3,3,3,4,3,5,3,3,4,3,4,4,3,1,5,3,4,4,3,4,4,3,3,2,4,3,3,5,3,3,3,3,3,3,3,3,3,3,3,3,3,3,4,3,3,3,3,4,3,3,3,1,4,3,4,3,3,1,1,2,1,3,1,0,3,2,0,0,0,0,3,4,3,2,1,0,0,4,0,0,4,4,0,0,3,3,3,0,2,0,3,2,3,4,1,3,3,1,3,0,2,3,3,0,3,0,3,3,3,1,0,3,3,3,3,0,0,0,0,0,3,3,3,4,1,3,3,3,4,4,4,4,4,3,3,4,3,3,4,3,3,5,3,3,4,3,4,2,3,4,4,3,3,3,4,4,4,3,4,5,3,0,3,3,0,3,3,4,1,3,3,3,3,3,3,4,4,4,3,3,4,0,3,2,3,3,4,4,2,4,3,4,3,3,3,2,4,3,3,4,4,3,3,3,3,3,3,3,3,4,1,3,3,3,3,4,4,2,3,2,1,3,3,3,4,3,2,3,4,3,3,0,0,4,3,4,4
EPI_ISL_6011767,6,6,6,6,6,4,6,2,2,2,2,5,5,5,4,4,4,5,4,5,5,17,15,15,15,15,15,15,15,15,15,15,15,15,15,4,4,4,4,15,15,4,15,15,4,4,4,4,15,15,17,4,3,22,17,17,17,17,17,24,24,23,25,24,25,24,25,25,24,28,25,25,25,25,24,24,28,26,24,28,27,27,26,27,28,0,28,27,26,26,25,26,26,25,25,20,26,26,25,24,24,7,27,27,27,37,27,26,51,25,25,27,26,25,25,25,27,17,23,26,25,26,22,25,25,28,25,26,25,21,23,17,17,5,17,17,17,17,17,17,17,17,17,17,18,17,17,15,23,3,4,3,4,5,15,0,5,4,5,5,5,5,5,4,5,5,5,4,13,3,4,15,4,3,3,12,3,5,4,3,4,5,4,4,4,4,0,4,4,5,5,3,4,4,4,5,0,5,4,4,4,4,11,5,1,5,2,4,0,3,5,5,4,3,0,5,3,3,4,12,4,14,3,3,5,4,5,5,3,12,3,10,4,4,3,4,5,4,3,4,3,4,4,3,5,3,5,3,3,3,4,4,5,5,4,3,4,5,4,4,4,4,4,3,3,3,3,3,3,4,3,4,3,3,5,3,4,4,4,2,4,3,4,4,3,3,5,3,3,2,3,4,4,5,3,3,3,3,3,3,4,4,4,3,3,3,3,3,4,3,3,3,3,4,3,3,3,1,4,3,4,3,3,1,1,2,1,3,1,0,3,2,0,0,0,0,3,4,3,2,1,0,0,4,0,0,4,3,0,0,3,3,3,0,2,0,3,2,3,4,1,3,3,1,3,0,2,3,3,0,3,0,3,3,3,1,0,3,3,3,3,0,0,0,0,0,3,3,3,4,1,3,3,3,4,4,4,4,4,3,3,4,3,3,4,3,3,4,3,3,4,3,4,2,3,4,4,3,3,3,4,4,4,3,4,4,3,0,3,3,0,3,3,4,1,3,3,3,3,3,3,4,4,4,3,3,4,0,3,2,3,3,4,4,2,4,3,4,3,3,3,2,4,3,3,4,4,3,3,3,3,3,3,3,3,4,1,3,3,3,3,4,4,2,3,2,1,3,3,3,4,3,2,3,4,3,3,0,0,4,3,4,4
EPI_ISL_6011763,7,7,7,7,7,5,7,3,3,3,3,6,6,6,6,6,5,6,6,7,7,27,26,25,25,26,26,25,25,25,26,25,25,25,25,5,5,5,5,26,26,5,26,26,5,5,5,5,26,26,28,5,3,17,28,32,28,32,28,34,35,33,36,35,35,35,35,40,34,38,36,36,35,36,34,35,39,37,39,37,37,38,37,36,38,28,0,39,38,36,35,38,37,36,36,34,36,37,36,34,34,11,38,39,39,17,39,38,28,35,36,42,41,35,35,40,39,27,33,37,35,37,30,34,34,37,35,37,35,31,34,27,28,7,27,27,27,27,28,28,27,27,28,27,27,28,27,25,16,3,4,3,5,6,17,0,5,4,5,6,5,5,6,5,6,6,6,4,14,3,5,16,5,3,3,13,4,5,4,4,4,6,5,6,5,5,0,5,5,4,6,3,5,5,5,6,0,5,5,5,5,6,10,6,1,5,2,4,0,3,5,6,5,3,0,6,4,3,4,13,4,15,3,3,6,4,5,5,2,14,3,10,4,4,3,5,5,4,3,3,3,4,4,3,4,3,4,3,3,3,5,4,6,4,4,3,4,4,5,4,4,5,3,3,3,3,3,3,3,4,4,5,3,3,4,3,4,4,3,1,5,3,4,4,3,4,4,3,3,2,3,3,3,5,3,3,3,3,3,3,3,3,3,3,3,3,3,3,4,3,3,3,3,4,3,3,3,1,4,3,4,3,3,1,1,2,1,3,1,0,3,2,0,0,0,0,3,4,3,2,1,0,0,4,0,0,4,3,0,0,3,3,3,0,2,0,3,2,3,4,1,3,3,1,3,0,2,3,3,0,3,0,3,3,3,1,0,3,3,3,3,0,0,0,0,0,3,3,3,4,1,3,3,3,4,4,4,4,4,3,3,4,3,3,4,3,3,4,3,3,4,3,4,2,3,4,4,3,3,3,4,4,4,3,4,5,3,0,3,3,0,3,3,4,1,3,3,3,3,3,3,4,4,4,3,3,4,0,3,2,3,3,4,4,2,4,3,4,3,3,3,2,4,3,3,4,4,3,3,3,3,3,3,3,3,4,1,3,3,3,3,4,4,2,3,2,1,3,3,3,4,3,2,3,4,3,3,0,0,4,3,4,4
EPI_ISL_6011764,8,8,8,8,8,6,8,4,3,4,4,7,7,7,7,7,6,7,7,8,8,27,26,25,25,26,26,25,25,25,26,25,25,25,25,5,5,5,5,26,26,5,26,26,5,5,5,5,26,26,28,5,3,17,28,28,28,28,28,38,38,36,38,37,37,37,37,38,36,38,38,39,37,39,38,38,39,37,37,36,36,38,39,35,38,27,39,0,43,35,37,43,38,36,36,32,36,36,35,34,34,11,43,43,44,19,45,44,27,35,36,38,37,36,36,36,38,27,33,38,35,36,29,33,34,37,35,37,35,31,34,27,28,7,27,27,27,27,28,29,27,28,28,27,27,28,27,25,16,3,4,3,5,6,18,0,5,4,5,6,5,5,6,5,6,6,6,4,16,4,5,17,4,3,3,15,4,5,4,4,4,6,5,5,5,5,0,5,5,3,6,3,5,5,5,6,0,4,5,5,5,6,9,6,1,5,2,4,0,3,5,6,5,3,0,6,4,3,4,15,4,17,3,3,6,4,6,5,2,16,3,12,4,4,3,6,5,4,3,3,3,4,3,3,3,3,3,3,3,3,5,3,6,3,3,3,4,3,5,3,3,5,3,3,3,3,3,3,3,4,3,5,3,3,3,3,4,3,3,1,5,3,4,4,3,4,3,3,3,2,3,3,3,5,3,3,3,3,3,3,3,3,3,3,3,3,3,3,3,3,3,3,3,3,3,3,3,1,3,3,3,3,2,1,1,2,1,3,1,0,3,2,0,0,0,0,3,3,3,2,1,0,0,3,0,0,3,3,0,0,3,2,3,0,2,0,3,2,3,4,1,3,2,1,3,0,2,3,3,0,3,0,3,3,3,1,0,3,3,3,3,0,0,0,0,0,3,3,3,3,1,3,3,3,3,3,3,3,3,3,3,3,3,3,3,3,3,4,3,3,3,3,3,2,3,3,3,3,3,3,3,3,3,3,3,5,3,0,3,2,0,3,3,3,1,3,3,3,3,3,3,3,3,3,3,3,3,0,3,2,3,3,3,3,2,3,3,3,3,3,3,2,3,2,3,3,3,3,3,3,3,3,3,3,3,4,1,3,3,3,3,3,3,2,3,2,1,3,3,3,3,3,2,3,3,3,3,0,0,3,3,3,3
EPI_ISL_6011771,7,7,7,7,7,5,7,4,4,4,4,6,6,6,6,6,5,6,6,7,7,28,27,26,26,27,27,26,26,26,27,26,26,26,26,5,5,5,5,26,26,5,26,26,5,5,5,5,26,26,29,5,3,17,31,29,29,29,29,39,41,37,38,37,37,37,37,38,37,44,39,47,38,38,40,45,38,45,37,35,35,37,39,34,37,26,38,43,0,34,37,47,37,35,35,31,35,36,34,33,34,11,49,41,49,19,51,48,26,34,36,37,36,35,36,35,37,28,33,38,34,36,28,32,33,36,34,36,34,31,33,28,29,7,28,28,28,28,29,32,28,29,31,28,28,30,28,26,16,3,4,3,5,6,17,0,5,4,5,6,5,5,6,5,6,6,6,4,15,3,5,16,4,3,3,15,4,5,4,4,4,6,5,5,5,5,0,5,5,3,6,3,5,5,5,6,0,4,5,5,5,6,9,6,1,5,2,4,0,3,5,6,5,3,0,6,4,3,4,15,4,16,3,3,6,4,5,5,2,16,3,12,4,4,3,5,5,4,3,3,3,4,3,3,3,3,3,3,3,3,5,3,6,3,3,3,4,3,5,3,3,5,3,3,3,3,3,3,3,4,3,5,3,3,3,3,4,3,3,1,5,3,4,4,3,5,3,3,3,2,3,3,3,5,3,3,3,3,3,3,3,3,3,3,3,3,3,3,3,3,3,3,3,3,3,3,3,1,3,3,3,3,2,1,1,2,1,3,1,0,3,2,0,0,0,0,3,3,3,2,1,0,0,3,0,0,3,3,0,0,3,2,3,0,2,0,3,2,3,4,1,3,2,1,3,0,2,3,3,0,3,0,3,3,3,1,0,3,3,3,3,0,0,0,0,0,3,3,3,3,1,3,3,3,3,3,3,3,3,3,3,3,3,3,3,3,3,4,3,3,3,3,3,2,3,3,3,3,3,3,3,3,3,3,3,5,4,0,3,2,0,3,3,3,1,3,3,3,3,3,3,3,3,3,3,3,3,0,3,2,3,3,3,3,2,3,3,3,3,3,3,2,3,2,3,3,3,3,3,3,3,3,3,3,3,4,1,3,3,3,3,3,3,2,3,2,1,3,3,3,3,3,2,3,3,3,3,0,0,3,3,3,3
EPI_ISL_6011765,7,7,7,7,7,5,7,3,3,3,3,6,6,6,6,6,5,6,6,7,7,25,24,23,23,24,24,23,23,23,24,23,23,23,23,5,5,5,5,24,24,5,24,24,5,5,5,5,24,24,26,5,3,16,26,26,26,26,26,31,32,30,33,32,32,32,32,33,31,36,33,33,32,32,31,33,36,35,32,35,35,35,43,34,36,26,36,35,34,0,32,34,34,34,34,28,33,35,34,31,31,11,35,35,35,15,35,34,26,32,45,35,34,32,31,34,35,25,30,34,32,34,28,32,31,34,33,34,32,30,31,25,26,7,25,25,25,25,29,26,25,25,26,25,25,26,25,23,15,3,4,3,6,6,15,0,5,4,5,6,5,5,6,5,6,6,6,4,13,3,5,15,4,3,3,12,4,5,4,5,4,6,6,5,5,5,0,5,5,4,6,3,6,5,5,6,0,5,5,5,5,6,10,6,1,5,2,4,0,3,5,6,5,3,0,6,4,3,4,12,4,14,3,3,6,4,5,5,2,12,3,9,4,3,3,5,5,4,3,3,3,3,4,3,4,3,4,3,3,3,5,4,6,5,4,3,4,4,5,4,4,5,3,3,3,3,3,3,3,3,3,5,3,3,4,3,3,4,3,1,5,3,3,3,3,4,4,3,3,2,3,3,3,5,3,3,3,3,3,3,3,3,3,3,3,3,3,3,4,3,3,3,3,4,3,3,3,1,4,3,4,3,3,1,1,2,1,3,1,0,3,2,0,0,0,0,3,4,3,2,1,0,0,4,0,0,4,3,0,0,3,3,3,0,2,0,3,2,3,4,1,3,3,1,3,0,2,3,3,0,3,0,3,3,3,1,0,3,3,3,3,0,0,0,0,0,3,3,3,4,1,3,3,3,4,4,4,4,4,3,3,4,3,3,4,3,3,4,3,3,4,3,4,2,3,4,4,3,3,3,4,4,4,3,4,5,3,0,3,3,0,3,3,4,1,3,3,3,3,3,3,4,4,4,3,3,4,0,3,2,3,3,4,4,2,4,3,4,3,3,3,2,4,3,3,4,4,3,3,3,3,3,3,3,3,4,1,3,3,3,3,4,4,2,3,2,1,3,3,3,4,3,2,3,4,3,3,0,0,4,3,4,4
EPI_ISL_6011755,6,6,6,6,6,5,6,3,3,3,3,6,6,6,6,6,5,6,6,6,6,27,25,25,25,25,25,25,25,25,25,25,25,25,25,5,5,5,5,25,25,5,25,25,5,5,5,5,25,25,27,5,3,17,27,27,27,27,27,36,36,35,37,36,38,36,37,37,36,34,37,37,38,37,36,36,35,34,36,35,34,35,37,34,34,25,35,37,37,32,0,37,35,34,34,29,35,34,33,33,35,10,37,37,37,19,37,37,25,34,35,35,35,35,34,34,34,28,33,36,34,35,26,30,31,34,35,35,34,30,32,27,27,6,27,27,27,27,27,27,28,27,27,28,27,27,28,26,16,3,4,3,5,6,15,0,5,4,5,6,5,5,6,5,6,6,6,4,15,3,5,15,4,3,3,15,4,5,4,4,4,6,5,5,5,5,0,5,5,3,6,3,5,5,5,6,0,4,5,5,5,6,9,6,0,5,2,4,0,3,5,6,5,3,1,6,4,3,4,15,4,15,3,3,6,4,5,5,2,15,3,12,4,4,3,5,5,4,3,3,3,4,3,3,3,3,3,3,3,3,4,3,6,3,3,3,3,3,4,3,3,4,3,3,3,3,3,3,3,4,3,5,3,3,3,3,4,3,3,1,5,3,4,4,3,4,3,3,3,2,3,3,3,5,3,3,3,3,3,3,3,3,3,3,3,3,3,3,3,3,3,3,3,3,3,3,3,1,3,3,3,3,2,1,1,2,1,3,1,0,3,2,0,0,0,0,3,3,3,2,1,0,0,3,0,0,4,3,0,0,3,2,3,0,2,0,3,2,3,4,1,3,2,1,3,0,2,3,3,0,3,0,3,3,3,1,0,3,3,3,3,0,0,0,0,0,3,3,3,3,1,3,3,3,3,3,3,3,3,3,3,3,3,3,3,3,3,3,3,3,3,3,3,2,3,3,3,3,3,3,3,3,3,3,3,4,3,0,3,2,0,3,3,3,1,3,3,3,3,3,3,3,3,3,3,3,3,0,3,2,3,3,3,3,2,3,3,3,3,3,3,2,3,2,3,3,3,3,4,3,3,3,3,3,3,4,1,3,3,3,3,3,3,2,3,2,1,3,3,3,3,3,2,3,3,3,3,0,0,3,3,3,3
EPI_ISL_6011775,7,7,7,7,7,5,7,4,4,4,4,6,6,6,6,6,5,6,6,7,7,27,26,25,25,26,26,25,25,25,26,25,25,25,25,5,5,5,5,26,26,5,26,26,5,5,5,5,26,26,28,5,3,17,30,28,28,28,28,39,40,37,38,37,37,37,37,38,36,41,38,43,37,38,39,42,38,41,37,35,35,38,39,34,37,26,38,43,47,34,37,0,38,35,35,31,35,35,34,33,34,11,45,41,46,19,46,47,26,34,36,37,36,36,36,35,37,27,33,38,34,36,28,32,33,36,34,36,34,31,33,27,28,7,27,27,27,27,28,31,27,29,30,27,27,29,27,25,16,3,4,3,5,6,17,0,5,4,5,6,5,5,6,5,6,6,6,4,15,3,5,16,4,3,3,15,4,5,4,4,4,6,5,5,5,5,0,5,5,3,6,3,5,5,5,6,0,4,5,5,5,6,9,6,1,5,2,4,0,3,5,6,5,3,0,6,4,3,4,15,4,16,3,3,6,4,5,5,2,16,3,12,4,4,3,5,5,4,3,3,3,4,3,3,3,3,3,3,3,3,5,3,6,3,3,3,4,3,5,3,3,5,3,3,3,3,3,3,3,4,3,5,3,3,3,3,4,3,3,1,5,3,4,4,3,5,3,3,3,2,3,3,3,5,3,3,3,3,3,3,3,3,3,3,3,3,3,3,3,3,3,3,3,3,3,3,3,1,3,3,3,3,2,1,1,2,1,3,1,0,3,2,0,0,0,0,3,3,3,2,1,0,0,3,0,0,3,3,0,0,3,2,3,0,2,0,3,2,3,4,1,3,2,1,3,0,2,3,3,0,3,0,3,3,3,1,0,3,3,3,3,0,0,0,0,0,3,3,3,3,1,3,3,3,3,3,3,3,3,3,3,3,3,3,3,3,3,4,3,3,3,3,3,2,3,3,3,3,3,3,3,3,3,3,3,5,4,0,3,2,0,3,3,3,1,3,3,3,3,3,3,3,3,3,3,3,3,0,3,2,3,3,3,3,2,3,3,3,3,3,3,2,3,2,3,3,3,3,3,3,3,3,3,3,3,4,1,3,3,3,3,3,3,2,3,2,1,3,3,3,3,3,2,3,3,3,3,0,0,3,3,3,3
EPI_ISL_6011770,6,6,6,6,6,5,6,3,3,3,3,6,6,6,6,6,5,6,6,6,7,27,26,25,25,26,26,25,25,25,26,25,25,25,25,5,5,6,6,26,26,6,26,26,5,6,6,6,26,26,28,6,3,17,28,28,28,28,28,37,35,36,36,35,35,35,35,36,34,36,36,36,35,35,37,35,38,35,35,35,35,45,36,34,37,26,37,38,37,34,35,38,0,36,36,30,36,36,35,34,34,10,38,38,39,17,38,38,26,35,36,37,37,40,33,36,36,27,33,36,35,36,27,31,32,35,35,37,35,31,34,27,28,8,27,27,27,27,28,28,27,32,28,27,27,28,27,25,16,3,4,3,5,7,14,0,5,4,5,7,5,6,6,6,7,7,7,4,14,4,6,15,5,3,3,13,4,6,5,4,4,6,5,6,5,5,0,5,5,3,6,3,5,5,6,6,0,4,6,5,6,7,9,6,0,5,2,4,0,3,5,7,5,3,0,7,5,3,5,13,4,14,3,3,7,5,5,6,2,13,4,10,4,4,3,5,5,5,3,4,3,5,3,3,3,3,3,3,3,3,5,3,7,3,3,3,4,3,5,3,3,5,3,4,4,4,4,4,4,5,3,6,4,4,3,4,4,3,3,1,6,4,4,4,4,5,3,3,4,2,4,4,4,5,3,4,3,3,3,3,4,4,4,3,4,3,3,3,3,4,4,4,3,3,4,4,4,1,3,4,3,4,2,1,2,3,1,3,1,0,4,2,0,0,0,0,4,3,4,2,1,0,0,3,0,0,3,4,0,0,3,2,3,0,2,0,4,3,3,5,1,4,2,2,4,1,2,4,4,0,4,0,3,4,4,1,1,4,3,3,4,0,0,1,0,0,4,4,4,3,1,3,4,3,3,3,3,3,3,3,4,3,4,4,3,3,4,4,3,3,3,4,3,2,3,3,3,4,4,3,3,3,3,4,3,5,3,0,4,2,0,4,4,3,1,4,3,4,4,3,4,3,3,3,3,4,3,0,3,2,3,3,3,3,2,3,3,3,3,3,3,2,3,2,3,3,3,4,3,4,4,4,4,4,3,5,1,3,4,3,4,3,3,2,3,2,1,3,3,3,3,3,2,3,3,3,3,0,0,3,4,3,3
EPI_ISL_6011784,6,6,6,6,6,5,6,3,3,3,3,6,6,6,6,6,5,6,6,6,6,27,26,25,25,26,26,25,25,25,26,25,25,25,25,5,5,5,5,26,26,5,26,26,5,5,5,5,26,26,28,5,3,17,28,28,28,28,28,33,34,32,35,34,34,34,34,35,33,36,35,35,34,34,33,35,36,35,34,34,34,36,35,33,36,25,36,36,35,34,34,35,36,0,36,31,35,36,35,33,33,10,36,36,36,16,36,35,25,34,35,36,36,34,32,36,35,27,32,35,34,35,27,30,31,34,35,36,34,31,33,27,28,7,27,27,27,27,28,28,27,27,28,27,27,28,27,25,16,3,4,3,5,6,13,0,5,4,5,6,5,5,6,5,6,6,6,4,13,3,5,13,4,3,3,12,4,5,4,4,4,6,5,5,5,5,0,5,5,3,6,3,5,5,5,6,0,4,5,5,5,6,9,6,0,5,2,4,0,3,5,6,5,3,0,6,4,3,4,12,4,13,3,3,6,4,5,5,2,12,3,9,4,4,3,5,5,4,3,3,3,4,3,3,3,3,3,3,3,3,5,3,6,3,3,3,3,3,5,3,3,5,3,3,3,3,3,3,3,4,3,5,3,3,3,3,4,3,3,1,5,3,4,4,3,4,3,3,3,2,3,3,3,5,3,3,3,3,3,3,3,3,3,3,3,3,3,3,3,3,3,3,3,3,3,3,3,1,3,3,3,3,2,1,1,2,1,3,1,0,3,2,0,0,0,0,3,3,3,2,1,0,0,3,0,0,3,3,0,0,3,2,3,0,2,0,3,2,3,4,1,3,2,1,3,1,2,3,3,0,3,0,3,3,3,1,0,3,3,3,3,0,0,0,0,0,3,3,3,3,1,3,3,3,3,3,3,3,3,3,3,3,3,3,3,3,3,3,3,3,3,3,3,2,3,3,3,3,3,3,3,3,3,3,3,5,3,0,3,2,0,3,3,3,1,3,3,3,3,3,3,3,3,3,3,3,3,0,3,2,3,3,3,3,2,3,3,3,3,3,3,2,3,2,3,3,3,3,3,3,3,3,3,3,3,4,1,3,3,3,3,3,3,2,3,2,1,3,3,3,3,3,2,3,3,3,3,0,0,3,3,3,3
EPI_ISL_6011792,6,6,6,6,6,5,6,3,3,3,3,6,6,6,6,6,5,6,6,6,6,28,27,25,25,27,27,25,25,25,27,25,25,25,25,5,5,5,5,26,29,5,26,26,5,5,5,5,29,29,28,5,3,17,28,28,28,28,28,33,34,32,38,34,34,34,34,35,34,36,35,35,34,34,33,35,36,35,34,34,34,36,35,33,36,25,36,36,35,34,34,35,36,36,0,30,36,36,35,33,33,10,36,36,36,16,36,35,25,34,35,36,36,34,32,36,35,27,32,35,34,35,27,30,31,34,35,36,34,31,33,28,29,7,27,28,28,28,28,28,27,27,28,27,28,28,27,25,16,3,4,3,5,6,13,0,5,4,5,6,5,5,6,5,6,6,6,4,13,3,5,13,4,3,3,12,4,5,4,4,4,6,5,5,5,5,0,5,5,3,7,3,5,5,5,6,0,4,5,5,5,6,9,7,0,5,2,4,0,3,5,6,5,3,0,6,4,3,4,12,4,13,3,3,6,4,5,5,2,12,3,9,4,4,3,5,5,4,3,3,3,4,3,3,3,3,3,3,3,3,5,3,6,3,3,3,3,3,5,3,3,5,3,3,3,3,3,3,3,4,3,5,3,3,3,3,4,3,3,1,5,3,4,4,3,4,3,3,3,2,3,3,3,5,3,3,3,3,3,3,3,3,3,3,3,3,3,3,3,3,3,3,3,3,3,3,3,1,3,3,3,3,2,1,1,2,1,3,1,0,3,2,0,0,0,0,3,3,3,2,1,0,0,3,0,0,3,3,0,0,3,2,3,0,2,0,3,2,3,4,1,3,2,1,3,0,2,3,3,0,3,0,3,3,3,1,0,3,3,3,3,0,0,0,0,0,3,3,3,3,1,3,3,3,3,3,3,3,3,3,3,3,3,3,3,3,3,3,3,3,3,3,3,2,3,3,3,3,3,3,3,3,3,3,3,5,3,0,3,2,0,3,3,3,1,3,3,3,3,3,3,3,3,3,3,3,3,0,3,2,3,3,3,3,2,3,3,3,3,3,3,2,3,2,3,3,3,3,3,3,3,3,3,3,3,4,1,3,3,3,3,3,3,2,3,2,1,3,3,3,3,3,2,3,3,3,3,0,0,3,3,3,3
EPI_ISL_6011790,6,6,6,6,6,5,7,3,3,3,3,6,6,6,6,6,5,6,6,6,6,26,25,24,24,25,25,24,24,24,25,24,24,24,24,6,5,6,6,25,25,6,25,25,5,6,6,6,25,25,27,5,3,17,27,31,27,31,27,29,30,28,30,29,29,30,29,34,29,30,30,30,29,30,29,30,30,29,34,28,29,30,30,28,30,20,34,32,31,28,29,31,30,31,30,0,29,30,29,29,28,11,31,32,32,14,32,31,20,29,29,34,34,29,30,34,32,26,27,29,29,29,27,29,30,29,29,30,29,28,31,26,27,8,26,26,26,26,27,27,26,26,27,26,26,27,26,24,16,4,5,3,6,7,11,0,6,4,6,7,6,6,7,6,7,7,7,5,11,3,5,11,5,3,3,10,5,6,5,4,5,7,5,6,5,5,0,5,5,3,7,3,5,5,5,7,0,3,6,6,6,8,6,7,0,5,2,4,0,3,5,7,5,3,0,7,4,3,5,10,5,11,3,3,7,5,6,6,2,10,3,6,5,4,3,6,6,5,3,3,3,4,3,3,3,3,3,3,3,3,4,3,7,3,3,3,3,3,4,3,3,4,3,3,3,3,3,3,3,4,3,5,3,3,3,3,4,3,3,1,5,3,4,4,3,3,3,4,3,2,3,3,3,4,3,3,3,3,3,3,3,3,3,3,3,3,3,3,3,3,3,3,3,3,3,3,3,1,3,3,3,3,2,1,1,2,1,3,1,0,3,2,0,0,0,0,3,3,3,2,1,0,0,3,0,0,3,3,0,0,3,2,3,0,2,0,3,2,3,4,1,3,2,1,3,0,2,3,3,0,3,0,3,3,3,1,0,3,3,3,3,0,0,0,0,0,3,3,3,3,1,3,3,3,3,3,3,3,3,3,3,3,3,3,3,3,3,3,3,3,3,3,3,2,3,3,3,3,3,3,3,3,3,3,3,4,3,0,3,2,0,3,3,3,1,3,3,3,3,3,3,3,3,3,3,3,3,0,3,2,3,3,3,3,2,3,3,3,3,3,3,2,3,2,3,3,3,3,3,3,3,3,3,3,3,4,1,3,3,3,3,3,3,2,3,2,1,3,3,3,3,3,2,3,3,3,3,0,0,3,3,3,3
EPI_ISL_6011789,6,6,6,6,6,5,6,3,3,3,3,6,6,6,6,6,5,6,6,6,6,33,31,25,25,31,31,25,25,25,31,25,25,25,25,5,5,5,5,25,25,5,25,25,5,5,5,5,25,25,27,5,3,17,27,27,27,27,27,34,34,33,35,34,35,34,36,35,40,35,35,35,35,35,34,34,36,34,34,35,35,36,35,34,35,26,36,36,35,33,35,35,36,35,36,29,0,35,34,34,34,10,36,36,36,17,36,35,26,35,35,36,36,35,33,35,35,27,33,35,35,35,27,31,32,35,35,36,35,30,33,33,27,6,27,34,33,33,27,27,27,27,27,27,33,27,27,25,16,3,4,3,5,6,14,0,5,4,5,6,5,5,6,5,6,6,6,4,14,3,5,14,4,3,3,13,4,5,4,4,4,6,5,5,5,5,0,5,5,3,7,3,5,5,5,6,0,4,5,5,5,6,9,7,0,5,2,4,0,3,5,6,5,3,0,6,4,3,4,14,4,14,3,3,6,4,5,5,2,14,3,10,4,4,3,5,5,4,3,3,3,4,3,3,3,3,3,3,3,3,4,3,6,3,3,3,3,3,4,3,3,4,3,3,3,3,3,3,3,4,3,5,3,3,3,3,4,3,3,1,5,3,4,4,3,4,3,3,3,2,3,3,3,5,3,3,3,3,3,3,3,3,3,3,3,3,3,3,3,3,3,3,3,3,3,3,3,1,3,3,3,3,2,1,1,2,1,3,1,0,3,2,0,0,0,0,3,3,3,2,1,0,0,3,0,0,3,3,0,0,3,2,3,0,2,0,3,2,3,4,1,3,2,1,3,0,2,3,3,0,3,0,3,3,3,1,0,3,3,3,3,0,0,0,0,0,3,3,3,3,1,3,3,3,3,3,3,3,3,3,3,3,3,3,3,3,3,3,3,3,3,3,3,2,3,3,3,3,3,3,3,3,3,3,3,4,3,0,3,2,0,3,3,3,1,3,3,3,3,3,3,3,3,3,3,3,3,0,3,2,3,3,3,3,2,3,3,3,3,3,3,2,3,2,3,3,3,3,3,3,3,3,3,3,3,4,1,3,3,3,3,3,3,2,3,2,1,3,3,3,3,3,2,3,3,3,3,0,0,3,3,3,3
EPI_ISL_6011787,6,6,6,6,6,5,6,3,3,3,3,6,6,6,6,6,5,6,6,7,6,28,27,26,26,27,27,26,26,26,27,26,26,26,26,5,5,5,5,26,26,5,26,26,5,5,5,5,26,26,29,5,3,17,29,29,29,29,29,33,35,33,35,37,34,34,34,35,34,37,36,36,35,34,34,35,37,37,34,35,35,37,35,34,37,26,37,36,36,35,34,35,36,36,36,30,35,0,39,33,33,10,37,36,36,16,37,36,26,34,35,36,36,34,32,36,36,28,32,36,34,36,28,31,31,34,35,36,34,34,33,28,29,7,28,28,28,28,29,29,28,28,29,28,28,29,28,26,16,3,4,3,5,6,14,0,5,4,5,6,5,5,6,5,6,6,6,4,13,3,5,14,4,3,3,12,4,5,4,4,4,6,5,5,5,5,0,5,5,4,6,3,5,5,5,6,0,5,5,5,5,6,10,6,0,5,2,4,0,3,5,6,5,3,0,6,4,3,4,12,4,13,3,3,6,4,5,5,2,12,3,9,4,4,3,5,5,4,3,3,3,4,4,3,4,3,4,3,3,3,5,4,6,4,4,3,4,4,5,4,4,5,3,3,3,3,3,3,3,4,3,5,3,3,4,3,4,4,3,1,5,3,4,4,3,4,4,3,3,2,3,3,3,5,3,3,3,3,3,3,3,3,3,3,3,3,3,3,4,3,3,3,3,4,3,3,3,1,4,3,4,3,3,1,1,2,1,3,1,0,3,2,0,0,0,0,3,4,3,2,1,0,0,4,0,0,4,3,0,0,3,3,3,0,2,0,3,2,3,4,1,3,3,1,3,0,2,3,3,0,3,0,3,3,3,1,0,3,3,3,3,0,0,0,0,0,3,3,3,4,1,3,3,3,4,4,4,4,4,3,3,4,3,3,4,3,3,4,3,3,4,3,4,2,3,4,4,3,3,3,4,4,4,3,4,5,3,0,3,3,0,3,3,4,1,3,3,3,3,3,3,4,4,4,3,3,4,0,3,2,3,3,4,4,2,4,3,4,3,3,3,2,4,3,3,4,4,3,3,3,3,3,3,3,3,4,1,3,3,3,3,4,4,2,3,2,1,3,3,3,4,3,2,3,4,3,3,0,0,4,3,4,4
EPI_ISL_6011785,6,6,6,6,6,5,6,3,3,3,3,6,6,6,6,6,5,6,6,7,6,26,26,25,25,26,26,25,25,25,26,25,25,25,25,5,5,5,5,26,26,5,26,26,5,5,5,5,26,26,27,5,3,16,27,27,27,27,27,32,33,32,34,37,34,33,33,34,32,36,34,34,33,33,32,34,36,35,33,34,34,36,34,33,36,25,36,35,34,34,33,34,35,35,35,29,34,39,0,32,32,10,35,35,35,16,35,34,25,33,34,35,35,33,31,35,35,26,32,34,33,35,27,30,30,33,35,35,33,33,32,26,27,7,26,26,26,26,27,27,26,26,27,26,26,27,26,25,15,3,4,3,5,6,14,0,5,4,5,6,5,5,6,5,6,6,6,4,13,3,5,14,4,3,3,12,4,5,4,4,4,6,5,5,5,5,0,5,5,4,6,3,5,5,5,6,0,5,5,5,5,6,10,6,0,5,2,4,0,3,5,6,5,3,1,6,4,3,4,12,4,13,3,3,6,4,5,5,2,12,3,9,4,4,3,5,5,4,3,3,3,4,4,3,4,3,4,3,3,3,5,4,6,4,4,3,4,4,5,4,4,5,3,3,3,3,3,3,3,4,3,5,3,3,4,3,4,4,3,1,5,3,4,4,3,4,4,3,3,2,3,3,3,5,3,3,3,3,3,3,3,3,3,3,3,3,3,3,4,3,3,3,3,4,3,3,3,1,4,3,4,3,3,1,1,2,1,3,1,0,3,2,0,0,0,0,3,4,3,2,1,0,0,4,0,0,4,3,0,0,3,3,3,0,2,0,3,2,3,4,1,3,3,1,3,0,2,3,3,0,3,0,3,3,3,1,0,3,3,3,3,0,0,0,0,0,3,3,3,4,1,3,3,3,4,4,4,4,4,3,3,4,3,3,4,3,3,4,3,3,4,3,4,2,3,4,4,3,3,3,4,4,4,3,4,5,3,0,3,3,0,3,3,4,1,3,3,3,3,3,3,4,4,4,3,3,4,0,3,2,3,3,4,4,2,4,3,4,3,3,3,2,4,3,3,4,4,3,3,3,3,3,3,3,3,4,1,3,3,3,3,4,4,2,3,2,1,3,3,3,4,3,2,3,4,3,3,0,0,4,3,4,4
EPI_ISL_6011783,6,6,6,6,6,5,6,3,3,3,3,6,6,6,6,6,5,6,6,6,6,27,25,25,25,25,25,25,25,25,25,25,25,25,25,5,5,5,5,25,25,5,25,25,5,5,5,5,25,25,27,5,3,17,27,27,27,27,27,32,32,31,33,32,33,32,34,33,32,33,33,33,33,35,32,32,34,32,32,33,37,34,33,32,33,24,34,34,33,31,33,33,34,33,33,29,34,33,32,0,33,10,34,34,34,16,34,33,24,39,33,34,34,34,34,33,36,27,33,33,37,33,32,33,36,37,33,34,37,29,33,27,27,6,29,27,27,27,27,27,27,27,27,27,27,27,27,25,16,3,4,3,5,6,12,0,5,4,5,6,5,5,6,5,6,6,6,4,12,3,5,12,4,3,3,11,4,5,4,4,4,6,5,5,5,5,0,5,5,3,6,3,5,5,5,6,0,4,5,5,5,6,7,6,0,5,2,4,0,3,6,6,5,3,0,6,4,3,4,11,4,12,3,3,6,4,5,5,2,11,3,8,4,4,3,5,5,4,3,3,3,4,3,3,3,3,3,3,3,3,4,3,6,3,3,3,3,3,4,3,3,4,3,3,3,3,3,3,3,4,3,5,3,3,3,3,4,3,3,1,5,3,4,4,3,4,3,3,3,2,3,3,3,4,3,3,3,3,3,3,3,3,3,3,3,3,3,3,3,3,3,3,3,3,3,3,3,1,3,3,3,3,2,1,1,2,1,3,1,0,3,2,0,0,0,0,3,3,3,2,1,0,0,3,0,0,3,3,0,0,3,2,3,0,2,0,3,2,3,4,1,3,2,1,3,0,2,3,3,0,3,0,3,3,3,1,0,3,3,3,3,0,0,0,0,0,3,3,3,3,1,3,3,3,3,3,3,3,3,3,3,3,3,3,3,3,3,3,3,3,3,3,3,2,3,3,3,3,3,3,3,3,3,3,3,4,3,0,3,2,0,3,3,3,1,3,3,3,3,3,3,3,3,3,3,3,3,0,3,2,3,3,3,3,2,3,3,3,3,3,3,2,3,2,3,3,3,3,3,3,3,3,3,3,3,4,1,3,3,3,3,3,3,2,3,2,1,3,3,3,3,3,2,3,3,3,3,0,0,3,3,3,3
EPI_ISL_6011782,6,6,6,6,6,5,6,3,3,3,3,6,6,6,6,6,5,6,6,6,6,27,25,25,25,25,25,25,25,25,25,25,25,25,25,5,5,5,5,25,25,5,25,25,5,5,5,5,25,25,27,5,3,17,27,27,28,27,27,33,33,32,34,33,35,33,34,34,33,33,34,34,35,34,33,33,34,33,33,34,33,34,34,33,33,24,34,34,34,31,35,34,34,33,33,28,34,33,32,33,0,10,34,34,34,17,34,34,24,33,34,34,34,34,33,33,34,28,32,34,33,34,26,30,31,33,34,35,33,30,33,27,27,6,27,27,27,27,27,27,28,27,27,28,27,27,33,30,16,3,4,3,5,6,12,0,5,4,5,6,5,5,6,5,6,6,6,4,12,3,5,12,4,3,3,12,4,5,4,5,4,6,5,5,5,5,0,5,5,3,6,3,5,5,5,6,0,4,5,5,5,6,8,6,0,5,2,4,0,3,5,6,5,3,0,6,4,3,4,12,4,12,3,3,6,4,5,5,2,12,3,9,4,4,3,5,5,4,4,3,4,4,3,3,3,3,3,3,3,3,4,3,6,3,3,3,3,3,4,3,3,4,3,3,3,3,3,3,3,4,3,5,3,3,3,3,4,3,3,1,5,3,4,4,3,4,3,3,3,2,3,3,3,5,3,3,3,3,3,3,3,3,3,3,4,3,3,3,3,4,3,3,3,3,4,3,3,1,3,3,3,3,2,1,1,2,1,3,1,0,3,2,0,0,0,0,3,3,3,2,1,0,0,3,0,0,3,3,0,0,3,2,3,0,2,0,3,2,3,4,1,3,2,1,3,0,2,3,3,0,3,0,4,3,3,1,0,3,3,3,4,0,0,0,0,0,3,3,3,3,1,3,3,3,3,3,3,3,3,3,3,3,3,3,3,3,3,3,3,3,3,3,3,2,3,3,3,3,3,3,3,3,3,3,3,4,3,0,3,2,0,3,3,3,1,3,3,3,3,3,3,3,3,3,3,3,3,0,3,2,3,3,3,3,2,3,3,3,3,3,3,2,3,2,3,3,3,3,3,3,3,3,3,3,3,4,1,3,3,4,3,3,3,2,3,2,1,3,3,3,3,3,2,3,3,3,3,0,0,3,3,3,3
EPI_ISL_6011781,3,3,3,3,3,1,3,1,1,1,1,1,1,1,1,1,1,1,1,2,2,9,8,8,8,8,8,8,8,8,8,8,8,8,8,2,1,2,2,8,8,2,8,8,1,2,2,2,8,8,9,1,1,4,9,9,9,9,9,10,10,11,10,10,10,11,10,10,10,12,10,10,10,10,11,10,11,11,10,11,11,11,11,11,12,7,11,11,11,11,10,11,10,10,10,11,10,10,10,10,10,0,12,11,11,3,11,11,6,10,10,11,10,10,14,10,13,9,13,11,10,10,13,15,14,12,10,10,10,10,11,9,9,3,9,9,9,9,9,9,9,9,9,9,9,9,9,8,4,1,3,1,3,3,5,0,3,1,3,3,3,3,3,3,3,3,3,3,4,1,1,6,3,1,1,5,3,3,3,3,3,3,3,3,1,1,1,1,1,1,3,1,3,1,1,3,0,1,3,3,3,4,3,3,2,1,0,2,1,1,2,3,1,1,0,3,1,1,3,5,3,5,1,1,3,3,3,3,1,5,1,2,3,1,1,3,3,3,1,1,1,1,1,1,1,1,1,1,1,1,1,1,3,1,1,1,1,1,1,1,1,1,1,1,1,1,1,1,1,1,1,1,1,1,1,1,1,1,1,0,1,1,1,1,1,1,1,1,1,0,1,1,1,2,1,1,1,1,1,1,1,1,1,1,1,1,1,1,1,1,1,1,1,1,1,1,1,0,1,1,1,1,0,0,0,0,0,1,0,0,1,0,0,0,0,0,1,1,1,0,1,0,0,1,0,0,1,1,0,0,1,1,1,0,0,0,1,1,1,1,0,1,1,0,1,0,0,1,1,0,1,0,1,1,1,0,0,1,1,1,1,0,0,0,0,0,1,1,1,1,0,1,1,1,1,1,1,1,1,1,1,1,1,1,1,1,1,1,1,1,1,1,1,1,1,1,1,1,1,1,1,1,1,1,1,1,1,0,1,1,0,1,1,1,0,1,1,1,1,1,1,1,1,1,1,1,1,0,1,0,1,1,1,1,0,1,1,1,1,1,1,0,1,0,1,1,1,1,1,1,1,1,1,1,1,2,0,1,1,1,1,1,1,0,1,1,0,1,1,1,1,1,0,1,1,1,1,0,0,1,1,1,1
EPI_ISL_6011780,7,7,7,7,7,5,7,3,3,3,3,6,6,6,6,6,5,6,6,7,7,28,27,26,26,27,27,26,26,26,27,26,26,26,26,5,5,5,5,26,26,5,26,26,5,5,5,5,26,26,29,5,3,17,31,29,29,29,29,40,41,38,38,37,37,38,37,38,37,44,39,46,39,37,41,44,39,44,37,36,36,38,39,35,38,27,38,43,49,35,37,45,38,36,36,31,36,37,35,34,34,12,0,41,48,19,51,48,27,35,36,38,37,36,35,36,37,28,33,38,35,36,28,32,33,36,35,37,35,31,34,28,29,7,28,28,28,28,29,32,28,29,31,28,28,31,28,26,16,3,4,3,5,6,17,0,5,4,5,6,5,5,6,5,6,6,6,4,16,3,5,17,4,3,3,15,4,5,4,6,4,6,5,5,5,5,0,5,5,3,6,3,6,5,5,6,0,4,5,5,5,6,9,6,1,5,2,4,0,3,5,6,5,3,0,6,4,3,4,15,4,17,3,3,6,4,5,5,2,15,3,12,4,4,3,5,5,4,3,3,3,4,3,3,3,3,3,3,3,3,5,3,6,3,3,3,5,3,5,3,3,5,3,3,3,3,3,3,3,4,3,5,3,3,3,3,4,3,3,1,5,3,4,4,3,5,3,3,3,2,3,3,3,5,3,3,3,3,3,3,3,3,3,3,3,3,3,3,3,3,3,3,3,3,3,3,3,1,3,3,3,3,2,1,1,2,1,3,1,0,3,2,0,0,0,0,3,3,3,2,1,0,0,3,0,0,3,3,0,0,3,2,3,0,2,0,3,2,3,4,1,3,2,1,3,0,2,3,3,0,3,0,3,3,3,1,0,3,3,3,3,0,0,0,0,0,3,3,3,3,1,3,3,3,3,3,3,3,3,3,3,3,3,3,3,3,3,4,3,3,3,3,3,2,3,3,3,3,3,3,3,3,3,3,3,5,4,0,3,2,0,3,3,3,1,3,3,3,3,3,3,3,3,3,3,3,3,0,3,2,3,3,3,3,2,3,3,3,3,3,3,2,3,2,3,3,3,3,3,3,3,3,3,3,3,4,1,3,3,3,3,3,3,2,3,2,1,3,3,3,3,3,2,3,3,3,3,0,0,3,3,3,3
EPI_ISL_6011779,8,8,8,8,8,6,8,4,3,4,4,7,7,7,7,7,6,7,7,8,8,27,26,25,25,26,26,25,25,25,26,25,25,25,25,5,5,5,5,26,26,5,26,26,5,5,5,5,26,26,28,5,3,17,28,28,28,28,28,37,37,36,38,37,37,37,37,38,36,37,38,38,37,39,37,37,39,36,37,36,36,38,39,35,38,27,39,43,41,35,37,41,38,36,36,32,36,36,35,34,34,11,41,0,42,19,43,42,27,35,36,38,37,36,37,36,38,27,33,38,35,36,29,34,34,37,35,37,36,31,34,27,28,7,27,27,27,27,28,28,27,28,28,27,27,28,27,25,16,3,4,3,5,6,18,0,5,4,5,6,5,5,6,5,6,6,6,4,16,4,5,17,4,3,3,15,4,5,4,4,4,6,5,5,5,5,0,5,5,3,6,3,5,5,5,6,0,4,5,5,5,6,9,6,1,5,2,4,0,3,5,6,5,3,0,6,4,3,4,15,4,17,3,3,6,4,6,5,2,16,3,12,4,4,3,6,5,4,3,3,3,4,3,3,3,3,3,3,3,3,5,3,6,3,3,3,4,3,5,3,3,5,3,3,3,3,3,3,3,4,3,5,3,3,3,3,4,3,3,1,5,3,4,4,3,4,3,3,3,2,3,3,3,5,3,3,3,3,3,3,3,3,3,3,3,3,3,3,3,3,3,3,3,3,3,3,3,1,3,3,3,3,2,1,1,2,1,3,1,0,3,2,0,0,0,0,3,3,3,2,1,0,0,3,0,0,3,3,0,0,3,2,3,0,2,0,3,2,3,4,1,3,2,1,3,0,2,3,3,0,3,0,3,3,3,1,0,3,3,3,3,0,0,0,0,0,3,3,3,3,1,3,3,3,3,3,3,3,3,3,3,3,3,3,3,3,3,4,3,3,3,3,3,2,3,3,3,3,3,3,3,3,3,3,3,5,3,0,3,2,0,3,3,3,1,3,3,3,3,3,3,3,3,3,3,3,3,0,3,2,3,3,3,3,2,3,3,3,3,3,3,2,3,2,3,3,3,3,3,3,3,3,3,3,3,4,1,3,3,3,3,3,3,2,3,2,1,3,3,3,3,3,2,3,3,3,3,0,0,3,3,3,3
EPI_ISL_6011778,7,7,7,7,7,5,7,4,4,4,4,6,6,6,6,6,5,6,6,7,7,27,26,25,25,26,26,25,25,25,26,25,25,25,25,5,5,5,5,26,26,5,26,26,5,5,5,5,26,26,28,5,3,17,30,28,28,28,28,40,40,37,38,37,37,37,37,38,36,45,38,46,37,38,40,45,39,44,37,36,36,39,39,35,38,27,39,44,49,35,37,46,39,36,36,32,36,36,35,34,34,11,48,42,0,19,50,48,27,35,36,38,37,37,36,36,38,27,33,38,35,36,29,33,34,37,35,37,35,31,34,27,28,7,27,27,27,27,28,31,27,29,30,27,27,29,27,25,16,3,4,3,5,6,18,0,5,4,5,6,5,5,6,5,6,6,6,4,16,3,5,17,4,3,3,15,4,5,4,5,4,6,5,5,5,5,0,5,5,3,6,3,5,5,5,6,0,4,5,5,5,6,9,6,1,5,2,4,0,3,5,6,5,3,0,6,4,3,4,15,4,17,3,3,6,4,5,5,2,16,3,12,4,4,3,5,5,4,3,3,3,4,3,3,3,3,3,3,3,3,5,3,6,3,3,3,4,3,5,3,3,5,3,3,3,3,3,3,3,4,3,5,3,3,3,3,4,3,3,1,5,3,4,4,3,4,3,3,3,2,3,3,3,5,3,3,3,3,3,3,3,3,3,3,3,3,3,3,3,3,3,3,3,3,3,3,3,1,3,3,3,3,2,1,1,2,1,3,1,0,3,2,0,0,0,0,3,3,3,2,1,0,0,3,0,0,3,3,0,0,3,2,3,0,2,0,3,2,3,4,1,3,2,1,3,0,2,3,3,0,3,0,3,3,3,1,0,3,3,3,3,0,0,0,0,0,3,3,3,3,1,3,3,3,3,3,3,3,3,3,3,3,3,3,3,3,3,4,3,3,3,3,3,2,3,3,3,3,3,3,3,3,3,3,3,5,3,0,3,2,0,3,3,3,1,3,3,3,3,3,3,3,3,3,3,3,3,0,3,2,3,3,3,3,2,3,3,3,3,3,3,2,3,2,3,3,3,3,3,3,3,3,3,3,3,4,1,3,3,3,3,3,3,2,3,2,1,3,3,3,3,3,2,3,3,3,3,0,0,3,3,3,3
EPI_ISL_6011786,3,3,3,3,3,2,3,2,2,2,2,4,4,4,3,4,4,4,4,3,3,12,11,11,11,11,11,11,11,11,11,11,11,11,11,3,3,3,3,11,11,3,11,11,3,3,3,3,11,11,12,3,2,14,12,12,12,12,12,19,19,19,19,19,19,19,19,19,19,16,19,19,19,19,19,18,17,16,19,17,16,17,19,16,16,37,17,19,19,15,19,19,17,16,16,14,17,16,16,16,17,3,19,19,19,0,19,19,36,16,17,17,17,17,18,16,17,12,16,18,16,17,11,15,16,17,16,17,16,15,16,12,12,3,12,12,12,12,12,12,12,12,12,12,12,12,12,11,15,2,2,2,2,3,10,0,3,3,3,3,3,3,3,2,3,3,3,2,10,2,3,10,2,2,2,10,1,3,2,1,2,3,2,2,3,3,0,3,3,3,3,2,2,3,3,3,0,3,2,2,2,2,7,3,0,3,2,3,0,2,4,3,3,2,0,3,2,2,2,10,2,10,2,2,3,2,3,3,2,10,2,10,2,3,2,2,3,2,2,3,2,3,2,2,3,2,3,2,2,2,2,2,3,3,2,2,2,3,2,2,2,2,3,2,2,2,2,2,2,3,2,3,2,2,3,2,3,2,2,1,3,2,3,3,2,2,3,2,2,1,2,3,3,4,2,2,2,2,2,2,3,3,3,2,2,2,2,2,2,2,2,2,2,2,2,2,2,0,2,2,2,2,1,1,1,1,1,2,1,0,2,1,0,0,0,0,2,2,2,1,1,0,0,2,0,0,2,2,0,0,2,2,2,0,1,0,2,2,2,3,0,2,2,1,2,0,1,2,2,0,2,0,2,2,2,1,0,2,2,2,2,0,0,0,0,0,2,2,2,2,0,2,2,2,2,2,2,2,2,2,2,2,2,2,2,2,2,2,2,2,2,2,2,2,2,2,2,2,2,2,2,2,2,2,2,2,2,0,2,2,0,2,2,2,1,2,2,2,2,2,2,2,2,2,2,2,2,0,2,1,2,2,2,2,1,2,2,2,2,2,2,1,2,1,2,2,2,2,2,2,2,2,2,2,2,3,1,2,2,2,2,2,2,1,2,2,1,2,2,2,2,2,1,2,2,2,2,0,0,2,2,2,2
EPI_ISL_6011777,8,8,8,8,8,6,8,5,4,5,5,7,7,7,7,7,6,7,7,8,8,28,27,26,26,27,27,26,26,26,27,26,26,26,26,5,5,5,5,26,26,5,26,26,5,5,5,5,26,26,29,5,3,17,32,29,29,29,29,39,42,37,38,37,37,37,37,38,37,45,39,47,39,39,40,45,39,45,37,36,36,38,39,35,38,27,39,45,51,35,37,46,38,36,36,32,36,37,35,34,34,11,51,43,50,19,0,49,27,35,36,38,37,36,36,36,38,28,33,38,35,36,29,33,34,37,35,37,35,31,34,28,29,7,28,28,28,28,29,33,28,29,32,28,28,31,28,26,16,3,4,3,5,6,18,0,5,4,5,6,5,5,6,5,6,6,6,4,16,4,5,17,4,3,3,15,4,5,4,6,4,6,5,5,5,5,0,5,5,3,6,3,6,5,5,6,0,4,5,5,5,6,9,6,1,5,2,4,0,3,5,6,5,3,0,6,4,3,4,15,4,17,3,3,6,4,6,5,2,16,3,12,4,4,3,6,5,4,3,3,3,4,3,3,3,3,3,3,3,3,5,3,6,3,3,3,5,3,5,3,3,5,3,3,3,3,3,3,3,4,3,5,3,3,3,3,4,3,3,1,5,3,4,4,3,5,3,3,3,2,3,3,3,5,3,3,3,3,3,3,3,3,3,3,3,3,3,3,3,3,3,3,3,3,3,3,3,1,3,3,3,3,2,1,1,2,1,3,1,0,3,2,0,0,0,0,3,3,3,2,1,0,0,3,0,0,3,3,0,0,3,2,3,0,2,0,3,2,3,4,1,3,2,1,3,0,2,3,3,0,3,0,3,3,3,1,0,3,3,3,3,0,0,0,0,0,3,3,3,3,1,3,3,3,3,3,3,3,3,3,3,3,3,3,3,3,3,4,3,3,3,3,3,2,3,3,3,3,3,3,3,3,3,3,3,5,4,0,3,2,0,3,3,3,1,3,3,3,3,3,3,3,3,3,3,3,3,0,3,2,3,3,3,3,2,3,3,3,3,3,3,2,3,2,3,3,3,3,3,3,3,3,3,3,3,4,1,3,3,3,3,3,3,2,3,2,1,3,3,3,3,3,2,3,3,3,3,0,0,3,3,3,3
EPI_ISL_6011776,8,8,8,8,8,6,8,5,4,5,5,7,7,7,7,7,6,7,7,8,8,28,27,26,26,27,27,26,26,26,27,26,26,26,26,5,5,5,5,26,26,5,26,26,5,5,5,5,26,26,29,5,3,17,31,29,29,29,29,41,41,38,38,37,37,37,37,38,37,42,39,45,40,39,41,43,38,43,37,35,35,38,39,34,37,26,38,44,48,34,37,47,38,35,35,31,35,36,34,33,34,11,48,42,48,19,49,0,26,34,36,37,36,36,36,35,37,28,33,38,34,36,28,32,33,36,34,36,34,31,33,28,29,7,28,28,28,28,29,32,28,30,31,28,28,30,28,26,16,3,4,3,5,6,17,0,5,4,5,6,5,5,6,5,6,6,6,4,15,4,5,16,4,3,3,15,4,5,4,5,4,6,5,5,5,5,0,5,5,3,6,3,6,5,5,6,0,4,5,5,5,6,9,6,1,5,2,4,0,3,5,6,5,3,0,6,4,3,4,15,4,16,3,3,6,4,6,5,2,16,3,12,4,4,3,6,5,4,3,3,3,4,3,3,3,3,3,3,3,3,5,3,6,3,3,3,5,3,5,3,3,5,3,3,3,3,3,3,3,4,3,5,3,3,3,3,4,3,3,1,5,3,4,4,3,4,3,3,3,2,3,3,3,5,3,3,3,3,3,3,3,3,3,3,3,3,3,3,3,3,3,3,3,3,3,3,3,1,3,3,3,3,2,1,1,2,1,3,1,0,3,2,0,0,0,0,3,3,3,2,1,0,0,3,0,0,3,3,0,0,3,2,4,0,2,0,3,2,3,4,1,3,2,1,3,0,2,3,3,0,3,0,3,3,3,1,0,3,3,3,3,0,0,0,0,0,3,3,3,3,1,3,3,3,3,3,3,3,3,3,3,3,3,3,3,3,3,4,3,3,3,3,3,2,3,3,3,3,3,3,3,3,3,3,3,5,3,0,3,2,0,3,3,3,1,3,3,3,3,3,3,3,3,3,3,3,3,0,3,2,3,3,3,3,2,3,3,3,3,3,3,2,3,2,3,3,3,3,3,3,3,3,3,3,3,4,1,3,3,3,3,3,3,2,3,2,1,3,3,3,3,3,2,3,3,3,3,0,0,3,3,3,3
EPI_ISL_6011791,6,6,6,6,6,4,6,2,2,2,2,5,5,5,4,4,4,5,4,5,5,17,15,15,15,15,15,15,15,15,15,15,15,15,15,4,4,4,4,15,15,4,15,15,4,4,4,4,15,15,17,4,3,22,17,17,17,17,17,24,24,23,25,24,25,24,25,25,24,27,25,25,25,25,24,24,28,26,24,28,27,27,26,27,27,51,28,27,26,26,25,26,26,25,25,20,26,26,25,24,24,6,27,27,27,36,27,26,0,25,25,27,26,25,24,25,27,17,23,26,25,26,21,24,24,27,25,26,25,21,23,17,17,5,17,17,17,17,17,17,17,17,17,17,18,17,17,15,23,3,4,3,4,5,15,0,5,4,5,5,5,5,5,4,5,5,5,4,13,3,4,15,4,3,3,12,3,5,4,3,4,5,4,4,4,4,0,4,4,5,5,3,4,4,4,5,0,5,4,4,4,4,10,5,1,5,2,4,0,3,5,5,4,3,0,5,3,3,4,12,4,14,3,3,5,4,5,5,3,12,3,10,4,4,3,4,5,4,3,4,3,4,4,3,5,3,5,3,3,3,4,4,5,5,4,3,4,5,4,4,4,4,4,3,3,3,3,3,3,4,3,4,3,3,5,3,4,4,4,2,4,3,4,4,3,3,5,3,3,2,3,4,4,5,3,3,3,3,3,3,4,4,4,3,3,3,3,3,4,3,3,3,3,4,3,3,3,1,4,3,4,3,3,1,1,2,1,3,1,0,3,2,0,0,0,0,3,4,3,2,1,0,0,4,0,0,4,3,0,0,3,3,3,0,2,0,3,2,3,4,1,3,3,1,3,0,2,3,3,0,3,0,3,3,3,1,0,3,3,3,3,0,0,0,0,0,3,3,3,4,1,3,3,3,4,4,4,4,4,3,3,4,3,3,4,3,3,4,3,3,4,3,4,2,3,4,4,3,3,3,4,4,4,3,4,4,3,0,3,3,0,3,3,4,1,3,3,3,3,3,3,4,4,4,3,3,4,0,3,2,3,3,4,4,2,4,3,4,3,3,3,2,4,3,3,4,4,3,3,3,3,3,3,3,3,4,1,3,3,3,3,4,4,2,3,2,1,3,3,3,4,3,2,3,4,3,3,0,0,4,3,4,4
EPI_ISL_6011793,6,6,6,6,6,5,6,3,3,3,3,6,6,6,6,6,5,6,6,6,6,27,25,25,25,25,25,25,25,25,25,25,25,25,25,5,5,5,5,25,25,5,25,25,5,5,5,5,25,25,27,5,3,17,27,27,27,27,27,33,33,32,34,33,34,33,35,34,33,34,34,34,34,36,33,33,35,33,33,34,38,35,34,33,34,25,35,35,34,32,34,34,35,34,34,29,35,34,33,39,33,10,35,35,35,16,35,34,25,0,34,35,35,34,34,34,36,27,34,34,38,34,29,33,38,40,34,35,38,29,33,27,27,6,29,27,27,27,27,27,27,27,27,27,27,27,27,25,16,3,4,3,5,6,13,0,5,4,5,6,5,5,6,5,6,6,6,4,13,3,5,13,4,3,3,12,4,5,4,4,4,6,5,5,5,5,0,5,5,3,6,3,5,5,5,6,0,4,5,5,5,6,8,6,0,5,2,4,0,3,5,6,5,3,0,6,4,3,4,12,4,13,3,3,6,4,5,5,2,12,3,9,4,4,3,5,5,4,3,3,3,4,3,3,3,3,3,3,3,3,4,3,6,3,3,3,3,3,4,3,3,4,3,3,3,3,3,3,3,4,3,5,3,3,3,3,4,3,3,1,5,3,4,4,3,4,3,3,3,2,3,3,3,4,3,3,3,3,3,3,3,3,3,3,3,3,3,3,3,3,3,3,3,3,3,3,3,1,3,3,3,3,2,1,1,2,1,3,1,0,3,2,0,0,0,0,3,3,3,2,1,0,0,3,0,0,3,3,0,0,3,2,3,0,2,0,3,2,3,4,1,3,2,1,3,0,2,3,3,0,3,0,3,3,3,1,0,3,3,3,3,0,0,0,0,0,3,3,3,3,1,3,3,3,3,3,3,3,3,3,3,3,3,3,3,3,3,3,3,3,3,3,3,2,3,3,3,3,3,3,3,3,3,3,3,4,3,0,3,2,0,3,3,3,1,3,3,3,3,3,3,3,3,3,3,3,3,0,3,2,3,3,3,3,2,3,3,3,3,3,3,2,3,2,3,3,3,3,3,3,3,3,3,3,3,4,1,3,3,3,3,3,3,2,3,2,1,3,3,3,3,3,2,3,3,3,3,0,0,3,3,3,3
EPI_ISL_6011805,6,6,6,6,6,5,6,3,3,3,3,6,6,6,6,6,5,6,6,6,6,27,26,25,25,26,26,25,25,25,26,25,25,25,25,5,5,5,5,26,26,5,26,26,5,5,5,5,26,26,28,5,3,17,28,28,28,28,28,34,35,33,36,35,35,35,35,36,34,35,36,36,35,35,34,35,36,35,35,34,35,36,45,33,35,25,36,36,36,45,35,36,36,35,35,29,35,35,34,33,34,10,36,36,36,17,36,36,25,34,0,36,36,34,33,35,35,27,33,36,34,36,26,30,31,34,34,36,34,31,33,27,28,7,27,27,27,27,31,28,27,27,28,27,27,28,27,25,16,3,4,3,5,6,13,0,5,4,5,6,5,5,6,5,6,6,6,4,13,3,5,13,4,3,3,13,4,5,4,5,4,6,6,5,5,5,0,5,5,3,6,3,6,5,5,6,0,4,5,5,5,6,9,6,0,5,2,4,0,3,5,6,5,3,0,6,4,3,4,13,4,13,3,3,6,4,5,5,2,13,3,10,4,4,3,5,5,4,3,3,3,4,3,3,3,3,3,3,3,3,5,3,6,4,3,3,3,3,5,3,3,5,3,3,3,3,3,3,3,4,3,5,3,3,3,3,4,3,3,1,5,3,4,4,3,4,3,3,3,2,3,3,3,5,3,3,3,3,3,3,3,3,3,3,3,3,3,3,3,3,3,3,3,3,3,3,3,1,3,3,3,3,2,1,1,2,1,3,1,0,3,2,0,0,0,0,3,3,3,2,1,0,0,3,0,0,3,3,0,0,3,2,3,0,2,0,3,2,3,4,1,3,2,1,3,0,2,3,3,0,3,0,3,3,3,1,0,3,3,3,3,0,0,0,0,0,3,3,3,3,1,3,3,3,3,3,3,3,3,3,3,3,3,3,3,3,3,3,3,3,3,3,3,2,3,3,3,3,3,3,3,3,3,3,3,5,3,0,3,2,0,3,3,3,1,3,3,3,3,3,3,3,3,3,3,3,3,0,3,2,3,3,3,3,2,3,3,3,3,3,3,2,3,2,3,3,3,3,3,3,3,3,3,3,3,4,1,3,3,3,3,3,3,2,3,2,1,3,3,3,3,3,2,3,3,3,3,0,0,3,3,3,3
EPI_ISL_6011810,7,7,7,7,7,5,7,3,3,3,3,6,6,6,6,6,5,6,6,7,7,27,26,25,25,26,26,25,25,25,26,25,25,25,25,5,5,5,5,26,26,5,26,26,5,5,5,5,26,26,28,5,3,17,28,33,28,33,28,34,35,33,36,35,35,35,35,41,34,37,36,36,35,35,34,35,38,36,40,36,36,37,37,35,37,27,42,38,37,35,35,37,37,36,36,34,36,36,35,34,34,11,38,38,38,17,38,37,27,35,36,0,42,35,34,41,37,27,33,37,35,37,28,32,33,36,35,37,35,31,34,27,28,7,27,27,27,27,28,28,27,27,28,27,27,28,27,25,17,3,4,4,5,6,15,0,5,4,5,6,5,5,6,5,6,6,6,4,14,4,5,15,4,4,4,13,4,5,4,4,4,6,5,5,5,5,0,5,5,3,6,3,5,5,5,6,0,4,5,5,5,6,10,6,1,5,2,4,0,3,5,6,5,3,0,6,4,3,4,13,4,15,3,3,6,4,5,5,2,13,3,11,4,4,3,5,5,4,3,3,3,4,3,3,3,3,3,3,3,3,5,3,6,3,3,3,3,3,5,3,3,5,3,3,3,3,3,3,3,4,3,5,3,3,3,3,4,3,3,1,5,3,4,4,3,4,3,3,3,2,3,3,3,5,3,3,3,3,3,3,3,3,3,3,3,3,3,3,3,3,3,3,3,3,3,3,3,1,3,3,3,3,2,1,1,2,1,3,1,0,3,2,0,0,0,0,3,3,3,2,1,0,0,3,0,0,3,3,0,0,3,2,3,0,2,0,3,2,3,4,1,3,2,1,3,0,2,3,3,0,3,0,3,4,3,1,0,3,3,3,3,0,0,0,0,0,3,3,3,3,1,3,3,3,3,3,3,3,3,3,3,3,3,3,3,3,3,3,3,3,3,3,3,2,3,3,3,3,3,3,3,3,3,3,3,5,3,0,3,2,0,3,3,3,1,3,3,3,3,3,3,3,3,3,3,3,3,0,3,2,3,3,3,3,2,3,3,3,3,3,3,2,3,2,3,3,3,3,3,3,3,3,3,3,3,4,1,3,3,3,3,3,3,2,3,2,1,3,3,3,3,3,2,3,3,3,3,0,0,3,3,3,3
EPI_ISL_6011809,6,6,6,6,6,5,6,3,3,3,3,6,6,6,6,6,5,6,6,6,6,27,26,25,25,26,26,25,25,25,26,25,25,25,25,5,5,5,5,26,26,5,26,26,5,5,5,5,26,26,28,5,3,17,28,33,28,33,28,34,35,33,36,35,35,35,35,41,34,36,36,36,35,35,34,35,37,35,40,35,35,37,36,34,36,26,41,37,36,34,35,36,37,36,36,34,36,36,35,34,34,10,37,37,37,17,37,36,26,35,36,42,0,35,33,41,36,27,33,36,35,36,27,31,32,35,35,37,35,31,34,27,28,7,27,27,27,27,28,28,27,27,28,27,27,28,27,25,16,3,4,3,5,6,14,0,5,4,5,6,5,5,6,5,6,6,6,4,14,3,5,14,4,3,3,13,4,5,4,4,4,6,5,5,5,5,0,5,5,3,6,3,5,5,5,6,0,4,5,5,5,6,9,6,0,5,2,4,0,3,5,6,5,3,0,6,4,3,4,13,4,14,3,3,6,4,5,5,2,13,3,10,4,4,3,5,5,4,3,3,3,4,4,3,3,3,3,3,3,3,5,3,6,3,3,3,3,3,5,3,3,5,3,3,3,3,3,3,3,4,3,5,3,3,3,3,4,3,3,1,5,3,4,4,3,4,3,3,3,2,3,3,3,5,3,3,3,3,3,3,3,3,3,3,3,3,3,3,3,3,3,3,3,3,3,3,3,1,3,3,3,3,2,1,1,2,1,3,1,0,3,2,0,0,0,0,3,3,3,2,1,0,0,3,0,0,3,3,0,0,3,2,3,0,2,0,3,2,4,4,1,3,2,1,3,0,2,3,3,0,3,0,3,3,3,1,0,3,3,3,3,0,0,0,0,0,3,3,3,3,1,3,3,3,3,3,3,3,3,3,3,3,3,3,3,3,3,3,3,3,3,3,3,2,3,3,3,3,3,3,3,3,3,3,3,5,3,0,3,2,1,3,3,3,1,3,3,3,3,3,3,3,3,3,3,3,3,0,3,2,3,3,3,3,2,3,3,3,3,3,3,2,3,2,3,3,3,3,3,3,3,3,3,3,3,4,1,3,3,3,3,3,3,2,3,2,1,3,3,3,3,3,2,3,3,3,3,0,0,3,3,3,3
EPI_ISL_6011808,6,6,6,6,6,5,6,3,3,3,3,6,6,6,6,6,5,6,6,6,6,28,25,25,25,25,25,25,25,25,25,25,25,25,25,5,5,5,5,25,25,5,25,25,5,5,5,5,25,25,27,5,3,17,27,27,27,27,27,36,33,35,34,33,34,33,34,34,33,34,34,34,34,34,36,33,36,33,33,34,34,40,34,33,35,25,35,36,35,32,35,36,40,34,34,29,35,34,33,34,34,10,36,36,37,17,36,36,25,34,34,35,35,0,33,34,35,27,32,34,34,34,27,31,32,34,34,35,34,30,33,27,27,6,27,27,27,27,27,27,27,32,27,27,27,27,27,25,16,3,4,3,5,6,13,0,5,4,5,6,5,5,6,5,6,6,6,4,13,3,5,13,4,3,3,12,4,5,4,4,4,6,5,5,5,5,0,5,5,3,6,3,5,5,5,6,0,4,5,5,5,6,8,6,0,5,2,4,0,3,5,6,5,3,0,6,4,3,4,12,4,13,3,3,6,4,5,5,2,12,3,9,4,4,3,5,5,4,3,3,3,4,3,3,3,3,3,3,3,3,4,3,6,4,3,3,4,3,4,3,3,4,3,3,3,3,3,3,3,4,3,5,3,3,3,3,4,3,3,1,5,3,4,4,3,4,3,3,3,2,3,3,3,5,3,3,3,3,3,3,3,3,3,3,3,3,3,3,3,3,3,3,3,3,3,3,3,1,3,3,3,3,2,1,1,2,1,3,1,0,3,2,0,0,0,0,3,3,3,2,1,0,0,3,0,0,3,3,0,0,3,2,3,0,2,0,3,2,3,4,1,3,2,1,3,0,2,3,3,0,3,0,3,3,3,1,0,3,3,3,3,0,0,0,0,0,3,3,3,3,1,3,3,3,3,3,3,3,3,3,3,3,3,3,3,3,3,4,3,3,3,3,3,2,3,3,3,3,3,3,3,3,3,3,3,4,3,0,3,2,0,3,3,3,1,3,3,3,3,3,3,3,3,3,3,3,3,0,3,2,3,3,3,3,2,3,3,3,3,3,3,2,3,2,3,3,3,3,3,3,3,3,3,3,3,4,1,3,3,3,3,3,3,2,3,2,1,3,3,3,3,3,2,3,3,3,3,0,0,3,3,3,3
EPI_ISL_6011807,7,7,7,7,7,5,7,3,3,3,3,7,6,6,6,6,5,6,6,7,7,27,25,25,25,25,25,25,25,25,25,25,25,25,25,5,5,5,5,25,25,5,25,25,5,5,5,5,25,25,27,5,3,17,27,27,27,27,27,34,34,33,34,33,34,34,35,34,34,34,34,34,34,37,34,33,34,33,34,33,35,33,35,32,34,25,35,36,36,31,34,36,33,32,32,30,33,32,31,34,33,14,35,37,36,18,36,36,24,34,33,34,33,33,0,32,41,27,36,35,34,33,29,44,37,37,32,33,42,30,33,27,27,6,28,27,27,27,27,27,27,27,27,27,27,27,27,25,16,3,4,3,5,6,14,0,5,4,5,6,5,5,6,5,6,6,6,4,12,3,5,13,4,3,3,12,4,5,4,4,4,6,5,5,5,5,0,5,5,3,6,3,5,5,5,6,0,4,5,5,5,7,9,6,1,5,2,4,0,3,5,6,5,3,0,6,4,3,4,12,4,13,3,3,6,4,5,5,2,13,3,10,4,4,3,5,5,4,3,3,3,4,3,3,3,3,3,3,3,3,3,3,6,3,3,3,3,3,3,3,3,3,3,3,3,3,3,3,3,4,4,5,3,3,3,3,4,3,3,1,5,3,4,4,3,4,3,3,3,2,3,3,3,5,3,3,3,3,3,3,3,3,3,3,4,3,3,3,3,4,3,3,3,3,4,3,3,1,3,3,3,3,2,1,1,2,1,3,1,0,3,2,0,0,0,0,3,3,3,2,1,0,0,3,0,0,3,3,0,0,3,2,3,0,2,0,3,2,3,4,1,3,2,1,3,0,2,3,3,0,3,0,3,3,3,1,0,3,3,3,3,0,0,0,0,0,3,3,3,3,1,3,3,3,3,3,3,3,3,3,3,3,3,3,3,3,3,3,3,3,3,3,3,2,3,3,3,3,3,3,3,3,3,3,3,3,3,0,3,2,0,3,3,3,1,3,3,3,3,3,3,3,3,3,3,3,3,0,3,2,3,3,3,3,2,3,3,3,3,3,3,2,3,2,3,3,3,3,3,3,3,3,3,3,3,4,1,3,3,3,3,3,3,2,3,2,1,3,3,3,3,3,2,3,4,3,3,0,0,4,3,3,3
EPI_ISL_6011806,6,6,6,6,6,5,6,3,3,3,3,6,6,6,6,6,5,6,6,6,6,27,26,25,25,26,26,25,25,25,26,25,25,25,25,5,5,5,6,26,26,5,26,26,5,6,6,5,26,26,28,5,3,17,28,33,28,33,28,33,34,32,35,34,34,34,34,40,33,36,35,35,34,34,33,35,36,35,39,34,34,36,35,33,36,25,40,36,35,34,34,35,36,36,36,34,35,36,35,33,33,10,36,36,36,16,36,35,25,34,35,41,41,34,32,0,35,27,32,35,34,35,27,30,31,34,35,36,34,31,33,27,28,7,27,27,27,27,28,28,27,27,28,27,27,28,27,25,16,3,4,3,5,6,13,0,6,4,5,6,5,5,6,5,6,6,6,4,13,3,5,13,4,3,3,12,4,5,4,4,4,6,5,5,5,5,0,5,5,3,6,3,5,5,5,6,0,4,5,5,5,6,9,6,0,5,2,4,0,3,5,6,5,3,0,6,4,3,4,12,4,13,3,3,6,4,5,5,2,12,3,9,4,4,3,5,5,4,3,3,3,4,3,3,3,3,3,3,3,3,5,3,6,3,3,3,3,3,5,3,3,5,3,3,3,3,3,3,3,4,3,5,3,3,3,3,4,3,3,1,5,3,4,4,3,4,3,3,3,2,3,3,3,5,3,3,3,3,3,3,3,3,3,3,3,3,3,3,3,3,3,3,3,3,3,3,3,1,3,3,3,3,2,1,1,2,1,3,1,0,3,2,0,0,0,0,3,3,3,2,1,0,0,3,0,0,3,3,0,0,3,2,3,0,2,0,3,2,3,4,1,3,2,1,3,0,2,3,3,0,3,0,3,3,3,1,0,3,3,3,3,0,0,0,0,0,3,3,3,3,1,3,3,3,3,3,3,3,3,3,3,3,3,3,3,3,3,3,3,3,3,3,3,2,3,3,3,3,3,3,3,3,3,3,3,5,3,0,3,2,0,3,3,3,1,3,3,3,3,3,3,3,3,3,3,3,3,0,3,2,3,3,3,3,2,3,3,3,3,3,3,2,3,2,3,3,3,3,3,3,3,3,3,3,3,4,1,3,3,3,3,3,3,2,3,2,1,3,3,3,3,3,2,3,3,3,3,0,0,3,3,3,3
EPI_ISL_6011803,8,7,7,7,7,5,7,3,3,3,3,6,6,6,6,6,5,6,6,7,7,27,26,25,25,26,26,25,25,25,26,25,25,25,25,5,5,5,5,26,26,5,26,26,5,5,5,5,26,26,28,5,3,17,28,28,28,28,28,33,34,32,35,34,34,34,35,35,33,37,35,35,34,37,33,34,38,36,34,36,38,37,36,35,37,27,39,38,37,35,34,37,36,35,35,32,35,36,35,36,34,13,37,38,38,17,38,37,27,36,35,37,36,35,41,35,0,27,32,36,36,36,32,41,38,38,34,36,39,31,35,27,28,7,28,27,27,27,28,28,27,27,28,27,27,28,27,25,16,3,4,3,5,6,16,0,5,4,5,6,5,5,6,5,6,6,6,4,13,3,5,15,4,3,3,13,4,5,4,4,4,6,5,5,5,5,0,5,5,4,6,3,5,5,5,6,0,5,5,5,5,7,9,6,1,5,2,5,0,3,5,6,5,3,0,6,4,3,4,12,4,14,3,3,6,4,5,5,2,14,3,9,4,4,3,5,5,4,3,3,3,4,4,3,4,3,4,3,3,3,5,4,6,4,4,3,4,4,5,4,4,5,3,3,3,3,3,3,3,4,3,5,3,3,4,3,4,4,3,1,5,3,4,4,3,4,4,3,3,2,3,3,3,5,3,3,3,3,3,3,3,3,3,3,3,3,3,3,4,3,3,3,3,4,3,3,3,1,4,3,4,3,3,1,1,2,1,3,1,0,3,2,0,0,0,0,3,4,3,2,1,0,0,4,0,0,4,3,0,0,3,3,3,0,2,0,3,2,3,4,1,3,3,1,3,0,2,3,3,0,3,0,3,3,3,1,0,3,3,3,3,0,0,0,0,0,3,3,3,4,1,3,3,3,4,4,4,4,4,3,3,4,3,3,4,3,3,4,3,3,4,3,4,2,3,4,4,3,3,3,4,4,4,3,4,5,3,0,3,3,0,3,3,4,1,3,3,3,3,3,3,4,4,4,3,3,4,0,3,2,3,3,4,4,2,4,3,4,3,3,3,2,4,3,3,4,4,3,3,3,3,3,3,3,3,4,1,3,3,3,3,4,4,2,3,2,1,3,3,3,4,3,2,3,4,3,3,0,0,4,3,4,4
EPI_ISL_8205813,7,8,7,7,7,5,7,4,4,4,4,7,7,7,7,7,6,7,7,7,7,42,39,39,39,39,39,39,39,39,39,39,39,39,39,6,6,5,6,38,38,5,38,38,6,6,6,5,38,38,42,6,4,30,42,42,42,42,42,27,28,27,27,26,28,27,27,27,28,27,28,28,29,27,28,27,27,28,27,27,27,27,27,27,27,17,27,27,28,25,28,27,27,27,27,26,27,28,26,27,28,9,28,27,27,12,28,28,17,27,27,27,27,27,27,27,27,0,26,27,27,27,25,25,26,26,28,27,27,26,27,42,42,7,42,42,42,42,42,42,43,42,42,43,42,42,43,40,30,4,4,3,5,7,5,0,5,4,5,6,5,5,6,5,6,7,6,4,6,3,6,6,4,3,3,6,4,5,4,4,4,6,5,5,5,5,0,5,5,3,6,3,5,5,5,6,0,3,5,5,5,6,3,6,0,5,2,3,0,4,3,6,5,3,0,6,4,3,4,6,4,6,3,3,6,4,5,5,2,5,3,3,4,4,3,5,5,4,3,3,3,4,3,3,3,3,3,3,3,3,3,3,7,3,3,3,3,3,3,3,3,3,3,3,3,3,3,3,3,4,4,6,3,3,3,3,4,3,3,1,6,3,4,4,3,4,3,3,3,2,3,3,3,4,3,3,3,3,3,3,3,3,3,3,3,3,3,3,3,3,3,3,4,3,3,3,3,1,3,3,3,3,2,1,1,2,1,3,1,0,3,2,0,0,0,0,3,3,3,2,1,0,0,3,0,0,3,3,0,0,3,2,3,0,2,0,3,2,3,3,1,3,2,1,3,0,2,3,3,0,3,0,3,3,3,1,0,3,3,4,3,0,0,0,0,0,3,4,3,3,1,3,3,3,3,3,3,3,3,3,3,3,3,3,3,3,3,3,3,3,3,3,3,2,3,3,3,3,3,3,3,3,3,3,3,3,3,0,3,2,0,3,3,3,1,3,3,3,3,3,3,3,3,3,3,3,3,0,3,2,3,3,3,3,2,3,3,3,3,3,3,2,3,2,3,3,3,3,3,3,3,3,3,3,3,4,1,3,3,3,3,3,3,2,3,2,1,3,3,3,3,3,2,3,3,3,3,0,0,3,3,3,3
EPI_ISL_6011788,6,6,6,6,6,5,6,3,3,3,3,7,6,6,6,6,5,6,6,6,6,26,25,25,25,25,25,25,25,25,25,25,25,25,25,5,5,5,5,25,25,5,25,25,5,5,5,5,25,25,26,5,3,16,26,26,26,26,26,32,32,32,33,33,33,32,33,33,32,32,33,33,33,33,32,32,33,32,32,32,34,34,33,31,32,23,33,33,33,30,33,33,33,32,32,27,33,32,32,33,32,13,33,33,33,16,33,33,23,34,33,33,33,32,36,32,32,26,0,33,34,33,26,29,30,32,32,33,34,28,31,26,26,6,27,26,26,26,26,26,26,26,26,26,26,26,26,25,15,3,4,3,5,6,12,0,5,4,5,6,5,5,6,5,6,6,6,4,12,3,5,12,4,3,3,12,4,5,4,4,4,6,5,5,5,5,0,5,5,3,6,3,5,6,5,6,0,4,5,5,5,6,8,6,0,5,2,4,0,3,5,6,5,3,0,6,4,3,4,12,4,12,3,3,6,4,5,5,2,12,3,9,4,4,3,5,5,4,3,3,3,4,3,3,3,3,3,3,3,3,4,3,6,3,3,3,3,3,4,3,3,4,3,3,3,3,3,3,3,4,3,5,3,3,3,3,4,3,3,1,5,3,4,4,3,4,3,3,3,2,3,3,3,4,3,3,3,3,3,3,3,3,3,3,4,3,3,3,3,4,3,3,3,3,4,3,3,1,3,3,3,3,2,1,1,2,1,3,1,0,3,2,0,0,0,0,3,3,3,2,1,0,0,3,0,0,3,3,0,0,3,2,3,0,2,0,3,2,3,4,1,3,2,1,3,0,2,3,3,0,3,0,3,3,3,1,0,3,3,3,3,0,0,0,0,0,3,3,3,3,1,3,3,3,3,3,3,3,3,3,3,3,3,3,3,3,3,3,3,3,3,3,3,2,3,3,3,3,3,3,3,3,3,3,3,4,3,0,3,2,0,3,3,3,1,3,3,3,3,3,3,3,3,3,3,3,3,0,3,2,3,3,3,3,2,3,3,3,3,3,3,2,3,2,3,3,3,3,3,3,3,3,3,3,3,4,1,3,3,3,3,3,3,2,3,2,1,3,3,3,3,3,2,3,4,3,3,0,0,4,3,3,3
EPI_ISL_6011801,7,7,7,7,7,5,7,3,3,3,3,6,6,6,6,6,5,6,6,7,7,27,26,25,25,26,26,25,25,25,26,25,25,25,25,5,5,5,5,26,26,5,26,26,5,5,5,5,26,26,28,5,3,17,28,28,28,28,28,35,36,34,37,36,36,36,36,37,35,36,37,37,36,36,35,36,37,36,36,35,35,36,38,34,36,26,37,38,38,34,36,38,36,35,35,29,35,36,34,33,34,11,38,38,38,18,38,38,26,34,36,37,36,34,35,35,36,27,33,0,34,36,27,31,32,35,34,36,34,31,33,27,28,7,27,27,27,27,28,28,27,27,28,27,27,28,27,25,16,3,4,3,5,6,15,0,5,4,5,6,5,5,6,5,6,6,6,4,14,3,5,15,4,3,3,14,4,5,4,4,4,6,5,5,5,5,0,5,5,3,6,3,5,5,5,6,0,4,5,5,5,6,9,6,1,5,2,4,0,3,5,6,5,3,0,6,4,3,4,14,4,15,3,3,6,4,5,5,2,14,3,11,5,4,3,5,5,5,3,3,3,4,3,3,3,3,3,3,3,3,5,3,6,3,3,3,3,3,5,3,3,5,3,3,3,3,3,3,3,4,3,5,3,3,3,3,4,3,3,1,5,3,4,4,3,4,3,3,3,2,3,3,3,5,3,3,3,3,3,3,3,3,3,3,3,3,3,3,3,3,3,3,3,3,3,3,3,1,3,3,3,3,2,1,1,2,1,3,1,0,3,2,0,0,0,0,3,3,3,2,1,0,0,3,0,0,3,3,0,0,3,2,3,0,2,0,3,2,3,4,1,3,2,1,3,0,2,3,3,0,3,0,3,3,3,1,0,3,3,3,3,0,0,0,0,0,3,3,3,3,1,3,3,3,3,3,3,3,3,3,3,3,3,3,3,3,3,3,3,3,3,3,3,2,3,3,3,3,3,3,3,3,3,3,3,5,3,0,3,2,0,3,3,3,1,3,3,3,3,3,3,3,3,3,3,3,3,0,3,2,3,3,3,3,2,3,3,3,3,3,3,2,3,2,3,3,3,3,3,3,3,3,3,3,3,4,1,3,3,3,3,3,3,2,3,2,1,3,3,3,3,3,2,3,3,3,3,0,0,3,3,3,3
EPI_ISL_6011802,6,6,6,6,6,5,6,3,3,3,3,6,6,6,6,6,5,6,6,6,6,27,25,25,25,25,25,25,25,25,25,25,25,25,25,5,5,5,5,25,25,5,25,25,5,5,5,5,25,25,27,5,3,17,27,27,27,27,27,33,33,32,34,33,34,33,35,34,33,34,34,34,34,44,33,33,35,33,33,34,39,35,34,33,34,25,35,35,34,32,34,34,35,34,34,29,35,34,33,37,33,10,35,35,35,16,35,34,25,38,34,35,35,34,34,34,36,27,34,34,0,34,28,33,34,36,34,35,38,30,33,27,27,6,29,27,27,27,27,27,27,27,27,27,27,27,27,25,16,3,4,3,5,6,13,0,5,4,5,6,5,5,6,5,6,6,6,4,13,3,5,13,4,3,3,12,4,5,4,4,4,6,5,5,5,5,0,5,5,3,6,3,5,5,5,6,0,4,5,5,5,6,8,6,0,5,2,4,0,3,5,6,5,3,0,6,4,3,4,12,4,13,3,3,6,4,5,5,2,12,3,9,4,4,3,5,5,4,3,3,3,4,3,3,4,3,4,3,3,3,4,3,6,3,3,3,3,3,4,3,3,4,3,3,3,3,3,3,3,4,3,5,3,3,3,3,4,3,3,1,5,3,4,4,3,4,3,3,3,2,3,3,3,4,3,3,3,3,3,3,3,3,3,3,3,3,3,3,3,3,3,3,3,3,3,3,3,1,3,3,3,3,2,1,1,2,1,3,1,0,3,2,0,0,0,0,3,3,3,2,1,0,0,3,0,0,3,3,0,0,3,2,3,0,2,0,3,2,3,4,1,3,2,1,3,0,2,3,3,0,3,0,3,3,3,1,0,3,3,3,3,0,0,0,0,0,3,3,3,3,1,3,3,3,3,3,3,3,3,3,3,3,3,3,3,3,3,3,3,3,3,3,3,2,3,3,3,3,3,3,3,3,3,3,3,4,3,0,3,2,0,3,3,3,1,3,3,3,3,3,3,3,3,3,3,3,3,0,3,2,3,3,3,3,2,3,3,3,3,3,3,2,3,2,3,3,3,3,3,3,3,3,3,3,3,4,1,3,3,3,3,3,3,2,3,2,1,3,3,3,3,3,2,3,3,3,3,0,0,3,3,3,3
EPI_ISL_6011799,6,6,6,6,6,5,6,3,3,3,3,6,6,6,6,6,5,6,6,6,6,27,26,25,25,26,26,25,25,25,26,25,25,25,25,5,5,5,5,26,26,5,26,26,5,5,5,5,26,26,28,5,3,17,28,28,28,29,28,34,35,33,36,35,35,35,35,36,34,36,36,36,35,35,34,35,37,36,35,35,35,37,36,35,36,26,37,36,36,34,35,36,36,35,35,29,35,36,35,33,34,10,36,36,36,17,36,36,26,34,36,37,36,34,33,35,36,27,33,36,34,0,27,31,31,34,34,36,34,31,33,27,28,7,27,27,27,27,28,28,27,27,28,27,27,28,27,25,17,3,4,4,5,6,14,0,5,4,5,6,5,5,6,5,6,6,6,4,13,4,5,14,4,4,4,13,4,5,4,4,5,6,5,5,5,5,0,5,5,4,6,3,5,5,5,6,0,5,5,5,5,6,11,6,0,5,2,4,0,3,5,6,5,3,0,6,4,3,4,13,4,13,3,3,6,5,5,5,2,13,3,11,4,4,3,5,5,4,3,3,3,4,4,4,4,3,4,3,3,3,5,4,6,4,4,3,4,4,5,4,4,5,4,3,3,3,3,3,3,4,3,5,3,3,4,3,4,4,3,1,5,3,4,4,3,4,4,3,3,2,3,3,3,5,3,3,3,3,3,3,3,3,3,3,3,3,3,3,4,3,3,3,3,4,3,3,3,1,4,3,5,3,3,1,1,2,1,3,1,0,3,2,0,0,0,0,3,4,3,2,1,0,0,4,0,0,4,3,0,0,3,3,3,0,2,0,3,2,3,4,1,3,3,1,3,0,2,3,3,0,3,0,3,3,3,1,0,3,3,3,3,0,1,0,0,0,3,3,3,4,1,3,3,3,4,4,4,4,4,3,3,4,3,3,4,3,3,4,3,3,4,3,5,2,3,4,4,3,3,3,4,4,4,3,4,5,3,0,3,3,0,3,3,4,1,3,3,3,3,3,3,4,4,4,3,3,4,0,3,2,3,3,4,4,2,4,3,4,3,3,3,2,4,3,3,4,4,3,3,3,3,3,3,3,3,4,1,4,3,3,3,4,4,2,3,2,1,3,3,3,4,3,2,3,4,3,3,0,0,4,3,4,4
EPI_ISL_6011795,7,7,7,7,7,5,7,3,3,3,3,6,6,6,6,6,5,6,6,7,7,25,23,23,23,23,23,23,23,23,23,23,23,23,23,5,5,5,5,23,23,5,23,23,5,5,5,5,23,23,25,5,3,17,25,25,25,25,25,25,25,25,26,25,26,25,26,26,25,30,26,26,26,27,25,26,29,28,25,29,30,28,27,29,30,22,30,29,28,28,26,28,27,27,27,27,27,28,27,32,26,13,28,29,29,11,29,28,21,29,26,28,27,27,29,27,32,25,26,27,28,27,0,32,33,31,27,27,28,26,27,25,25,6,26,25,25,25,25,25,25,25,25,25,25,25,25,23,16,3,4,3,5,6,10,0,5,4,5,6,5,5,6,5,6,6,6,4,8,3,5,10,4,3,3,8,4,5,4,4,4,6,5,5,5,5,0,5,5,4,6,3,5,5,5,6,0,4,5,5,5,7,5,6,1,5,2,3,0,3,4,6,5,3,0,6,4,3,4,7,4,10,3,3,6,4,5,5,2,9,3,3,4,4,3,5,5,4,3,3,3,4,4,3,4,3,4,3,3,3,4,4,6,4,4,3,4,4,4,4,4,4,3,3,3,3,3,3,3,4,3,5,3,3,4,3,4,4,3,1,5,3,4,4,3,4,4,3,3,2,3,3,3,4,3,3,3,3,3,3,3,3,3,3,3,3,3,3,4,3,3,3,3,4,3,3,3,1,4,3,4,3,3,1,1,2,1,3,1,0,3,2,0,0,0,0,3,4,3,2,1,0,0,4,0,0,4,3,0,0,3,3,3,0,2,0,3,2,3,3,1,3,3,1,3,0,2,3,3,0,3,0,3,3,3,1,0,3,3,3,3,0,0,0,0,0,3,3,3,4,1,3,3,3,4,4,4,4,4,3,3,4,3,3,4,3,3,4,3,3,4,3,4,2,3,4,4,3,3,3,4,4,4,3,4,4,3,0,3,3,0,3,3,4,1,3,3,3,3,3,3,4,4,4,3,3,4,0,3,2,3,3,4,4,2,4,3,4,3,3,3,2,4,3,3,4,4,3,3,3,3,3,3,3,3,4,1,3,3,3,3,4,4,2,3,2,1,3,3,3,4,3,2,3,4,3,3,0,0,4,3,4,4
EPI_ISL_6011814,7,7,7,7,7,5,7,3,3,3,3,6,6,6,6,6,5,6,6,7,7,25,23,23,23,23,23,23,23,23,23,23,23,23,23,5,5,5,5,23,23,5,23,23,5,5,5,5,23,23,25,5,3,16,25,25,25,25,25,30,30,29,30,29,30,30,31,30,30,33,30,30,30,33,30,29,33,31,30,33,35,32,31,33,33,25,34,33,32,32,30,32,31,30,30,29,31,31,30,33,30,15,32,34,33,15,33,32,24,33,30,32,31,31,44,30,41,25,29,31,33,31,32,0,39,36,30,31,41,29,31,25,25,6,27,25,25,25,25,25,25,25,25,25,25,25,25,23,15,3,4,3,5,6,14,0,5,4,5,6,5,5,6,5,6,6,6,4,12,3,5,15,4,3,3,12,4,5,4,4,4,6,5,5,5,5,1,5,5,4,6,3,5,5,5,6,0,5,5,5,5,7,9,6,2,5,2,4,1,3,5,6,5,3,0,6,4,3,4,12,4,13,3,3,6,4,5,5,2,12,3,8,4,3,3,5,5,4,3,3,3,3,4,3,4,3,4,3,3,3,3,4,6,4,4,3,4,4,3,4,4,3,3,3,3,3,3,3,3,3,4,5,3,3,4,3,3,4,3,1,5,3,3,3,3,4,4,3,3,2,3,3,3,5,3,3,3,3,3,3,3,3,3,3,3,3,3,3,4,3,3,3,3,4,3,3,3,1,4,3,4,3,3,1,1,2,1,3,1,0,3,2,0,0,0,0,3,4,3,2,1,0,0,4,0,0,4,3,0,0,3,3,3,0,2,0,3,2,3,4,1,3,3,1,3,0,2,3,3,0,3,0,3,3,3,1,0,3,3,3,3,0,0,0,0,0,3,3,3,4,1,3,3,3,4,4,4,4,4,3,3,4,3,3,4,3,3,4,3,3,4,3,4,2,3,4,4,3,3,3,4,4,4,3,4,3,3,0,3,3,0,3,3,4,1,3,3,3,3,3,3,4,4,4,3,3,4,0,3,2,3,3,4,4,2,4,3,4,3,3,3,2,4,3,3,4,4,3,3,3,3,3,3,3,3,4,1,3,3,3,3,4,4,2,3,2,1,3,3,3,4,3,2,3,4,3,3,0,0,4,3,4,4
EPI_ISL_6011812,7,7,7,7,7,5,7,3,3,3,3,6,6,6,6,6,5,6,6,7,7,26,24,24,24,24,24,24,24,24,24,24,24,24,24,5,5,5,5,24,24,5,24,24,5,5,5,5,24,24,26,5,3,17,26,26,26,26,26,31,31,30,31,30,31,31,32,31,31,33,31,31,31,34,31,30,33,31,31,33,35,32,32,33,33,25,34,34,33,31,31,33,32,31,31,30,32,31,30,36,31,14,33,34,34,16,34,33,24,38,31,33,32,32,37,31,38,26,30,32,34,31,33,39,0,41,31,32,34,30,32,26,26,6,28,26,26,26,26,26,26,26,26,26,26,26,26,24,16,3,4,3,5,6,13,0,5,4,5,6,5,5,6,5,6,6,6,4,12,3,5,13,4,3,3,12,4,5,4,4,4,6,5,5,5,5,0,5,5,3,6,3,5,5,5,6,0,4,5,5,5,7,8,6,1,5,2,4,0,3,5,6,5,3,0,6,4,3,4,11,4,13,3,3,6,4,5,5,2,12,3,8,4,4,3,5,5,4,3,3,3,4,3,3,3,3,3,3,3,3,3,3,6,3,3,3,3,3,3,3,3,3,3,3,3,3,3,3,3,4,3,5,3,3,3,3,4,3,3,1,5,3,4,4,3,4,3,3,3,2,3,3,3,5,3,3,3,3,3,3,3,3,3,3,3,3,3,3,3,3,3,3,3,3,3,3,3,1,3,3,3,3,2,1,1,2,1,3,1,0,3,2,0,0,0,0,3,3,3,2,1,0,0,3,0,0,3,3,0,0,3,2,3,0,2,0,3,2,3,4,1,3,2,1,3,0,2,3,3,0,3,0,3,3,3,1,0,3,3,3,3,0,0,0,0,0,3,3,3,3,1,3,3,3,3,3,3,3,3,3,3,3,3,3,3,3,3,3,3,3,3,3,3,2,3,3,3,3,3,3,3,3,3,3,3,3,3,0,3,2,0,3,3,3,1,3,3,3,3,3,3,3,3,3,3,3,3,0,3,2,3,3,3,3,2,3,3,3,3,3,3,2,3,2,3,3,3,3,3,3,3,3,3,3,3,4,1,3,3,3,3,3,3,2,3,2,1,3,3,3,3,3,2,3,3,3,3,0,0,3,3,3,3
EPI_ISL_6011811,7,7,7,7,7,5,7,3,3,3,3,6,6,6,6,6,5,6,6,7,7,26,24,24,24,24,24,24,24,24,24,24,24,24,24,5,5,5,5,24,24,5,24,24,5,5,5,5,24,24,26,5,3,17,26,26,26,26,26,33,33,32,34,33,34,33,35,34,33,36,34,34,34,37,33,33,36,34,33,36,37,35,35,35,36,28,37,37,36,34,34,36,35,34,34,29,35,34,33,37,33,12,36,37,37,17,37,36,27,40,34,36,35,34,37,34,38,26,32,35,36,34,31,36,41,0,34,35,36,30,32,26,26,6,27,26,26,26,26,26,26,26,26,26,26,26,26,24,16,3,4,3,5,6,16,0,5,4,5,6,5,5,6,5,6,6,6,4,14,3,5,15,4,3,3,13,4,5,4,4,4,6,5,5,5,5,0,5,5,3,6,3,5,5,5,6,0,4,5,5,5,6,10,6,1,5,2,4,0,3,5,6,5,3,0,6,4,3,4,13,4,15,3,3,6,4,5,5,2,14,3,10,4,4,3,5,5,4,3,3,3,4,3,3,3,3,3,3,3,3,4,3,6,3,3,3,3,3,4,3,3,4,3,3,3,3,3,3,3,4,3,5,3,3,3,3,4,3,3,1,5,3,4,4,3,4,3,3,3,2,3,3,3,5,3,3,3,3,3,3,3,3,3,3,3,3,3,3,3,3,3,3,3,3,3,3,3,1,3,3,3,3,2,1,1,2,1,3,1,0,3,2,0,0,0,0,3,3,3,2,1,0,0,3,0,0,3,3,0,0,3,2,3,0,2,0,3,2,3,4,1,3,2,1,3,0,2,3,3,0,3,0,3,3,3,1,0,3,3,3,3,0,0,0,0,0,3,3,3,3,1,3,3,3,3,3,3,3,3,3,3,3,3,3,3,3,3,3,3,3,3,3,3,2,3,3,3,3,3,3,3,3,3,3,3,4,3,0,3,2,0,3,3,3,1,3,3,3,3,3,3,3,3,3,3,3,3,0,3,2,3,3,3,3,2,3,3,3,3,3,3,2,3,2,3,3,3,3,3,3,3,3,3,3,3,4,1,3,3,3,3,3,3,2,3,2,1,3,3,3,3,3,2,3,3,3,3,0,0,3,3,3,3
EPI_ISL_6011800,6,6,6,6,6,5,6,3,3,3,3,6,6,6,6,6,5,6,6,6,6,27,25,25,25,25,25,25,25,25,25,25,25,25,25,5,5,5,5,25,25,5,25,25,5,5,5,5,25,25,27,5,3,17,27,27,27,27,27,33,33,32,34,33,36,33,34,34,33,35,34,34,35,34,33,34,35,34,33,35,34,35,34,34,35,25,35,35,34,33,35,34,35,35,35,29,35,35,35,33,34,10,35,35,35,16,35,34,25,34,34,35,35,34,32,35,34,28,32,34,34,34,27,30,31,34,0,35,34,30,32,27,27,6,27,27,27,27,27,27,28,27,27,28,27,27,28,26,16,3,4,3,5,6,13,0,5,4,5,6,5,5,6,5,6,6,6,4,13,3,5,13,4,3,3,12,4,5,4,5,4,6,6,5,5,5,0,5,5,3,6,3,6,5,5,6,0,4,5,5,5,6,9,6,0,5,2,4,0,3,5,6,5,3,1,6,4,3,4,12,4,13,3,3,6,4,5,5,2,12,3,9,4,4,3,5,5,4,3,3,3,4,3,3,3,3,3,3,3,3,4,3,6,3,3,3,3,3,4,4,3,4,3,3,3,3,3,3,4,4,3,5,3,3,3,3,4,3,3,1,5,4,4,4,3,4,3,3,3,2,3,3,3,5,3,3,3,3,3,3,3,3,3,3,3,3,3,3,3,3,3,3,3,3,3,3,3,1,3,3,3,3,2,1,1,2,1,3,1,0,3,2,0,0,0,0,3,3,3,2,1,0,0,3,0,0,3,3,0,0,3,2,3,0,2,0,3,2,3,4,1,3,2,1,3,0,2,3,3,0,3,0,3,3,3,1,0,3,3,3,3,0,0,0,0,0,3,3,3,3,1,3,3,3,3,3,3,3,3,3,3,3,3,3,3,3,3,3,3,3,3,3,3,2,3,3,3,3,3,3,3,3,3,3,3,4,3,0,3,2,0,3,3,3,1,3,3,3,3,3,3,3,3,3,3,3,3,0,3,2,3,3,3,3,2,3,3,3,3,3,3,2,3,2,3,3,3,3,3,3,3,3,3,3,3,4,1,3,3,3,3,3,3,2,3,2,1,3,3,3,3,3,2,3,3,3,3,0,0,3,3,3,3
EPI_ISL_6011797,6,6,6,6,6,5,6,3,3,3,3,6,6,6,6,6,5,6,6,6,6,27,26,25,25,26,26,25,25,25,26,25,25,25,25,5,5,5,5,26,26,5,26,26,5,5,5,5,26,26,28,5,3,17,28,28,29,28,28,34,35,33,36,35,35,35,35,36,34,36,36,36,35,35,34,35,37,35,35,35,35,37,36,34,36,26,37,37,36,34,35,36,37,36,36,30,36,36,35,34,35,10,37,37,37,17,37,36,26,35,36,37,37,35,33,36,36,27,33,36,35,36,27,31,32,35,35,0,35,31,35,27,28,7,27,27,27,27,28,28,27,27,28,27,27,29,28,26,16,3,4,3,5,6,14,0,5,4,5,6,5,5,6,5,6,6,6,4,14,3,5,14,4,3,3,13,4,5,4,5,4,6,5,5,5,5,0,5,5,3,6,3,5,5,5,6,0,4,5,5,5,6,9,6,0,5,2,4,0,3,5,6,5,3,0,6,4,3,4,13,4,14,3,3,6,4,5,6,2,13,3,10,4,4,3,5,5,4,3,3,3,4,3,3,3,3,3,3,3,3,5,3,6,3,3,3,3,3,5,3,3,5,3,3,3,3,3,3,3,4,3,5,3,3,3,3,4,3,3,1,5,3,4,4,3,4,3,3,3,3,3,3,3,5,3,3,3,3,3,3,3,3,3,3,4,3,3,3,3,4,3,3,3,3,4,3,3,1,3,3,3,3,2,1,1,2,1,3,1,0,3,2,0,0,0,0,3,3,3,2,1,0,0,3,0,0,3,3,0,0,3,2,3,0,2,0,3,2,3,4,1,3,2,1,3,0,2,3,3,0,3,0,3,3,3,1,0,3,3,3,3,0,0,0,0,0,3,3,3,3,1,3,3,3,3,3,3,3,3,3,3,3,3,3,3,3,3,3,3,3,3,3,3,2,3,3,3,3,3,3,3,3,3,3,3,5,3,0,3,2,0,3,3,3,1,3,3,3,3,3,3,3,3,3,3,3,3,0,3,2,3,3,3,3,2,3,3,3,3,3,3,2,3,2,3,3,3,3,3,3,3,3,3,3,3,4,1,3,3,3,3,3,3,2,3,2,1,3,3,3,3,3,2,3,3,3,3,0,0,3,3,3,3
EPI_ISL_6011798,6,6,6,6,6,5,6,3,3,3,3,6,6,6,6,6,5,6,6,6,6,27,25,25,25,25,25,25,25,25,25,25,25,25,25,5,5,5,5,25,25,5,25,25,5,5,5,5,25,25,27,5,3,17,27,27,27,27,27,33,33,32,34,33,34,33,35,34,33,34,34,34,34,36,33,33,35,33,33,34,38,35,34,33,34,25,35,35,34,32,34,34,35,34,34,29,35,34,33,37,33,10,35,36,35,16,35,34,25,38,34,35,35,34,42,34,39,27,34,34,38,34,28,41,34,36,34,35,0,29,33,27,27,6,29,27,27,27,27,27,27,27,27,27,27,27,27,25,16,3,4,3,5,6,13,0,5,4,5,6,5,5,6,5,6,6,6,4,13,3,5,13,4,3,3,12,4,5,4,4,4,6,5,5,5,5,0,5,5,3,6,3,5,5,5,6,0,4,5,5,5,6,8,6,0,5,2,4,0,3,5,6,5,3,0,6,4,3,4,12,4,13,3,3,6,4,5,5,2,12,3,9,4,4,3,5,5,4,3,3,3,4,3,3,3,3,3,3,3,3,4,3,6,3,3,3,3,3,4,3,3,4,3,3,3,3,3,3,3,4,4,5,3,3,3,3,4,3,3,1,5,3,4,4,3,4,3,3,3,2,3,3,3,4,3,3,3,3,3,3,3,3,3,3,3,3,3,3,3,3,3,3,3,3,3,3,3,1,3,3,3,3,2,1,1,2,1,3,1,0,3,2,0,0,0,0,3,3,3,2,1,0,0,3,0,0,3,3,0,0,3,2,3,0,2,0,3,2,3,4,1,3,2,1,3,0,2,3,3,0,3,0,3,3,3,1,0,3,3,3,3,0,0,0,0,0,3,3,3,3,1,3,3,3,3,3,3,3,3,3,3,3,3,3,3,3,3,3,3,3,3,3,3,2,3,3,3,3,3,3,3,3,3,3,3,4,3,0,3,2,0,3,3,3,1,3,3,3,3,3,3,3,3,3,3,3,3,0,3,2,3,3,3,3,2,3,3,3,3,3,3,2,3,2,3,3,3,3,3,3,3,3,3,3,3,4,1,3,3,3,3,3,3,2,3,2,1,3,3,3,3,3,2,3,3,3,3,0,0,3,3,3,3
EPI_ISL_6011794,6,6,6,6,6,5,6,3,3,3,3,6,6,6,6,6,5,6,6,7,6,26,25,24,24,25,25,24,24,24,25,24,24,24,24,5,5,5,5,25,25,5,25,25,5,5,5,5,25,25,27,5,3,17,27,27,27,27,27,30,31,29,31,33,30,31,30,31,30,31,31,31,30,31,30,31,31,31,31,30,29,31,31,30,31,21,31,31,31,30,30,31,31,31,31,28,30,34,33,29,30,10,31,31,31,15,31,31,21,29,31,31,31,30,30,31,31,26,28,31,30,31,26,29,30,30,30,31,29,0,30,26,27,7,26,26,26,26,27,27,26,26,27,26,26,27,26,24,16,3,4,3,5,6,9,0,5,4,5,6,5,5,6,5,6,6,6,4,10,3,5,10,4,3,3,10,4,5,4,4,4,7,5,5,5,5,0,5,5,3,6,3,5,5,5,6,0,4,5,5,5,6,7,6,0,5,2,4,0,3,5,6,5,3,0,6,4,3,4,10,4,10,3,3,6,4,5,5,2,9,3,7,4,4,3,5,5,4,3,3,3,4,3,3,4,3,4,3,3,3,4,3,6,3,3,3,3,3,4,3,3,4,3,4,3,3,3,3,3,4,3,5,3,3,3,3,4,3,3,1,5,3,4,4,3,4,3,3,3,2,3,3,3,5,3,3,3,3,3,3,3,3,3,3,3,3,3,3,3,3,3,3,3,3,3,3,3,1,3,3,3,3,2,1,1,2,1,3,1,0,3,2,0,0,0,0,3,3,3,2,1,0,0,3,0,0,3,3,0,0,3,2,3,0,2,0,3,2,3,4,1,3,2,1,3,0,2,3,3,0,3,0,3,3,3,1,0,3,3,3,3,0,0,0,0,0,3,3,3,3,1,3,3,3,3,3,3,3,3,3,3,3,3,3,3,3,3,3,3,3,3,3,3,2,3,3,3,3,3,3,3,3,3,3,3,4,3,0,3,2,0,3,3,3,1,3,3,3,3,3,3,3,3,3,3,3,3,0,3,2,3,3,3,3,2,3,3,3,3,3,3,2,3,2,3,3,3,3,3,3,3,3,3,3,3,4,1,3,3,3,3,3,3,2,3,2,1,3,3,3,3,3,2,3,3,3,3,0,0,3,3,3,3
EPI_ISL_6011813,6,6,6,6,6,5,6,3,3,3,3,6,6,6,6,6,5,6,6,6,6,27,26,25,25,26,26,25,25,25,26,25,25,25,25,5,5,5,5,26,26,5,26,26,5,5,5,5,26,26,28,5,3,17,28,28,37,28,28,32,33,31,33,32,32,33,32,33,32,33,33,33,32,32,32,32,34,32,33,32,33,34,33,31,33,23,34,34,33,31,32,33,34,33,33,31,33,33,32,33,33,11,34,34,34,16,34,33,23,33,33,34,34,33,33,33,35,27,31,33,33,33,27,31,32,32,32,35,33,30,0,27,28,7,27,27,27,27,28,28,27,27,28,27,27,28,28,26,16,3,4,3,5,6,11,0,5,4,5,6,5,5,6,5,6,6,6,4,11,3,5,11,5,3,3,10,4,5,4,5,4,6,5,5,5,5,0,5,5,3,6,3,5,5,5,6,0,5,5,5,5,8,7,6,0,5,2,4,0,3,5,6,5,3,0,6,4,3,4,10,4,12,3,3,6,4,5,5,2,10,3,8,4,4,3,5,5,4,3,3,3,4,3,3,3,3,3,3,3,3,4,3,6,3,3,3,3,3,4,3,3,4,3,3,3,3,3,3,3,4,3,5,3,3,3,3,4,3,3,1,5,3,4,4,3,4,3,3,3,2,3,3,3,4,3,3,3,3,3,3,3,3,3,3,4,3,3,3,3,4,3,3,3,3,4,3,3,1,3,3,3,3,2,1,1,2,1,3,1,0,3,2,0,0,0,0,3,3,3,2,1,0,0,3,0,0,3,3,0,2,3,2,3,0,2,0,3,2,3,4,1,3,2,1,3,0,2,3,3,0,3,0,3,3,3,1,0,3,3,3,3,0,0,0,0,0,3,3,3,3,1,3,3,3,3,3,3,3,3,3,3,3,3,3,3,3,3,3,3,3,3,3,3,2,3,3,3,3,3,3,3,3,3,3,3,4,3,0,3,2,0,3,3,3,1,3,3,3,3,3,3,3,3,3,3,3,3,0,3,2,3,3,3,3,2,3,3,3,3,3,3,2,3,2,3,3,3,3,3,3,3,3,3,3,3,4,1,3,3,3,3,3,3,2,3,2,1,3,3,3,3,3,2,3,3,3,3,0,0,3,3,3,3
EPI_ISL_8215713,7,8,7,7,7,5,7,4,4,4,4,7,7,7,7,7,6,7,7,7,7,54,45,39,39,45,45,39,39,39,45,39,39,39,39,6,6,5,6,38,38,5,38,38,6,6,6,5,38,38,42,6,4,30,42,42,42,42,42,27,28,27,27,26,27,27,28,27,34,27,28,28,28,27,28,27,27,28,27,26,27,27,27,26,27,17,27,27,28,25,27,27,27,27,28,26,33,28,26,27,27,9,28,27,27,12,28,28,17,27,27,27,27,27,27,27,27,42,26,27,27,27,25,25,26,26,27,27,27,26,27,0,42,7,42,48,55,55,42,42,42,42,42,42,48,42,42,39,30,4,4,3,5,7,5,0,5,4,5,6,5,5,6,5,6,7,6,4,6,3,6,6,4,3,3,6,4,5,4,4,4,6,5,5,5,5,0,5,5,3,7,3,5,5,5,6,0,3,5,5,5,6,3,7,0,5,2,3,0,4,3,6,5,3,0,6,4,3,4,7,4,6,3,3,6,4,5,5,2,6,3,3,4,4,3,5,5,4,3,3,3,4,4,3,3,3,3,3,3,3,3,3,7,3,3,3,3,3,3,3,3,3,3,3,3,3,3,3,3,4,3,6,3,3,3,3,5,3,3,1,6,3,4,5,3,4,3,3,3,2,3,3,3,4,3,3,3,3,3,3,3,3,3,3,3,3,3,3,3,3,3,3,3,3,3,3,3,1,3,3,3,3,2,1,1,2,1,3,1,0,3,2,0,0,0,0,3,3,3,2,1,0,0,3,0,0,3,3,0,0,3,2,3,0,2,0,3,2,3,3,1,3,2,1,3,0,2,3,3,0,3,0,3,3,3,1,0,3,3,3,3,0,0,0,0,0,3,3,3,3,1,3,3,3,3,3,3,3,3,3,3,3,3,3,3,3,3,3,3,3,3,3,3,2,3,3,3,3,3,3,3,3,3,3,3,3,3,0,3,2,0,3,3,3,1,3,3,3,3,3,3,3,3,3,3,3,3,0,3,2,3,3,3,3,2,3,3,3,3,3,3,2,3,2,3,3,3,3,3,3,3,3,3,3,3,4,1,3,3,3,3,3,3,2,3,2,1,3,3,3,3,3,2,3,3,3,3,0,0,3,3,3,3
EPI_ISL_8215712,7,8,7,7,7,5,7,4,4,4,4,7,7,7,7,7,6,7,7,7,7,42,40,39,39,40,40,39,39,39,40,39,39,39,39,6,6,5,6,39,40,5,39,39,6,6,6,5,40,40,43,6,4,30,43,43,43,43,43,27,29,27,29,27,27,28,27,28,28,28,29,29,28,27,28,28,28,29,28,26,27,28,28,26,28,17,28,28,29,26,27,28,28,28,29,27,27,29,27,27,27,9,29,28,28,12,29,29,17,27,28,28,28,27,27,28,28,42,26,28,27,28,25,25,26,26,27,28,27,27,28,42,0,8,42,42,42,42,43,43,42,42,43,42,42,43,42,39,30,4,4,3,5,7,5,0,5,4,5,6,5,5,6,5,6,7,6,4,6,3,6,6,4,3,3,6,4,5,4,4,4,6,5,5,5,5,0,5,5,3,6,3,5,5,5,6,0,3,5,5,5,6,3,6,0,5,2,3,0,4,3,6,5,3,0,6,4,3,4,6,4,6,3,3,6,4,5,5,2,5,3,3,4,4,3,5,5,4,3,3,3,4,3,3,3,3,3,3,3,3,4,3,7,3,3,3,3,3,4,3,3,4,3,3,3,3,3,3,3,4,3,6,3,3,3,3,4,3,3,1,6,3,4,4,3,4,3,3,3,2,3,3,3,4,3,3,3,3,3,3,3,3,3,3,3,3,3,3,3,3,3,3,3,3,3,3,3,1,3,3,3,3,2,1,1,2,1,3,1,0,3,2,0,0,0,0,3,3,3,2,1,0,0,3,0,0,3,3,0,0,3,2,3,0,2,0,3,2,3,3,1,3,2,1,3,0,2,3,3,0,3,0,3,3,3,1,0,3,3,3,3,0,0,0,0,0,3,3,3,3,1,3,3,3,3,3,3,3,3,3,3,3,3,3,3,3,3,3,3,3,3,3,3,2,3,3,3,3,3,3,3,3,3,3,3,4,3,0,3,2,0,3,3,3,1,3,3,3,3,3,3,3,3,3,3,3,3,0,3,2,3,3,3,3,2,3,3,3,3,3,3,2,3,2,3,3,3,3,3,3,3,3,3,3,3,4,1,3,3,3,3,3,3,2,3,2,1,3,3,3,3,3,2,3,3,3,3,0,0,3,3,3,3
EPI_ISL_8215711,7,7,7,7,7,7,7,6,6,6,6,14,14,19,19,23,18,18,23,15,17,7,7,6,6,7,7,6,6,6,7,6,6,6,6,32,17,32,34,7,7,32,7,7,17,34,34,32,7,7,8,24,13,6,8,8,8,8,8,6,7,6,7,7,6,7,6,7,6,7,7,7,6,6,6,7,7,7,7,6,6,8,7,6,7,5,7,7,7,7,6,7,8,7,7,8,6,7,7,6,6,3,7,7,7,3,7,7,5,6,7,7,7,6,6,7,7,7,6,7,6,7,6,6,6,6,6,7,6,7,7,7,8,0,7,7,7,7,8,8,7,7,8,7,7,8,8,6,6,13,27,6,30,37,28,0,29,21,29,32,28,29,30,30,30,37,31,27,32,6,24,31,28,9,6,28,27,30,28,11,28,30,12,25,20,19,0,19,21,4,27,6,12,17,21,25,0,3,29,29,28,31,9,26,0,19,14,9,0,13,12,31,20,6,6,30,22,7,28,29,27,31,20,6,30,28,29,29,19,28,21,6,29,11,20,28,29,30,8,13,3,11,3,3,3,3,3,3,3,3,4,3,37,3,3,3,3,4,4,3,4,4,7,13,13,13,13,13,15,13,7,24,16,13,3,13,11,3,6,2,24,15,11,11,13,16,3,3,16,2,13,13,13,3,3,13,3,3,3,3,13,13,13,3,13,3,3,3,3,13,3,15,3,3,13,13,14,1,4,13,3,16,2,1,4,5,8,6,2,0,16,9,0,0,0,4,13,3,15,5,1,0,0,3,0,0,3,13,0,0,3,8,10,0,14,0,13,10,11,16,6,12,2,5,13,6,2,16,12,0,13,0,3,13,13,6,4,12,6,10,9,0,0,2,1,0,13,16,12,3,1,3,13,3,3,3,3,3,3,6,15,3,15,15,3,3,3,4,6,6,3,16,3,2,6,3,3,13,13,3,3,3,3,3,3,4,3,0,13,2,2,12,16,3,1,13,6,13,13,6,13,3,3,3,6,13,3,0,3,2,3,3,3,3,2,3,3,3,3,3,3,2,3,2,3,3,3,16,6,13,13,13,13,13,3,13,4,10,16,11,15,3,3,2,3,2,1,3,6,3,3,3,2,3,3,3,4,1,3,3,12,3,3
EPI_ISL_8215710,7,8,7,7,7,5,7,4,4,4,4,7,7,7,7,7,6,7,7,7,7,42,39,39,39,39,39,39,39,39,39,39,39,39,39,6,6,5,6,38,38,5,38,38,6,6,6,5,38,38,42,6,4,30,42,42,42,42,42,27,28,27,27,26,27,27,29,27,28,27,28,28,28,28,28,27,27,28,27,26,29,27,27,26,27,17,27,27,28,25,27,27,27,27,27,26,27,28,26,29,27,9,28,27,27,12,28,28,17,29,27,27,27,27,28,27,28,42,27,27,29,27,26,27,28,27,27,27,29,26,27,42,42,7,0,42,42,42,42,42,42,42,42,42,42,42,42,39,30,4,4,3,5,7,5,0,5,4,5,6,5,5,6,5,6,7,6,4,6,3,6,6,4,3,3,7,4,5,4,4,4,6,5,5,5,5,0,5,5,3,6,3,5,5,5,6,0,3,5,5,5,6,3,6,0,5,2,3,0,4,3,6,5,3,0,6,4,3,4,6,4,6,3,3,6,4,5,5,2,5,3,3,4,4,3,5,5,4,3,3,3,4,3,3,3,3,3,3,3,3,3,3,7,3,3,3,3,3,3,3,3,3,3,4,3,3,3,3,3,5,3,6,4,3,3,3,4,3,3,1,6,3,4,4,3,4,3,3,3,2,3,3,3,4,3,3,3,3,3,3,3,3,3,3,3,3,3,3,3,3,3,3,3,3,3,3,3,1,3,3,3,3,2,1,1,2,1,3,1,0,3,2,0,0,0,0,3,3,3,2,1,0,0,3,0,0,3,3,0,0,3,2,3,0,2,0,3,2,3,3,1,3,2,1,3,0,2,3,3,0,3,0,3,3,3,1,0,3,3,3,3,0,0,0,0,0,3,3,3,3,1,3,3,3,3,3,3,3,3,3,3,3,3,3,3,3,3,3,3,3,3,3,3,2,3,3,3,3,3,3,3,3,3,3,3,3,3,0,3,2,0,3,3,3,1,3,3,3,3,3,3,3,3,3,3,3,3,0,3,2,3,3,3,3,2,3,3,3,3,3,3,2,3,2,3,3,3,3,3,3,3,3,3,3,3,4,1,3,3,3,3,3,3,2,3,2,1,3,3,3,3,3,2,3,3,3,3,0,0,3,3,3,3
EPI_ISL_8215708,7,8,7,7,7,5,7,4,4,4,4,7,7,7,7,7,6,7,7,7,7,48,45,39,39,45,45,39,39,39,45,39,39,39,39,6,6,5,6,38,38,5,38,38,6,6,6,5,38,38,42,6,4,30,42,42,42,42,42,27,28,27,27,26,27,27,28,27,34,27,28,28,28,27,28,27,27,28,27,26,27,27,27,26,27,17,27,27,28,25,27,27,27,27,28,26,34,28,26,27,27,9,28,27,27,12,28,28,17,27,27,27,27,27,27,27,27,42,26,27,27,27,25,25,26,26,27,27,27,26,27,48,42,7,42,0,48,48,42,42,42,42,42,42,48,42,42,39,30,4,4,3,5,7,5,0,5,4,5,6,5,5,6,5,6,7,6,4,6,3,6,6,4,3,3,6,4,5,4,4,4,6,5,5,5,5,0,5,5,3,7,3,5,5,5,6,0,3,5,5,5,6,3,7,0,5,2,3,0,4,3,6,5,3,0,6,4,3,4,7,4,6,3,3,6,4,5,5,2,6,3,3,4,4,3,5,5,4,3,3,3,4,3,3,3,3,3,3,3,3,3,3,7,3,3,3,3,3,3,3,3,3,3,3,3,3,3,3,3,4,3,6,3,3,3,3,4,3,3,1,6,3,4,4,3,4,3,3,3,2,3,3,3,4,3,3,3,3,3,3,3,3,3,3,3,3,3,3,3,3,3,3,3,3,3,3,3,1,3,3,3,3,2,1,1,2,1,3,1,0,3,2,0,0,0,0,3,3,3,2,1,0,0,3,0,0,3,3,0,0,3,2,3,0,2,0,3,2,3,3,1,3,2,1,3,0,2,3,3,0,3,0,3,3,3,1,0,3,3,3,3,0,0,0,0,0,3,3,3,3,1,3,3,3,3,3,3,3,3,3,3,3,3,3,3,3,3,3,3,3,3,3,3,2,3,3,3,3,3,3,3,3,3,3,3,3,3,0,3,2,0,3,3,3,1,3,3,3,3,3,3,3,3,3,3,3,3,0,3,2,3,3,3,3,2,3,3,3,3,3,3,2,3,2,3,3,3,3,3,3,3,3,3,3,3,4,1,3,3,3,3,3,3,2,3,2,1,3,3,3,3,3,2,3,3,3,3,0,0,3,3,3,3
EPI_ISL_8215706,8,9,8,8,8,5,8,4,4,4,4,7,8,8,8,7,7,8,8,8,7,54,45,39,39,45,45,39,39,39,45,39,39,39,39,6,6,5,6,38,38,5,38,38,6,6,6,5,38,38,42,6,4,30,42,42,42,42,42,27,28,27,27,26,27,27,28,27,34,27,28,28,28,27,28,27,27,28,27,26,27,27,27,26,27,17,27,27,28,25,27,27,27,27,28,26,33,28,26,27,27,9,28,27,27,12,28,28,17,27,27,27,27,27,27,27,27,42,26,27,27,27,25,25,26,26,27,27,27,26,27,55,42,7,42,48,0,55,42,42,42,42,42,42,48,42,42,39,30,4,4,3,5,7,5,0,5,4,5,6,5,5,6,5,6,7,6,4,6,3,6,6,4,3,3,6,4,5,4,4,4,6,5,5,5,5,0,5,5,3,7,3,5,5,5,6,0,3,5,5,5,6,3,7,0,5,2,3,0,4,3,6,5,3,0,6,4,3,4,7,4,6,3,3,6,4,5,5,2,6,3,3,4,4,3,5,5,4,3,3,3,4,4,3,3,3,3,3,3,3,3,3,7,3,3,3,3,3,3,3,3,3,3,3,3,3,3,3,3,4,3,6,3,3,3,3,5,3,3,1,6,3,4,5,3,4,3,3,3,2,3,3,3,4,3,3,3,3,3,3,3,3,3,3,3,3,3,3,3,3,3,3,3,3,3,3,3,1,3,3,3,3,2,1,1,2,1,3,1,0,3,2,0,0,0,0,3,3,3,2,1,0,0,3,0,0,3,3,0,0,3,2,3,0,2,0,3,2,3,3,1,3,2,1,3,0,2,3,3,0,3,0,3,3,3,1,0,3,3,3,3,0,0,0,0,0,3,3,3,3,1,3,3,3,3,3,3,3,3,3,3,3,3,3,3,3,3,3,3,3,3,3,3,2,3,3,3,3,3,3,3,3,3,3,3,3,3,0,3,2,0,3,3,3,1,3,3,3,3,3,3,3,3,3,3,3,3,0,3,2,3,3,3,3,2,3,3,3,3,3,3,2,3,2,3,3,3,3,3,3,3,3,3,3,3,4,1,3,3,3,3,3,3,2,3,2,1,3,3,3,3,3,2,3,3,3,3,0,0,3,3,3,3
EPI_ISL_8215705,7,8,7,7,7,5,7,4,4,4,4,7,7,7,7,7,6,7,7,7,7,54,45,39,39,45,45,39,39,39,45,39,39,39,39,6,6,5,6,38,38,5,38,38,6,6,6,5,38,38,42,6,4,30,42,42,42,42,42,27,28,27,27,26,27,27,28,27,34,27,28,28,28,27,28,27,27,28,27,26,27,27,27,26,27,17,27,27,28,25,27,27,27,27,28,26,33,28,26,27,27,9,28,27,27,12,28,28,17,27,27,27,27,27,27,27,27,42,26,27,27,27,25,25,26,26,27,27,27,26,27,55,42,7,42,48,55,0,42,42,42,42,42,42,48,42,42,39,30,4,4,3,5,7,5,0,5,4,5,6,5,5,6,5,6,7,6,4,6,3,6,6,4,3,3,6,4,5,4,4,4,6,5,5,5,5,0,5,5,3,7,3,5,5,5,6,0,3,5,5,5,6,3,7,0,5,2,3,0,4,3,6,5,3,0,6,4,3,4,7,4,6,3,3,6,4,5,5,2,6,3,3,4,4,3,5,5,4,3,3,3,4,4,3,3,3,3,3,3,3,3,3,7,3,3,3,3,3,3,3,3,3,3,3,3,3,3,3,3,4,3,6,3,3,3,3,5,3,3,1,6,3,4,5,3,4,3,3,3,2,3,3,3,4,3,3,3,3,3,3,3,3,3,3,3,3,3,3,3,3,3,3,3,3,3,3,3,1,3,3,3,3,2,1,1,2,1,3,1,0,3,2,0,0,0,0,3,3,3,2,1,0,0,3,0,0,3,3,0,0,3,2,3,0,2,0,3,2,3,3,1,3,2,1,3,0,2,3,3,0,3,0,3,3,3,1,0,3,3,3,3,0,0,0,0,0,3,3,3,3,1,3,3,3,3,3,3,3,3,3,3,3,3,3,3,3,3,3,3,3,3,3,3,2,3,3,3,3,3,3,3,3,3,3,3,3,3,0,3,2,0,3,3,3,1,3,3,3,3,3,3,3,3,3,3,3,3,0,3,2,3,3,3,3,2,3,3,3,3,3,3,2,3,2,3,3,3,3,3,3,3,3,3,3,3,4,1,3,3,3,3,3,3,2,3,2,1,3,3,3,3,3,2,3,3,3,3,0,0,3,3,3,3
EPI_ISL_8215691,7,8,7,7,7,5,7,4,4,4,4,7,7,7,7,7,6,7,7,7,7,42,40,39,39,40,40,39,39,39,40,39,39,39,39,6,6,5,6,39,39,5,39,39,6,6,6,5,39,39,43,6,4,30,43,43,43,43,43,27,29,27,28,27,27,28,27,28,28,28,29,29,28,27,28,28,28,29,28,26,27,28,31,26,28,17,28,28,29,29,27,28,28,28,28,27,27,29,27,27,27,9,29,28,28,12,29,29,17,27,31,28,28,27,27,28,28,42,26,28,27,28,25,25,26,26,27,28,27,27,28,42,43,8,42,42,42,42,0,43,42,42,43,42,42,43,42,39,30,4,4,3,5,7,5,0,5,4,5,6,5,5,6,5,6,7,6,4,6,3,6,6,4,3,3,6,4,5,4,4,4,6,5,5,5,5,0,5,5,3,6,3,5,5,5,6,0,3,5,5,5,6,3,6,0,5,2,3,0,4,3,6,5,3,0,6,4,3,4,6,4,6,3,3,6,4,5,5,2,5,3,3,4,4,3,5,5,4,3,3,3,4,3,3,3,3,3,3,3,3,4,3,7,3,3,3,3,3,4,3,3,4,3,3,3,3,3,3,3,4,3,6,3,3,3,3,4,3,3,1,6,3,4,4,3,4,3,3,3,2,3,4,3,4,3,3,3,3,3,3,3,3,3,3,3,3,3,3,3,3,3,3,3,3,3,3,3,1,3,3,3,3,2,1,1,2,1,3,1,0,3,2,0,0,0,0,3,3,3,2,1,0,0,3,0,0,3,3,0,0,3,2,3,0,2,0,3,2,3,3,1,3,2,1,3,0,2,3,3,0,3,0,3,3,3,1,0,3,3,3,3,0,0,0,0,0,3,3,3,3,1,3,3,3,3,3,3,3,3,3,3,3,3,3,3,3,3,3,3,3,3,3,3,2,3,3,3,3,3,3,3,3,3,3,3,4,3,0,3,2,0,3,3,3,1,3,3,3,3,3,3,3,3,3,3,3,3,0,3,2,3,3,3,3,2,3,3,3,3,3,3,2,3,2,3,3,3,3,3,3,3,3,3,3,3,4,1,3,3,3,3,3,3,2,3,2,1,3,3,3,3,3,2,3,3,3,3,0,0,3,3,3,3
EPI_ISL_8215703,7,8,7,7,7,5,7,5,5,5,5,7,7,7,7,7,6,7,7,7,7,42,40,39,39,40,40,39,39,39,40,39,39,39,39,6,6,5,6,39,39,5,39,39,6,6,6,5,39,39,43,6,4,30,47,43,43,43,43,27,34,27,28,27,27,28,27,28,28,33,29,34,28,27,28,33,28,34,28,26,27,28,28,26,28,17,28,29,32,26,27,31,28,28,28,27,27,29,27,27,27,9,32,28,31,12,33,32,17,27,28,28,28,27,27,28,28,42,26,28,27,28,25,25,26,26,27,28,27,27,28,42,43,8,42,42,42,42,43,0,42,42,47,42,42,45,42,39,30,4,4,3,5,7,5,0,5,4,5,6,5,5,6,5,6,7,6,4,6,3,6,6,4,3,3,6,4,5,4,5,4,6,5,5,5,5,0,5,5,3,6,3,5,5,5,6,0,3,5,5,5,6,3,6,0,5,2,3,0,4,3,6,5,3,0,6,4,3,4,6,4,6,3,3,6,4,5,5,2,5,3,3,4,4,3,5,5,4,3,3,3,4,3,3,3,3,3,3,3,3,4,3,7,3,3,3,3,3,4,3,4,4,3,3,3,3,3,3,3,4,3,6,3,3,3,3,4,3,3,1,6,3,4,4,3,4,3,3,3,2,3,4,3,4,3,3,3,3,3,3,3,3,3,3,3,3,3,3,3,3,3,3,3,3,3,3,3,1,3,3,3,3,2,1,1,2,1,3,1,0,3,2,0,0,0,0,3,3,3,2,1,0,0,3,0,0,3,3,0,0,3,2,3,0,2,0,3,2,3,3,1,3,2,1,3,0,2,3,3,0,3,0,3,3,3,1,0,3,3,3,3,0,0,0,0,0,3,3,3,3,1,3,3,3,3,3,3,3,3,3,3,3,3,3,3,3,3,3,3,3,3,3,3,2,3,3,3,3,3,3,3,3,3,3,3,4,3,0,3,2,0,3,3,3,1,3,3,3,3,3,3,3,3,3,3,3,3,0,3,2,3,3,3,3,2,3,3,3,3,3,3,2,3,2,3,3,3,3,3,3,3,3,3,3,3,4,1,3,3,3,3,3,3,2,3,2,1,3,3,3,3,3,2,3,3,3,3,0,0,3,3,3,3
EPI_ISL_8215700,7,8,7,7,7,5,7,4,4,4,4,7,7,7,7,7,6,7,7,7,7,42,39,39,39,39,39,39,39,39,39,39,39,39,39,6,6,5,6,38,38,5,38,38,6,6,6,5,38,38,42,6,4,30,42,42,42,42,42,27,28,27,27,26,28,27,27,27,28,27,28,28,29,27,28,27,27,28,27,27,27,27,27,27,27,17,27,27,28,25,28,27,27,27,27,26,27,28,26,27,28,9,28,27,27,12,28,28,17,27,27,27,27,27,27,27,27,43,26,27,27,27,25,25,26,26,28,27,27,26,27,42,42,7,42,42,42,42,42,42,0,42,42,43,42,42,43,40,30,4,4,3,5,7,5,0,5,4,5,6,5,5,6,6,6,7,6,4,6,3,6,6,4,3,3,6,4,5,4,4,4,6,5,5,5,5,0,5,5,4,6,3,5,5,5,6,0,3,5,5,5,6,3,6,0,5,2,3,0,4,3,6,5,3,0,6,4,3,4,6,4,6,3,3,6,4,5,5,2,5,3,3,4,4,3,5,5,4,3,3,3,4,3,3,3,3,3,3,3,3,3,3,7,3,3,3,3,3,3,3,3,3,3,3,3,3,3,3,3,4,3,6,3,3,3,3,4,3,3,1,6,3,4,4,3,4,3,3,3,2,3,3,3,4,4,3,4,4,4,4,3,3,3,3,3,3,3,4,3,3,3,3,3,3,3,3,3,1,3,3,3,3,2,1,1,2,1,3,1,0,3,2,0,0,0,0,3,3,3,2,1,0,0,3,0,0,3,3,0,0,3,2,3,0,2,0,3,2,3,3,1,3,2,1,3,0,2,3,3,0,3,0,3,3,3,1,0,3,3,3,3,0,0,0,0,0,3,3,3,3,1,3,3,3,3,3,3,3,3,3,3,3,3,3,3,3,3,3,3,3,3,3,3,2,3,3,3,3,3,3,3,3,3,3,3,3,3,0,3,2,0,3,3,3,1,3,3,3,3,3,3,3,3,3,3,3,3,0,3,2,3,3,3,3,2,3,3,3,3,3,3,2,3,2,3,3,3,3,3,3,3,3,3,3,3,4,1,3,3,3,3,3,3,2,3,2,1,3,3,3,3,3,2,3,3,3,3,0,0,3,3,3,3
EPI_ISL_8215701,7,8,7,7,7,5,7,4,4,4,4,7,7,7,7,7,6,7,7,7,7,42,39,39,39,39,39,39,39,39,39,39,39,39,39,6,6,5,6,38,38,5,38,38,6,6,6,5,38,38,42,6,4,30,42,42,42,42,42,30,28,30,27,26,27,27,27,27,28,27,28,28,28,27,31,27,28,28,27,26,27,32,27,26,28,17,27,28,29,25,27,29,32,27,27,26,27,28,26,27,27,9,29,28,29,12,29,30,17,27,27,27,27,32,27,27,27,42,26,27,27,27,25,25,26,26,27,27,27,26,27,42,42,7,42,42,42,42,42,42,42,0,42,42,42,42,42,39,30,4,4,3,5,7,5,0,5,4,5,6,5,5,6,5,6,7,6,4,6,3,6,6,4,3,3,6,4,5,4,4,4,6,5,5,5,5,0,5,5,3,6,3,5,5,5,6,0,3,5,5,5,6,3,6,0,5,2,3,0,4,3,6,5,3,0,6,5,3,4,6,4,6,3,3,6,4,5,5,2,5,3,3,4,4,3,5,5,4,3,3,3,4,3,3,3,3,3,3,3,3,3,3,7,3,4,3,4,4,3,3,3,3,3,3,3,3,3,3,3,4,3,6,3,3,3,3,4,3,3,1,6,3,4,4,3,4,3,3,3,2,3,3,3,4,3,3,3,3,3,3,3,3,3,3,3,3,3,3,3,3,3,3,3,3,3,3,3,1,3,3,3,3,2,1,1,2,1,3,1,0,3,2,0,0,0,0,3,3,3,2,1,0,0,3,0,0,3,3,0,0,3,2,3,0,2,0,3,2,3,3,1,3,3,1,3,0,2,3,3,0,3,0,3,3,3,1,0,3,3,3,3,0,0,0,0,0,3,3,3,3,1,3,3,3,3,3,3,3,3,3,3,3,3,3,3,3,3,4,3,3,3,3,3,2,3,3,3,3,3,3,3,3,3,3,3,3,3,0,3,2,0,3,3,3,1,3,3,3,3,3,3,3,3,3,3,3,3,0,3,2,3,3,3,3,2,3,3,3,3,3,3,2,3,2,3,3,3,3,3,3,3,3,3,3,3,4,1,3,3,3,3,3,3,2,3,2,1,3,3,3,3,3,2,3,3,3,3,0,0,3,3,3,3
EPI_ISL_8215699,10,11,10,10,10,5,7,5,5,5,5,7,7,7,7,7,9,7,7,7,7,42,40,39,39,40,40,39,39,39,40,39,39,39,39,6,6,5,6,39,39,5,39,39,6,6,6,5,39,39,43,6,7,30,47,43,43,43,43,27,33,27,28,27,27,28,27,28,28,32,29,33,28,27,28,32,28,33,28,26,27,28,28,26,28,17,28,28,31,26,27,30,28,28,28,27,27,29,27,27,27,9,31,28,30,12,32,31,17,27,28,28,28,27,27,28,28,42,26,28,27,28,25,25,26,26,27,28,27,27,28,42,43,8,42,42,42,42,43,47,42,42,0,42,42,45,42,39,30,7,4,3,5,7,5,0,5,4,5,6,5,5,6,5,6,7,6,4,6,3,6,6,4,3,3,6,4,5,4,5,4,6,5,5,5,5,0,5,5,3,6,3,5,5,5,6,0,3,5,5,5,6,3,6,0,5,2,3,0,7,3,6,5,3,0,6,4,3,4,6,4,6,3,3,6,4,5,5,2,5,3,3,4,4,3,5,5,4,3,3,3,4,3,3,3,3,3,3,3,3,4,3,7,3,3,3,3,3,4,3,3,4,3,3,3,3,3,3,3,4,3,6,3,3,3,3,4,3,3,4,6,3,4,4,3,4,3,3,3,2,3,3,3,4,3,3,3,3,3,3,3,3,3,3,3,3,3,3,3,3,3,3,3,3,3,3,3,1,3,3,3,3,2,1,1,2,1,3,1,0,3,2,0,0,0,0,3,3,3,2,1,0,0,3,0,0,3,3,0,0,3,2,3,0,2,0,3,2,3,3,1,3,2,1,3,0,2,3,3,0,3,0,3,3,3,1,0,3,3,3,3,0,0,0,0,0,3,3,3,3,1,3,3,3,3,3,3,3,3,3,3,3,3,3,3,3,3,3,3,3,3,3,3,2,6,3,3,3,3,3,3,3,3,3,3,4,3,0,3,2,0,3,3,3,1,3,3,3,3,3,3,3,3,3,3,3,3,0,3,2,3,3,3,3,2,3,3,3,3,3,3,2,3,2,3,3,3,3,3,3,3,3,3,3,3,4,1,3,3,3,3,3,3,2,3,2,1,3,3,3,3,3,2,3,3,3,3,0,0,3,3,3,3
EPI_ISL_8215697,7,8,7,7,7,5,7,4,4,4,4,7,7,7,7,7,6,7,7,7,7,42,39,39,39,39,39,39,39,39,39,39,39,39,39,6,6,5,6,38,38,5,38,38,6,6,6,5,38,38,42,6,4,30,42,42,42,42,42,27,28,27,27,26,28,27,27,27,28,27,28,28,30,27,28,27,27,28,27,27,27,27,27,27,27,17,27,27,28,25,28,27,27,27,27,26,27,28,26,27,28,9,28,27,27,12,28,28,17,27,27,27,27,27,27,27,27,43,26,27,27,27,25,25,26,26,28,27,27,26,27,42,42,7,42,42,42,42,42,42,43,42,42,0,42,42,43,40,30,4,4,3,5,7,5,0,5,4,5,6,5,5,6,5,6,7,6,4,6,3,6,6,4,3,3,6,4,5,4,4,4,6,5,5,5,5,0,5,5,3,6,3,5,5,5,6,0,3,5,5,5,6,3,6,0,5,2,3,0,4,3,6,6,3,0,6,4,3,4,6,4,6,3,3,6,4,5,5,2,5,3,3,4,4,3,5,5,4,3,3,3,4,3,3,3,3,3,3,3,3,3,3,7,3,3,3,3,3,3,3,3,3,3,3,3,3,3,3,3,4,3,6,3,3,3,3,4,3,3,1,6,3,4,4,3,4,3,3,3,2,3,3,3,4,3,3,3,3,3,3,3,3,3,3,3,3,3,3,3,3,3,3,3,3,3,3,3,1,3,3,3,3,2,1,1,2,1,3,1,0,3,2,0,0,0,0,3,3,3,2,1,0,0,3,0,0,3,3,0,0,3,2,3,0,2,0,3,2,3,3,1,3,2,1,3,0,2,3,3,0,3,0,3,3,3,1,0,3,3,3,3,0,0,0,0,0,3,3,3,3,1,3,3,3,3,3,3,3,3,3,3,3,3,3,3,3,3,3,3,3,3,3,3,2,3,3,3,3,3,3,3,3,3,3,3,4,3,0,3,2,0,3,3,3,1,3,4,3,3,3,3,3,3,3,4,3,3,0,3,2,3,3,3,3,2,3,3,3,3,3,3,2,3,2,3,3,3,3,3,3,3,3,3,3,3,4,1,3,3,3,3,3,3,2,3,2,1,3,3,3,3,3,2,3,3,3,3,0,0,3,3,3,3
EPI_ISL_8215696,7,8,7,7,7,5,7,4,4,4,4,7,7,7,7,7,6,7,7,7,7,48,45,39,39,45,45,39,39,39,45,39,39,39,39,6,6,5,6,38,38,5,38,38,6,6,6,5,38,38,42,6,4,31,42,42,42,42,42,27,28,27,27,26,27,27,28,27,34,27,28,28,28,27,28,27,27,28,27,26,27,27,27,26,27,18,27,27,28,25,27,27,27,27,28,26,33,28,26,27,27,9,28,27,27,12,28,28,18,27,27,27,27,27,27,27,27,42,26,27,27,27,25,25,26,26,27,27,27,26,27,48,42,7,42,48,48,48,42,42,42,42,42,42,0,42,42,39,31,4,4,3,5,7,5,0,5,4,5,6,5,5,6,5,6,7,6,4,6,3,6,6,4,3,3,6,4,5,4,4,4,6,5,5,5,5,0,5,5,3,7,3,5,5,5,6,0,3,5,5,5,6,3,7,0,6,2,3,0,4,3,6,5,3,0,6,4,3,4,7,4,6,3,3,6,4,5,5,2,6,3,3,4,4,3,5,5,4,3,3,3,4,3,3,3,3,3,3,3,3,3,3,7,3,3,3,3,3,3,3,3,3,3,3,3,3,3,3,3,4,3,6,3,3,3,3,4,3,3,2,6,3,4,4,3,4,3,3,3,2,3,3,3,4,3,3,3,3,3,3,3,3,3,3,3,3,3,3,3,3,3,3,3,3,3,3,3,1,3,3,3,3,2,1,1,2,1,3,1,0,3,2,0,0,0,0,3,3,3,2,1,0,0,3,0,0,3,3,0,0,3,2,3,0,2,0,3,2,3,3,1,3,2,1,3,0,2,3,3,0,3,0,3,3,3,1,0,3,3,3,3,0,0,0,0,0,3,3,3,3,1,3,3,3,3,3,3,3,3,3,3,3,3,3,3,3,3,3,3,3,3,3,3,2,3,3,3,3,3,3,3,3,3,3,3,3,3,0,3,2,0,3,3,3,1,3,3,3,3,3,3,3,3,3,3,3,3,0,3,2,3,3,3,3,2,3,3,3,3,3,3,2,3,2,3,3,3,3,3,3,3,3,3,3,3,4,1,3,3,3,3,3,3,2,3,2,1,3,3,3,3,3,2,3,3,3,3,0,0,3,3,3,3
EPI_ISL_8215695,7,8,7,7,7,5,7,4,4,4,4,7,7,7,7,7,6,7,7,7,7,42,40,39,39,40,40,39,39,39,40,39,39,39,39,6,6,5,6,39,39,5,39,39,6,6,6,5,39,39,43,6,4,30,45,43,43,43,43,27,31,27,28,27,27,28,27,28,28,30,29,31,28,27,28,30,28,31,28,26,27,28,28,26,28,17,28,28,30,26,27,29,28,28,28,27,27,29,27,27,27,9,31,28,29,12,31,30,17,27,28,28,28,27,27,28,28,42,26,28,27,28,25,25,26,26,27,29,27,27,28,42,43,8,42,42,42,42,43,45,42,42,45,42,42,0,42,39,30,4,4,3,5,7,5,0,5,4,5,6,5,5,6,5,6,7,6,4,6,3,6,6,4,3,3,6,4,5,4,5,4,6,5,5,5,5,0,5,5,3,6,3,5,5,5,6,0,3,5,5,5,6,3,6,0,5,2,3,0,4,3,6,5,3,0,6,4,3,4,6,4,6,3,3,6,4,5,6,2,5,3,3,4,4,3,5,5,4,3,3,3,4,3,3,3,3,3,3,3,3,4,3,7,3,3,3,3,3,4,3,3,4,3,3,3,3,3,3,3,4,3,6,3,3,3,3,4,3,3,1,6,3,4,4,3,4,3,3,3,2,3,3,3,4,3,3,3,3,3,3,3,3,3,3,3,3,3,3,3,3,3,3,3,3,3,3,3,1,3,3,3,3,2,1,1,2,1,3,1,0,3,2,0,0,0,0,3,3,3,2,1,0,0,3,0,0,3,3,0,0,3,2,3,0,2,0,3,2,3,3,1,3,2,1,3,0,2,3,3,0,3,0,3,3,3,1,0,3,3,3,3,0,0,0,0,0,3,3,3,3,1,3,3,3,3,3,3,3,3,3,3,3,3,3,3,3,3,3,3,3,3,3,3,2,3,3,3,3,3,3,3,3,3,3,3,4,3,0,3,2,0,3,3,3,1,3,3,3,3,3,3,3,3,3,3,3,3,0,3,2,3,3,3,3,2,3,3,3,3,3,3,2,3,2,3,3,3,3,3,3,3,3,3,3,3,4,1,3,3,3,3,3,3,2,3,2,1,3,3,3,3,3,2,3,3,3,3,0,0,3,3,3,3
EPI_ISL_8215694,7,8,7,7,7,5,7,4,4,4,4,7,7,7,7,7,6,7,7,7,7,42,39,39,39,39,39,39,39,39,39,39,39,39,39,6,6,5,6,38,38,5,38,38,6,6,6,5,38,38,42,6,4,30,42,42,43,42,42,27,28,27,27,26,28,27,27,27,28,27,28,28,29,27,28,27,27,28,27,27,27,27,27,27,27,17,27,27,28,25,28,27,27,27,27,26,27,28,26,27,33,9,28,27,27,12,28,28,17,27,27,27,27,27,27,27,27,43,26,27,27,27,25,25,26,26,28,28,27,26,28,42,42,8,42,42,42,42,42,42,43,42,42,43,42,42,0,44,30,4,4,3,5,7,5,0,5,4,5,6,5,5,6,5,6,7,6,4,6,3,6,6,4,3,3,6,4,5,4,5,4,6,5,5,5,5,0,5,5,3,6,3,5,5,5,6,0,3,5,5,5,6,3,6,0,5,2,3,0,4,3,6,5,3,0,6,4,3,4,6,4,6,3,3,6,4,5,5,2,5,3,3,4,4,3,5,5,4,4,3,3,4,3,3,3,3,3,3,3,3,3,3,7,3,3,3,3,3,3,3,3,3,3,3,3,3,3,3,3,4,3,6,3,3,3,3,4,3,3,1,6,3,4,4,3,4,3,3,3,2,3,3,3,4,3,3,3,3,3,3,3,3,3,3,4,3,3,3,3,4,3,3,3,3,4,3,3,1,3,3,3,3,2,1,1,2,1,3,1,0,3,2,0,0,0,0,3,3,3,2,1,0,0,3,0,0,3,3,0,0,3,2,3,0,2,0,3,2,3,3,1,3,2,1,3,0,2,3,3,0,3,0,3,3,3,1,0,3,3,3,3,0,0,0,0,0,3,3,3,3,1,3,3,3,3,3,3,3,3,3,3,3,3,3,3,3,3,3,3,3,3,3,3,2,3,3,3,3,3,3,3,3,3,3,3,3,3,0,3,2,0,3,3,3,1,3,3,3,3,3,3,3,3,3,3,3,3,0,3,2,3,3,3,3,2,3,3,3,3,3,3,2,3,2,3,3,3,3,3,3,3,3,3,3,3,4,1,3,3,4,3,3,3,2,3,2,1,3,3,3,3,3,2,3,3,3,3,0,0,3,3,3,3
EPI_ISL_4748283,6,7,6,6,6,5,6,3,3,3,3,6,6,6,6,6,5,6,6,6,6,39,41,41,41,41,41,41,41,41,41,41,41,41,41,7,6,5,6,39,41,5,39,39,6,6,6,5,41,41,39,6,4,28,39,39,40,39,39,25,26,26,25,25,26,25,25,25,26,25,26,26,27,25,26,25,25,26,25,25,25,25,25,25,25,15,25,25,26,23,26,25,25,25,25,24,25,26,25,25,30,8,26,25,25,11,26,26,15,25,25,25,25,25,25,25,25,40,25,25,25,25,23,23,24,24,26,26,25,24,26,39,39,6,39,39,39,39,39,39,40,39,39,40,39,39,44,0,27,4,3,3,4,6,4,0,4,4,4,5,4,4,5,4,5,6,6,3,5,3,6,5,3,3,3,5,3,4,3,4,3,5,5,4,5,5,1,5,5,3,5,3,4,5,5,5,0,3,4,4,4,5,3,5,0,5,2,3,0,4,3,5,5,3,0,5,4,3,3,5,3,5,3,3,5,3,4,4,2,4,3,3,3,4,3,4,4,3,3,3,3,4,3,3,3,3,3,3,3,3,3,3,6,3,3,3,3,3,3,3,3,3,3,3,3,3,3,3,3,4,3,6,3,3,3,3,5,3,3,1,6,3,4,4,3,5,3,3,3,2,3,3,3,4,3,3,3,3,3,3,3,3,3,3,4,3,3,3,3,4,3,3,3,3,4,3,3,1,3,3,3,3,2,1,1,2,1,3,1,0,3,2,0,0,0,0,3,3,3,2,1,0,0,3,0,0,3,3,0,0,3,2,3,0,2,0,3,2,3,3,1,3,2,1,3,0,2,3,3,0,3,0,3,3,3,1,0,3,3,3,3,0,0,0,0,0,3,3,3,3,1,3,4,3,3,3,3,3,3,3,3,3,3,3,3,3,3,3,3,3,3,3,3,2,3,3,3,3,3,3,3,3,3,3,3,3,3,0,3,2,0,3,3,3,1,3,3,3,3,3,3,3,3,3,3,3,3,0,3,2,3,3,3,3,2,3,3,3,3,3,3,2,3,2,3,3,3,3,3,3,3,3,3,3,3,4,1,3,3,3,3,3,3,2,3,2,1,3,3,3,3,3,2,3,3,3,3,0,0,3,3,3,3
EPI_ISL_8215692,6,7,6,6,6,4,6,3,3,3,3,6,6,6,5,5,5,6,5,5,5,30,27,27,27,27,27,27,27,27,27,27,27,27,27,5,5,4,5,27,27,4,27,27,5,5,5,4,27,27,30,5,4,34,30,30,30,30,30,16,16,15,16,15,16,16,16,16,16,16,16,16,16,16,16,16,16,16,16,16,16,16,16,16,16,23,16,16,16,15,16,16,16,16,16,16,16,16,15,16,16,4,16,16,16,15,16,16,23,16,16,17,16,16,16,16,16,30,15,16,16,17,16,15,16,16,16,16,16,16,16,30,30,6,30,30,30,30,30,30,30,30,30,30,31,30,30,27,0,4,4,4,4,6,4,0,5,4,5,5,5,5,5,4,5,6,5,4,5,4,5,5,4,4,4,5,3,5,4,3,4,5,4,4,4,4,0,4,4,4,5,3,4,4,4,5,0,3,4,4,5,4,4,5,0,5,2,3,0,4,3,5,4,3,0,5,3,3,4,5,4,5,3,3,5,4,5,5,2,4,3,4,4,4,3,4,5,4,3,3,3,4,3,3,4,3,4,3,3,3,4,3,6,4,3,3,3,4,3,3,3,3,3,3,3,3,3,3,3,4,3,5,3,3,3,3,4,3,4,2,5,3,4,4,3,3,3,3,3,2,3,4,3,4,3,3,3,3,3,3,3,3,3,3,3,3,3,3,3,3,3,3,3,3,3,3,3,1,3,3,3,3,2,1,1,2,1,3,1,0,3,2,0,0,0,0,3,3,3,2,1,0,0,3,0,0,3,3,0,0,3,2,3,0,2,0,3,2,3,3,1,3,2,1,3,0,2,3,3,0,3,0,3,3,3,1,0,3,3,3,3,0,0,0,0,0,3,3,3,3,1,3,3,3,3,3,3,3,3,3,3,3,3,3,3,3,3,3,3,3,3,3,3,2,3,3,3,3,3,3,3,3,3,3,3,3,3,0,3,2,0,3,3,3,1,3,3,3,3,3,3,3,3,3,3,3,3,0,3,2,3,3,3,3,2,3,3,3,3,3,3,2,3,2,3,3,3,3,3,3,3,3,3,3,3,4,1,3,3,3,3,3,3,2,3,2,1,3,3,3,3,3,2,3,3,3,3,0,0,3,3,3,3
EPI_ISL_8215721,20,20,20,20,20,17,17,15,15,15,15,23,23,14,14,13,16,14,13,8,8,4,4,4,4,4,4,5,5,5,4,4,4,4,4,13,7,12,13,4,4,12,4,4,7,13,13,12,4,4,4,7,46,4,4,4,4,4,4,3,3,3,3,3,3,3,3,3,3,3,3,3,3,3,3,3,3,3,3,4,3,3,3,3,3,3,3,3,3,3,3,3,3,3,3,4,3,3,3,3,3,1,3,3,3,2,3,3,3,3,3,3,3,3,3,3,3,4,3,3,3,3,3,3,3,3,3,3,3,3,3,4,4,13,4,4,4,4,4,4,4,4,7,4,4,4,4,4,4,0,6,28,6,13,5,0,6,6,6,6,6,6,6,6,6,13,6,6,6,29,7,7,6,29,28,6,5,6,5,5,6,6,6,6,6,6,1,6,6,3,6,26,6,6,6,6,0,4,6,6,6,6,36,6,1,6,1,6,0,46,6,6,6,27,7,6,6,28,5,6,6,6,6,28,6,6,6,6,5,5,6,25,6,7,6,6,6,6,26,6,3,7,3,3,3,3,3,3,3,3,3,3,13,3,3,3,3,3,3,4,3,3,6,6,6,6,6,6,6,6,6,7,6,6,4,6,7,4,6,4,7,6,7,7,6,6,3,55,6,2,6,6,6,3,3,6,3,3,3,3,6,6,6,3,6,3,3,3,3,6,3,6,3,3,6,6,6,1,3,6,3,6,2,1,1,2,4,6,1,0,6,5,0,0,1,0,6,3,6,2,1,0,0,3,0,0,3,6,0,0,3,5,6,0,5,0,6,5,6,6,4,6,2,1,6,3,2,6,6,0,6,0,3,6,6,4,0,6,6,6,3,1,0,0,0,0,6,6,6,3,1,3,6,3,3,3,4,3,3,6,6,3,6,6,3,3,3,3,6,6,3,6,3,2,9,4,4,6,6,3,4,3,4,4,3,3,3,0,6,2,0,7,6,3,1,6,6,6,6,6,6,3,4,3,6,6,3,0,3,2,3,3,3,3,2,3,3,3,3,3,3,2,3,3,3,4,4,6,6,6,7,6,6,6,3,6,4,6,6,6,6,3,3,2,3,2,1,3,6,3,3,3,2,3,3,3,3,0,3,3,6,3,3
EPI_ISL_2566506,6,6,6,6,6,6,6,5,5,5,5,6,6,10,10,13,9,9,13,12,13,4,3,3,3,3,3,3,3,3,3,3,3,3,3,24,14,24,23,3,3,24,3,3,14,23,23,24,3,3,4,20,6,4,4,4,4,4,4,4,4,4,4,4,4,5,4,4,4,4,4,4,5,4,4,4,4,4,4,4,4,4,4,4,4,4,4,4,4,4,4,4,4,4,4,5,4,4,4,4,4,3,4,4,4,2,4,4,4,4,4,4,4,4,4,4,4,4,4,4,4,4,4,4,4,4,4,4,4,4,4,4,4,27,4,4,4,4,4,4,4,4,4,4,4,4,4,3,4,6,0,7,27,28,27,0,27,20,27,27,28,28,27,27,28,26,28,27,27,6,20,27,27,10,6,27,27,27,27,10,27,27,11,23,18,17,0,17,19,3,25,6,11,15,18,23,0,3,28,27,27,27,9,24,0,17,13,9,0,6,12,26,18,6,0,28,20,7,26,28,28,27,20,6,28,27,27,28,19,26,20,6,27,11,20,28,27,27,8,12,3,11,3,3,3,3,3,3,3,3,3,3,27,3,3,3,3,4,3,3,4,3,7,12,12,12,12,12,14,12,6,21,15,12,3,12,11,3,6,1,21,15,11,11,12,15,3,3,15,2,12,12,12,3,3,12,3,3,3,3,12,12,12,3,12,3,3,3,3,12,3,14,3,3,12,12,13,2,4,12,3,15,2,1,3,4,8,7,2,0,15,9,0,0,0,4,12,3,14,5,1,0,0,3,0,0,3,12,0,0,3,8,10,0,14,0,12,9,11,15,6,11,2,4,12,5,2,15,11,0,12,0,3,12,12,6,3,11,7,10,8,0,0,1,1,0,12,15,11,3,1,3,12,3,3,3,3,3,3,6,14,3,14,14,3,3,3,4,7,7,3,15,3,2,7,3,3,13,12,3,3,3,3,3,3,3,3,0,12,2,2,11,15,3,1,12,6,12,12,6,12,3,3,3,6,12,3,0,3,2,3,3,3,3,2,3,3,3,3,3,3,2,3,2,3,3,3,15,6,12,12,12,12,12,3,12,5,10,15,11,14,3,3,2,3,2,1,3,7,3,3,3,2,3,3,3,4,1,3,3,11,3,3
EPI_ISL_2566474,7,7,7,7,7,7,7,6,6,6,6,7,7,7,7,7,6,7,7,7,7,3,3,3,3,3,3,3,3,3,3,3,3,3,3,6,6,6,6,3,3,6,3,3,6,6,6,6,3,3,3,6,26,3,3,3,3,3,3,3,3,3,3,3,3,4,3,3,3,3,3,3,4,3,3,3,3,3,3,3,3,3,3,3,3,3,3,3,3,3,3,3,3,3,3,3,3,3,3,3,3,1,3,3,3,2,3,3,3,3,3,4,3,3,3,3,3,3,3,3,3,4,3,3,3,3,3,3,3,3,3,3,3,6,3,3,3,3,3,3,3,3,3,3,3,3,3,3,4,28,7,0,6,6,5,0,6,6,7,6,7,6,6,6,6,6,6,6,6,30,6,6,6,33,30,6,5,6,5,5,6,6,6,6,6,6,0,6,6,3,6,25,6,6,6,6,0,4,6,6,6,6,29,6,0,6,1,6,0,26,6,6,6,27,0,6,6,28,5,6,6,6,6,29,6,6,6,6,5,5,6,26,6,6,6,6,6,6,25,6,3,6,3,3,3,3,3,3,3,3,3,3,6,3,3,3,3,3,3,4,3,3,6,6,6,6,6,6,6,6,6,7,6,6,4,6,6,4,6,1,7,6,6,6,6,6,3,3,6,2,6,6,6,3,3,6,3,3,3,3,6,6,6,3,6,3,3,3,3,6,3,6,3,3,6,6,6,2,3,6,3,6,2,1,1,2,4,6,1,0,6,5,0,0,0,0,6,3,6,2,1,0,0,3,0,0,3,6,0,0,3,5,6,0,5,0,6,5,6,6,4,6,2,1,6,3,2,6,6,0,6,0,3,6,6,4,0,6,7,6,3,1,0,0,0,0,6,6,6,3,1,3,6,3,3,3,4,3,3,6,6,3,6,6,3,3,3,3,7,7,3,6,3,2,7,4,4,7,6,3,4,3,4,4,3,3,3,0,6,2,0,6,6,3,1,6,6,6,6,6,6,3,4,3,6,6,3,0,3,2,3,3,3,3,2,3,3,3,3,3,3,2,3,3,3,4,4,6,6,6,6,6,6,6,3,6,5,6,6,6,6,3,3,2,3,2,1,3,7,3,3,3,2,3,3,3,3,0,3,3,6,3,3
EPI_ISL_2566473,6,6,6,6,6,6,6,5,5,5,5,6,6,11,12,15,10,10,15,14,15,5,4,4,4,4,4,4,4,4,4,4,4,4,4,24,15,24,25,4,4,24,4,4,15,25,25,24,4,4,5,21,6,4,5,5,5,5,5,5,5,5,5,5,5,5,5,5,5,5,5,5,5,5,5,5,5,5,5,5,5,5,5,5,5,4,5,5,5,6,5,5,5,5,5,6,5,5,5,5,5,3,5,5,5,2,5,5,4,5,5,5,5,5,5,5,5,5,5,5,5,5,5,5,5,5,5,5,5,5,5,5,5,30,5,5,5,5,5,5,5,5,5,5,5,5,5,4,4,6,27,6,0,28,27,0,28,20,28,30,27,27,29,29,28,28,29,27,30,6,21,29,27,9,6,27,27,28,26,10,28,29,11,24,19,18,0,18,20,3,26,6,11,16,19,24,0,3,28,29,27,30,9,25,0,18,13,9,0,6,12,29,19,6,0,28,21,7,26,28,27,30,20,6,28,26,28,27,19,27,20,6,29,11,20,28,28,29,8,12,3,11,3,3,3,3,3,3,3,3,3,3,28,3,3,3,3,4,3,3,3,3,7,12,12,12,12,12,14,12,6,21,15,12,3,12,11,3,6,1,21,14,11,11,12,15,3,3,15,2,12,12,12,3,3,12,3,3,3,3,12,12,12,3,12,3,3,3,3,12,3,14,3,3,12,12,13,1,4,12,3,15,2,1,3,4,8,6,2,0,15,9,0,0,0,4,12,3,14,5,1,0,0,3,0,0,3,12,0,0,3,8,10,0,14,0,12,9,11,15,6,11,2,4,12,4,2,15,11,0,12,0,3,12,12,6,3,11,6,10,8,0,0,1,1,0,12,15,11,3,1,3,12,3,3,3,3,3,3,6,14,3,14,14,3,3,3,4,6,6,3,15,3,2,6,3,3,12,12,3,3,3,3,3,3,3,3,0,12,2,2,11,15,3,1,12,6,12,12,6,12,3,3,3,6,12,3,0,3,2,3,3,3,3,2,3,3,3,3,3,3,2,3,2,3,3,3,15,6,12,12,12,12,12,3,12,4,10,15,11,14,3,3,2,3,2,1,3,6,3,3,3,2,3,3,3,4,1,3,3,11,3,3
EPI_ISL_8215720,6,6,6,6,6,6,6,5,5,5,5,13,13,17,17,21,16,16,21,13,15,7,6,6,6,6,6,6,6,6,6,6,6,6,6,33,17,33,33,6,6,33,6,6,17,33,33,33,6,6,7,24,13,6,7,7,7,7,7,6,6,6,6,6,6,6,6,6,6,6,6,6,6,6,6,6,6,6,6,6,6,7,6,6,6,5,6,6,6,6,6,6,7,6,6,7,6,6,6,6,6,3,6,6,6,3,6,6,5,6,6,6,6,6,6,6,6,7,6,6,6,6,6,6,6,6,6,6,6,6,6,7,7,37,7,7,7,7,7,7,7,7,7,7,7,7,7,6,6,13,28,6,28,0,29,0,28,21,28,30,28,30,29,29,31,36,31,27,29,6,24,30,28,9,6,29,28,29,29,10,27,29,11,25,20,19,0,19,21,3,27,6,11,17,21,25,0,3,30,28,29,29,9,26,0,19,14,9,0,13,12,29,20,6,6,31,22,7,28,30,28,29,20,6,31,29,28,30,19,28,21,6,27,11,20,29,28,28,8,13,3,11,3,3,3,3,3,3,3,3,3,3,37,3,3,3,3,4,3,3,4,3,7,13,13,13,13,13,15,13,6,24,16,13,3,13,11,3,6,1,24,16,11,11,13,16,3,3,16,2,13,13,13,3,3,13,3,3,3,3,13,13,13,3,13,3,3,3,3,13,3,15,3,3,13,13,14,1,4,13,3,16,2,1,4,5,8,7,2,0,16,9,0,0,0,4,13,3,15,5,1,0,0,3,0,0,3,13,0,0,3,8,10,0,14,0,13,10,11,16,6,12,2,5,13,5,2,16,12,0,13,0,3,13,13,6,4,12,6,10,9,0,0,2,1,0,13,16,12,3,1,3,13,3,3,3,3,3,3,6,15,3,15,15,3,3,3,4,6,6,3,16,3,2,6,3,3,13,13,3,3,3,3,3,3,3,3,0,13,2,2,12,16,3,1,13,6,13,13,6,13,3,3,3,6,13,3,0,3,2,3,3,3,3,2,3,3,3,3,3,3,2,3,2,3,3,3,16,6,13,13,13,13,13,3,13,4,10,16,11,15,3,3,2,3,2,1,3,6,3,3,3,2,3,3,3,4,1,3,3,12,3,3
EPI_ISL_2566521,6,6,6,6,6,5,7,5,5,5,5,6,6,10,10,14,9,9,14,13,14,5,4,4,4,4,4,4,4,4,4,4,4,4,4,25,15,25,24,4,4,25,4,4,15,24,24,25,4,4,5,21,5,4,5,5,5,5,5,14,14,14,15,15,15,14,15,15,14,15,15,15,15,16,14,14,16,14,14,16,15,15,16,15,15,15,17,18,17,15,15,17,14,13,13,11,14,14,14,12,12,5,17,18,18,10,18,17,15,13,13,15,14,13,14,13,16,5,12,15,13,14,10,14,13,16,13,14,13,9,11,5,5,28,5,5,5,5,5,5,5,5,5,5,5,5,5,4,4,5,27,5,27,29,0,0,27,20,27,28,27,28,28,27,29,27,29,26,43,5,21,46,26,8,5,43,28,27,38,10,26,28,10,23,19,18,0,19,20,3,26,5,10,16,19,24,0,4,28,27,27,27,17,25,1,18,13,9,0,5,13,27,19,5,0,29,20,7,27,43,27,46,19,5,29,28,27,28,19,47,19,17,26,10,19,28,27,26,7,11,2,10,3,2,4,2,3,2,2,2,3,3,28,3,3,2,3,4,4,3,4,4,6,11,11,11,11,11,13,11,5,21,14,11,3,11,10,3,5,0,21,14,10,10,11,14,3,2,14,1,11,11,11,3,2,11,2,2,2,2,11,11,11,2,11,2,2,2,3,11,2,13,2,3,11,11,12,1,4,11,3,14,2,0,2,4,7,6,1,0,14,8,0,0,0,4,11,3,13,4,1,0,0,3,0,0,3,11,0,0,2,8,9,0,13,0,11,8,10,15,6,10,2,3,11,4,1,14,10,0,11,0,2,11,11,5,3,10,5,9,7,0,0,1,1,0,11,14,10,3,1,2,11,2,3,3,3,3,3,5,13,3,13,13,3,2,2,4,5,5,3,14,3,1,5,3,3,11,11,2,3,3,3,2,3,3,2,0,11,2,2,10,14,3,0,11,5,11,11,5,11,3,3,3,5,11,3,0,2,1,2,2,3,3,1,3,2,3,2,2,2,1,3,2,2,3,3,14,5,11,11,11,11,11,2,11,3,9,14,10,13,3,3,1,2,1,0,2,5,2,3,2,1,2,3,2,3,1,3,3,10,3,3
EPI_ISL_2566482,0,0,0,0,0,0,0,0,0,0,0,0,0,0,0,0,0,0,0,0,0,0,0,0,0,0,0,0,0,0,0,0,0,0,0,0,0,0,0,0,0,0,0,0,0,0,0,0,0,0,0,0,0,0,0,0,0,0,0,0,0,0,0,0,0,0,0,0,0,0,0,0,0,0,0,0,0,0,0,0,0,0,0,0,0,0,0,0,0,0,0,0,0,0,0,0,0,0,0,0,0,0,0,0,0,0,0,0,0,0,0,0,0,0,0,0,0,0,0,0,0,0,0,0,0,0,0,0,0,0,0,0,0,0,0,0,0,0,0,0,0,0,0,0,0,0,0,0,0,0,0,0,0,0,0,0,0,0,0,0,0,0,0,0,0,0,0,0,0,0,0,0,0,0,0,0,0,0,0,0,0,0,0,0,0,0,0,0,0,0,0,0,0,0,0,0,0,0,0,0,0,0,0,0,0,0,0,0,0,0,0,0,0,0,0,0,0,0,0,0,0,0,0,0,0,0,0,0,0,0,0,0,0,0,0,0,0,0,0,0,0,0,0,0,0,0,0,0,0,0,0,0,0,0,0,0,0,0,0,0,0,0,0,0,0,0,0,0,0,0,0,0,0,0,0,0,0,0,0,0,0,0,0,0,0,0,0,0,0,0,0,0,0,0,0,0,0,0,0,0,0,0,0,0,0,0,0,0,0,0,0,0,0,0,0,0,0,0,0,0,0,0,0,0,0,0,0,0,0,0,0,0,0,0,0,0,0,0,0,0,0,0,0,0,0,0,0,0,0,0,0,0,0,0,0,0,0,0,0,0,0,0,0,0,0,0,0,0,0,0,0,0,0,0,0,0,0,0,0,0,0,0,0,0,0,0,0,0,0,0,0,0,0,0,0,0,0,0,0,0,0,0,0,0,0,0,0,0,0,0,0,0,0,0,0,0,0,0,0,0,0,0,0,0,0,0,0,0,0,0,0,0,0,0,0,0,0,0,0,0,0,0,0,0,0,0,0,0,0,0,0,0,0,0,0,0,0,0,0,0,0,0,0,0,0,0,0,0,0,0,0,0,0,0,0,0,0,0,0,0,0,0,0,0,0,0,0,0,0,0,0,0,0,0,0,0,0,0,0,0,0,0,0
EPI_ISL_2566480,6,6,6,6,6,6,6,5,5,5,5,7,7,12,11,15,11,11,15,13,14,5,4,4,4,4,4,4,4,4,4,4,4,4,4,24,15,24,26,4,4,24,4,4,15,26,26,24,4,4,5,21,6,5,5,5,5,5,5,5,5,5,5,5,5,5,5,5,5,5,5,5,5,5,5,5,5,5,5,5,5,5,5,5,5,5,5,5,5,5,5,5,5,5,5,6,5,5,5,5,5,3,5,5,5,3,5,5,5,5,5,5,5,5,5,6,5,5,5,5,5,5,5,5,5,5,5,5,5,5,5,5,5,29,5,5,5,5,5,5,5,5,5,5,5,5,5,4,5,6,27,6,28,28,27,0,0,21,29,29,28,28,29,28,28,28,29,27,29,6,21,29,27,9,6,27,26,29,27,10,28,29,11,23,19,18,0,18,20,3,26,6,11,16,19,24,0,3,27,28,26,28,9,25,0,18,14,9,0,6,12,28,19,6,0,28,20,7,27,28,27,29,20,6,28,27,29,28,19,27,20,6,28,11,20,27,29,28,8,12,3,11,3,3,3,3,3,3,3,3,3,3,28,3,3,3,3,4,3,3,3,3,7,12,12,12,12,12,14,12,6,21,15,12,3,12,11,3,6,1,21,14,11,11,12,15,3,3,15,2,12,12,12,3,3,12,3,3,3,3,12,12,12,3,12,3,3,3,3,12,3,14,3,3,12,12,13,1,4,12,3,15,2,1,3,4,8,6,2,0,15,9,0,0,0,4,12,3,14,5,1,0,0,3,0,0,3,12,0,0,3,8,10,0,14,0,12,9,11,15,6,11,2,4,12,4,2,15,11,0,12,0,3,12,12,6,3,11,6,10,8,0,0,1,1,0,12,15,11,3,1,3,12,3,3,3,3,3,3,6,14,3,14,14,3,3,3,4,6,6,3,15,3,2,6,3,3,12,12,3,3,3,3,3,3,3,3,0,12,2,2,11,15,3,1,12,6,12,12,6,12,3,3,3,6,12,3,0,3,2,3,3,3,3,2,3,3,3,3,3,3,2,3,2,3,3,3,15,6,12,12,12,12,12,3,12,4,10,15,11,14,3,3,2,3,2,1,3,6,3,3,3,2,3,3,3,4,1,3,3,11,3,3
EPI_ISL_2566511,6,6,6,6,6,6,6,5,5,5,5,7,7,10,9,13,9,9,13,11,12,4,4,4,4,4,4,4,4,4,4,4,4,4,4,18,20,18,18,4,4,18,4,4,20,18,18,18,4,4,4,25,6,5,4,4,4,4,4,4,4,4,4,4,4,4,4,4,4,4,4,4,4,4,4,4,5,4,4,4,4,4,4,4,4,4,4,4,4,4,4,4,4,4,4,4,4,4,4,4,4,1,4,4,4,3,4,4,4,4,4,4,4,4,4,4,4,4,4,4,4,4,4,4,4,4,4,4,4,4,4,4,4,21,4,4,4,4,4,4,4,4,4,4,4,4,4,4,4,6,20,6,20,21,20,0,21,0,21,21,21,21,21,20,21,20,21,20,21,6,25,21,20,8,6,20,19,21,20,9,20,21,10,24,24,22,0,21,24,3,19,6,10,20,22,17,0,3,20,20,19,20,7,18,0,20,15,9,0,6,12,20,23,6,0,21,24,7,20,21,20,21,25,6,21,20,21,21,23,20,24,6,20,11,24,20,21,20,7,12,3,11,3,3,3,3,3,3,3,3,3,3,21,3,3,3,3,4,3,3,3,3,7,12,12,12,12,12,14,12,6,25,15,12,3,12,11,3,6,1,25,14,11,11,12,15,3,3,15,2,12,12,12,3,3,12,3,3,3,3,12,12,12,3,12,3,3,3,3,12,3,14,3,3,12,12,13,1,4,12,3,15,2,1,3,4,8,6,2,0,15,9,0,0,0,4,12,3,14,5,1,0,0,3,0,0,3,12,0,0,3,8,10,0,14,0,12,9,12,15,6,11,2,4,12,4,2,15,11,0,12,0,3,12,12,6,3,11,6,10,8,0,0,1,1,0,12,15,11,3,1,3,12,3,3,3,3,3,3,6,14,3,14,14,3,3,3,4,6,6,3,15,3,2,6,3,3,12,12,3,3,3,3,3,3,3,3,0,12,2,2,11,15,3,1,12,6,12,12,6,12,3,3,3,6,12,3,0,3,2,3,3,3,3,2,3,3,3,3,3,3,2,3,2,3,3,3,15,6,12,12,12,12,12,3,12,4,10,15,11,14,3,3,2,3,2,1,3,6,3,3,3,2,3,3,3,4,1,3,3,11,3,3
EPI_ISL_2566514,6,6,6,6,6,6,6,5,5,5,5,7,7,12,11,15,11,11,15,13,14,5,4,4,4,4,4,4,4,4,4,4,4,4,4,24,15,24,25,4,4,24,4,4,15,25,25,24,4,4,5,21,6,5,5,5,5,5,5,5,5,5,5,5,5,5,5,5,5,5,5,5,5,5,5,5,5,5,5,5,5,5,5,5,5,5,5,5,5,5,5,5,5,5,5,6,5,5,5,5,5,3,5,5,5,3,5,5,5,5,5,5,5,5,5,5,5,5,5,5,5,5,5,5,5,5,5,5,5,5,5,5,5,29,5,5,5,5,5,5,5,5,5,5,5,5,5,4,5,6,27,7,28,28,27,0,29,21,0,29,28,28,33,28,28,28,29,27,29,6,21,32,27,9,6,27,26,33,27,10,28,29,11,23,19,18,0,18,20,3,26,6,11,16,19,24,0,3,27,32,26,28,9,25,0,18,14,9,0,6,12,28,19,6,0,28,20,7,27,28,27,29,20,6,28,27,29,28,19,27,20,6,28,11,20,27,29,28,8,12,3,11,3,3,3,3,3,3,3,3,3,3,28,3,3,3,3,4,3,3,3,3,7,12,12,12,12,12,14,12,6,21,15,12,3,12,11,3,6,1,21,14,11,11,12,15,3,3,15,2,12,12,12,3,3,12,3,3,3,3,12,12,12,3,12,3,3,3,3,12,3,14,3,3,12,12,13,1,4,12,3,15,2,1,3,4,8,6,2,0,15,9,0,0,0,4,12,3,14,5,1,0,0,3,0,0,3,12,0,0,3,8,10,0,14,0,12,9,11,15,6,11,2,4,12,4,2,15,11,0,12,0,3,12,12,6,3,11,6,10,8,0,0,1,1,0,12,15,11,3,1,3,12,3,3,3,3,3,3,6,14,3,14,14,3,3,3,4,6,6,3,15,3,2,6,3,3,12,12,3,3,3,3,3,3,3,3,0,12,2,2,11,15,3,1,12,6,12,12,6,12,3,3,3,6,12,3,0,3,2,3,3,3,3,2,3,3,3,3,3,3,2,3,2,3,3,3,15,6,12,12,12,12,12,3,12,4,10,15,11,14,3,3,2,3,2,1,3,6,3,3,3,2,3,3,3,4,1,3,3,11,3,3
EPI_ISL_2566485,6,6,6,6,6,6,6,5,5,5,5,7,7,13,13,17,12,12,17,15,17,6,5,5,5,5,5,5,5,5,5,5,5,5,5,25,16,26,27,5,5,26,5,5,16,27,27,26,5,5,6,23,6,5,6,6,6,6,6,6,6,6,6,6,6,6,6,6,6,6,6,6,6,6,6,6,6,6,6,6,6,7,6,6,6,5,6,6,6,6,6,6,7,6,6,7,6,6,6,6,6,3,6,6,6,3,6,6,5,6,6,6,6,6,6,6,6,6,6,6,6,6,6,6,6,6,6,6,6,6,6,6,6,32,6,6,6,6,6,6,6,6,6,6,6,6,6,5,5,6,27,6,30,30,28,0,29,21,29,0,28,29,30,30,30,30,31,27,31,6,23,31,28,9,6,28,27,30,28,10,28,30,11,25,20,19,0,19,21,3,27,6,11,17,21,25,0,3,29,29,28,31,9,26,0,19,14,9,0,6,12,31,20,6,0,30,22,7,28,29,27,31,20,6,30,28,29,29,19,28,21,6,29,11,20,28,29,33,8,13,3,11,3,3,3,3,3,3,3,3,3,3,30,3,3,3,3,4,3,3,3,3,7,13,13,13,13,13,15,13,6,23,16,13,3,13,11,3,6,1,23,15,11,11,13,16,3,4,16,2,13,13,13,3,3,13,3,3,3,3,13,13,13,3,13,3,3,3,3,13,3,15,3,3,13,13,14,1,4,13,3,16,2,1,4,5,8,6,2,0,16,9,0,0,0,4,13,3,15,5,1,0,0,3,0,0,3,13,0,0,3,8,10,0,14,0,13,10,11,16,6,12,2,5,13,5,2,16,12,0,13,0,3,13,13,6,4,12,6,10,9,0,0,2,1,0,13,16,12,3,1,3,13,3,3,3,3,3,3,6,15,3,15,15,3,3,3,4,6,6,3,16,3,2,6,3,3,13,13,3,3,3,3,3,3,3,3,0,13,2,2,12,16,3,1,13,6,13,13,6,13,3,3,3,6,13,3,0,3,2,3,3,3,3,2,3,3,3,3,3,3,2,3,2,3,3,3,16,6,13,13,13,13,13,3,13,4,10,16,11,15,3,3,2,3,2,1,3,6,3,3,3,2,3,3,3,4,1,3,3,12,3,3
EPI_ISL_2566510,6,6,6,6,6,6,6,5,5,5,5,7,7,11,10,14,10,10,14,12,13,5,4,4,4,4,4,4,4,4,4,4,4,4,4,24,15,24,24,4,4,24,4,4,15,24,24,24,4,4,5,21,6,5,5,5,5,5,5,5,5,5,5,5,5,6,5,5,5,5,5,5,6,5,5,5,5,5,5,5,5,5,5,5,5,5,5,5,5,5,5,5,5,5,5,6,5,5,5,5,5,3,5,5,5,3,5,5,5,5,5,5,5,5,5,5,5,5,5,5,5,5,5,5,5,5,5,5,5,5,5,5,5,28,5,5,5,5,5,5,5,5,5,5,5,5,5,4,5,6,28,7,27,28,27,0,28,21,28,28,0,28,28,27,28,27,28,27,28,6,21,28,27,10,6,27,26,28,27,10,27,28,11,23,19,18,0,18,20,3,26,6,11,16,19,24,0,3,27,27,26,27,9,25,0,18,14,9,0,6,12,27,19,6,0,28,20,7,27,28,27,28,20,6,28,27,28,28,19,27,20,6,27,11,20,27,28,27,8,12,3,11,3,3,3,3,3,3,3,3,3,3,28,3,3,3,3,4,3,3,3,3,7,12,12,12,12,12,14,12,6,22,15,12,3,12,11,3,6,1,22,14,11,11,12,15,3,3,15,2,12,12,12,3,3,12,3,3,3,3,12,12,12,3,12,3,3,3,3,12,3,14,3,3,12,12,13,2,4,12,3,15,2,1,3,4,8,6,2,0,15,9,0,0,0,4,12,3,14,5,1,0,0,3,0,0,3,12,0,0,3,8,10,0,14,0,12,9,11,15,6,11,2,4,12,4,2,15,11,0,12,0,3,12,12,6,3,11,7,10,8,0,0,1,1,0,12,15,11,3,1,3,12,3,3,3,3,3,3,6,14,3,14,14,3,3,3,4,7,7,3,15,3,2,7,3,3,13,12,3,3,3,3,3,3,3,3,0,12,2,2,11,15,3,1,12,6,12,12,6,12,3,3,3,6,12,3,0,3,2,3,3,3,3,2,3,3,3,3,3,3,2,3,2,3,3,3,15,6,12,12,12,12,12,3,12,5,10,15,11,14,3,3,2,3,2,1,3,7,3,3,3,2,3,3,3,4,1,3,3,11,3,3
EPI_ISL_2566481,6,6,6,6,6,6,6,5,5,5,5,7,7,11,10,14,10,10,14,12,14,5,4,4,4,4,4,4,4,4,4,4,4,4,4,25,15,26,25,5,4,26,5,5,15,25,25,26,4,4,5,22,6,5,5,5,5,5,5,5,5,5,5,5,5,6,5,5,5,5,5,5,5,5,5,5,6,5,5,5,5,6,5,5,5,5,5,5,5,5,5,5,6,5,5,6,5,5,5,5,5,3,5,5,5,3,5,5,5,5,5,5,5,5,5,5,5,5,5,5,5,5,5,5,5,5,5,5,5,5,5,5,5,29,5,5,5,5,5,5,5,5,5,5,5,5,5,4,5,6,28,6,27,30,28,0,28,21,28,29,28,0,28,28,30,28,30,27,28,6,22,29,28,9,6,28,27,29,29,10,27,28,11,24,19,18,0,18,20,3,26,6,11,16,20,24,0,3,29,27,28,28,9,25,0,18,14,9,0,6,12,28,19,6,0,31,21,7,28,29,28,28,20,6,30,29,28,30,19,27,21,6,27,11,20,28,28,28,8,13,3,11,3,3,3,3,3,3,3,3,3,3,29,3,3,3,3,4,3,3,4,3,7,13,13,13,13,13,15,13,6,22,16,13,3,13,11,3,6,1,22,16,11,11,13,16,3,3,16,2,13,13,13,3,3,14,3,3,3,3,13,13,13,3,13,3,3,3,3,13,3,15,3,3,13,13,14,1,4,13,3,16,2,1,4,5,8,7,2,0,16,9,0,0,0,4,13,3,15,5,1,0,0,3,0,0,3,13,0,0,3,8,10,0,14,0,13,10,11,16,6,12,2,5,13,5,2,16,12,0,13,0,3,13,13,6,4,12,6,10,9,0,0,2,1,0,13,16,12,3,1,3,13,3,3,3,3,3,3,6,15,3,15,15,3,3,3,4,6,6,3,16,3,2,6,3,3,13,14,3,3,3,3,3,3,3,3,0,13,2,2,12,16,3,1,13,6,13,13,6,13,3,3,3,6,13,3,0,3,2,3,3,3,3,2,3,3,3,3,3,3,2,3,2,3,3,3,16,6,13,13,13,13,13,3,13,4,10,16,11,15,3,3,2,3,2,1,3,6,3,3,3,2,3,3,3,4,1,3,3,12,3,3
EPI_ISL_2566490,6,6,6,6,6,6,6,5,5,5,5,7,7,12,12,16,11,11,16,14,15,6,5,5,5,5,5,5,5,5,5,5,5,5,5,25,16,25,26,5,5,25,5,5,16,26,26,25,5,5,6,22,6,5,6,6,6,6,6,6,6,6,6,6,6,6,6,6,6,6,6,6,6,6,6,6,6,6,6,6,6,6,6,6,6,5,6,6,6,6,6,6,6,6,6,7,6,6,6,6,6,3,6,6,6,3,6,6,5,6,6,6,6,6,6,6,6,6,6,6,6,6,6,6,6,6,6,6,6,6,6,6,6,30,6,6,6,6,6,6,6,6,6,6,6,6,6,5,5,6,27,6,29,29,28,0,29,21,33,30,28,28,0,29,29,29,30,27,30,6,22,33,27,9,6,28,27,33,27,10,28,30,11,24,20,19,0,19,21,3,27,6,11,17,20,25,0,3,28,33,27,29,9,26,0,19,14,9,0,6,12,29,20,6,0,29,21,7,27,29,27,30,20,6,29,27,29,28,19,28,20,6,28,11,20,28,29,28,8,12,3,11,3,3,3,3,3,3,3,3,3,3,29,3,3,3,3,4,3,3,3,3,7,12,12,12,12,12,14,12,6,22,15,12,3,12,11,3,6,1,22,14,11,11,12,15,3,3,15,2,12,12,12,3,3,12,3,3,3,3,12,12,12,3,12,3,3,3,3,12,3,14,3,3,12,12,13,1,4,12,3,15,2,1,3,4,8,6,2,0,15,9,0,0,0,4,12,3,14,5,1,0,0,3,0,0,3,12,0,0,3,8,10,0,14,0,12,9,11,15,6,11,2,4,12,4,2,15,11,0,12,0,3,12,12,6,3,11,6,10,8,0,0,1,1,0,12,15,11,3,1,3,12,3,3,3,3,3,3,6,14,3,14,14,3,3,3,4,6,6,3,15,3,2,6,3,3,12,12,3,3,3,3,3,3,3,3,0,12,2,2,11,15,3,1,12,6,12,12,6,12,3,3,3,6,12,3,0,3,2,3,3,3,3,2,3,3,3,3,3,3,2,3,2,3,3,3,15,6,12,12,12,12,12,3,12,4,10,15,11,14,3,3,2,3,2,1,3,6,3,3,3,2,3,3,3,4,1,3,3,11,3,3
EPI_ISL_2566486,6,6,6,6,6,6,6,5,5,5,5,6,6,11,12,15,10,10,15,14,16,5,4,4,4,4,4,4,4,4,4,4,4,4,4,24,15,25,26,4,4,25,4,4,15,26,26,25,4,4,5,22,6,4,5,5,5,5,5,5,5,5,5,6,5,5,5,5,5,5,5,5,5,5,5,5,5,5,5,5,5,6,5,5,5,4,5,5,5,5,5,5,6,5,5,6,5,5,5,5,5,3,5,5,5,2,5,5,4,5,5,5,5,5,5,5,5,5,5,5,5,5,5,5,5,5,5,5,5,5,5,5,5,30,5,5,5,5,5,5,6,5,5,5,5,5,5,4,4,6,27,6,29,29,27,0,28,20,28,30,27,28,29,0,29,29,30,27,29,6,22,30,28,9,6,28,27,29,27,10,28,29,11,25,19,18,0,18,20,4,26,6,11,16,20,24,0,3,29,29,28,30,9,25,0,18,13,9,0,6,12,29,19,6,0,29,22,7,27,28,27,29,20,6,29,27,28,28,19,27,21,6,28,11,20,28,28,29,8,13,3,11,3,3,3,3,3,3,3,3,3,3,29,3,3,3,3,4,3,3,3,3,7,13,13,13,13,13,15,13,6,22,16,13,3,13,11,3,6,1,22,15,11,11,13,16,3,3,16,2,13,13,13,3,4,13,4,4,4,4,13,13,13,3,13,3,3,4,3,13,3,15,3,3,13,13,14,1,4,13,3,16,2,1,4,5,8,6,2,0,16,9,0,0,0,4,13,3,15,5,1,0,0,3,0,0,3,13,0,0,3,8,10,0,14,0,13,10,11,16,6,12,2,5,13,5,2,16,12,0,13,0,3,13,13,6,4,12,6,10,9,0,0,2,1,0,13,16,12,3,1,3,13,3,3,3,3,3,3,6,15,3,15,15,3,3,3,4,6,6,3,16,3,2,6,3,3,13,13,3,3,3,3,3,3,3,3,0,13,2,2,12,16,3,1,13,6,13,13,6,13,3,3,3,6,13,3,0,3,2,3,3,3,3,2,3,3,3,3,3,3,2,3,2,3,3,3,16,6,13,13,13,13,13,3,13,4,10,16,11,15,3,3,2,3,2,1,3,6,3,3,3,2,3,3,3,4,1,3,3,12,3,3
EPI_ISL_2566487,6,6,6,6,6,6,6,5,5,5,5,7,7,11,11,15,10,10,15,13,15,6,5,5,5,5,5,5,5,5,5,5,5,5,5,26,16,27,26,5,5,27,5,5,16,26,26,27,5,5,6,23,6,5,6,6,6,6,6,6,6,6,6,6,6,6,6,6,6,6,6,6,6,6,6,6,6,6,6,6,6,7,6,6,6,5,6,6,6,6,6,6,7,6,6,7,6,6,6,6,6,3,6,6,6,3,6,6,5,6,6,6,6,6,6,6,6,6,6,6,6,6,6,6,6,6,6,6,6,6,6,6,6,30,6,6,6,6,6,6,6,6,6,6,6,6,6,5,5,6,28,6,28,31,29,0,28,21,28,30,28,30,29,29,0,29,31,27,29,6,23,30,28,9,6,29,28,29,29,10,27,29,11,25,20,19,0,19,21,3,27,6,11,17,21,25,0,3,30,28,29,29,9,26,0,19,14,9,0,6,12,29,20,6,0,31,22,7,28,30,28,29,20,6,31,29,28,30,19,28,21,6,27,11,20,29,28,28,8,13,3,11,3,3,3,3,3,3,3,3,3,3,30,3,3,3,3,4,3,3,4,3,7,13,13,13,13,13,15,13,6,23,16,13,3,13,11,3,6,1,23,16,11,11,13,16,3,3,16,2,13,13,13,3,3,13,3,3,3,3,13,13,13,3,13,3,3,3,3,13,3,15,3,3,13,13,14,1,4,13,3,16,2,1,4,5,8,7,2,0,16,9,0,0,0,4,13,3,15,5,1,0,0,3,0,0,3,13,0,0,3,8,10,0,14,0,13,10,11,16,6,12,2,5,13,5,2,16,12,0,13,0,3,13,13,6,4,12,6,10,9,0,0,2,1,0,13,16,12,3,1,3,13,3,3,3,3,3,3,6,15,3,15,15,3,3,3,4,6,6,3,16,3,2,6,3,3,13,13,3,3,3,3,3,3,3,3,0,13,2,2,12,16,3,1,13,6,13,13,6,13,3,3,3,6,13,3,0,3,2,3,3,3,3,2,3,3,3,3,3,3,2,3,2,3,3,3,16,6,13,13,13,13,13,3,13,4,10,16,11,15,3,3,2,3,2,1,3,6,3,3,3,2,3,3,3,4,1,3,3,12,3,3
EPI_ISL_8215718,6,6,6,6,6,6,6,5,5,5,5,13,13,17,17,21,16,17,21,13,15,7,6,6,6,6,6,6,6,6,6,6,6,6,6,31,16,31,33,6,6,31,6,6,16,33,33,31,6,6,7,23,13,6,7,7,7,7,7,6,6,7,6,6,6,6,6,6,6,6,6,6,6,6,6,6,6,6,6,6,6,7,6,6,6,5,6,6,6,6,6,6,7,6,6,7,6,6,6,6,6,3,6,6,6,3,6,6,5,6,6,6,6,6,6,6,6,7,6,6,6,6,6,6,6,6,6,6,6,6,6,7,7,37,7,7,7,7,7,7,7,7,7,7,7,7,7,6,6,13,26,6,28,36,27,0,28,20,28,30,27,28,29,29,29,0,30,26,29,6,23,30,27,9,6,27,26,29,27,10,27,29,11,24,19,18,0,18,20,3,26,6,11,17,20,24,0,3,28,28,27,29,9,25,0,18,13,9,0,13,12,29,19,6,6,29,21,7,27,28,26,29,19,6,29,27,28,28,18,27,20,6,27,11,19,27,29,28,8,13,3,11,3,3,4,3,4,3,3,3,3,3,36,3,3,3,3,4,3,3,3,3,7,13,13,13,13,13,15,13,6,23,16,13,3,13,11,3,6,1,23,15,11,11,13,16,3,3,16,2,13,13,13,3,3,13,3,3,3,3,13,13,13,3,13,3,3,3,3,13,3,15,3,3,13,13,14,1,4,13,3,16,2,1,4,5,8,6,2,0,16,9,0,0,0,4,13,3,15,5,1,0,0,3,0,0,3,13,0,0,3,8,10,0,15,0,13,10,11,16,6,12,2,5,13,5,2,16,12,0,13,0,3,13,13,6,4,12,6,10,9,0,0,2,1,0,13,16,12,3,1,3,13,3,3,3,3,3,3,6,15,3,15,15,3,3,3,4,6,6,3,16,3,2,6,3,3,13,13,3,3,3,3,3,3,3,3,0,13,2,2,12,16,3,1,13,6,13,13,6,13,3,3,3,6,13,3,0,3,2,3,3,3,3,2,3,3,3,3,3,3,2,3,2,3,3,3,16,6,13,13,13,13,13,3,13,4,10,16,11,15,3,3,2,3,2,1,3,6,3,3,3,2,3,3,3,4,1,3,3,12,3,3
EPI_ISL_2566509,6,6,6,6,6,6,6,5,5,5,5,7,7,12,12,16,11,11,16,14,16,6,5,5,5,5,5,5,5,5,5,5,5,5,5,26,16,27,27,5,6,27,5,5,16,27,27,27,6,6,6,23,6,5,6,6,6,6,6,6,6,6,6,6,6,7,6,6,6,6,6,6,6,6,6,6,6,6,6,6,6,7,6,6,6,5,6,6,6,6,6,6,7,6,6,7,6,6,6,6,6,3,6,6,6,3,6,6,5,6,6,6,6,6,6,6,6,6,6,6,6,6,6,6,6,6,6,6,6,6,6,6,6,31,6,6,6,6,6,6,6,6,6,6,6,6,6,6,5,6,28,6,29,31,29,0,29,21,29,31,28,30,30,30,31,30,0,27,30,6,23,31,28,9,6,29,28,30,29,10,28,30,12,25,20,19,1,19,21,3,27,6,11,17,21,25,0,3,30,29,29,30,9,26,0,19,14,9,0,6,12,30,20,6,0,31,23,7,28,30,28,30,20,6,31,29,29,30,19,28,21,6,28,11,20,29,29,29,8,13,3,11,3,3,3,3,3,3,3,3,3,3,30,3,3,3,3,4,3,3,4,3,7,13,13,13,13,13,15,13,6,23,16,13,3,13,11,3,6,1,23,16,11,11,13,17,3,3,16,2,13,13,13,3,3,13,3,3,3,3,13,13,13,3,13,3,3,3,3,13,3,15,3,3,13,13,14,1,4,13,3,16,2,1,4,5,8,7,2,0,16,9,0,0,0,4,13,3,15,5,1,0,0,3,0,0,3,13,0,0,3,8,10,0,14,0,13,10,11,16,6,12,2,5,13,5,2,16,12,0,13,0,3,13,13,6,4,12,6,10,9,0,0,2,1,0,13,16,12,3,1,3,13,3,3,3,3,3,3,6,15,3,15,15,3,3,3,4,6,6,3,16,3,2,6,3,3,13,13,3,3,3,3,3,3,3,3,0,13,2,2,12,16,3,1,13,6,13,13,6,13,3,3,3,6,13,3,0,3,2,3,3,3,3,2,3,3,3,3,3,3,2,3,2,3,3,3,16,6,13,13,13,13,13,3,13,4,10,16,11,15,3,3,2,3,2,1,3,6,3,3,3,2,3,3,3,4,1,3,3,12,3,3
EPI_ISL_2566508,6,6,6,6,6,6,6,5,5,5,5,6,6,10,10,13,9,9,13,12,13,4,3,3,3,3,3,3,3,3,3,3,3,3,3,23,14,23,23,3,3,23,3,3,14,23,23,23,3,3,4,20,6,4,4,4,4,4,4,4,4,4,4,4,4,4,4,4,4,4,4,4,4,4,4,4,4,4,4,4,4,4,4,4,4,4,4,4,4,4,4,4,4,4,4,5,4,4,4,4,4,3,4,4,4,2,4,4,4,4,4,4,4,4,4,4,4,4,4,4,4,4,4,4,4,4,4,4,4,4,4,4,4,27,4,4,4,4,4,4,4,4,4,4,4,4,4,3,4,6,27,6,27,27,26,0,27,20,27,27,27,27,27,27,27,26,27,0,27,6,20,27,27,9,6,26,26,27,26,10,27,27,11,23,18,17,0,17,19,3,25,6,11,15,18,23,0,3,27,27,26,27,9,24,0,17,13,9,0,6,12,26,18,6,0,27,20,7,26,27,27,27,20,6,27,26,27,27,19,27,20,6,27,11,20,27,27,27,8,12,3,11,3,3,3,3,3,3,3,3,3,3,27,3,3,3,3,4,3,3,3,3,7,12,12,12,12,12,14,12,6,20,15,12,3,12,11,3,6,1,20,14,11,11,12,15,3,3,15,2,12,12,12,3,3,13,3,3,3,3,12,12,12,3,12,3,3,3,3,12,3,14,3,3,12,12,13,1,4,12,3,15,2,1,3,4,8,6,2,0,15,9,0,0,0,4,12,3,14,5,1,0,0,3,0,0,3,12,0,0,3,8,10,0,14,0,12,9,11,15,6,11,2,4,12,4,2,15,11,0,12,0,3,12,12,6,3,11,6,10,8,0,0,1,1,0,12,15,11,3,1,3,12,3,3,3,3,3,3,6,14,3,14,14,3,3,3,4,6,6,3,15,3,2,6,3,3,12,13,3,3,3,3,3,3,3,3,0,12,2,2,11,15,3,1,12,6,12,12,6,12,3,3,3,6,12,3,0,3,2,3,3,3,3,2,3,3,3,3,3,3,2,3,2,3,3,3,15,6,12,12,12,12,12,3,12,4,10,15,11,14,3,3,2,3,2,1,3,6,3,3,3,2,3,3,3,4,1,3,3,11,3,3
EPI_ISL_2566530,6,6,6,6,6,6,6,5,5,5,5,7,7,12,12,16,11,11,16,14,15,6,5,5,5,5,5,5,5,5,5,5,5,5,5,25,16,25,26,5,5,25,5,5,16,26,26,25,5,5,6,22,6,5,6,6,6,6,6,14,14,14,15,15,15,14,15,15,14,13,15,15,15,15,14,14,14,12,14,14,13,14,15,14,13,13,14,16,15,13,15,15,14,13,13,11,14,13,13,12,12,4,16,16,16,10,16,15,13,13,13,14,14,13,12,13,13,6,12,14,13,13,8,12,12,14,13,14,13,10,11,6,6,32,6,6,6,6,6,6,6,6,6,6,6,6,6,5,5,6,27,6,30,29,43,0,29,21,29,31,28,28,30,29,29,29,30,27,0,6,22,48,27,9,6,45,27,29,27,10,28,30,11,24,20,20,0,20,21,3,27,6,11,17,20,25,0,4,28,29,27,30,17,26,0,19,14,10,0,6,14,30,20,6,0,29,21,8,27,45,27,49,20,6,29,27,29,28,19,44,20,19,29,11,20,28,29,29,8,12,3,11,3,3,3,3,3,3,3,3,4,3,29,3,3,3,3,4,4,3,3,4,7,12,12,12,12,12,14,12,6,22,15,12,3,12,11,3,6,2,22,14,11,11,12,15,3,3,15,2,12,12,12,4,3,12,3,3,3,3,12,12,12,3,12,3,3,3,3,12,3,14,3,3,12,12,13,1,4,12,3,15,2,1,3,4,8,6,2,0,15,9,0,0,0,4,12,3,14,5,1,0,0,3,0,0,3,12,0,0,3,8,10,0,14,0,12,9,11,16,6,11,2,4,12,4,2,15,11,0,12,0,3,12,12,6,3,11,6,10,8,0,0,1,1,0,12,15,11,3,1,3,12,3,3,3,3,3,3,6,14,3,14,14,3,3,3,4,6,6,3,15,3,2,6,3,3,12,12,3,3,3,3,3,3,4,3,0,12,2,2,11,15,3,1,12,6,12,12,6,12,3,3,3,6,12,3,0,3,2,3,3,3,3,2,3,3,3,3,3,3,2,3,2,3,3,3,15,6,12,12,12,12,12,3,12,4,10,15,11,14,3,3,2,3,2,1,3,6,3,3,3,2,3,3,3,4,1,3,3,11,3,3
EPI_ISL_2566512,9,9,9,9,9,9,9,7,6,7,7,9,9,9,9,8,8,9,8,9,9,3,3,3,3,3,3,3,3,3,3,3,3,3,3,6,6,6,6,3,3,6,3,3,6,6,6,6,3,3,3,6,27,3,3,3,3,3,3,3,3,3,3,3,3,3,3,3,3,3,3,3,3,4,3,3,3,3,3,3,3,3,3,3,3,3,3,4,3,3,3,3,4,3,3,3,3,3,3,3,3,1,3,4,3,2,4,4,3,3,3,4,3,3,3,3,3,3,3,3,3,4,3,3,3,3,3,3,3,3,3,3,3,6,3,3,3,3,3,3,3,3,3,3,3,3,3,3,4,29,6,30,6,6,5,0,6,6,6,6,6,6,6,6,6,6,6,6,6,0,6,6,6,31,31,6,5,6,5,5,6,6,6,6,6,6,0,6,6,3,6,26,6,6,6,6,0,4,6,6,6,6,30,6,0,6,1,6,0,27,6,6,6,28,0,6,6,30,5,6,6,6,6,29,6,6,7,6,5,5,6,27,6,6,6,7,6,6,26,6,3,6,3,3,3,3,3,3,3,3,3,3,6,3,3,3,3,3,3,4,3,3,6,6,6,6,6,6,6,6,6,6,6,6,4,6,6,4,6,1,6,6,6,6,6,6,3,4,6,2,6,6,6,3,3,6,3,3,3,3,6,6,6,3,6,3,3,3,3,6,4,6,3,3,6,6,6,1,3,6,3,6,2,1,1,2,4,6,1,0,6,5,0,0,0,0,6,3,6,2,1,0,0,3,0,0,3,6,0,0,3,5,6,0,5,0,6,5,6,6,4,6,2,1,6,3,2,6,6,0,6,0,3,6,6,4,0,6,6,6,3,1,0,0,0,0,6,6,6,3,1,3,6,3,3,3,4,3,3,6,6,3,6,6,3,3,4,3,6,6,3,6,3,2,6,4,4,6,6,3,4,3,4,5,3,3,3,0,6,2,0,6,6,3,1,6,6,6,6,6,6,3,4,3,6,6,3,0,3,2,3,3,3,3,2,3,3,3,3,3,3,2,3,3,3,4,4,6,6,6,6,6,6,6,3,6,4,6,6,6,6,3,3,2,3,2,1,3,6,3,3,3,2,3,3,3,3,0,3,3,6,3,3
EPI_ISL_8215719,7,6,6,6,6,6,6,5,5,5,5,7,7,10,10,14,9,9,14,12,14,6,6,6,6,6,6,6,6,6,6,6,6,6,6,20,21,20,21,6,6,20,6,6,21,21,21,20,6,6,6,28,7,5,6,6,6,6,6,5,5,5,5,5,5,5,5,5,5,5,5,5,5,5,5,5,5,5,5,5,5,6,5,5,5,4,5,5,5,5,5,5,6,5,5,5,5,5,5,5,5,1,5,5,5,3,5,5,4,5,5,5,5,5,5,5,5,6,5,5,5,5,5,5,5,5,5,5,5,5,5,6,6,24,6,6,6,6,6,6,6,6,6,6,6,6,6,6,5,7,20,6,21,24,21,0,21,25,21,23,21,22,22,22,23,23,23,20,22,6,0,23,21,8,6,21,20,22,21,9,20,22,10,25,24,23,0,22,25,3,20,6,10,20,24,18,0,3,22,21,21,22,7,19,0,21,15,9,0,7,12,22,24,6,0,23,25,7,21,22,20,22,24,6,23,21,21,22,23,21,25,6,20,11,24,21,21,21,7,13,3,11,3,3,3,3,3,3,3,3,3,3,24,3,3,3,3,4,3,3,3,3,7,13,13,13,13,13,15,13,6,28,16,13,3,13,11,3,6,1,28,15,11,11,13,16,3,3,16,2,13,13,13,3,3,13,3,3,3,3,13,13,13,3,13,3,3,3,3,14,3,15,3,3,13,13,14,1,4,13,3,16,2,1,4,5,8,6,2,0,16,9,0,0,0,4,13,3,15,5,1,0,0,3,0,0,3,13,0,0,3,8,10,0,14,0,13,10,11,16,6,12,2,5,13,5,2,16,12,0,13,0,3,13,13,6,4,12,6,10,9,0,0,2,1,0,13,16,12,3,1,3,13,3,3,3,3,3,3,6,15,3,15,15,3,3,3,4,6,6,3,16,3,2,6,3,3,13,13,3,3,3,3,3,3,3,3,0,13,2,2,12,16,3,1,13,6,13,13,6,13,3,3,3,6,13,3,0,3,2,3,3,3,3,2,3,3,3,3,3,3,2,3,2,3,3,3,16,6,14,13,13,13,13,3,13,4,10,16,11,15,3,3,2,3,2,1,3,6,3,3,3,2,3,3,3,4,1,3,3,12,3,3
EPI_ISL_2566529,8,8,8,8,8,7,8,6,6,6,6,7,8,12,13,16,11,12,16,15,17,6,5,5,5,5,5,5,5,5,5,5,5,5,5,25,16,26,27,5,5,26,5,5,16,27,27,26,5,5,6,23,6,5,6,6,6,6,6,14,14,14,15,15,15,14,15,15,14,15,15,15,15,15,14,14,16,14,14,16,15,16,16,16,15,15,16,17,16,15,15,16,15,13,13,11,14,14,14,12,12,6,17,17,17,10,17,16,15,13,13,15,14,13,13,13,15,6,12,15,13,14,10,15,13,15,13,14,13,10,11,6,6,31,6,6,6,6,6,6,6,6,6,6,6,6,6,5,5,7,27,6,29,30,46,0,29,21,32,31,28,29,33,30,30,30,31,27,48,6,23,0,28,9,6,45,27,33,28,10,28,30,11,25,20,20,1,20,21,4,27,6,11,17,21,25,0,5,29,32,28,30,18,26,2,19,14,10,1,6,14,30,20,6,0,30,22,8,28,48,27,49,20,6,30,28,29,29,19,45,21,21,28,11,20,28,29,29,8,13,3,11,4,3,4,3,4,3,3,3,4,4,30,4,4,3,4,5,4,4,4,4,7,13,13,13,13,13,15,13,6,23,16,13,4,13,11,4,6,1,23,15,12,11,13,17,4,4,16,2,13,13,13,4,3,13,3,3,3,3,13,13,13,3,13,3,3,3,4,13,3,15,3,4,13,13,14,1,5,13,4,16,3,1,4,5,8,6,2,0,16,9,0,0,0,4,13,4,15,5,1,0,0,4,0,0,4,13,0,0,3,9,10,0,14,0,13,10,11,17,6,12,3,5,13,5,2,16,12,0,13,0,3,13,13,6,4,12,6,10,9,0,0,2,1,0,13,16,12,4,1,3,13,3,4,4,4,4,4,6,15,4,15,15,4,3,3,5,6,6,4,16,4,2,6,4,4,13,13,3,4,4,4,3,4,4,3,0,13,3,2,12,16,4,1,13,6,13,13,6,13,4,4,4,6,13,4,0,3,2,4,3,4,4,2,4,3,4,3,4,4,2,4,3,3,4,4,16,6,13,13,13,13,13,3,13,4,10,16,11,15,4,4,2,3,2,1,3,6,3,4,3,2,3,4,3,4,1,3,4,12,4,4
EPI_ISL_2566513,6,6,6,6,6,6,6,5,5,5,5,6,6,10,10,13,9,9,13,12,14,4,3,3,3,3,3,3,3,3,3,3,3,3,3,23,14,24,24,3,3,24,3,3,14,24,24,24,3,3,4,21,6,4,4,4,4,4,4,4,4,4,4,4,4,4,4,4,4,4,4,4,4,4,4,4,4,4,4,4,4,5,4,4,4,4,5,4,4,4,4,4,5,4,4,5,4,4,4,4,4,3,4,4,4,2,4,4,4,4,4,4,4,4,4,4,4,4,4,4,4,4,4,4,4,4,4,4,4,4,5,4,4,28,4,4,4,4,4,4,4,4,4,4,4,4,4,3,4,6,27,6,27,28,26,0,27,20,27,28,27,28,27,28,28,27,28,27,27,6,21,28,0,9,6,26,26,28,27,10,27,27,11,25,18,17,0,17,19,3,25,6,11,15,19,23,0,3,28,27,27,28,9,24,0,17,13,9,0,6,12,27,18,6,0,28,21,7,27,27,27,27,20,6,28,27,27,28,19,26,21,6,27,11,20,27,27,28,8,13,3,11,3,3,3,3,3,3,3,3,3,3,29,3,3,3,3,4,3,3,3,3,7,13,13,13,13,13,15,13,6,21,16,13,3,13,11,3,6,1,21,15,11,11,13,16,3,3,16,2,13,13,13,3,3,13,3,3,3,3,13,13,13,3,13,3,3,3,3,13,3,15,3,3,13,13,14,1,4,13,3,16,2,1,4,5,8,6,2,0,16,9,0,0,0,4,13,3,15,5,1,0,0,3,0,0,3,13,0,0,3,8,10,0,14,0,13,10,11,16,6,12,2,5,13,5,2,16,12,0,13,0,3,13,13,6,4,12,6,10,9,0,0,2,1,0,13,16,12,3,1,3,13,3,3,3,3,3,3,6,15,3,15,15,3,3,3,4,6,6,3,16,3,2,6,3,3,13,13,3,3,3,3,3,3,3,3,0,13,2,2,12,16,3,1,13,6,13,13,6,13,3,3,3,6,13,3,0,3,2,3,3,3,3,2,3,3,3,3,3,3,2,3,2,3,3,3,16,6,13,13,13,13,13,3,13,4,10,16,11,15,3,3,2,3,2,1,3,6,3,3,3,2,3,3,3,4,1,3,3,12,3,3
EPI_ISL_2566483,8,8,8,8,8,8,8,6,6,6,6,8,8,10,10,9,9,10,9,10,10,3,3,3,3,3,3,3,3,3,3,3,3,3,3,8,6,8,8,3,3,8,3,3,6,8,8,8,3,3,3,8,27,3,3,3,3,3,3,3,3,3,3,3,3,4,3,3,3,3,3,3,4,3,3,3,3,3,3,3,3,3,3,3,3,3,3,3,3,3,3,3,3,3,3,3,3,3,3,3,3,1,3,3,3,2,3,3,3,3,3,4,3,3,3,3,3,3,3,3,3,4,3,3,3,3,3,3,3,3,3,3,3,9,3,3,3,3,3,3,3,3,3,3,3,3,3,3,4,29,10,33,9,9,8,0,9,8,9,9,10,9,9,9,9,9,9,9,9,31,8,9,9,0,33,9,8,9,8,5,9,9,6,8,8,7,0,7,7,3,8,26,6,6,7,8,0,4,9,9,9,9,32,9,0,7,3,6,0,27,6,8,7,28,0,9,8,30,8,9,9,9,8,29,9,9,9,9,7,8,8,27,9,6,8,9,9,9,28,6,3,6,3,3,3,3,3,3,3,3,3,3,9,3,3,3,3,3,3,4,3,3,6,6,6,6,6,6,6,6,6,9,7,6,4,6,6,4,6,1,9,6,6,6,6,7,3,3,7,2,6,6,6,3,3,6,3,3,3,3,6,6,6,3,6,3,3,3,3,6,3,6,3,3,6,6,6,2,3,6,3,7,2,1,1,2,4,6,1,0,7,5,0,0,0,1,6,3,6,2,1,0,0,3,0,0,3,6,0,0,3,5,6,0,6,0,6,5,6,7,4,6,2,1,6,3,2,7,6,0,6,0,3,6,6,4,0,6,7,6,3,1,0,0,0,0,6,7,6,3,1,3,6,3,3,3,4,3,3,6,7,3,7,7,3,3,3,3,7,7,3,7,3,2,7,4,4,7,6,3,4,3,4,4,3,3,3,0,6,2,0,6,7,3,1,6,6,6,6,6,6,3,4,3,6,6,3,0,3,2,3,3,3,3,2,3,3,3,3,3,3,2,3,3,3,4,4,7,6,6,6,6,6,6,3,6,5,6,7,6,6,3,3,2,3,2,1,3,7,3,3,3,2,3,3,3,3,0,3,3,6,3,3
EPI_ISL_2566479,8,8,8,8,8,8,8,6,6,6,6,8,8,8,8,7,7,8,7,8,8,3,3,3,3,3,3,3,3,3,3,3,3,3,3,6,6,6,6,3,3,6,3,3,6,6,6,6,3,3,3,6,27,3,3,3,3,3,3,3,3,3,3,3,3,3,3,3,3,3,3,3,3,3,3,3,3,3,3,3,3,3,3,3,3,3,3,3,3,3,3,3,3,3,3,3,3,3,3,3,3,1,3,3,3,2,3,3,3,3,3,4,3,3,3,3,3,3,3,3,3,4,3,3,3,3,3,3,3,3,3,3,3,6,3,3,3,3,3,3,3,3,3,3,3,3,3,3,4,28,6,30,6,6,5,0,6,6,6,6,6,6,6,6,6,6,6,6,6,31,6,6,6,33,0,6,5,6,5,5,6,6,6,6,6,6,0,6,6,3,6,26,6,6,6,6,0,4,6,6,6,6,30,6,0,6,1,6,0,27,6,6,6,28,0,6,6,29,5,6,6,6,6,29,6,6,6,6,5,5,6,27,6,6,6,6,6,6,26,6,3,6,3,3,3,3,3,3,3,3,3,3,6,3,3,3,3,3,3,4,3,3,6,6,6,6,6,6,6,6,6,6,6,6,4,6,6,4,6,1,6,6,6,6,6,6,3,4,6,2,6,6,6,3,3,6,3,3,3,3,6,6,6,3,6,3,3,3,3,6,3,6,3,3,6,6,6,1,3,6,3,6,2,1,1,2,4,6,1,0,6,5,0,0,0,0,6,3,6,2,1,0,0,3,0,0,3,6,0,0,3,5,6,0,5,0,6,5,6,6,4,6,2,1,6,3,2,6,6,0,6,0,3,6,6,4,0,6,6,6,3,1,0,0,0,0,6,6,6,3,1,3,6,3,3,3,4,3,3,6,6,3,6,6,3,3,3,3,6,6,3,6,3,2,6,4,4,6,6,3,4,3,4,4,3,3,3,0,6,2,0,6,6,3,1,6,6,6,6,6,6,3,4,3,6,6,3,0,3,2,3,3,3,3,2,3,3,3,3,3,3,2,3,3,3,4,4,6,6,6,6,6,6,6,3,6,4,6,6,6,6,3,3,2,3,2,1,3,6,3,3,3,2,3,3,3,3,0,3,3,6,3,3
EPI_ISL_2566523,6,6,6,6,6,6,6,5,5,5,5,7,7,11,11,15,10,10,15,13,14,6,5,5,5,5,5,5,5,5,5,5,5,5,5,25,15,25,24,6,5,25,6,6,15,24,24,25,5,5,6,21,6,5,6,6,6,6,6,14,14,14,15,15,15,15,15,15,14,12,15,15,15,15,14,14,14,12,14,13,12,13,15,13,12,12,13,15,15,12,15,15,13,12,12,10,13,12,12,11,12,5,15,15,15,10,15,15,12,12,13,13,13,12,12,12,13,6,12,14,12,13,8,12,12,13,12,13,12,10,10,6,6,28,7,6,6,6,6,6,6,6,6,6,6,6,6,5,5,6,27,6,27,29,43,0,27,20,27,28,27,28,28,28,29,27,29,26,45,6,21,45,26,9,6,0,27,27,27,10,26,28,11,23,19,19,0,19,20,3,26,6,11,16,19,24,0,4,28,27,28,27,19,25,0,18,13,10,0,6,14,27,19,6,0,29,20,8,26,48,27,45,19,6,29,27,27,28,18,48,19,23,26,11,19,28,27,26,8,12,3,11,4,3,3,3,3,3,3,3,5,3,28,3,3,3,4,4,4,3,4,5,7,12,12,12,12,12,14,12,6,21,15,12,3,12,11,3,6,1,21,15,11,11,12,15,3,3,15,2,12,12,12,4,3,12,3,3,3,3,12,12,12,3,12,3,3,3,3,12,3,14,3,3,12,12,13,1,5,12,3,15,3,1,3,4,8,7,2,0,15,9,0,0,0,4,12,3,14,5,1,0,0,3,0,0,3,12,0,0,3,8,10,0,14,0,12,9,11,16,6,11,3,4,12,4,2,15,11,0,12,0,3,12,12,6,3,11,6,10,8,0,0,1,1,0,12,15,11,3,1,3,12,3,3,3,3,3,3,6,14,3,14,14,3,3,3,5,6,6,3,15,3,2,6,3,3,12,12,3,3,3,3,3,3,5,3,0,12,2,2,11,15,4,1,12,6,12,12,6,12,3,3,3,7,12,3,0,3,2,3,3,3,3,2,3,3,3,3,3,3,2,3,2,3,3,3,15,6,12,12,12,12,12,3,12,4,10,15,11,14,3,3,3,3,2,1,3,6,3,3,3,2,3,3,3,4,1,3,3,11,3,3
EPI_ISL_2566478,5,5,5,5,5,5,5,5,5,5,5,5,5,9,10,13,8,8,13,12,13,4,3,3,3,3,3,3,3,3,3,3,3,3,3,24,14,24,23,3,3,24,3,3,14,23,23,24,3,3,4,20,5,3,4,4,4,4,4,4,4,4,4,4,4,4,4,4,4,4,4,4,4,4,4,4,4,4,4,4,4,4,4,4,4,3,4,4,4,4,4,4,4,4,4,5,4,4,4,4,4,3,4,4,4,1,4,4,3,4,4,4,4,4,4,4,4,4,4,4,4,4,4,4,4,4,4,4,4,4,4,4,4,27,4,4,4,4,4,4,4,4,4,4,4,4,4,3,3,5,27,5,27,28,28,0,26,19,26,27,26,27,27,27,28,26,28,26,27,5,20,27,26,8,5,27,0,26,27,10,26,27,10,23,18,17,0,17,19,2,25,5,10,15,18,23,0,2,28,27,27,27,8,24,0,17,12,8,0,5,12,26,18,5,0,28,20,6,26,28,27,27,19,5,28,27,26,27,19,27,19,5,26,10,19,28,26,26,7,11,2,10,2,2,2,2,2,2,2,2,2,2,27,2,2,2,2,3,2,2,3,2,6,11,11,11,11,11,13,11,5,20,14,11,2,11,10,2,5,0,20,14,10,10,11,14,2,2,14,1,11,11,11,2,2,11,2,2,2,2,11,11,11,2,11,2,2,2,2,11,2,14,2,2,11,11,13,1,3,11,2,14,1,0,2,3,7,6,1,0,14,8,0,0,0,4,11,2,13,4,1,0,0,2,0,0,2,11,0,0,2,7,10,0,13,0,11,8,10,14,6,10,1,3,11,4,1,14,10,0,11,0,2,11,11,5,3,10,5,9,7,0,0,1,1,0,11,14,10,2,1,2,11,2,3,3,2,3,3,5,13,3,13,13,3,2,2,3,5,5,3,14,2,1,5,2,2,11,11,2,2,2,2,2,2,2,2,1,11,1,2,10,14,2,0,11,5,11,11,5,11,2,2,2,5,11,2,0,2,1,2,2,2,2,1,2,2,2,2,2,2,1,2,1,2,2,2,14,5,11,11,11,11,11,2,11,3,9,14,10,13,2,2,1,2,1,0,2,5,2,2,2,1,2,2,2,3,1,3,2,10,2,2
EPI_ISL_2566488,6,6,6,6,6,6,6,5,5,5,5,7,7,12,11,15,11,11,15,13,16,5,4,4,4,4,4,4,4,4,4,4,4,4,4,24,15,25,26,4,4,25,4,4,15,26,26,25,4,4,5,22,6,5,5,5,5,5,5,5,5,5,5,5,5,5,5,5,5,5,5,5,5,5,5,5,5,5,5,5,5,6,5,5,5,5,5,5,5,5,5,5,6,5,5,6,5,5,5,5,5,3,5,5,5,3,5,5,5,5,5,5,5,5,5,5,5,5,5,5,5,5,5,5,5,5,5,5,5,5,5,5,5,30,5,5,5,5,5,5,5,5,5,5,5,5,5,4,5,6,27,6,28,29,27,0,29,21,33,30,28,29,33,29,29,29,30,27,29,6,22,33,28,9,6,27,26,0,28,13,28,31,13,24,19,18,0,18,20,3,26,6,13,16,20,24,0,3,28,32,27,29,9,26,1,18,14,10,0,6,12,29,19,6,0,29,21,7,28,28,27,30,20,6,29,28,29,29,19,27,21,6,28,11,20,27,32,29,8,13,3,11,3,3,3,3,3,3,3,3,3,3,29,3,3,3,3,4,3,3,3,3,7,13,13,13,13,13,15,13,6,22,16,13,3,13,11,3,6,1,22,15,11,11,13,16,3,3,16,2,13,13,13,3,3,13,3,3,3,3,13,13,13,3,13,3,3,3,3,13,3,15,3,3,13,13,14,1,4,13,3,16,2,1,4,5,8,6,2,0,16,9,0,0,0,4,13,3,15,5,1,0,0,3,0,0,3,13,0,0,3,8,10,0,14,0,13,10,11,16,6,12,2,5,13,5,2,16,12,0,13,0,3,13,13,6,4,12,6,10,9,0,0,2,1,0,13,16,12,3,1,3,13,3,3,3,3,3,3,6,15,3,15,15,3,3,3,4,6,6,3,16,3,2,6,3,3,13,13,3,3,3,3,3,3,3,3,0,13,2,2,12,16,3,1,13,6,13,13,6,13,3,3,3,6,13,3,0,3,2,3,3,3,3,2,3,3,3,3,3,3,2,3,2,3,3,3,16,6,13,13,13,13,13,3,13,4,10,16,11,15,3,3,2,3,2,1,3,6,3,3,3,2,3,3,3,4,1,3,3,12,3,3
EPI_ISL_2566476,5,5,5,5,5,5,6,5,5,5,5,6,6,10,9,13,9,9,13,11,13,4,3,3,3,3,3,3,3,3,3,3,3,3,3,24,14,25,24,3,3,25,3,3,14,24,24,25,3,3,4,21,5,4,4,4,4,4,4,4,4,4,4,4,4,4,4,4,4,4,4,4,4,4,4,4,4,4,4,4,4,5,4,4,4,4,4,4,4,4,4,4,5,4,4,5,4,4,4,4,4,3,4,4,4,2,4,4,4,4,4,4,4,4,4,4,4,4,4,4,4,4,4,4,4,4,4,4,4,4,4,4,4,28,4,4,4,4,4,4,4,4,4,4,4,4,4,3,4,5,27,5,26,29,38,0,27,20,27,28,27,29,27,27,29,27,29,26,27,5,21,28,27,8,5,27,27,28,0,10,26,27,10,23,18,17,0,17,19,2,25,5,10,15,19,23,0,2,28,26,27,27,8,24,0,17,13,8,0,5,11,27,18,5,0,29,20,6,28,28,27,27,19,5,29,29,27,29,19,27,20,5,26,10,19,27,27,27,7,12,2,10,2,2,3,2,2,2,2,2,2,2,28,2,2,2,2,3,3,2,3,3,6,12,12,12,12,12,14,12,5,21,15,12,2,12,10,2,5,0,21,15,10,10,12,15,2,2,15,1,12,12,12,2,2,12,2,2,2,2,12,12,12,2,12,2,2,2,2,12,2,14,2,2,12,12,13,1,3,12,2,15,1,0,3,5,7,6,1,0,15,8,0,0,0,4,12,2,14,4,1,0,0,2,0,0,2,12,0,0,2,7,9,0,13,0,12,9,10,15,6,11,1,4,12,5,1,15,11,0,12,0,2,12,12,5,4,11,5,9,8,0,0,2,1,0,12,15,11,2,1,2,12,2,2,2,2,2,2,5,14,2,14,14,2,2,2,3,5,5,2,15,2,1,5,2,2,12,12,2,2,2,2,2,2,2,2,0,12,1,2,11,15,2,0,12,5,12,12,5,12,2,2,2,5,12,2,0,2,1,2,2,2,2,1,2,2,2,2,2,2,1,2,1,2,2,2,15,5,12,12,12,12,12,2,12,3,9,15,10,14,2,2,1,2,1,0,2,5,2,2,2,1,2,2,2,3,1,3,2,11,2,2
EPI_ISL_2566515,7,7,7,7,7,7,7,6,6,6,6,7,7,7,8,8,6,7,8,8,9,4,4,3,3,4,4,3,3,3,4,3,3,3,3,9,8,9,9,3,3,9,3,3,8,9,9,9,3,3,4,9,5,3,5,4,5,4,5,4,5,4,4,4,4,4,4,4,4,5,4,5,5,4,4,5,4,5,4,4,5,4,4,4,4,3,4,4,4,5,4,4,4,4,4,4,4,4,4,4,5,3,6,4,5,1,6,5,3,4,5,4,4,4,4,4,4,4,4,4,4,4,4,4,4,4,5,5,4,4,5,4,4,11,4,4,4,4,4,5,4,4,5,4,4,5,5,4,3,5,10,5,10,10,10,0,10,9,10,10,10,10,10,10,10,10,10,10,10,5,9,10,10,5,5,10,10,13,10,0,10,12,30,10,8,8,0,9,9,3,10,5,29,9,9,9,0,2,10,10,10,10,5,10,1,8,3,7,0,5,9,10,9,5,0,10,9,5,10,10,10,11,9,5,10,10,10,10,9,10,9,5,10,9,9,10,13,10,5,9,2,9,2,2,2,2,2,2,2,2,2,2,10,3,2,2,3,2,2,3,2,2,5,9,9,9,9,9,11,9,5,9,9,9,2,9,9,2,5,0,9,10,9,9,9,9,2,2,9,1,9,9,9,2,2,9,2,2,2,2,9,9,9,2,10,2,2,2,2,10,2,9,2,2,10,9,9,1,2,9,2,9,1,0,1,2,5,5,1,0,9,7,0,0,0,2,9,2,9,2,1,0,0,2,0,0,2,9,0,0,2,5,9,0,8,0,9,7,9,10,6,9,1,2,9,4,1,9,9,0,9,0,2,9,9,4,2,9,5,9,6,0,0,0,0,0,9,9,9,2,1,2,9,2,2,2,2,2,2,5,9,2,9,9,2,2,2,2,5,5,2,9,2,1,5,2,2,9,9,2,2,2,2,2,2,2,2,0,9,1,2,8,9,2,0,9,5,9,9,5,9,2,2,2,5,9,2,0,2,1,2,2,2,2,1,2,2,2,2,2,2,1,2,1,2,2,2,9,5,9,9,9,9,9,2,9,3,9,9,9,9,2,2,1,2,1,0,2,5,2,2,2,1,2,2,2,2,1,3,2,9,2,2
EPI_ISL_2566475,6,6,6,6,6,6,6,5,5,5,5,6,6,11,11,14,10,10,14,13,14,4,3,3,3,3,3,3,3,3,3,3,3,3,3,23,14,23,24,3,3,23,3,3,14,24,24,23,3,3,4,20,6,4,4,4,4,4,4,4,4,4,4,4,4,4,4,4,4,4,4,4,4,4,4,4,4,4,4,4,4,4,4,4,4,4,4,4,4,4,4,4,4,4,4,5,4,4,4,4,4,3,4,4,4,2,4,4,4,4,4,4,4,4,4,4,4,4,4,4,4,5,4,4,4,4,4,4,4,4,4,4,4,28,4,4,4,4,4,4,4,4,4,4,4,4,4,3,4,6,27,6,28,27,26,0,28,20,28,28,27,27,28,28,27,27,28,27,28,6,20,28,27,9,6,26,26,28,26,10,0,28,11,23,18,17,0,17,19,3,25,6,11,15,18,23,0,3,27,28,26,28,9,24,0,17,13,9,0,6,12,27,18,6,0,27,20,7,26,27,27,28,20,6,27,26,28,27,19,26,20,6,28,11,20,27,28,28,8,12,3,11,3,3,3,3,3,3,3,3,3,3,27,3,3,3,3,4,3,3,3,3,7,12,12,12,12,12,14,12,6,20,15,12,3,12,11,3,6,1,20,14,11,11,12,15,3,3,15,2,12,12,12,3,3,12,3,3,3,3,12,12,12,3,12,3,3,3,3,12,3,14,3,3,12,12,13,1,4,12,3,15,2,1,3,4,8,6,2,0,15,9,0,0,0,4,12,3,14,5,1,0,0,3,0,0,3,12,0,0,3,8,10,0,14,0,12,9,11,15,6,11,2,4,12,4,2,15,11,0,12,0,3,12,12,6,3,11,6,10,8,0,0,1,1,0,12,15,11,3,1,3,12,3,3,3,3,3,3,6,14,3,14,14,3,3,3,4,6,6,3,15,3,2,6,3,3,12,12,3,3,3,3,3,3,3,3,0,12,2,2,11,15,3,1,12,6,12,12,6,12,3,3,3,6,12,3,0,3,2,3,3,3,3,2,3,3,3,3,3,3,2,3,2,3,3,3,15,6,12,12,12,12,12,3,12,4,10,15,11,14,3,3,2,3,2,1,3,6,3,3,3,2,3,3,3,4,1,3,3,11,3,3
EPI_ISL_2566489,6,6,6,6,6,6,6,5,5,5,5,7,7,12,12,16,11,11,16,14,16,6,5,5,5,5,5,5,5,5,5,5,5,5,5,25,16,25,26,5,5,25,5,5,16,26,26,25,5,5,6,22,6,5,6,6,6,6,6,6,6,6,6,6,6,6,6,6,6,6,6,6,6,6,6,6,6,6,6,6,6,6,6,6,6,5,6,6,6,6,6,6,6,6,6,7,6,6,6,6,6,3,6,6,6,3,6,6,5,6,6,6,6,6,6,6,6,6,6,6,6,6,6,6,6,6,6,6,6,7,6,6,6,30,6,6,6,6,6,6,6,6,6,6,6,6,6,5,5,6,27,6,29,29,28,0,29,21,29,30,28,28,30,29,29,29,30,27,30,6,22,30,27,9,6,28,27,31,27,12,28,0,13,24,20,19,0,19,21,3,27,6,13,17,20,25,0,3,28,29,27,29,9,27,1,19,14,10,0,6,12,29,20,6,0,29,21,7,27,29,27,31,20,6,29,27,29,28,19,28,20,6,28,11,20,28,31,28,8,12,3,11,3,3,3,3,3,3,3,3,3,3,29,3,3,3,3,4,3,3,3,3,7,12,12,12,12,12,14,12,6,22,15,12,3,12,11,3,6,1,22,14,11,11,12,15,3,3,15,2,12,12,12,3,3,12,3,3,3,3,12,12,12,3,12,3,3,3,3,13,3,14,3,3,12,12,13,1,4,12,3,15,2,1,3,4,8,6,2,0,15,9,0,0,0,4,12,3,14,5,1,0,0,3,0,0,3,12,0,0,3,8,10,0,14,0,12,9,11,15,6,11,2,4,12,4,2,15,11,0,12,0,3,12,12,6,3,11,6,10,8,0,0,1,1,0,12,15,11,3,1,3,12,3,3,3,3,3,3,6,14,3,15,14,3,3,3,4,6,6,3,15,3,2,6,3,3,12,12,3,3,3,3,3,3,3,3,0,12,2,2,11,15,3,1,12,6,12,12,6,12,3,3,3,6,12,3,0,3,2,3,3,3,3,2,3,3,3,3,3,3,2,3,2,3,3,3,15,6,12,12,12,12,12,3,12,4,10,15,11,14,3,3,2,3,2,1,3,6,3,3,3,2,3,3,3,4,1,3,3,11,3,3
EPI_ISL_2566477,8,8,8,8,8,8,8,6,6,6,6,8,8,8,9,9,7,8,9,9,10,5,4,4,4,4,4,4,4,4,4,4,4,4,4,10,9,10,10,4,5,10,4,4,9,10,10,10,5,5,5,10,6,4,5,5,5,5,6,5,5,5,5,5,5,5,5,5,5,5,5,5,5,5,5,5,5,5,5,5,6,5,5,5,5,4,5,5,5,6,5,5,5,5,5,5,5,5,5,5,5,3,5,5,5,2,5,5,4,5,6,5,5,5,5,5,5,5,5,5,5,5,5,5,5,5,6,5,5,5,5,5,5,12,5,5,5,5,5,5,5,5,5,5,5,5,5,5,4,6,11,6,11,11,10,0,11,10,11,11,11,11,11,11,11,11,12,11,11,6,10,11,11,6,6,11,10,13,10,30,11,13,0,11,9,9,1,10,10,4,11,6,29,10,10,10,0,3,11,11,11,11,6,11,1,9,4,8,0,6,10,11,10,6,0,11,10,6,10,11,11,12,10,6,11,10,11,11,9,10,10,6,11,10,10,11,13,11,6,10,3,10,3,3,3,3,3,3,3,3,3,3,11,4,3,3,3,3,3,4,3,3,6,10,10,10,10,10,12,10,6,10,10,10,3,10,10,3,6,1,10,11,10,10,10,11,3,3,10,2,10,10,10,3,3,10,3,3,3,3,10,10,10,3,10,3,3,3,3,10,3,10,3,3,10,10,10,1,3,10,3,10,2,1,2,3,6,6,2,0,10,8,0,0,0,2,10,3,10,3,1,0,0,3,0,0,3,10,0,0,3,6,10,0,9,0,10,8,10,11,6,10,2,3,10,5,2,10,10,0,10,0,3,10,10,5,2,10,6,10,7,0,0,0,0,0,10,10,10,3,1,3,10,3,3,3,3,3,3,6,10,3,10,10,3,3,3,3,6,6,3,10,3,2,6,3,3,10,10,3,3,3,3,3,3,3,3,0,10,2,2,9,10,3,1,10,6,10,10,6,10,3,3,3,6,10,3,0,3,2,3,3,3,3,2,3,3,3,3,3,3,2,3,2,3,3,3,10,6,10,10,10,10,10,3,10,4,10,10,10,10,3,3,2,3,2,1,3,6,3,3,3,2,3,3,3,3,1,3,3,10,3,3
EPI_ISL_2566507,6,6,6,6,6,6,6,5,5,5,5,6,6,9,10,13,8,8,13,12,14,5,4,4,4,4,4,4,4,4,4,4,4,4,4,20,19,21,21,4,4,21,4,4,19,21,21,21,4,4,5,25,6,4,5,5,5,5,5,5,5,5,5,5,5,5,5,5,5,5,5,5,5,5,5,5,5,5,5,5,5,6,5,5,5,4,6,5,5,5,5,5,6,5,5,6,5,5,5,5,5,3,5,5,5,2,5,5,4,5,5,5,5,5,5,5,5,5,5,5,5,5,5,5,5,5,5,5,5,5,5,5,5,25,5,5,5,5,5,5,5,5,5,5,5,5,5,4,4,6,23,6,24,25,23,0,23,24,23,25,23,24,24,25,25,24,25,23,24,6,25,25,25,8,6,23,23,24,23,10,23,24,11,0,23,21,0,20,23,3,22,6,11,19,22,20,0,3,25,24,24,25,8,21,0,20,14,9,0,6,12,24,22,6,0,25,26,7,23,24,23,24,24,6,25,23,23,24,22,23,24,6,23,11,23,24,23,24,7,13,3,11,3,3,3,3,3,3,3,3,3,3,25,3,3,3,3,4,3,3,3,3,7,13,13,13,13,13,15,13,6,25,16,13,3,13,11,3,6,1,25,15,11,11,13,16,3,3,16,2,13,13,13,3,3,13,3,3,3,3,13,13,13,3,13,3,3,3,3,13,3,15,3,3,13,13,14,1,4,13,3,16,2,1,4,5,8,6,2,0,16,9,0,0,0,4,13,3,15,5,1,0,0,3,0,0,3,13,0,0,3,8,10,0,14,0,13,10,11,16,6,12,2,5,13,5,2,16,12,0,13,0,3,13,13,6,4,12,6,10,9,0,0,2,1,0,13,16,12,3,1,3,13,3,3,3,3,3,3,6,15,3,15,15,3,3,3,4,6,6,3,16,3,2,6,3,3,13,13,3,3,3,3,3,3,3,3,0,13,2,2,12,16,3,1,13,6,13,13,6,13,3,3,3,6,13,3,0,3,2,3,3,3,3,2,3,3,3,3,3,3,2,3,2,3,3,3,16,6,13,13,13,13,13,3,13,4,10,16,11,15,3,3,2,3,2,1,3,6,3,3,3,2,3,3,3,4,1,3,3,12,3,3
EPI_ISL_1936144,6,6,6,6,6,6,6,5,5,5,5,7,7,10,10,14,9,9,14,12,13,5,5,5,5,5,5,5,5,5,5,5,5,5,5,18,21,18,18,5,5,18,5,5,21,18,18,18,5,5,5,24,6,4,5,5,5,5,5,5,5,5,5,5,5,5,5,5,5,5,5,5,5,5,5,5,5,5,5,5,5,5,5,5,5,4,5,5,5,5,5,5,5,5,5,5,5,5,5,5,5,1,5,5,5,3,5,5,4,5,5,5,5,5,5,5,5,5,5,5,5,5,5,5,5,5,5,5,5,5,5,5,5,20,5,5,5,5,5,5,5,5,5,5,5,5,5,5,4,6,18,6,19,20,19,0,19,24,19,20,19,19,20,19,20,19,20,18,20,6,24,20,18,8,6,19,18,19,18,8,18,20,9,23,0,23,0,21,23,3,19,6,9,20,21,18,0,3,19,19,18,19,7,19,0,20,14,9,0,6,11,19,22,6,0,20,23,7,18,20,18,20,23,6,20,18,19,19,21,19,22,6,18,10,22,19,19,18,7,11,3,10,3,3,3,3,3,3,3,3,3,3,20,3,3,3,3,3,3,3,3,3,7,11,11,11,11,11,13,11,6,24,14,11,3,11,10,3,6,1,24,13,10,10,11,14,3,3,14,2,11,11,11,3,3,11,3,3,3,3,11,11,11,3,11,3,3,3,3,11,3,13,3,3,11,11,12,1,4,11,3,14,2,1,2,4,8,6,1,0,14,8,0,0,0,3,11,3,13,5,1,0,0,3,0,0,3,11,0,0,3,8,9,0,13,0,11,9,10,14,5,10,2,4,11,4,2,14,10,0,11,0,3,11,11,5,3,10,6,9,7,0,0,1,1,0,11,14,10,3,1,3,11,3,3,3,3,3,3,6,13,3,13,13,3,3,3,4,6,6,3,14,3,2,6,3,3,11,11,3,3,3,3,3,3,3,3,0,11,2,1,10,14,3,1,11,6,11,11,6,11,3,3,3,6,11,3,0,3,2,3,3,3,3,2,3,3,3,3,3,3,2,3,2,3,3,3,14,6,11,11,11,11,11,3,11,4,9,14,10,13,3,3,2,3,2,1,3,6,3,3,3,2,3,3,3,4,0,3,3,10,3,3
EPI_ISL_1936116,6,6,6,6,6,6,6,5,5,5,5,7,7,10,10,14,9,9,14,12,13,5,5,5,5,5,5,5,5,5,5,5,5,5,5,18,20,18,18,5,5,18,5,5,20,18,18,18,5,5,5,23,6,4,5,5,5,5,5,5,5,5,5,5,5,5,5,5,5,5,5,5,5,5,5,5,5,5,5,5,5,5,5,5,5,4,5,5,5,5,5,5,5,5,5,5,5,5,5,5,5,1,5,5,5,3,5,5,4,5,5,5,5,5,5,5,5,5,5,5,5,5,5,5,5,5,5,5,5,5,5,5,5,19,5,5,5,5,5,5,5,5,5,5,5,5,5,5,4,6,17,6,18,19,18,0,18,22,18,19,18,18,19,18,19,18,19,17,20,6,23,20,17,7,6,19,17,18,17,8,17,19,9,21,23,0,0,21,23,3,19,6,9,19,21,18,0,3,18,18,17,18,8,18,0,20,13,9,0,6,11,19,22,6,0,19,21,7,17,20,17,20,21,6,19,17,18,18,20,19,21,7,17,10,21,18,18,17,7,11,3,10,3,3,3,3,3,3,3,3,3,3,19,3,3,3,3,3,3,3,3,3,7,11,11,11,11,11,13,11,6,25,13,11,3,11,10,3,6,1,25,13,10,10,11,13,3,3,13,2,11,11,11,3,3,11,3,3,3,3,11,11,11,3,11,3,3,3,3,11,3,13,3,3,11,11,12,1,4,11,3,13,2,1,2,4,8,6,1,0,13,8,0,0,0,2,11,3,13,5,1,0,0,3,0,0,3,11,0,0,3,8,9,0,12,0,11,9,10,13,5,10,2,4,11,4,2,13,10,0,11,0,3,11,11,5,3,10,6,9,7,0,0,1,1,0,11,13,10,3,1,3,11,3,3,3,3,3,3,6,12,3,12,12,3,3,3,4,6,6,3,13,3,2,6,3,3,11,11,3,3,3,3,3,3,3,3,0,11,2,1,10,13,3,1,11,6,11,11,6,11,3,3,3,6,11,3,0,3,2,3,3,3,3,2,3,3,3,3,3,3,2,3,2,3,3,3,13,6,11,11,11,11,11,3,11,4,9,13,10,13,3,3,2,3,2,1,3,6,3,3,3,2,3,3,3,4,0,3,3,10,3,3
EPI_ISL_1936130,1,1,1,1,1,1,1,2,1,2,2,1,1,1,1,1,1,1,1,1,1,0,0,0,0,0,0,0,0,0,0,0,0,0,0,0,0,0,0,0,1,0,0,0,0,0,0,0,1,1,0,0,0,0,0,0,0,0,0,0,0,0,0,0,0,0,0,0,0,0,0,0,0,0,0,0,0,0,0,0,0,0,0,0,0,0,0,0,0,0,0,0,0,0,0,0,0,0,0,0,0,1,0,0,0,0,0,0,0,0,0,0,0,0,0,0,0,0,0,0,0,0,0,1,0,0,0,0,0,0,0,0,0,0,0,0,0,0,0,0,0,0,0,0,0,0,0,1,0,1,0,0,0,0,0,0,0,0,0,0,0,0,0,0,0,0,1,0,0,0,0,1,0,0,0,0,0,0,0,0,0,0,1,0,0,0,0,0,0,1,0,0,0,0,0,0,0,0,0,0,0,0,0,0,17,0,4,5,17,0,1,0,0,0,16,0,0,0,0,1,1,0,0,0,0,0,0,0,0,0,0,0,0,1,0,0,0,0,0,0,0,1,0,0,1,0,1,0,0,0,0,0,0,1,1,0,0,1,0,0,0,0,0,0,0,0,0,0,0,0,0,0,0,0,0,0,1,0,0,2,0,0,1,1,0,1,0,1,0,0,0,0,0,0,0,0,0,0,0,0,0,0,0,0,0,0,0,0,0,0,0,0,0,0,0,0,0,0,0,0,0,0,0,0,0,0,0,0,0,0,0,0,0,0,15,0,0,1,0,0,0,0,0,1,0,6,0,0,0,0,0,0,0,0,0,0,0,0,1,0,0,0,0,0,0,0,0,0,0,0,0,0,0,0,0,0,0,0,0,0,0,0,8,0,0,0,0,0,0,0,0,0,0,0,1,1,0,1,1,0,0,1,0,0,1,0,0,0,0,0,1,0,0,0,0,0,0,0,0,0,0,0,0,0,0,0,0,0,0,0,0,0,0,0,0,0,0,0,0,0,0,1,0,0,0,0,0,6,0,0,0,0,0,0,0,0,0,0,0,0,0,0,0,0,0,0,0,0,0,0,0,0,0,0,0,0,0,0,0,0,0,0,0,0,0,0,0,0,0,0,0,0,0,0,0,0,0,4,0,0,0,0,0
EPI_ISL_1936134,6,6,6,6,6,6,6,5,5,5,5,7,7,10,10,14,9,9,14,12,13,5,5,5,5,5,5,5,5,5,5,5,5,5,5,18,19,18,18,5,5,18,5,5,19,18,18,18,5,5,5,22,6,4,5,5,5,5,5,5,5,5,5,5,5,5,5,5,5,5,5,5,5,5,5,5,5,5,5,5,5,5,5,5,5,4,5,5,5,5,5,5,5,5,5,5,5,5,5,5,5,1,5,5,5,3,5,5,4,5,5,5,5,5,5,5,5,5,5,5,5,5,5,5,5,5,5,5,5,5,5,5,5,19,5,5,5,5,5,5,5,5,5,5,5,5,5,5,4,6,17,6,18,19,19,0,18,21,18,19,18,18,19,18,19,18,19,17,20,6,22,20,17,7,6,19,17,18,17,9,17,19,10,20,21,21,0,0,22,3,19,6,10,19,21,18,0,3,18,18,17,18,8,17,0,19,11,8,0,6,11,19,21,6,0,19,20,7,17,20,17,20,20,6,19,17,18,18,19,19,22,6,17,11,22,18,18,17,7,11,3,11,3,3,3,3,3,3,3,3,3,3,19,3,3,3,3,3,3,3,3,3,6,11,11,11,11,11,13,11,6,22,13,11,3,11,11,3,6,1,22,13,11,11,11,13,3,3,13,2,11,11,11,3,3,11,3,3,3,3,11,11,11,3,11,3,3,3,3,11,3,13,3,3,11,11,12,1,3,11,3,13,2,1,2,3,8,6,2,0,13,9,0,0,0,3,11,3,13,4,1,0,0,3,0,0,3,11,0,0,3,7,10,0,12,0,11,8,11,13,6,11,2,3,11,4,2,13,11,0,11,0,3,11,11,6,2,11,6,10,7,0,0,1,1,0,11,13,11,3,1,3,11,3,3,3,3,3,3,6,12,3,12,12,3,3,3,3,6,6,3,13,3,2,6,3,3,11,11,3,3,3,3,3,3,3,3,0,11,2,2,10,13,3,1,11,6,11,11,6,11,3,3,3,6,11,3,0,3,2,3,3,3,3,2,3,3,3,3,3,3,2,3,2,3,3,3,13,6,11,11,11,11,11,3,11,4,10,13,11,13,3,3,2,3,2,1,3,6,3,3,3,2,3,3,3,4,1,3,3,11,3,3
EPI_ISL_1936145,6,6,6,6,6,6,6,5,5,5,5,7,7,10,10,14,9,9,14,12,13,5,5,5,5,5,5,5,5,5,5,5,5,5,5,19,20,19,19,5,5,19,5,5,20,19,19,19,5,5,5,25,6,4,5,5,5,5,5,5,5,5,5,5,5,5,5,5,5,5,5,5,5,5,5,5,5,5,5,5,5,5,5,5,5,4,5,5,5,5,5,5,5,5,5,5,5,5,5,5,5,1,5,5,5,3,5,5,4,5,5,5,5,5,5,5,5,5,5,5,5,5,5,5,5,5,5,5,5,5,5,5,5,21,5,5,5,5,5,5,5,5,5,5,5,5,5,5,4,6,19,6,20,21,20,0,20,24,20,21,20,20,21,20,21,20,21,19,21,6,25,21,19,7,6,20,19,20,19,9,19,21,10,23,23,23,0,22,0,3,20,6,10,20,23,18,0,3,20,20,19,20,7,18,0,21,14,9,0,6,12,21,24,6,0,21,23,7,19,21,19,21,23,6,21,19,20,20,22,20,23,6,19,11,23,20,20,19,7,12,3,11,3,3,3,3,3,3,3,3,3,3,21,3,3,3,3,4,3,3,3,3,7,12,12,12,12,12,14,12,6,25,14,12,3,12,11,3,7,1,25,14,11,11,12,14,3,3,14,2,12,12,12,3,3,12,3,3,3,3,12,12,12,3,12,3,3,3,3,12,3,14,3,3,12,12,13,1,4,12,3,14,2,1,3,4,8,6,2,0,14,9,0,0,0,3,12,3,14,5,1,0,0,3,0,0,3,12,0,0,3,8,10,0,13,0,12,9,11,14,6,11,2,4,12,4,2,14,11,0,12,0,3,12,12,6,3,11,6,10,8,0,0,1,1,0,12,14,11,3,1,3,12,3,3,3,3,3,3,6,13,3,13,13,3,3,3,4,6,6,3,14,3,2,6,3,3,12,12,3,3,3,3,3,3,3,3,0,12,2,2,11,14,3,1,12,6,12,12,6,12,3,3,3,6,12,3,1,3,2,3,3,3,3,2,3,3,3,3,3,3,2,3,2,3,3,3,14,6,12,12,12,12,12,3,12,4,10,14,11,14,3,3,2,3,2,1,3,6,3,3,3,2,3,3,3,4,1,3,3,11,3,3
EPI_ISL_1936141,4,4,4,4,4,4,4,3,3,3,3,4,4,4,4,4,3,4,4,4,4,3,3,3,3,3,3,3,3,3,3,3,3,3,3,3,3,3,3,3,3,3,3,3,3,3,3,3,3,3,3,3,3,4,3,3,3,3,3,3,3,3,3,3,3,3,3,3,3,4,3,3,3,3,3,3,4,4,3,4,4,4,3,4,4,5,4,3,3,4,3,3,3,3,3,3,3,4,4,3,3,1,3,3,3,3,3,3,5,3,3,3,3,3,3,3,4,3,3,3,3,4,4,4,3,3,3,3,3,3,3,3,3,4,3,3,3,3,3,3,4,3,3,3,3,3,3,3,4,3,3,3,3,3,3,0,3,3,3,3,3,3,3,4,3,3,3,3,3,3,3,4,3,3,3,3,2,3,2,3,3,3,4,3,3,3,1,3,3,0,3,3,4,3,3,3,0,5,3,3,3,3,4,3,1,3,1,3,0,3,3,3,3,3,1,3,3,3,2,3,4,3,3,3,3,2,3,3,2,2,3,3,3,4,3,3,3,3,3,4,4,4,6,4,6,5,6,3,3,3,3,5,3,6,6,3,4,5,3,5,6,3,3,3,3,3,3,3,3,3,3,3,3,3,5,3,4,5,3,2,3,3,4,4,3,3,5,4,3,3,3,3,3,4,5,3,5,5,5,5,4,4,4,4,3,4,4,5,6,3,3,3,4,5,3,4,3,1,6,3,5,3,5,2,1,2,1,3,1,0,3,2,0,1,2,0,3,6,3,2,1,0,0,6,0,1,5,3,0,0,4,3,3,0,2,0,3,2,4,3,1,3,5,1,3,1,2,3,3,0,3,0,4,3,3,1,0,3,3,3,3,1,1,0,0,1,3,3,3,5,3,5,3,4,6,6,5,6,6,3,3,6,3,3,6,3,3,6,3,3,6,3,6,3,3,5,5,3,3,4,5,5,5,3,5,3,4,0,3,4,0,3,3,6,2,3,3,3,3,3,3,6,5,5,3,3,5,1,3,3,4,3,5,5,3,5,3,5,3,4,4,3,5,4,3,5,5,3,3,3,3,3,3,3,3,3,1,3,3,3,3,5,5,3,3,3,1,4,3,4,5,3,3,3,5,4,3,0,0,5,3,5,5
EPI_ISL_1936135,6,6,6,6,6,6,6,5,5,5,5,7,7,11,11,15,10,10,15,13,14,7,6,5,5,6,6,5,5,5,6,5,5,5,5,25,16,25,25,5,5,25,5,5,16,25,25,25,5,5,6,20,6,5,6,6,6,6,6,6,6,6,6,6,6,6,6,6,7,6,6,6,6,6,6,6,6,6,6,6,6,6,6,6,6,5,6,6,6,6,6,6,6,6,7,7,7,6,6,6,6,3,6,6,6,3,6,6,5,6,6,6,6,6,6,6,6,6,6,6,6,6,6,6,6,6,6,6,6,6,6,7,6,27,6,7,7,7,6,6,6,6,6,6,7,6,6,5,5,6,25,6,26,27,26,0,26,19,26,27,26,26,27,26,27,26,27,25,27,6,20,27,25,8,6,26,25,26,25,10,25,27,11,22,19,19,0,19,20,3,0,6,11,17,19,25,0,3,26,26,25,26,9,28,0,18,12,9,0,6,12,27,19,6,0,27,19,7,25,27,25,27,18,6,27,25,26,26,17,26,18,6,25,11,18,26,26,25,8,12,3,11,3,3,3,3,3,3,3,3,3,3,27,3,3,3,3,3,3,3,3,3,7,12,12,12,12,12,15,12,6,20,14,12,3,12,11,3,6,1,20,15,11,11,12,14,3,3,14,2,12,12,12,3,3,12,3,3,3,3,12,12,12,3,12,3,3,3,3,12,3,14,3,3,12,12,13,1,4,12,3,14,2,1,3,4,8,6,2,0,14,9,0,0,0,3,12,3,14,5,1,0,0,3,0,0,3,12,0,0,3,8,10,0,13,0,12,9,11,14,6,11,2,4,12,4,2,14,11,0,12,0,3,12,12,6,3,11,6,10,8,0,0,1,1,0,12,14,11,3,1,3,12,3,3,3,3,3,3,6,13,3,13,13,3,3,3,4,6,6,3,14,3,2,6,3,3,12,12,3,3,3,3,3,3,3,3,0,12,2,2,11,14,3,1,12,6,12,12,6,12,3,3,3,6,12,3,0,3,2,3,3,3,3,2,3,3,3,3,3,3,2,3,2,3,3,3,14,6,12,12,12,12,12,3,12,4,10,14,11,14,3,3,2,3,2,1,3,6,3,3,3,2,3,3,3,4,1,3,3,11,3,3
EPI_ISL_1936111,8,8,8,8,8,8,8,6,6,6,6,8,8,8,8,7,7,8,7,8,8,3,3,3,3,3,3,3,3,3,3,3,3,3,3,6,6,6,6,3,3,6,3,3,6,6,6,6,3,3,3,6,25,3,3,3,3,3,3,3,3,3,3,3,3,3,3,3,3,3,3,3,3,3,3,3,3,3,3,3,3,3,3,3,3,3,3,3,3,3,3,3,3,3,3,3,3,3,3,3,3,1,3,3,3,2,3,3,3,3,3,3,3,3,3,3,3,3,3,3,3,3,3,3,3,3,3,3,3,3,3,3,3,6,3,3,3,3,3,3,3,3,3,3,3,3,3,3,3,26,6,25,6,6,5,0,6,6,6,6,6,6,6,6,6,6,6,6,6,26,6,6,6,26,26,6,5,6,5,5,6,6,6,6,6,6,0,6,6,3,6,0,6,6,6,6,0,4,6,6,6,6,26,6,0,6,1,6,0,25,6,6,6,27,0,6,6,27,5,6,6,6,6,27,6,6,6,6,5,5,6,25,6,6,6,6,6,6,24,6,3,6,3,3,3,3,3,3,3,3,3,3,6,3,3,3,3,3,3,4,3,3,6,6,6,6,6,6,6,6,6,6,6,6,4,6,6,4,6,1,6,6,6,6,6,6,3,3,6,2,6,6,6,3,3,6,3,3,3,3,6,6,6,3,6,3,3,3,3,6,3,6,3,3,6,6,6,1,3,6,3,6,2,1,1,2,4,6,1,0,6,5,0,0,0,0,6,3,6,2,1,0,0,3,0,0,3,6,0,0,3,5,6,0,5,0,6,5,6,6,4,6,2,1,6,3,2,6,6,0,6,0,3,6,6,4,0,6,6,6,3,1,0,0,0,0,6,6,6,3,1,3,6,3,3,3,4,3,3,6,6,3,6,6,3,3,3,3,6,6,3,6,3,2,6,4,4,6,6,3,4,3,4,4,3,3,3,0,6,2,0,6,6,3,1,6,6,6,6,6,6,3,4,3,6,6,3,0,3,2,3,3,3,3,2,3,3,3,3,3,3,2,3,3,3,4,4,6,6,6,6,6,6,6,3,6,4,6,6,6,6,3,3,2,3,2,1,3,6,3,3,3,2,3,3,3,3,0,3,3,6,3,3
EPI_ISL_1936104,7,7,7,7,7,7,7,6,6,6,6,7,7,7,8,8,6,7,8,8,9,5,4,4,4,4,4,4,4,4,4,4,4,4,4,10,9,10,10,4,4,10,4,4,9,10,10,10,4,4,5,10,6,4,5,5,5,5,6,5,5,5,5,5,5,5,5,5,5,5,5,5,6,5,5,5,5,5,5,5,6,5,5,5,5,4,5,5,5,6,5,5,5,5,5,5,5,5,5,5,5,3,6,5,5,2,6,6,4,5,6,5,5,5,5,5,5,5,5,5,5,5,5,5,5,5,6,5,5,5,5,5,5,12,5,5,5,5,5,5,5,5,5,5,5,5,5,4,4,6,11,6,11,11,10,0,11,10,11,11,11,11,11,11,11,11,11,11,11,6,10,11,11,6,6,11,10,13,10,29,11,13,29,11,9,9,0,10,10,4,11,6,0,10,10,10,0,3,11,11,11,11,6,11,1,9,4,8,0,6,10,11,10,6,0,11,10,6,10,11,11,12,10,6,11,10,11,11,9,10,10,6,11,10,10,11,13,11,6,10,3,10,4,3,3,3,3,3,3,3,3,3,11,4,3,3,4,3,3,4,3,3,7,10,10,10,10,10,12,10,6,10,10,10,3,10,10,3,6,1,10,11,10,10,10,10,3,3,10,2,10,10,10,3,3,10,3,3,3,3,10,10,10,3,10,3,3,3,3,10,3,10,3,3,10,10,10,1,3,10,3,11,2,1,2,3,6,7,2,0,10,8,0,0,0,2,10,4,10,3,1,0,0,4,0,0,3,10,0,0,3,6,10,0,9,0,10,8,10,12,6,10,2,3,10,4,2,10,10,0,10,0,3,10,10,5,2,10,6,11,7,0,0,0,0,0,10,10,10,4,1,3,10,3,3,3,3,3,3,6,10,3,10,10,3,3,3,3,6,6,3,10,3,2,6,3,3,10,10,3,3,4,3,3,4,3,3,0,10,2,2,9,10,3,1,10,6,10,10,6,10,3,3,3,6,10,3,0,3,2,3,3,3,3,2,3,3,3,3,3,3,2,3,2,3,3,3,10,6,10,10,10,10,10,3,10,4,10,10,10,10,3,3,2,3,2,1,3,6,3,3,3,2,3,3,4,3,1,3,3,10,3,3
EPI_ISL_1936103,6,6,6,6,6,6,6,5,5,5,5,7,7,8,8,11,7,8,11,9,10,5,5,5,5,5,5,5,5,5,5,5,5,5,5,17,19,17,17,5,5,17,5,5,19,17,17,17,5,5,5,20,6,4,5,5,5,5,5,5,5,5,5,5,5,5,5,5,5,5,5,5,5,5,5,5,5,5,5,5,5,5,5,5,5,4,5,5,5,5,5,5,5,5,5,5,5,5,5,5,5,1,5,5,5,3,5,5,4,5,5,5,5,5,5,5,5,5,6,5,5,5,5,5,5,5,5,5,5,5,5,5,5,17,5,5,5,5,5,5,5,5,5,5,5,5,5,5,4,6,15,6,16,17,16,0,16,20,16,17,16,16,17,16,17,17,17,15,17,6,20,17,15,6,6,16,15,16,15,9,15,17,10,19,20,19,0,19,20,3,17,6,10,0,20,15,0,3,16,16,15,16,6,16,0,18,10,9,0,6,12,17,19,6,0,17,19,6,15,17,15,17,19,6,17,15,16,16,17,16,18,6,15,11,18,16,16,15,6,12,3,11,3,3,3,3,3,3,3,3,3,3,17,3,3,3,3,3,3,3,3,3,7,12,12,12,12,12,14,12,6,20,14,12,3,12,11,3,6,1,20,14,11,11,12,14,3,3,14,2,12,12,12,3,3,12,3,3,3,3,12,12,12,3,12,3,3,3,3,12,3,14,3,3,12,12,13,1,4,12,3,14,2,1,3,4,8,6,2,0,14,9,0,0,0,3,12,3,14,5,1,0,0,3,0,0,3,12,0,0,3,8,10,0,13,0,12,9,11,14,6,11,2,4,12,4,2,14,11,0,12,0,3,12,12,6,3,11,6,10,8,0,0,1,1,0,12,14,11,3,1,3,12,3,3,3,3,3,3,6,13,3,13,13,3,3,3,4,6,6,3,14,3,2,6,3,3,12,12,3,3,3,3,3,3,3,3,0,12,2,2,11,14,3,1,12,6,12,12,6,12,3,3,3,6,12,3,0,3,2,3,3,3,3,2,3,3,3,3,3,3,2,3,2,3,3,3,14,6,13,12,12,12,12,3,12,4,10,14,11,14,3,3,2,3,2,1,3,6,3,3,3,2,3,3,3,4,1,3,3,11,3,3
EPI_ISL_1936102,6,6,6,6,6,6,6,5,5,5,5,7,7,10,10,13,9,9,13,11,13,5,5,5,5,5,5,5,5,5,5,5,5,5,5,19,19,20,20,5,5,20,5,5,19,20,20,20,5,5,5,24,6,4,5,5,5,5,5,5,5,5,5,5,5,5,5,5,5,5,5,5,5,5,5,5,5,5,5,5,5,6,5,5,5,4,5,5,5,5,5,5,6,5,5,5,5,5,5,5,5,1,5,5,5,3,5,5,4,5,5,5,5,5,5,5,5,5,5,5,5,5,5,5,5,5,5,5,5,5,5,5,5,21,5,5,5,5,5,5,5,5,5,5,5,5,5,5,4,6,18,6,19,21,19,0,19,22,19,21,19,20,20,20,21,20,21,18,20,6,24,21,19,7,6,19,18,20,19,9,18,20,10,22,21,21,0,21,23,3,19,6,10,20,0,17,0,3,20,19,19,20,7,18,0,21,13,9,0,6,12,21,22,6,0,21,22,7,19,20,18,20,21,6,21,19,19,20,20,19,22,6,18,11,21,19,19,19,7,13,3,11,3,3,3,3,3,3,3,3,3,3,21,3,3,3,3,4,3,3,3,3,7,13,13,13,13,13,15,13,6,24,15,13,3,13,11,3,6,1,24,15,11,11,13,15,3,3,15,2,13,13,13,3,3,13,3,3,3,3,13,13,13,3,13,3,3,3,3,13,3,15,3,3,13,13,14,1,4,13,3,15,2,1,4,5,8,6,2,0,15,9,0,0,0,3,13,3,15,5,1,0,0,3,0,0,3,13,0,0,3,8,10,0,13,0,13,10,11,15,6,12,2,5,13,5,2,15,12,0,13,0,3,13,13,6,4,12,6,10,9,0,0,2,1,0,13,15,12,3,1,3,13,3,3,3,3,3,3,6,14,3,14,14,3,3,3,4,6,6,3,15,3,2,6,3,3,13,13,3,3,3,3,3,3,3,3,0,13,2,2,12,15,3,1,13,6,13,13,6,13,3,3,3,6,13,3,0,3,2,3,3,3,3,2,3,3,3,3,3,3,2,3,2,3,3,3,15,6,13,13,13,13,13,3,13,4,10,15,11,15,3,3,2,3,2,1,3,6,3,3,3,2,3,3,3,4,1,3,3,12,3,3
EPI_ISL_1936127,6,6,6,6,6,6,6,5,5,5,5,7,7,11,11,15,10,10,15,13,14,6,5,5,5,5,5,5,5,5,5,5,5,5,5,23,16,23,23,5,5,23,5,5,16,23,23,23,5,5,6,18,6,5,6,6,6,6,6,6,6,6,6,6,6,6,6,6,6,6,6,6,6,6,6,6,6,6,6,6,6,6,6,6,6,5,6,6,6,6,6,6,6,6,6,7,6,6,6,6,6,3,6,6,6,3,6,6,5,6,6,6,6,6,6,6,6,6,6,6,6,6,6,6,6,6,6,6,6,6,6,6,6,25,6,6,6,6,6,6,6,6,6,6,6,6,6,5,5,6,23,6,24,25,24,0,24,17,24,25,24,24,25,24,25,24,25,23,25,6,18,25,23,8,6,24,23,24,23,9,23,25,10,20,18,18,0,18,18,3,25,6,10,15,17,0,0,3,24,24,23,24,9,24,0,17,11,8,0,6,10,25,17,6,0,25,17,7,23,25,23,25,16,6,25,23,24,24,15,24,16,6,23,10,16,24,24,23,8,10,3,10,3,3,3,3,3,3,3,3,3,3,25,3,3,3,3,3,3,3,3,3,6,10,10,10,10,10,12,10,6,18,12,10,3,10,10,3,6,1,18,12,10,10,10,12,3,3,12,2,10,10,10,3,3,10,3,3,3,3,10,10,10,3,10,3,3,3,3,10,3,12,3,3,10,10,11,1,3,10,3,12,2,1,1,3,8,6,1,0,12,8,0,0,0,2,10,3,12,4,1,0,0,3,0,0,3,10,0,0,3,7,9,0,11,0,10,8,10,12,5,10,2,3,10,4,2,12,10,0,10,0,3,10,10,5,2,10,6,9,6,0,0,1,1,0,10,12,10,3,1,3,10,3,3,3,3,3,3,6,11,3,11,11,3,3,3,3,6,6,3,12,3,2,6,3,3,10,10,3,3,3,3,3,3,3,3,0,10,2,1,9,12,3,1,10,6,10,10,6,10,3,3,3,6,10,3,0,3,2,3,3,3,3,2,3,3,3,3,3,3,2,3,2,3,3,3,12,6,10,10,10,10,10,3,10,4,9,12,10,12,3,3,2,3,2,1,3,6,3,3,3,2,3,3,3,4,0,3,3,10,3,3
EPI_ISL_1936132,0,0,0,0,0,0,0,0,0,0,0,0,0,0,0,0,0,0,0,0,0,0,0,0,0,0,0,0,0,0,0,0,0,0,0,0,0,0,0,0,0,0,0,0,0,0,0,0,0,0,0,0,0,0,0,0,0,0,0,0,0,0,0,0,0,0,0,0,0,0,0,0,0,0,0,0,0,0,0,0,0,0,0,0,0,0,0,0,0,0,0,0,0,0,0,0,0,0,0,0,0,0,0,0,0,0,0,0,0,0,0,0,0,0,0,0,0,0,0,0,0,0,0,0,0,0,0,0,0,0,0,0,0,0,0,0,0,0,0,0,0,0,0,0,0,0,0,0,0,0,0,0,0,0,0,0,0,0,0,0,0,0,0,0,0,0,0,0,0,0,0,0,0,0,0,0,0,0,0,0,0,0,0,0,0,0,0,0,0,0,0,0,0,0,0,0,0,0,0,0,0,0,0,0,0,0,0,0,0,0,0,0,0,0,0,0,0,0,0,0,0,0,0,0,0,0,0,0,0,0,0,0,0,0,0,0,0,0,0,0,0,0,0,0,0,0,0,0,0,0,0,0,0,0,0,0,0,0,0,0,0,0,0,0,0,0,0,0,0,0,0,0,0,0,0,0,0,0,0,0,0,0,0,0,0,0,0,0,0,0,0,0,0,0,0,0,0,0,0,0,0,0,0,0,0,0,0,0,0,0,0,0,0,0,0,0,0,0,0,0,0,0,0,0,0,0,0,0,0,0,0,0,0,0,0,0,0,0,0,0,0,0,0,0,0,0,0,0,0,0,0,0,0,0,0,0,0,0,0,0,0,0,0,0,0,0,0,0,0,0,0,0,0,0,0,0,0,0,0,0,0,0,0,0,0,0,0,0,0,0,0,0,0,0,0,0,0,0,0,0,0,0,0,0,0,0,0,0,0,0,0,0,0,0,0,0,0,0,0,0,0,0,0,0,0,0,0,0,0,0,0,0,0,0,0,0,0,0,0,0,0,0,0,0,0,0,0,0,0,0,0,0,0,0,0,0,0,0,0,0,0,0,0,0,0,0,0,0,0,0,0,0,0,0,0,0,0,0,0,0,0,0,0,0,0,0,0,0,0,0,0,0,0,0,0,0,0,0,0,0,0,0,0
EPI_ISL_1936107,3,3,3,3,3,3,3,2,2,2,2,3,3,3,3,3,2,3,3,3,3,3,3,3,3,3,3,3,3,3,3,3,3,3,3,3,3,3,3,3,3,3,3,3,3,3,3,3,3,3,3,3,4,3,3,3,4,3,3,4,4,4,4,4,5,4,4,5,4,5,4,4,4,4,4,4,5,5,4,5,5,5,4,5,5,5,5,4,4,5,4,4,4,4,4,3,4,5,5,4,4,1,4,4,4,3,4,4,5,4,4,4,4,4,4,4,5,3,4,4,4,5,4,5,4,4,4,4,4,4,5,3,3,3,3,3,3,3,3,3,3,3,3,3,3,3,3,3,3,4,3,4,3,3,4,0,3,3,3,3,3,3,3,3,3,3,3,3,4,4,3,5,3,4,4,4,2,3,2,2,3,3,3,3,3,3,0,3,3,5,3,4,3,3,3,3,0,0,3,3,3,3,6,3,0,3,1,3,0,4,3,3,3,4,0,3,3,4,2,4,3,4,3,4,3,2,3,3,2,3,3,5,3,3,3,3,3,3,4,3,4,3,5,4,5,4,5,3,3,4,3,10,3,5,5,6,4,5,3,8,5,3,3,3,3,4,3,3,3,3,3,3,3,3,8,3,3,8,3,3,3,3,4,3,3,3,7,4,3,3,3,3,3,4,4,3,4,4,4,4,3,3,3,4,3,4,4,4,5,3,3,3,4,5,3,4,3,1,5,3,4,3,4,1,1,2,1,3,1,0,3,2,0,1,0,0,3,5,3,2,1,0,0,5,0,0,5,3,0,0,4,4,3,0,2,0,3,2,3,3,1,3,4,1,3,0,2,3,3,0,3,0,4,3,3,1,0,3,3,3,3,3,0,0,0,1,3,3,3,5,2,4,3,4,5,5,7,5,5,3,3,5,3,3,5,3,3,5,3,3,5,3,5,3,3,7,7,3,3,4,7,5,7,4,5,3,4,0,3,3,0,3,3,5,2,3,3,3,3,3,3,5,7,5,3,3,5,0,3,3,4,3,5,5,3,5,3,5,3,4,4,3,5,6,3,7,7,3,3,4,3,3,3,3,3,3,1,3,3,3,3,5,5,2,3,3,1,4,3,4,5,3,3,3,5,4,3,0,0,5,3,5,5
EPI_ISL_2566470,6,6,6,6,6,6,6,5,5,5,5,6,6,10,11,14,9,9,14,13,15,5,4,4,4,4,4,4,4,4,4,4,4,4,4,25,15,26,25,4,4,26,4,4,15,25,25,26,4,4,5,22,6,4,5,5,5,5,5,5,5,5,5,5,5,5,5,5,5,5,5,5,5,5,5,5,5,5,5,5,5,6,5,5,5,4,5,5,5,5,5,5,6,5,5,6,5,5,5,5,5,3,5,5,5,2,5,5,4,5,5,5,5,5,5,5,5,5,5,5,5,5,5,5,5,5,5,5,5,5,5,5,5,29,5,5,5,5,5,5,5,5,5,5,5,5,5,4,4,6,28,6,28,30,28,0,27,20,27,29,27,29,28,29,30,28,30,27,28,6,22,29,28,9,6,28,28,28,28,10,27,28,11,25,19,18,0,18,20,3,26,6,11,16,20,24,0,3,0,28,29,29,9,25,0,18,13,9,0,6,12,28,19,6,0,30,22,7,27,29,28,28,20,6,30,28,27,29,19,27,21,6,27,11,20,29,27,28,8,13,3,11,3,3,3,3,3,3,3,3,3,3,29,3,3,3,3,4,3,3,4,3,7,13,13,14,13,13,15,13,6,22,16,13,3,13,11,3,6,1,22,16,12,11,13,16,3,3,16,2,13,13,13,3,3,13,3,3,3,3,13,13,13,3,13,3,3,3,3,13,3,15,3,3,13,13,14,1,4,13,3,16,2,1,4,5,8,7,2,0,16,9,0,0,0,4,13,3,15,5,1,0,0,3,0,0,3,13,0,0,3,8,10,0,14,0,13,10,11,16,6,12,2,5,13,5,2,16,12,0,13,0,3,13,13,6,4,12,6,10,9,0,0,2,1,0,13,16,12,3,1,3,13,3,3,3,3,3,3,6,15,3,15,15,3,3,3,4,6,6,3,16,3,2,6,3,3,13,13,3,3,3,3,3,3,3,3,0,13,2,2,12,16,3,1,13,6,13,13,6,13,3,3,3,6,13,3,0,3,2,3,3,3,3,2,3,3,3,3,3,3,2,3,2,3,3,3,16,6,13,13,13,13,13,3,13,4,10,16,11,15,3,3,2,3,2,1,3,6,3,3,3,2,3,3,3,4,1,3,3,12,3,3
EPI_ISL_2566469,6,6,6,6,6,6,6,5,5,5,5,6,6,11,12,15,10,10,15,14,15,5,4,4,4,4,4,4,4,4,4,4,4,4,4,24,15,24,25,4,4,24,4,4,15,25,25,24,4,4,5,21,6,4,5,5,5,5,5,5,5,5,5,5,5,5,5,5,5,5,5,5,5,5,5,5,5,5,5,5,5,5,5,5,5,4,5,5,5,5,5,5,5,5,5,6,5,5,5,5,5,3,5,5,5,2,5,5,4,5,5,5,5,5,5,5,5,5,5,5,5,5,5,5,5,5,5,5,5,5,5,5,5,29,5,5,5,5,5,5,5,5,5,5,5,5,5,4,4,6,27,6,29,28,27,0,28,20,32,29,27,27,33,29,28,28,29,27,29,6,21,32,27,9,6,27,27,32,26,10,28,29,11,24,19,18,0,18,20,3,26,6,11,16,19,24,0,3,28,0,27,29,9,25,0,18,13,9,0,6,12,28,19,6,0,28,21,7,26,28,27,29,20,6,28,26,28,27,19,27,20,6,28,11,20,28,28,28,8,12,3,11,3,3,3,3,3,3,3,3,3,3,28,3,3,3,3,4,3,3,3,3,7,12,12,12,12,12,14,12,6,21,15,12,3,12,11,3,6,1,21,14,11,11,12,15,3,3,15,2,12,12,12,3,3,12,3,3,3,3,12,12,12,3,12,3,3,3,3,12,3,14,3,3,12,12,13,1,4,12,3,15,2,1,3,4,8,6,2,0,15,9,0,0,0,4,12,3,14,5,1,0,0,3,0,0,3,12,0,0,3,8,10,0,14,0,12,9,11,15,6,11,2,4,12,4,2,15,11,0,12,0,3,12,12,6,3,11,6,10,8,0,0,1,1,0,12,15,11,3,1,3,12,3,3,3,3,3,3,6,14,3,14,14,3,3,3,4,6,6,3,15,3,2,6,3,3,12,12,3,3,3,3,3,3,3,3,0,12,2,2,11,15,3,1,12,6,12,12,6,12,3,3,3,6,12,3,0,3,2,3,3,3,3,2,3,3,3,3,3,3,2,3,2,3,3,3,15,6,12,12,12,12,12,3,12,4,10,15,11,14,3,3,2,3,2,1,3,6,3,3,3,2,3,3,3,4,1,3,3,11,3,3
EPI_ISL_2566468,6,6,6,6,6,6,6,5,5,5,5,6,6,10,11,14,9,9,14,13,15,5,4,4,4,4,4,4,4,4,4,4,4,4,4,24,14,25,24,4,4,25,4,4,14,24,24,25,4,4,5,21,6,4,5,5,5,5,5,5,5,5,5,5,5,5,5,5,5,5,5,5,5,5,5,5,5,5,5,5,5,6,5,5,5,4,5,5,5,5,5,5,6,5,5,6,5,5,5,5,5,3,5,5,5,2,5,5,4,5,5,5,5,5,5,5,5,5,5,5,5,5,5,5,5,5,5,5,5,5,5,5,5,28,5,5,5,5,5,5,5,5,5,5,5,5,5,4,5,6,27,6,27,29,27,0,26,19,26,28,26,28,27,28,29,27,29,26,27,6,21,28,27,9,6,28,27,27,27,10,26,27,11,24,18,17,0,17,19,3,25,6,11,15,19,23,0,3,29,27,0,28,9,24,0,17,12,9,0,6,12,27,18,6,0,29,21,7,26,28,27,27,19,6,29,27,26,28,18,26,20,6,26,11,19,28,26,27,8,13,3,11,3,3,3,3,3,3,3,3,3,3,28,3,3,3,3,4,3,3,4,3,7,13,13,13,13,13,15,13,6,21,16,13,3,13,11,3,6,1,21,16,11,11,13,16,3,3,16,2,13,13,13,3,3,13,3,3,3,3,13,13,13,3,13,3,3,3,3,13,3,15,3,3,13,13,14,1,4,13,3,16,2,1,4,5,8,7,2,0,16,9,0,0,0,4,13,3,15,5,1,0,0,3,0,0,3,13,0,0,3,8,10,0,14,0,13,10,11,16,6,12,2,5,13,5,2,16,12,0,13,0,3,13,13,6,4,12,6,10,9,0,0,2,1,0,13,16,12,3,1,3,13,3,3,3,3,3,3,6,15,3,15,15,3,3,3,4,6,6,3,16,3,2,6,3,3,13,13,3,3,3,3,3,3,3,3,0,13,2,2,12,16,3,1,13,6,13,13,6,13,3,3,3,6,13,3,0,3,2,3,3,3,3,2,3,3,3,3,3,3,2,3,2,3,3,3,16,6,13,13,13,13,13,3,13,4,10,16,11,15,3,3,2,3,2,1,3,6,3,3,3,2,3,3,3,4,1,3,3,12,3,3
EPI_ISL_2566467,7,7,7,7,7,7,7,6,6,6,6,7,7,12,13,16,11,11,16,15,17,6,5,5,5,5,5,5,5,5,5,5,5,5,5,24,15,25,26,5,5,25,5,5,15,26,26,25,5,5,6,22,6,4,6,6,7,6,6,6,6,6,6,6,6,6,6,6,6,6,6,6,6,6,6,6,6,6,6,6,6,7,6,6,6,4,6,6,6,6,6,6,7,6,6,8,6,6,6,6,6,4,6,6,6,2,6,6,4,6,6,6,6,6,7,6,7,6,6,6,6,6,7,7,7,6,6,6,6,6,8,6,6,31,6,6,6,6,6,6,6,6,6,6,6,6,6,5,4,6,27,6,30,29,27,0,28,20,28,31,27,28,29,30,29,29,30,27,30,6,22,30,28,9,6,27,27,29,27,10,28,29,11,25,19,18,0,18,20,3,26,6,11,16,20,24,0,3,29,29,28,0,9,25,0,18,13,9,0,6,12,30,19,6,0,29,22,7,27,28,27,32,20,6,29,27,28,28,19,27,21,6,29,11,20,28,28,30,8,13,3,11,3,3,3,3,3,3,3,3,3,3,29,3,3,3,3,4,3,3,3,3,7,13,13,13,13,13,15,13,6,22,16,13,3,13,11,3,6,1,22,15,11,11,13,16,3,3,16,2,13,13,13,4,3,13,3,3,3,3,13,13,13,3,13,3,3,3,3,13,3,15,3,3,13,13,14,1,4,13,3,16,2,1,4,5,8,6,2,0,16,9,0,0,0,4,13,3,15,5,1,0,0,3,0,0,3,13,0,1,3,8,10,0,14,0,13,10,11,16,6,12,2,5,13,5,2,16,12,0,13,0,3,13,13,6,4,12,6,10,9,0,0,2,1,0,13,16,12,3,1,3,13,3,3,3,3,3,3,6,15,3,15,15,3,3,3,4,6,6,3,16,3,2,6,3,3,13,13,3,3,3,3,3,3,3,3,0,13,2,2,12,16,3,1,13,6,13,13,6,13,3,3,3,6,13,3,0,3,2,3,3,3,3,2,3,3,3,3,3,3,2,3,2,3,3,3,16,6,13,13,13,13,13,3,13,4,10,16,11,15,3,3,2,3,2,1,3,6,3,3,3,2,3,3,3,4,1,3,3,12,3,3
EPI_ISL_2510688,17,17,17,17,17,17,17,15,15,15,15,17,17,10,10,9,9,10,9,10,10,3,3,3,3,3,3,4,4,4,3,3,3,3,3,9,7,9,9,3,3,9,3,3,7,9,9,9,3,3,3,7,35,3,3,3,3,3,3,9,9,9,9,9,9,9,9,9,9,11,9,9,9,9,9,9,10,10,9,10,9,10,9,9,11,11,10,9,9,10,9,9,9,9,9,6,9,10,10,7,8,3,9,9,9,7,9,9,10,8,9,10,9,8,9,9,9,3,8,9,8,11,5,9,8,10,9,9,8,7,7,3,3,9,3,3,3,3,3,3,3,3,3,3,3,3,3,3,4,36,9,29,9,9,17,0,9,7,9,9,9,9,9,9,9,9,9,9,17,30,7,18,9,32,30,19,8,9,8,5,9,9,6,8,7,8,0,8,7,4,9,26,6,6,7,9,0,6,9,9,9,9,0,9,0,7,2,7,0,35,8,9,7,28,0,9,7,29,8,19,9,17,7,28,9,9,9,9,6,18,7,37,9,6,7,9,9,9,27,6,3,6,5,3,4,3,4,3,3,3,4,4,9,4,4,3,5,4,3,5,4,4,6,6,6,6,6,6,6,6,6,7,6,6,5,6,6,5,6,2,7,6,6,6,6,6,4,3,6,2,6,6,6,4,3,6,3,3,3,3,6,6,6,3,6,3,3,3,4,6,3,6,3,4,6,6,6,1,5,6,4,6,4,1,1,2,4,6,1,0,6,5,0,0,0,0,6,4,6,2,1,0,0,4,0,0,4,6,0,0,3,6,6,0,5,0,6,5,6,7,4,6,4,1,6,3,2,6,6,0,6,0,3,6,6,4,0,6,6,6,3,1,0,0,0,0,6,6,6,4,1,3,6,3,4,4,5,4,4,6,6,4,6,6,4,3,3,6,6,6,4,6,4,2,6,5,5,6,6,3,5,4,5,4,4,4,3,0,6,3,0,6,6,5,2,6,6,6,6,6,6,4,5,4,6,6,4,0,3,2,3,3,4,4,2,4,3,4,3,3,3,2,4,4,3,5,5,6,6,6,6,6,6,6,3,6,4,6,6,6,6,4,4,3,3,2,1,3,6,3,4,3,2,3,4,3,3,0,3,4,6,4,4
EPI_ISL_1936244,6,6,6,6,6,6,6,5,5,5,5,7,7,11,11,14,10,10,14,12,13,7,6,5,5,6,6,5,5,5,6,5,5,5,5,24,16,24,24,5,5,24,5,5,16,24,24,24,5,5,6,19,6,5,6,6,6,6,6,6,6,6,6,6,6,6,6,6,7,6,6,6,6,6,6,6,6,6,6,6,6,6,6,6,6,5,6,6,6,6,6,6,6,6,7,7,7,6,6,6,6,3,6,6,6,3,6,6,5,6,6,6,6,6,6,6,6,6,6,6,6,6,6,6,6,6,6,6,6,6,6,7,6,26,6,7,7,7,6,6,6,6,6,6,7,6,6,5,5,6,24,6,25,26,25,0,25,18,25,26,25,25,26,25,26,25,26,24,26,6,19,26,24,9,6,25,24,26,24,10,24,27,11,21,19,18,0,17,18,3,28,6,11,16,18,24,0,3,25,25,24,25,9,0,2,18,14,11,0,6,11,25,17,6,0,26,18,7,24,26,24,27,17,6,26,24,25,25,16,25,17,6,24,10,17,25,26,24,8,11,3,10,3,3,3,3,3,3,3,3,3,3,26,3,3,3,3,3,3,3,3,3,7,11,11,11,11,11,14,11,6,19,14,11,3,11,10,3,6,1,19,14,10,10,11,14,3,3,14,2,11,11,11,3,3,11,3,3,3,3,11,11,11,3,11,3,3,3,3,11,3,13,3,3,11,11,12,1,4,11,3,14,2,1,2,4,8,6,1,0,14,8,0,0,0,3,11,3,13,5,1,0,0,3,0,0,3,11,0,0,3,8,9,0,13,0,11,9,10,14,5,10,2,4,11,4,2,14,10,0,11,0,3,11,11,5,3,10,6,9,7,0,0,1,1,0,11,14,10,3,1,3,11,3,3,3,3,3,3,6,13,3,13,13,3,3,3,4,6,6,3,14,3,2,6,3,3,11,11,3,3,3,3,3,3,3,3,0,11,2,1,10,14,3,1,11,6,11,11,6,11,3,3,3,6,11,3,0,3,2,3,3,3,3,2,3,3,3,3,3,3,2,3,2,3,3,3,14,6,11,11,11,11,11,3,11,4,9,14,10,13,3,3,2,3,2,1,3,6,3,3,3,2,3,3,3,4,0,3,3,10,3,3
EPI_ISL_1936251,2,2,2,2,2,1,2,1,1,1,1,1,1,1,1,1,1,1,1,2,2,0,0,0,0,0,0,0,0,0,0,0,0,0,0,0,0,0,0,0,0,0,0,0,0,0,0,0,0,0,0,0,0,0,0,0,0,0,0,0,0,0,0,0,0,0,0,0,0,1,0,0,0,0,0,0,1,1,0,1,1,0,1,1,1,1,1,1,1,1,0,1,0,0,0,0,0,0,0,0,0,2,1,1,1,0,1,1,1,0,0,1,0,0,1,0,1,0,0,1,0,0,1,2,1,1,0,0,0,0,0,0,0,0,0,0,0,0,0,0,0,0,0,0,0,0,0,0,0,1,0,0,0,0,1,0,0,0,0,0,0,0,0,0,0,0,0,0,0,0,0,2,0,0,0,0,0,1,0,1,0,1,1,0,0,0,17,0,0,1,0,0,1,0,0,0,0,0,0,0,0,0,0,2,0,0,5,8,15,0,1,0,0,0,15,0,0,0,0,1,1,2,0,0,0,0,0,0,0,0,0,0,0,1,0,0,1,0,0,0,0,1,0,0,1,0,1,0,0,0,0,0,0,1,1,0,0,1,0,0,0,0,0,0,0,0,0,0,0,0,0,0,0,0,0,0,1,0,0,2,0,0,1,1,0,0,0,1,0,0,0,0,0,0,0,0,0,0,0,0,0,0,0,0,0,0,0,0,0,0,0,0,0,0,0,0,0,0,0,0,0,0,0,0,0,0,0,0,0,0,0,0,0,0,14,0,0,1,0,0,0,0,0,1,0,6,0,0,0,0,0,0,0,0,0,0,0,0,1,0,0,0,0,0,0,0,0,0,0,0,0,0,0,0,0,0,0,0,0,0,0,0,8,0,0,0,0,0,0,0,0,0,0,0,1,1,0,1,1,0,0,1,0,0,1,0,0,0,0,0,1,0,0,0,0,0,0,0,0,0,0,0,0,0,0,0,0,0,0,0,0,0,0,0,0,0,0,0,0,0,0,1,0,0,0,0,0,6,0,0,0,0,0,0,0,0,0,0,0,0,0,0,0,0,0,0,0,0,0,0,0,0,0,0,0,0,0,0,0,0,0,0,0,0,0,0,0,0,0,0,0,0,0,0,0,0,0,4,0,0,0,0,0
EPI_ISL_1936255,6,6,6,6,6,6,6,5,5,5,5,7,7,10,10,13,9,9,13,11,12,5,5,5,5,5,5,5,5,5,5,5,5,5,5,18,18,18,18,5,5,18,5,5,18,18,18,18,5,5,5,21,6,5,5,5,5,5,5,5,5,5,5,5,5,5,5,5,5,5,5,5,5,5,5,5,5,5,5,5,5,5,5,5,5,5,5,5,5,5,5,5,5,5,5,5,5,5,5,5,5,1,5,5,5,3,5,5,5,5,5,5,5,5,5,5,5,5,5,5,5,5,5,5,5,5,5,5,5,5,5,5,5,19,5,5,5,5,5,5,5,5,5,5,6,5,5,5,5,6,17,6,18,19,18,0,18,20,18,19,18,18,19,18,19,18,19,17,19,6,21,19,17,7,6,18,17,18,17,8,17,19,9,20,20,20,0,19,21,3,18,6,9,18,21,17,0,3,18,18,17,18,7,18,0,0,14,9,0,6,11,19,20,6,0,19,20,7,17,19,17,19,19,6,19,17,18,18,18,18,19,6,17,10,19,18,18,17,7,11,3,10,3,3,4,3,4,3,3,3,3,3,19,4,3,3,3,4,3,3,3,3,8,11,11,11,11,11,13,11,6,21,13,11,3,11,10,3,6,2,21,13,10,10,11,13,3,3,13,2,11,11,11,3,3,11,3,3,3,3,11,11,11,3,11,3,3,3,3,11,3,13,3,3,11,11,12,1,4,11,3,13,2,1,2,4,8,6,1,0,13,8,0,0,0,2,11,3,13,5,1,0,0,3,0,0,3,11,0,0,3,8,9,0,12,0,11,9,10,13,5,10,2,4,11,4,2,13,10,0,11,0,3,11,11,5,3,10,6,9,7,0,0,1,1,0,11,13,10,3,1,3,11,3,3,3,3,3,3,6,12,3,12,12,3,3,3,4,6,6,3,13,3,2,6,3,3,11,11,3,3,3,3,3,3,3,3,0,11,2,1,10,13,3,1,11,6,11,11,6,11,3,3,3,6,11,3,0,3,2,3,3,3,3,2,3,3,3,3,3,3,2,3,2,3,3,3,13,6,11,11,11,11,11,3,11,4,9,13,10,13,3,3,2,3,2,1,3,6,3,3,3,2,3,3,3,4,0,3,3,10,3,3
EPI_ISL_1936259,1,1,1,1,1,1,1,0,0,0,0,2,2,5,4,7,5,4,7,5,6,2,2,2,2,2,2,2,2,2,2,2,2,2,2,12,11,12,12,2,2,12,2,2,11,12,12,12,2,2,2,15,1,2,2,2,2,2,2,2,2,2,2,2,2,2,2,2,2,2,2,2,2,2,2,2,2,2,2,2,2,2,2,2,2,2,2,2,2,2,2,2,2,2,2,2,2,2,2,2,2,0,2,2,2,2,2,2,2,2,2,2,2,2,2,2,2,2,2,2,2,2,2,2,2,2,2,2,2,2,2,2,2,14,2,2,2,2,2,2,2,2,2,2,2,2,2,2,2,1,13,1,13,14,13,0,14,15,14,14,14,14,14,13,14,13,14,13,14,1,15,14,13,3,1,13,12,14,13,3,13,14,4,14,14,13,4,11,14,1,12,1,4,10,13,11,0,1,13,13,12,13,2,14,5,14,0,7,5,1,7,13,13,1,4,14,14,2,13,14,13,14,14,1,14,13,14,14,13,13,14,1,13,5,14,13,14,13,2,6,1,5,1,1,1,1,1,1,1,1,1,1,14,1,1,1,1,2,1,1,1,1,2,6,6,6,6,6,7,6,1,15,8,6,1,6,5,1,1,2,15,7,5,5,6,8,1,1,8,1,6,6,6,1,1,6,1,1,1,1,6,6,6,1,6,1,1,1,1,6,1,7,1,1,6,6,6,0,2,6,1,8,1,1,2,3,5,1,1,0,8,4,0,0,4,2,6,1,7,4,0,0,0,1,0,2,1,6,0,0,1,4,4,0,8,0,6,5,5,8,1,5,1,4,6,1,1,8,5,0,6,0,1,6,6,2,3,5,1,4,5,0,1,0,1,0,6,8,5,1,0,1,6,1,1,1,1,1,1,1,7,1,7,7,1,1,1,2,1,1,1,8,1,1,1,1,1,6,6,1,1,1,1,1,1,1,1,0,6,1,1,5,8,1,1,6,1,6,6,1,6,1,1,1,1,6,1,2,1,1,1,1,1,1,1,1,1,1,1,1,1,1,1,1,1,1,1,8,1,6,6,6,6,6,1,6,1,4,8,5,7,1,1,1,1,1,1,1,1,1,1,1,1,1,1,1,1,1,0,1,5,1,1
EPI_ISL_1936252,6,6,6,6,6,6,6,5,5,5,5,6,6,7,7,7,6,7,7,7,7,3,3,3,3,3,3,3,3,3,3,3,3,3,3,9,8,9,9,3,3,9,3,3,8,9,9,9,3,3,3,9,6,3,3,3,3,3,3,4,4,4,4,4,4,4,4,4,4,4,4,4,4,4,4,4,4,4,4,4,4,4,4,4,4,4,4,4,4,4,4,4,4,4,4,4,4,4,4,4,4,2,4,4,4,3,4,4,4,4,4,4,4,4,4,4,5,3,4,4,4,4,3,4,4,4,4,4,4,4,4,3,3,9,3,3,3,3,3,3,3,3,3,3,3,3,3,3,3,6,9,6,9,9,9,0,9,9,9,9,9,9,9,9,9,9,9,9,10,6,9,10,9,6,6,10,8,10,8,7,9,10,8,9,9,9,5,8,9,3,9,6,8,9,9,8,0,3,9,9,9,9,7,11,8,9,7,0,5,6,12,9,9,6,5,9,9,6,8,10,9,11,9,6,9,8,9,9,8,9,9,7,9,8,9,9,10,9,6,10,3,8,3,3,4,3,4,3,3,3,3,3,9,4,4,3,3,4,3,3,3,3,7,10,10,10,10,10,9,10,6,9,9,10,3,10,8,3,6,2,9,9,8,8,10,9,3,3,9,2,10,9,9,3,3,10,3,3,3,3,10,10,10,3,10,3,3,3,3,10,3,9,3,3,10,9,9,1,4,10,3,9,2,1,2,4,7,6,1,0,9,7,0,0,5,0,10,4,9,4,1,0,0,4,0,2,3,10,0,0,3,7,7,0,8,0,10,8,8,9,4,8,2,2,10,5,2,9,8,0,10,0,3,10,10,5,2,8,6,7,6,0,1,0,1,0,10,9,8,3,1,3,9,3,4,4,3,4,4,6,9,4,9,9,4,3,3,4,6,6,4,9,3,2,6,3,3,10,10,3,3,3,3,3,3,3,3,0,9,2,1,9,9,3,1,10,6,10,10,6,10,4,3,3,6,10,3,2,3,2,3,3,3,3,2,3,3,3,3,3,3,2,3,2,3,3,3,9,6,9,10,10,10,10,3,10,4,7,9,8,9,3,3,2,3,2,1,3,6,3,3,3,2,3,3,3,3,2,3,3,8,3,3
EPI_ISL_1936257,1,1,1,1,1,1,1,2,1,2,2,1,1,1,1,1,1,1,1,1,1,0,0,0,0,0,0,0,0,0,0,0,0,0,0,0,0,0,0,0,0,0,0,0,0,0,0,0,0,0,0,0,0,0,0,0,0,0,0,0,0,0,0,0,0,0,0,0,0,0,0,0,0,0,0,0,0,0,0,0,0,0,0,0,0,0,0,0,0,0,0,0,0,0,0,0,0,0,0,0,0,1,0,0,0,0,0,0,0,0,0,0,0,0,0,0,0,0,0,0,0,0,0,1,0,0,0,0,0,0,0,0,0,0,0,0,0,0,0,0,0,0,0,0,0,0,0,0,0,0,0,0,0,0,0,0,0,0,0,0,0,0,0,0,0,0,0,0,0,0,0,1,0,0,0,0,0,0,0,0,0,0,0,0,0,0,17,0,0,0,0,0,0,0,0,0,0,0,0,0,0,0,0,0,15,0,5,5,0,0,1,0,0,0,15,0,0,0,0,1,0,0,0,0,0,0,0,0,0,0,0,0,0,0,0,0,0,0,0,0,0,0,0,0,1,0,1,0,0,0,0,0,0,1,1,0,0,1,0,0,0,0,0,0,0,0,0,0,0,0,0,0,1,0,0,0,0,0,0,2,0,0,0,0,0,0,0,0,0,0,0,0,0,0,0,0,0,0,0,0,0,0,0,0,0,0,0,0,0,0,0,0,0,0,0,0,0,0,0,0,0,0,0,0,0,0,0,0,0,0,0,0,0,0,13,0,0,1,0,0,0,0,0,1,0,5,0,0,0,0,0,0,0,0,0,0,0,0,0,0,0,0,0,0,0,0,0,0,0,0,0,0,0,0,0,0,0,0,0,0,0,0,7,0,0,0,0,0,0,0,0,0,0,0,1,1,0,1,1,0,0,1,0,0,1,0,0,0,0,0,1,0,0,0,0,0,0,0,0,0,0,0,0,0,0,0,0,0,0,0,0,0,0,0,0,0,0,0,0,0,0,1,0,0,0,0,0,5,0,0,0,0,0,0,0,0,0,0,0,0,0,0,0,0,0,0,0,0,0,0,0,0,0,0,0,0,0,0,0,0,0,0,0,0,0,0,0,0,0,0,0,0,0,0,0,0,0,4,0,0,0,0,0
EPI_ISL_2955336,20,20,20,20,20,17,17,15,15,15,15,23,23,14,14,13,16,14,13,8,8,4,4,4,4,4,4,5,5,5,4,4,4,4,4,13,7,12,13,4,4,12,4,4,7,13,13,12,4,4,4,7,46,4,4,4,4,4,4,3,3,3,3,3,3,3,3,3,3,3,3,3,3,3,3,3,3,3,3,4,3,3,3,3,3,3,3,3,3,3,3,3,3,3,3,3,3,3,3,3,3,1,3,3,3,2,3,3,3,3,3,3,3,3,3,3,3,4,3,3,3,3,3,3,3,3,3,3,3,3,3,4,4,13,4,4,4,4,4,4,4,4,7,4,4,4,4,4,4,46,6,26,6,13,5,0,6,6,6,6,6,6,6,6,6,13,6,6,6,27,7,6,6,27,27,6,5,6,5,5,6,6,6,6,6,6,0,6,6,3,6,25,6,6,6,6,0,4,6,6,6,6,35,6,0,6,1,6,0,0,6,6,6,26,6,6,6,27,5,6,6,6,6,27,6,6,6,6,5,5,6,24,6,6,6,6,7,6,26,6,3,6,3,3,3,3,3,3,3,3,3,3,14,3,3,3,3,3,3,4,3,3,6,6,6,6,6,6,6,6,6,7,6,6,4,6,6,4,6,4,7,6,6,6,6,6,3,3,6,2,6,6,6,3,3,7,3,3,3,3,6,6,6,3,6,3,3,3,3,6,3,6,3,3,6,6,6,1,3,6,3,6,2,1,1,2,4,6,1,0,6,5,0,0,0,0,6,3,6,2,1,0,0,3,0,0,3,6,0,0,3,5,6,0,5,0,6,5,6,6,4,6,2,1,6,3,2,6,6,0,6,0,3,6,6,4,0,6,6,6,3,1,0,0,0,0,6,6,6,3,1,3,6,4,3,3,4,3,3,6,6,3,6,6,3,3,3,3,6,6,3,6,3,2,9,4,4,6,6,3,4,3,4,4,3,3,3,0,6,2,0,6,6,3,1,6,6,6,6,6,6,3,4,3,6,6,3,0,3,2,3,3,3,3,2,3,3,3,3,3,3,2,3,3,3,4,4,6,6,6,6,6,6,6,3,6,4,6,6,6,6,3,3,2,3,2,1,3,6,4,3,3,2,3,3,3,3,0,3,3,6,3,3
EPI_ISL_1936274,6,6,6,6,6,6,6,6,6,6,6,6,6,8,8,8,7,8,9,8,8,3,3,3,3,3,3,3,3,3,3,3,3,3,3,12,10,12,12,3,3,12,3,3,10,12,12,12,3,3,4,12,6,3,3,3,3,3,4,5,5,5,5,5,5,5,5,5,5,5,5,5,5,5,5,5,5,5,5,5,5,5,5,5,5,5,5,5,5,5,5,5,5,5,5,5,5,5,5,6,5,2,5,5,5,4,5,5,5,5,5,5,5,5,5,5,5,3,5,5,5,5,4,5,5,5,5,5,5,5,5,3,3,12,3,3,3,3,3,3,3,3,3,3,3,3,3,3,3,6,12,6,12,12,13,0,12,12,12,12,12,12,12,12,12,12,12,12,14,6,12,14,12,6,6,14,12,12,11,9,12,12,10,12,11,11,1,11,12,3,12,6,10,12,12,10,0,3,12,12,12,12,8,11,1,11,7,12,1,6,0,12,12,6,1,12,12,6,11,14,12,14,12,6,12,11,12,12,11,13,12,8,12,11,12,12,12,12,6,13,3,11,3,3,3,3,3,3,3,3,3,3,12,3,3,3,3,3,3,3,3,3,7,14,13,14,13,13,12,13,6,12,12,13,3,14,11,3,6,1,12,12,11,11,14,12,3,3,12,2,13,12,12,3,3,13,3,3,3,3,13,13,13,3,13,3,3,3,3,13,3,12,3,3,13,12,12,1,4,13,3,12,2,1,3,4,8,6,2,0,12,9,0,0,1,2,13,3,12,5,1,0,0,3,0,0,3,13,0,0,3,8,10,0,11,0,13,10,11,13,6,11,2,4,13,5,3,12,11,0,14,0,3,14,13,6,3,11,6,10,10,0,0,0,1,0,13,12,11,3,1,3,12,3,4,4,3,4,4,6,12,4,12,12,4,3,3,4,6,6,4,12,3,2,6,3,3,13,13,3,3,4,3,3,4,3,3,1,12,2,2,11,12,3,1,13,6,13,13,6,13,3,3,3,6,13,3,0,3,2,3,3,3,3,2,3,3,3,3,3,3,2,4,2,3,3,3,12,6,12,13,13,13,13,3,13,4,10,12,11,12,3,3,2,3,2,1,3,6,3,3,3,2,3,3,3,3,1,3,3,11,3,3
EPI_ISL_1936275,6,6,6,6,6,6,6,5,5,5,5,7,7,12,12,16,11,11,16,14,16,6,5,5,5,5,5,5,5,5,5,5,5,5,5,25,16,26,27,5,5,26,5,5,16,27,27,26,5,5,6,22,6,5,6,6,6,6,6,6,6,6,6,6,6,6,6,6,6,6,6,6,6,6,6,6,6,6,6,6,6,7,6,6,6,5,6,6,6,6,6,6,7,6,6,7,6,6,6,6,6,3,6,6,6,3,6,6,5,6,6,6,6,6,6,6,6,6,6,6,6,6,6,6,6,6,6,6,6,6,6,6,6,31,6,6,6,6,6,6,6,6,6,6,6,6,6,5,5,6,26,6,29,29,27,0,28,20,28,31,27,28,29,29,29,29,30,26,30,6,22,30,27,8,6,27,26,29,27,10,27,29,11,24,19,19,0,19,21,3,27,6,11,17,21,25,0,3,28,28,27,30,9,25,0,19,13,9,0,6,12,0,20,6,0,29,21,7,27,28,26,30,19,6,29,27,28,28,18,27,20,6,28,11,19,27,28,29,8,13,3,11,3,3,3,3,3,3,3,3,3,3,29,3,3,3,3,4,3,3,3,3,7,13,13,13,13,13,15,13,6,22,15,13,3,13,11,3,6,1,22,15,11,11,13,15,3,3,15,2,13,13,13,3,3,13,3,3,3,3,13,13,13,3,13,3,3,3,3,13,3,15,3,3,13,13,14,1,4,13,3,15,2,1,4,5,8,6,2,0,15,9,0,0,0,3,13,3,15,5,1,0,0,3,0,0,3,13,0,0,3,8,10,0,13,0,13,10,11,15,6,12,2,5,13,5,2,15,12,0,13,0,3,13,13,6,4,12,6,10,9,0,0,2,1,0,13,15,12,3,1,3,13,3,3,3,3,3,3,6,14,3,14,14,3,3,3,4,6,6,3,15,3,2,6,3,3,13,13,3,3,3,3,3,3,3,3,0,13,2,2,12,15,3,1,13,6,13,13,6,13,3,3,3,6,13,3,0,3,2,3,3,3,3,2,3,3,3,3,3,3,2,3,2,3,3,3,15,6,13,13,13,13,13,3,13,4,10,15,11,15,3,3,2,3,2,1,3,6,3,3,3,2,3,3,3,4,1,3,3,12,3,3
EPI_ISL_1936273,6,6,6,6,6,6,6,5,5,5,5,7,7,10,10,13,9,9,13,12,12,5,5,5,5,5,5,5,5,5,5,5,5,5,5,18,19,18,18,5,5,18,5,5,19,18,18,18,5,5,5,24,6,4,5,5,5,5,5,5,5,5,5,5,5,5,5,5,5,5,5,5,5,5,5,5,5,5,5,5,5,5,5,5,5,4,5,5,5,5,5,5,5,5,5,5,5,5,5,5,5,1,5,5,5,3,5,5,4,5,5,5,5,5,5,5,5,5,5,5,5,5,5,5,5,5,5,5,5,5,5,5,5,20,5,5,5,5,5,5,5,5,5,6,5,5,5,5,4,6,18,6,19,20,19,0,19,23,19,20,19,19,20,19,20,19,20,18,20,6,24,20,18,7,6,19,18,19,18,9,18,20,10,22,22,22,0,21,24,3,19,6,10,19,22,17,0,3,19,19,18,19,7,17,0,20,13,9,0,6,12,20,0,6,0,20,22,7,18,20,18,20,22,6,20,18,19,19,21,19,22,6,18,11,22,19,19,18,7,12,3,11,3,3,3,3,3,3,3,3,3,3,20,3,3,3,3,4,3,3,3,3,7,12,12,12,12,12,13,12,6,24,13,12,3,12,11,3,6,1,24,13,11,11,12,13,3,3,13,2,12,12,12,3,3,12,3,3,3,3,12,12,12,3,12,3,3,3,3,12,3,13,3,3,12,12,13,1,4,12,3,13,2,1,3,4,7,6,2,0,13,9,0,0,0,3,12,3,13,5,1,0,0,3,0,0,3,12,0,0,3,8,10,0,12,0,12,9,11,13,6,11,2,4,12,4,2,13,11,0,12,0,3,12,12,6,3,11,6,10,8,0,0,1,1,0,12,13,11,3,1,3,12,3,3,3,3,3,3,6,13,3,13,13,3,3,3,4,6,6,3,13,3,2,6,3,3,12,12,3,3,3,3,3,3,3,3,0,12,2,2,11,13,3,1,12,6,12,12,6,12,3,3,3,6,12,3,0,3,2,3,3,3,3,2,3,3,3,3,3,3,2,3,2,3,3,3,13,6,12,12,12,12,12,3,12,4,10,13,11,13,3,3,2,3,2,1,3,6,3,3,3,2,3,3,3,4,1,3,3,11,3,3
EPI_ISL_1936276,8,8,8,8,8,8,8,6,6,6,6,8,8,8,8,7,7,8,7,8,8,3,3,3,3,3,3,3,3,3,3,3,3,3,3,6,6,6,6,3,3,6,3,3,6,6,6,6,3,3,3,6,26,3,3,3,3,3,3,3,3,3,3,3,3,3,3,3,3,3,3,3,3,3,3,3,3,3,3,3,3,3,3,3,3,3,3,3,3,3,3,3,3,3,3,3,3,3,3,3,3,1,3,3,3,2,3,3,3,3,3,3,3,3,3,3,3,3,3,3,3,3,3,3,3,3,3,3,3,3,3,3,3,6,3,3,3,3,3,3,3,3,3,3,3,3,3,3,3,27,6,27,6,6,5,0,6,6,6,6,6,6,6,6,6,6,6,6,6,28,6,6,6,28,28,6,5,6,5,5,6,6,6,6,6,6,0,6,6,3,6,27,6,6,6,6,0,4,6,6,6,6,28,6,0,6,1,6,0,26,6,6,6,0,0,6,6,29,5,6,6,6,6,29,6,6,6,6,5,5,6,25,6,6,6,6,6,6,25,6,3,6,3,3,3,3,3,3,3,3,3,3,6,3,3,3,3,3,3,4,3,3,6,6,6,6,6,6,6,6,6,6,6,6,4,6,6,4,6,1,6,6,6,6,6,6,3,3,6,2,6,6,6,3,3,6,3,3,3,3,6,6,6,3,6,3,3,3,3,6,3,6,3,3,6,6,6,1,3,6,3,6,2,1,1,2,4,6,1,0,6,5,0,0,0,0,6,3,6,2,1,0,0,3,0,0,3,6,0,0,3,5,6,0,5,0,6,5,6,6,5,6,2,1,6,3,2,6,6,0,6,0,3,6,6,4,0,6,6,6,3,1,0,0,0,0,6,6,6,3,1,3,6,3,3,3,4,3,3,6,6,3,6,6,3,3,3,3,6,6,3,6,3,2,6,4,4,6,6,3,4,3,4,4,3,3,3,0,6,2,0,6,6,3,1,6,6,6,6,6,6,3,4,3,6,6,3,0,3,2,3,3,3,3,2,3,3,3,3,3,3,2,3,3,3,4,4,6,6,6,6,6,6,6,3,6,4,6,6,6,6,3,3,2,3,2,1,3,6,3,3,3,2,3,3,3,3,0,3,3,6,3,3
EPI_ISL_3274165,1,1,1,1,1,1,1,1,1,1,1,7,7,7,7,7,7,7,7,1,1,0,0,0,0,0,0,0,0,0,0,0,0,0,0,6,0,6,6,0,0,6,0,0,0,6,6,6,0,0,0,0,6,0,0,0,0,0,0,0,0,0,0,0,1,0,0,0,0,0,0,0,0,0,0,0,0,0,0,0,0,0,0,0,0,0,0,0,0,0,1,0,0,0,0,0,0,0,1,0,0,0,0,0,0,0,0,0,0,0,0,0,0,0,0,0,0,0,0,0,0,0,0,0,0,0,1,0,0,0,0,0,0,6,0,0,0,0,0,0,0,0,0,0,0,0,0,0,0,7,0,0,0,6,0,0,0,0,0,0,0,0,0,0,0,6,0,0,0,0,0,0,0,0,0,0,0,0,0,0,0,0,0,0,0,0,16,0,0,1,0,0,0,0,0,0,0,0,0,0,0,0,0,0,15,0,4,5,15,6,1,0,0,0,0,0,0,0,0,0,1,0,0,0,0,0,0,0,0,0,0,0,0,1,0,0,0,0,0,0,0,1,0,0,1,0,1,0,0,0,0,0,6,1,1,0,0,1,0,0,0,0,0,0,0,0,0,0,0,0,0,0,1,0,0,0,1,0,0,2,0,0,1,1,0,0,0,1,0,0,0,0,0,0,0,0,0,0,0,0,0,0,0,0,0,0,0,0,0,0,0,0,0,0,0,0,0,0,0,0,0,0,0,0,0,0,0,0,0,0,0,0,0,0,16,0,0,1,0,0,0,0,0,1,0,7,1,0,0,0,0,0,0,0,0,0,0,0,1,0,0,0,0,0,0,0,0,0,0,0,0,0,0,0,0,0,0,0,0,0,0,0,9,0,0,0,0,0,0,0,0,0,0,0,1,1,0,1,1,0,0,1,0,0,1,0,0,0,0,0,1,0,0,0,0,0,0,0,0,0,0,0,0,0,0,0,0,0,0,0,0,0,0,0,0,0,0,0,0,0,0,1,0,0,0,0,0,7,0,0,0,0,0,0,0,0,0,0,0,0,0,0,0,0,0,0,0,0,1,0,0,0,0,0,0,0,0,0,0,0,0,0,0,0,0,0,0,0,0,0,0,0,0,0,0,0,0,4,0,0,0,0,0
EPI_ISL_2566500,6,6,6,6,6,6,6,5,5,5,5,7,7,11,11,15,10,10,15,13,15,6,5,5,5,5,5,5,5,5,5,5,5,5,5,26,16,27,26,5,5,27,5,5,16,26,26,27,5,5,6,23,6,5,6,6,6,6,6,6,6,6,6,6,6,6,6,6,6,6,6,6,6,6,6,6,6,6,6,6,6,7,6,6,6,5,6,6,6,6,6,6,7,6,6,7,6,6,6,6,6,3,6,6,6,3,6,6,5,6,6,6,6,6,6,6,6,6,6,6,6,6,6,6,6,6,6,6,6,6,6,6,6,30,6,6,6,6,6,6,6,6,6,6,6,6,6,5,5,6,28,6,28,31,29,0,28,21,28,30,28,31,29,29,31,29,31,27,29,6,23,30,28,9,6,29,28,29,29,10,27,29,11,25,20,19,0,19,21,3,27,6,11,17,21,25,0,3,30,28,29,29,9,26,0,19,14,9,0,6,12,29,20,6,0,0,22,7,28,30,28,29,20,6,31,29,28,30,19,28,21,6,27,11,20,29,28,28,8,13,3,11,3,3,3,3,3,3,3,3,3,3,30,3,3,3,3,4,3,3,4,3,7,13,13,13,13,13,15,13,6,23,16,13,3,13,11,3,6,1,23,16,11,11,13,16,3,3,16,2,13,13,13,3,3,13,3,3,3,3,13,13,13,3,13,3,3,3,3,13,3,15,3,3,13,13,14,1,4,13,3,16,2,1,4,5,8,7,2,0,16,9,0,0,0,4,13,3,15,5,1,0,0,3,0,0,3,13,0,0,3,8,10,0,14,0,13,10,11,16,6,12,2,5,13,5,2,16,12,0,13,0,3,13,13,6,4,12,6,10,9,0,0,2,1,0,13,16,12,3,1,3,13,3,3,3,3,3,3,6,15,3,15,15,3,3,3,4,6,6,3,16,3,2,6,3,3,13,13,3,3,3,3,3,3,3,3,0,13,2,2,12,16,3,1,13,6,13,13,6,13,3,3,3,6,13,3,0,3,2,3,3,3,3,2,3,3,3,3,3,3,2,3,2,3,3,3,16,6,13,13,13,13,13,3,13,4,10,16,11,15,3,3,2,3,2,1,3,6,3,3,3,2,3,3,3,4,1,3,3,12,3,3
EPI_ISL_2566493,6,6,6,6,6,6,6,5,5,5,5,6,6,9,10,13,8,8,13,12,14,4,4,4,4,4,4,4,4,4,4,4,4,4,4,18,19,19,19,4,4,19,4,4,19,19,19,19,4,4,4,25,6,3,4,4,4,4,4,4,4,4,4,4,4,5,4,4,4,4,4,4,4,4,4,4,4,4,4,4,4,5,4,4,4,3,4,4,4,4,4,4,5,4,4,4,4,4,4,4,4,1,4,4,4,2,4,4,3,4,4,4,4,4,4,4,4,4,4,4,4,4,4,4,4,4,4,4,4,4,4,4,4,22,4,4,4,4,4,4,4,5,4,4,4,4,4,4,3,6,20,6,21,22,20,0,20,24,20,22,20,21,21,22,22,21,23,20,21,6,25,22,21,8,6,20,20,21,20,9,20,21,10,26,23,21,0,20,23,3,19,6,10,19,22,17,0,3,22,21,21,22,7,18,0,20,14,9,0,6,12,21,22,6,0,22,0,7,20,21,20,21,24,6,22,20,20,21,22,20,24,6,20,11,23,21,20,21,7,13,3,11,3,3,3,3,3,3,3,3,3,3,22,3,3,3,3,4,3,3,3,3,7,13,13,13,13,13,15,13,6,25,16,13,3,13,11,3,6,1,25,15,11,11,13,16,3,3,16,2,13,13,13,3,3,13,3,3,3,3,13,13,13,3,13,3,3,3,3,13,3,15,3,3,13,13,14,1,4,13,3,16,2,1,4,5,8,6,2,0,16,9,0,0,0,4,13,3,15,5,1,0,0,3,0,0,3,13,0,0,3,8,10,0,14,0,13,10,11,16,6,12,2,5,13,5,2,16,12,0,13,0,3,13,13,6,4,12,6,10,9,0,0,2,1,0,13,16,12,3,1,3,13,3,3,3,3,3,3,6,15,3,15,15,3,3,3,4,6,6,3,16,3,2,6,3,3,13,13,3,3,3,3,3,3,3,3,0,13,2,2,12,16,3,1,13,6,13,13,6,13,3,3,3,6,13,3,0,3,2,3,3,3,3,2,3,3,3,3,3,3,2,3,2,3,3,3,16,6,13,13,13,13,13,3,13,4,10,16,11,15,3,3,2,3,2,1,3,6,3,3,3,2,3,3,3,4,1,3,3,12,3,3
EPI_ISL_2566503,9,9,9,9,9,8,9,6,6,6,6,8,8,9,9,8,8,9,8,9,9,3,3,3,3,3,3,3,3,3,3,3,3,3,3,7,6,7,7,3,3,7,3,3,6,7,7,7,3,3,3,7,27,3,3,3,3,3,3,3,3,3,3,3,3,3,3,3,3,3,3,3,3,3,3,3,3,3,3,3,3,3,3,3,3,3,3,3,3,3,3,3,3,3,3,3,3,3,3,3,3,1,3,3,3,2,3,3,3,3,3,3,3,3,3,3,3,3,3,3,3,3,3,3,3,3,3,3,3,3,3,3,3,7,3,3,3,3,3,3,3,3,3,3,3,3,3,3,3,28,7,28,7,7,7,0,7,7,7,7,7,7,7,7,7,7,7,7,8,30,7,8,7,30,29,8,6,7,6,5,7,7,6,7,7,7,0,7,7,3,7,27,6,6,7,7,0,4,7,7,7,7,29,7,0,7,2,6,0,27,6,7,7,29,0,7,7,0,6,8,7,8,7,34,7,7,7,7,6,7,8,26,7,6,8,7,7,7,27,6,3,6,3,3,3,4,3,3,3,3,3,3,7,3,3,3,3,3,3,4,3,3,6,6,6,6,6,6,6,6,6,7,6,6,4,6,6,4,6,1,7,6,6,6,6,6,3,3,6,2,6,6,6,3,3,6,3,3,3,3,6,6,6,3,6,3,3,3,3,6,3,6,3,3,6,6,6,1,3,6,3,6,2,1,1,2,4,6,1,0,6,5,0,0,0,0,6,3,6,2,1,0,0,3,0,0,3,6,0,0,3,5,6,0,5,0,6,5,6,6,4,6,2,1,6,3,2,6,6,0,6,0,3,6,6,4,0,6,6,6,3,1,0,0,0,0,6,6,6,3,1,3,6,3,3,3,4,3,3,6,6,3,6,6,3,3,3,3,6,6,3,6,3,2,6,4,4,6,6,3,4,3,4,4,3,3,3,0,6,2,0,6,6,3,1,6,6,6,6,6,6,3,4,3,6,6,3,0,3,2,3,3,3,3,2,3,3,3,3,3,3,2,3,3,3,4,4,6,6,6,6,6,6,6,3,6,4,6,6,6,6,3,3,2,3,2,1,3,6,3,3,3,2,3,3,3,3,0,3,3,6,3,3
EPI_ISL_2566496,5,5,5,5,5,5,5,5,5,5,5,6,6,10,9,13,9,9,13,11,13,4,3,3,3,3,3,3,3,3,3,3,3,3,3,23,14,24,24,3,3,24,3,3,14,24,24,24,3,3,4,21,5,4,4,4,4,4,4,4,4,4,4,4,4,4,4,4,4,4,4,4,4,4,4,4,4,4,4,4,4,5,4,4,4,4,4,4,4,4,4,4,5,4,4,5,4,4,4,4,4,3,4,4,4,2,4,4,4,4,4,4,4,4,4,4,4,4,4,4,4,4,4,4,4,4,4,4,4,4,4,4,4,28,4,4,4,4,4,4,4,4,4,4,4,4,4,3,4,5,26,5,26,28,27,0,27,20,27,28,27,28,27,27,28,27,28,26,27,5,21,28,27,8,5,26,26,28,28,10,26,27,10,23,18,17,0,17,19,2,25,5,10,15,19,23,0,2,27,26,26,27,8,24,0,17,13,8,0,5,11,27,18,5,0,28,20,6,0,27,26,27,19,5,28,28,27,28,19,27,20,5,26,10,19,26,27,27,7,12,2,10,2,2,2,2,2,2,2,2,2,2,28,2,2,2,2,3,2,2,2,2,6,12,12,12,12,12,14,12,5,21,15,12,2,12,10,2,5,0,21,14,10,10,12,15,2,2,15,1,12,12,12,2,2,12,2,2,2,2,12,12,12,2,12,2,2,2,2,12,2,14,2,2,12,12,13,1,3,12,2,15,1,0,3,4,7,5,1,0,15,8,0,0,0,4,12,2,14,4,1,0,0,2,0,0,2,12,0,0,2,7,9,0,13,0,12,9,10,15,6,11,1,4,12,5,1,15,11,0,12,0,2,12,12,5,4,11,5,9,8,0,0,2,1,0,12,15,11,2,1,2,12,2,2,2,2,2,2,5,14,2,14,14,2,2,2,3,5,5,2,15,2,1,5,2,2,12,12,2,2,2,2,2,2,2,2,0,12,1,2,11,15,2,0,12,5,12,12,5,12,2,2,2,5,12,2,0,2,1,2,2,2,2,1,2,2,2,2,2,2,1,2,1,2,2,2,15,5,12,12,12,12,12,2,12,3,9,15,10,14,2,2,1,2,1,0,2,5,2,2,2,1,2,2,2,3,1,3,2,11,2,2
EPI_ISL_2566525,6,6,6,6,6,6,6,5,5,5,5,7,7,11,11,15,10,10,15,13,14,7,6,5,5,6,6,5,5,5,6,5,5,5,5,26,16,26,25,5,5,26,5,5,16,25,25,26,5,5,6,22,6,5,6,6,6,6,6,14,14,14,15,15,15,14,15,15,15,12,15,15,15,15,14,14,13,12,14,13,12,13,15,13,12,12,13,15,15,12,15,15,13,12,12,10,14,12,12,11,12,5,15,15,15,10,15,15,12,12,13,13,13,12,12,12,12,6,12,14,12,13,7,12,11,13,12,13,12,10,10,7,6,29,6,7,7,7,6,6,6,6,6,6,7,6,6,5,5,6,28,6,28,30,43,0,28,21,28,29,28,29,29,28,30,28,30,27,45,6,22,48,27,9,6,48,28,28,28,10,27,29,11,24,20,20,1,20,21,3,27,6,11,17,20,25,0,4,29,28,28,28,19,26,1,19,14,10,1,6,14,28,20,6,0,30,21,8,27,0,28,44,20,6,30,28,28,29,19,47,20,23,27,11,20,29,28,27,8,12,3,11,4,3,3,3,3,3,3,3,5,3,29,3,3,3,4,4,4,3,4,5,7,12,12,12,12,12,14,12,6,22,15,12,3,12,11,3,6,1,22,15,11,11,12,15,3,3,15,2,12,12,12,4,3,12,3,3,3,3,12,12,12,3,12,3,3,3,3,12,3,14,3,3,12,12,13,1,5,12,3,15,3,1,3,4,8,7,2,0,15,9,0,0,0,4,12,3,14,5,1,0,0,3,0,0,3,12,0,0,3,8,10,0,14,0,12,9,11,16,6,11,3,4,12,4,2,15,11,0,12,0,3,12,12,6,3,11,6,10,8,0,0,1,1,0,12,15,11,3,1,3,12,3,3,3,3,3,3,6,14,3,14,14,3,3,3,5,6,6,3,15,3,2,6,3,3,12,12,3,3,3,3,3,3,5,3,0,12,2,2,11,15,4,1,12,6,12,12,6,12,3,3,3,6,12,3,0,3,2,3,3,3,3,2,3,3,3,3,3,3,2,3,2,3,3,3,15,6,12,12,12,12,12,3,12,4,10,15,11,14,3,3,3,3,2,1,3,6,3,3,3,2,3,3,3,4,1,3,3,11,3,3
EPI_ISL_2566517,6,6,6,6,6,6,6,5,5,5,5,6,6,10,10,13,9,9,13,12,13,4,3,3,3,3,3,3,3,3,3,3,3,3,3,24,14,24,23,3,3,24,3,3,14,23,23,24,3,3,4,20,6,4,4,4,4,4,4,4,4,4,4,4,4,4,4,4,4,4,4,4,4,4,4,4,4,4,4,4,4,4,4,4,4,4,4,4,4,4,4,4,4,4,4,5,4,4,4,4,4,3,4,4,4,2,4,4,4,4,4,4,4,4,4,4,4,4,4,4,4,4,4,4,4,4,4,4,4,4,4,4,4,27,4,4,4,4,4,4,4,4,4,4,4,4,4,3,4,6,28,6,27,28,27,0,27,20,27,27,27,28,27,27,28,26,28,27,27,6,20,27,27,9,6,27,27,27,27,10,27,27,11,23,18,17,1,17,19,4,25,6,11,15,18,23,0,3,28,27,27,27,9,24,1,17,13,9,0,6,12,26,18,6,1,28,20,7,26,28,0,27,20,6,28,27,27,28,19,26,20,6,27,12,20,28,27,27,8,12,3,12,3,3,3,3,3,3,3,3,3,3,27,3,3,3,3,4,3,3,4,3,7,12,12,12,12,12,14,12,6,20,15,12,3,12,12,3,6,1,20,15,12,12,12,15,3,3,15,2,12,12,12,3,3,12,3,3,3,3,12,12,12,3,12,3,3,3,3,12,3,14,3,3,12,12,13,1,4,12,3,15,2,1,3,4,8,7,2,0,15,9,0,0,1,4,12,3,14,5,1,0,0,3,0,1,3,12,0,0,3,8,10,0,14,0,12,9,12,15,6,11,2,4,12,4,2,15,11,0,12,0,3,12,12,6,3,11,6,10,8,0,1,1,1,0,12,15,11,3,1,3,12,3,3,3,3,3,3,6,14,3,14,14,3,3,3,4,6,6,3,15,3,2,6,3,3,12,12,3,3,3,3,3,3,3,3,0,12,2,2,11,15,3,1,12,6,12,12,6,12,3,3,3,6,12,3,1,3,2,3,3,3,3,2,3,3,3,3,3,3,2,3,2,3,3,3,15,6,12,12,12,12,12,3,12,4,10,15,11,14,3,3,2,3,2,1,3,6,3,3,3,2,3,3,3,4,1,3,3,11,3,3
EPI_ISL_2566527,7,7,7,7,7,6,7,5,5,5,5,7,7,12,12,16,11,11,16,15,16,6,5,5,5,5,5,5,5,5,5,5,5,5,5,25,16,25,26,5,5,25,5,5,16,26,26,25,5,5,6,22,6,5,6,6,7,6,6,14,14,15,15,15,15,14,15,15,14,14,15,15,15,15,14,14,15,13,14,15,14,14,16,15,14,14,15,17,16,14,15,16,14,13,13,11,14,13,13,12,12,5,17,17,17,10,17,16,14,13,13,15,14,13,13,13,14,6,12,15,13,13,10,13,13,15,13,14,13,10,12,6,6,31,6,6,6,6,6,6,6,6,6,6,6,6,6,5,5,6,27,6,30,29,46,0,29,21,29,31,28,28,30,29,29,29,30,27,49,6,22,49,27,9,6,45,27,30,27,11,28,31,12,24,20,20,0,20,21,3,27,6,12,17,20,25,0,4,28,29,27,32,17,27,2,19,14,11,0,6,14,30,20,6,0,29,21,8,27,44,27,0,20,6,29,27,29,28,19,46,20,19,29,11,20,28,30,29,8,12,3,11,3,3,3,3,3,3,3,3,4,3,29,3,3,3,3,4,4,3,3,4,7,12,12,12,12,12,14,12,6,22,15,12,3,12,11,3,6,1,22,14,11,11,12,15,3,3,15,2,12,12,12,5,3,12,3,3,3,3,12,12,12,3,12,3,3,3,3,12,3,14,3,3,12,12,13,1,4,12,3,15,2,1,3,4,8,6,2,0,15,9,0,0,0,4,12,3,14,5,1,0,0,3,0,0,3,12,0,1,3,8,10,0,14,0,12,9,11,16,6,11,2,4,12,4,2,15,11,0,12,0,3,12,12,6,3,11,6,10,8,0,0,1,1,0,12,15,11,3,1,3,12,3,3,3,3,3,3,6,14,3,14,14,3,3,3,4,6,6,3,15,3,2,6,3,3,12,12,3,3,3,3,3,3,4,3,0,12,2,2,11,15,3,1,12,6,12,12,6,12,3,3,3,6,12,3,0,3,2,3,3,3,3,2,3,3,3,3,3,3,2,3,2,3,3,3,15,6,12,12,12,12,12,3,12,4,10,15,11,14,3,3,2,3,2,1,3,6,3,3,3,2,3,3,3,4,1,3,3,11,3,3
EPI_ISL_2566502,6,6,6,6,6,6,6,5,5,5,5,6,6,9,9,12,8,8,12,11,12,3,3,3,3,3,3,3,3,3,3,3,3,3,3,17,19,17,17,3,3,17,3,3,19,17,17,17,3,3,3,24,6,3,3,3,3,3,3,3,3,3,3,3,3,3,3,3,3,3,3,3,3,3,3,3,3,3,3,3,3,3,3,3,3,3,3,3,3,3,3,3,3,3,3,3,3,3,3,3,3,1,3,3,3,2,3,3,3,3,3,3,3,3,3,3,3,3,3,3,3,3,3,3,3,3,3,3,3,3,3,3,3,20,3,3,3,3,3,3,3,3,3,3,3,3,3,3,3,6,20,6,20,20,19,0,20,25,20,20,20,20,20,20,20,19,20,20,20,6,24,20,20,8,6,19,19,20,19,9,20,20,10,24,23,21,0,20,23,3,18,6,10,19,21,16,0,3,20,20,19,20,7,17,0,19,14,9,0,6,12,19,22,6,0,20,24,7,19,20,20,20,0,6,20,19,20,20,23,19,24,6,20,11,24,20,20,20,7,12,4,11,3,3,3,3,3,3,3,3,3,3,20,3,3,3,3,4,3,3,3,3,7,12,12,12,12,12,14,12,6,24,15,12,3,12,11,3,8,1,24,14,11,11,12,15,3,3,15,2,12,12,12,3,3,12,3,3,3,3,12,12,12,3,12,3,3,3,3,12,3,14,3,3,12,12,13,1,4,12,3,15,2,1,3,4,8,6,2,0,15,9,0,0,0,4,12,3,14,5,1,0,0,3,0,0,3,12,0,0,3,8,10,0,14,0,12,9,11,15,6,11,2,4,12,4,2,15,11,0,12,0,3,12,12,6,3,11,6,10,8,1,0,1,1,0,12,15,11,3,1,3,12,3,3,3,3,3,3,6,14,3,14,14,3,3,3,4,6,6,3,15,3,2,6,3,3,12,12,3,3,3,3,3,3,3,3,0,12,2,2,11,15,3,1,12,6,12,12,6,12,3,3,3,6,12,3,0,3,2,3,3,3,3,2,3,3,3,3,3,3,2,3,2,3,3,3,15,6,12,12,12,12,12,3,12,4,10,15,11,14,3,3,2,3,2,1,3,6,3,3,3,2,3,3,3,4,1,3,3,11,3,3
EPI_ISL_2566505,8,8,8,8,8,8,8,6,6,6,6,8,8,8,8,7,7,8,7,8,8,3,3,3,3,3,3,3,3,3,3,3,3,3,3,6,6,6,6,3,3,6,3,3,6,6,6,6,3,3,3,6,27,3,3,3,3,3,3,3,3,3,3,3,3,3,3,3,3,3,3,3,3,3,3,3,3,3,3,3,3,3,3,3,3,3,3,3,3,3,3,3,3,3,3,3,3,3,3,3,3,1,3,3,3,2,3,3,3,3,3,3,3,3,3,3,3,3,3,3,3,3,3,3,3,3,3,3,3,3,3,3,3,6,3,3,3,3,3,3,3,3,3,3,3,3,3,3,3,28,6,29,6,6,5,0,6,6,6,6,6,6,6,6,6,6,6,6,6,29,6,6,6,29,29,6,5,6,5,5,6,6,6,6,6,6,0,6,6,3,6,27,6,6,6,6,0,4,6,6,6,6,28,6,0,6,1,6,0,27,6,6,6,29,0,6,6,34,5,6,6,6,6,0,6,6,6,6,5,5,7,25,6,6,7,6,6,6,26,6,3,6,3,3,3,4,3,3,3,3,3,3,6,3,3,3,3,3,3,4,3,3,6,6,6,6,6,6,6,6,6,6,6,6,4,6,6,4,6,1,6,6,6,6,6,6,3,3,6,2,6,6,6,3,3,6,3,3,3,3,6,6,6,3,6,3,3,3,3,6,3,6,3,3,6,6,6,1,3,6,3,6,2,1,1,2,4,6,1,0,6,5,0,0,0,0,6,3,6,2,1,0,0,3,0,0,3,6,0,0,3,5,6,0,5,0,6,5,6,6,4,6,2,1,6,3,2,6,6,0,6,0,3,6,6,4,0,6,6,6,3,1,0,0,0,0,6,6,6,3,1,3,6,3,3,3,4,3,3,6,6,3,6,6,3,3,3,3,6,6,3,6,3,2,6,4,4,6,6,3,4,3,4,4,3,3,3,0,6,2,0,6,6,3,1,6,6,6,6,6,6,3,4,3,6,6,3,0,3,2,3,3,3,3,2,3,3,3,3,3,3,2,3,3,3,4,4,6,6,6,6,6,6,6,3,6,4,6,6,6,6,3,3,2,3,2,1,3,6,3,3,3,2,3,3,3,3,0,3,3,6,3,3
EPI_ISL_2566495,6,6,6,6,6,6,6,5,5,5,5,7,7,11,11,15,10,10,15,13,15,6,5,5,5,5,5,5,5,5,5,5,5,5,5,26,16,27,26,5,5,27,5,5,16,26,26,27,5,5,6,23,6,5,6,6,6,6,6,6,6,6,6,6,6,6,6,6,6,6,6,6,6,6,6,6,6,6,6,6,6,7,6,6,6,5,6,6,6,6,6,6,7,6,6,7,6,6,6,6,6,3,6,6,6,3,6,6,5,6,6,6,6,6,6,6,6,6,6,6,6,6,6,6,6,6,6,6,6,6,6,6,6,30,6,6,6,6,6,6,6,6,6,6,6,6,6,5,5,6,28,6,28,31,29,0,28,21,28,30,28,30,29,29,31,29,31,27,29,6,23,30,28,9,6,29,28,29,29,10,27,29,11,25,20,19,0,19,21,3,27,6,11,17,21,25,0,3,30,28,29,29,9,26,0,19,14,9,0,6,12,29,20,6,0,31,22,7,28,30,28,29,20,6,0,29,28,30,19,28,21,6,27,11,20,29,28,29,8,13,3,11,4,3,3,3,3,3,3,3,3,3,30,3,3,3,3,4,3,3,4,3,7,13,13,13,13,13,15,13,6,23,16,13,3,13,11,3,6,1,23,16,11,11,13,16,3,3,16,2,13,13,13,3,3,13,3,3,3,3,13,13,13,3,13,3,3,3,3,13,3,15,3,3,13,13,14,1,4,13,3,16,2,1,4,5,8,7,2,0,16,9,0,0,0,4,13,3,15,5,1,0,0,3,0,0,3,13,0,0,3,8,10,0,14,0,13,10,11,16,6,12,2,5,13,5,2,16,12,0,13,0,3,13,13,6,4,12,6,10,9,0,0,2,1,0,13,16,12,3,1,3,13,3,3,3,3,3,3,6,15,3,15,15,3,3,3,4,6,6,3,16,3,2,6,3,3,13,13,3,3,3,3,3,3,3,3,0,13,2,2,12,16,3,1,13,6,13,13,6,13,3,3,3,6,13,3,0,3,2,3,3,3,3,2,3,3,3,3,3,3,2,3,2,3,3,3,16,6,13,13,13,13,13,3,13,4,10,16,11,15,3,3,2,3,2,1,3,6,3,3,3,2,3,3,3,4,1,3,3,12,3,3
EPI_ISL_2566491,5,6,6,6,6,6,6,5,5,5,5,7,7,11,10,14,10,10,14,12,14,4,3,3,3,3,3,3,3,3,3,3,3,3,3,24,14,25,24,3,3,25,3,3,14,24,24,25,3,3,4,21,6,4,4,4,4,4,4,4,4,4,4,4,4,4,4,4,4,4,4,4,4,4,4,4,4,4,4,4,4,5,4,4,4,4,4,4,4,4,4,4,5,4,4,5,4,4,4,4,4,3,4,4,4,2,4,4,4,4,4,4,4,4,4,4,4,4,4,4,4,5,4,4,4,4,4,4,4,4,4,4,4,28,4,4,4,4,4,4,4,4,4,4,4,4,4,3,4,6,27,6,26,29,28,0,27,20,27,28,27,29,27,27,29,27,29,26,27,6,21,28,27,9,6,27,27,28,29,10,26,27,10,23,18,17,0,17,19,2,25,6,10,15,19,23,0,2,28,26,27,27,9,24,0,17,13,8,0,6,11,27,18,6,0,29,20,7,28,28,27,27,19,6,29,0,27,29,19,27,20,6,26,10,19,27,27,27,8,12,2,10,2,3,2,2,2,2,2,2,2,2,28,2,2,2,2,3,2,2,3,2,6,12,12,12,12,12,14,13,5,21,15,12,2,12,10,2,5,0,21,15,10,10,12,15,2,2,15,1,12,12,12,2,2,12,2,2,2,2,12,12,12,2,12,2,2,2,2,12,2,14,2,2,12,12,13,1,3,12,2,15,1,0,3,4,7,6,1,0,15,8,0,0,0,4,12,2,14,4,1,0,0,2,0,0,2,12,0,0,2,7,9,0,13,0,12,9,10,15,6,11,1,4,12,5,1,15,11,0,12,0,2,12,12,5,4,11,5,9,8,0,0,2,1,0,12,15,11,2,1,2,12,2,2,2,2,2,2,5,14,2,14,14,2,2,2,3,5,5,2,15,2,1,5,2,2,12,12,2,2,2,2,2,2,2,2,0,12,1,2,11,15,2,0,12,5,12,12,5,12,2,2,2,5,12,2,0,2,1,2,2,2,2,1,2,2,2,2,2,2,1,2,1,2,2,2,15,5,12,12,12,12,12,2,12,3,9,15,10,14,2,2,1,2,1,0,2,5,2,2,2,1,2,2,2,3,1,3,2,11,2,2
EPI_ISL_2566492,7,7,7,7,7,7,7,6,5,6,6,8,8,13,12,16,12,12,16,14,15,5,4,4,4,4,4,4,4,4,4,4,4,4,4,24,15,24,25,4,4,24,4,4,15,25,25,24,4,4,5,21,6,5,5,5,5,5,5,5,5,5,5,5,5,5,5,5,5,5,5,5,5,6,5,5,5,5,5,5,5,5,5,5,5,5,5,6,5,5,5,5,5,5,5,6,5,5,5,5,5,3,5,6,5,3,6,6,5,5,5,5,5,5,5,5,5,5,5,5,5,5,5,5,5,5,5,5,5,5,5,5,5,29,5,5,5,5,5,5,5,5,5,5,5,5,5,4,5,6,27,6,28,28,27,0,29,21,29,29,28,28,29,28,28,28,29,27,29,7,21,29,27,9,6,27,26,29,27,10,28,29,11,23,19,18,0,18,20,3,26,6,11,16,19,24,0,3,27,28,26,28,9,25,0,18,14,9,0,6,12,28,19,6,0,28,20,7,27,28,27,29,20,6,28,27,0,28,19,27,20,6,28,11,20,28,29,28,8,12,3,11,3,3,3,3,3,3,3,3,3,3,28,3,3,3,3,4,3,3,3,3,7,12,12,12,12,12,14,12,6,21,15,12,3,12,11,3,6,1,21,14,12,11,12,15,3,3,15,2,12,12,12,3,3,12,3,3,3,3,12,12,12,3,12,3,3,3,3,12,3,14,3,3,12,12,13,1,4,12,3,15,2,1,3,4,8,6,2,0,15,9,0,0,0,5,12,3,14,5,1,0,0,3,0,0,3,12,0,0,3,8,10,0,14,0,12,9,11,15,6,11,2,4,12,4,2,15,11,0,12,0,3,12,12,6,3,11,6,10,8,0,0,1,1,0,12,15,11,3,1,3,12,3,3,3,3,3,3,6,14,3,14,14,3,3,3,4,6,6,3,15,3,2,6,3,3,12,12,3,3,3,3,3,3,3,3,0,12,2,2,11,15,3,1,12,6,12,12,6,12,3,3,3,6,12,3,0,3,2,3,3,3,3,2,3,3,3,3,3,3,2,3,2,3,3,3,15,7,12,12,12,12,12,3,12,4,10,15,11,14,3,3,2,3,2,1,3,6,3,3,3,2,3,3,3,4,1,3,3,11,3,3
EPI_ISL_2566494,6,6,6,6,6,6,6,5,5,5,5,7,7,11,10,14,10,10,14,12,14,5,4,4,4,4,4,4,4,4,4,4,4,4,4,25,15,26,25,4,4,26,4,4,15,25,25,26,4,4,5,22,6,5,5,5,5,5,5,5,5,5,5,5,5,5,5,5,5,5,5,5,5,5,5,5,5,5,5,5,5,6,5,5,5,5,5,5,5,5,5,5,6,5,5,6,5,5,5,5,5,3,5,5,5,3,5,5,5,5,5,5,5,5,5,5,5,5,5,5,5,5,5,5,5,5,5,6,5,5,5,5,5,29,5,5,5,5,5,5,5,5,5,5,5,6,5,4,5,6,28,6,27,30,28,0,28,21,28,29,28,30,28,28,30,28,30,27,28,6,22,29,28,9,6,28,27,29,29,10,27,28,11,24,19,18,0,18,20,3,26,6,11,16,20,24,0,3,29,27,28,28,9,25,0,18,14,9,0,6,12,28,19,6,0,30,21,7,28,29,28,28,20,6,30,29,28,0,19,27,21,6,27,11,20,28,28,28,8,13,3,11,3,3,3,3,3,3,3,3,3,3,29,3,3,3,3,4,3,3,4,3,7,13,13,13,13,13,15,13,6,22,16,13,3,13,11,3,6,1,22,16,11,11,13,16,3,3,16,2,13,13,13,3,3,13,3,3,3,3,13,13,13,3,13,3,3,3,3,13,3,15,3,3,13,13,14,1,4,13,3,16,2,1,4,5,8,7,2,0,16,9,0,0,0,4,13,3,15,5,1,0,0,3,0,0,3,13,0,0,3,8,10,0,14,0,13,10,11,16,6,12,2,5,13,5,2,16,12,0,13,0,3,13,13,6,4,12,6,10,9,1,0,2,1,0,13,16,12,3,1,3,13,3,3,3,3,3,3,6,15,3,15,15,3,3,3,4,6,6,3,16,3,2,6,3,3,13,13,3,3,3,3,3,3,3,3,0,13,2,2,12,16,3,1,13,6,13,13,6,13,3,3,3,6,13,3,0,3,2,3,3,3,3,2,3,3,3,3,3,3,2,3,2,3,3,3,16,6,13,13,13,13,13,3,13,4,10,16,11,15,3,3,2,3,2,1,3,6,3,3,3,2,3,3,3,4,1,3,3,12,3,3
EPI_ISL_2566472,5,5,5,5,5,5,5,5,5,5,5,5,5,8,8,11,7,7,11,10,11,2,2,2,2,2,2,2,2,2,2,2,2,2,2,16,17,16,16,2,2,16,2,2,17,16,16,16,2,2,2,23,5,2,2,2,2,2,2,2,2,2,2,2,2,2,2,2,2,2,2,2,2,2,2,2,2,2,2,2,2,2,2,2,2,3,2,2,2,2,2,2,2,2,2,2,2,2,2,2,2,1,2,2,2,2,2,2,3,2,2,2,2,2,2,2,2,2,2,2,2,2,2,2,2,2,2,2,2,2,2,2,2,19,2,2,2,2,2,2,2,2,2,2,2,2,2,2,2,5,19,5,19,19,19,0,19,23,19,19,19,19,19,19,19,18,19,19,19,5,23,19,19,7,5,18,19,19,19,9,19,19,9,22,21,20,0,19,22,2,17,5,9,17,20,15,0,2,19,19,18,19,6,16,0,18,13,8,0,5,11,18,21,5,0,19,22,6,19,19,19,19,23,5,19,19,19,19,0,19,23,5,19,10,23,19,19,19,6,11,2,10,2,2,2,2,2,2,2,2,2,2,19,2,2,2,2,3,2,3,2,2,6,11,11,11,11,11,13,11,5,23,14,11,3,11,10,3,5,0,23,13,10,10,11,14,3,2,14,1,11,11,12,2,2,11,2,2,2,2,11,11,11,2,13,2,2,2,2,13,2,13,2,2,13,11,12,1,3,11,2,14,1,0,2,3,7,5,1,0,14,8,0,0,0,4,11,2,13,4,1,0,0,2,0,0,2,11,0,0,2,7,9,0,13,0,11,8,10,14,6,10,1,3,11,4,1,14,10,0,11,0,2,11,11,5,3,10,5,9,7,0,0,1,1,0,11,14,10,2,1,2,11,2,2,2,2,2,2,5,13,2,13,13,2,2,2,3,5,5,2,14,2,1,5,2,2,11,11,2,2,2,2,2,2,2,2,0,11,1,2,10,14,2,0,11,5,11,11,5,11,2,2,2,5,11,2,0,2,1,2,2,2,2,1,2,2,2,2,2,2,1,2,1,2,2,2,14,5,11,11,11,11,11,2,11,3,9,14,10,13,2,2,1,2,1,0,2,5,2,2,2,1,2,2,2,3,1,3,2,10,2,2
EPI_ISL_2566524,5,5,5,5,5,5,5,5,5,5,5,6,6,10,10,14,9,9,14,12,13,6,5,4,4,5,5,4,4,4,5,4,4,4,4,24,15,24,24,4,4,24,4,4,15,24,24,24,4,4,5,21,5,4,5,5,5,5,5,14,14,15,15,15,15,14,15,15,15,12,15,15,15,16,14,14,13,12,14,13,12,13,15,12,12,12,14,16,16,12,15,16,13,12,12,10,14,12,12,11,12,5,15,16,16,10,16,16,12,12,13,13,13,12,13,12,14,5,12,14,12,13,9,12,12,14,12,13,12,9,10,6,5,28,5,6,6,6,5,5,5,5,5,5,6,5,5,4,4,5,26,5,27,28,47,0,27,20,27,28,27,27,28,27,28,27,28,27,44,5,21,45,26,8,5,48,27,27,27,10,26,28,10,23,19,19,0,19,20,2,26,5,10,16,19,24,0,3,27,27,26,27,18,25,0,18,13,9,0,5,13,27,19,5,0,28,20,7,27,47,26,46,19,5,28,27,27,27,19,0,19,22,26,10,19,27,27,26,7,11,2,10,2,2,2,2,2,2,2,2,3,2,28,2,2,2,2,3,3,2,2,3,6,11,11,11,11,11,13,11,5,21,14,11,2,11,10,2,5,0,21,13,10,10,11,14,2,2,14,1,11,11,11,3,2,11,2,2,2,2,11,11,11,2,11,2,2,2,2,11,2,13,3,2,11,11,12,1,3,11,2,14,1,0,2,3,7,5,1,0,14,8,0,0,0,4,11,2,13,4,1,0,0,2,0,0,2,11,0,0,2,7,9,0,13,0,11,8,10,15,6,10,1,3,11,4,1,14,10,0,11,0,2,11,11,5,3,10,5,9,7,0,0,1,1,0,11,14,10,2,1,2,11,2,2,2,2,2,2,5,13,2,13,13,2,2,2,3,5,5,2,14,2,1,5,2,2,11,11,2,2,2,2,2,2,3,2,0,11,1,2,10,14,2,0,11,5,11,11,5,11,2,2,2,5,11,2,0,2,1,2,2,2,2,1,2,2,2,2,2,2,1,2,1,2,2,2,14,5,11,11,11,11,11,2,11,3,9,14,10,13,2,2,1,2,1,0,2,5,2,2,2,1,2,2,2,3,1,3,2,10,2,2
EPI_ISL_2566501,6,6,6,6,6,6,6,5,5,5,5,6,6,9,9,12,8,8,12,11,13,3,3,3,3,3,3,3,3,3,3,3,3,3,3,17,18,18,18,3,3,18,3,3,18,18,18,18,3,3,3,25,6,3,3,3,3,3,3,3,3,3,3,3,3,3,3,3,3,3,3,3,3,3,3,3,3,3,3,3,3,4,3,3,3,3,3,3,3,3,3,3,4,3,3,3,3,3,3,3,3,1,3,3,3,2,3,3,3,3,3,3,3,3,3,3,3,3,3,3,3,3,3,3,3,3,3,3,3,3,3,3,3,21,3,3,3,3,3,3,3,3,3,3,3,3,3,3,3,6,20,6,20,21,19,0,20,24,20,21,20,21,20,21,21,20,21,20,20,6,25,21,21,8,6,19,19,21,20,9,20,20,10,24,22,21,0,22,23,3,18,6,10,18,22,16,0,3,21,20,20,21,7,17,0,19,14,9,0,6,12,20,22,6,0,21,24,8,20,20,20,20,24,7,21,20,20,21,23,19,0,6,20,11,30,20,20,21,7,13,3,11,3,3,3,3,3,3,3,3,3,3,21,3,3,3,3,4,3,3,3,3,7,13,13,13,13,13,15,13,6,25,16,13,3,13,11,3,7,1,25,15,11,11,13,16,3,3,16,2,13,13,13,3,3,13,3,3,3,3,13,13,13,3,13,3,3,3,3,13,3,15,3,3,13,13,14,1,4,13,3,16,2,1,4,5,8,6,2,0,16,9,0,0,0,4,13,3,15,5,1,0,0,3,0,0,3,13,0,0,3,8,10,0,14,0,13,10,11,16,6,12,2,5,13,5,2,16,12,0,13,0,3,13,13,6,4,12,6,10,9,0,0,2,1,0,13,16,12,3,1,3,13,3,3,3,3,3,3,6,15,3,15,15,3,3,3,4,6,6,3,16,3,2,6,3,3,13,13,3,3,3,3,3,3,3,3,0,13,2,2,12,16,3,1,13,6,13,13,6,13,3,3,3,6,13,3,0,3,2,3,3,3,3,2,3,3,3,3,3,3,2,3,2,3,3,3,16,6,13,13,13,13,13,3,13,4,10,16,11,15,3,3,2,3,2,1,3,6,3,3,3,2,3,3,3,4,1,3,3,12,3,3
EPI_ISL_2566526,8,8,8,8,8,8,8,6,6,6,6,8,8,8,8,7,7,8,7,8,8,3,3,3,3,3,3,3,3,3,3,3,3,3,3,6,6,6,6,3,3,6,3,3,6,6,6,6,3,3,3,6,24,3,3,3,3,3,3,12,12,12,12,12,12,12,12,12,12,9,12,12,12,12,12,11,10,9,12,10,9,10,12,9,9,10,10,12,12,9,12,12,10,9,9,6,10,9,9,8,9,2,12,12,12,10,12,12,10,9,10,11,10,9,10,9,9,3,9,11,9,11,3,8,8,10,9,10,9,7,8,3,3,6,3,3,3,3,3,3,3,3,3,3,3,3,3,3,4,25,6,26,6,6,17,0,6,6,6,6,6,6,6,6,6,6,6,6,19,27,6,21,6,27,27,23,5,6,5,5,6,6,6,6,6,7,0,6,6,3,6,25,6,6,6,6,0,5,6,6,6,6,37,6,0,6,1,7,0,24,8,6,6,25,0,6,6,26,5,23,6,19,6,25,6,6,6,6,5,22,6,0,6,6,6,6,6,6,23,6,3,6,4,3,3,3,3,3,3,3,4,3,6,3,3,3,4,3,3,4,3,4,7,6,6,6,6,6,6,6,6,6,6,6,4,6,6,4,6,1,6,6,6,6,6,6,3,3,6,2,6,6,6,4,3,6,3,3,3,3,6,6,6,3,6,3,3,3,3,6,3,6,3,3,6,6,6,1,4,6,3,6,3,1,1,2,4,6,1,0,6,5,0,0,0,0,6,3,6,2,1,0,0,3,0,0,3,6,0,0,3,5,6,0,5,0,6,5,6,7,4,6,3,1,6,3,2,6,6,0,6,0,3,6,6,4,0,6,6,6,3,1,0,0,0,0,6,6,6,3,1,3,6,3,3,3,4,3,3,6,6,3,6,6,3,3,3,4,6,6,3,6,3,2,6,4,4,6,6,3,4,3,4,4,3,4,3,0,6,2,0,6,6,4,1,6,6,6,6,6,6,3,4,3,6,6,3,0,3,2,3,3,3,3,2,3,3,3,3,3,3,2,3,3,3,4,4,6,6,6,6,6,6,6,3,6,4,6,6,6,6,3,3,3,3,2,1,3,6,3,3,3,2,3,3,3,3,0,3,3,6,4,3
EPI_ISL_2566497,6,6,6,6,6,6,6,5,5,5,5,6,6,11,11,14,10,10,14,13,14,4,3,3,3,3,3,3,3,3,3,3,3,3,3,23,14,23,24,3,3,23,3,3,14,24,24,23,3,3,4,20,6,4,4,4,4,4,4,4,4,4,4,4,4,4,4,4,4,4,4,4,4,4,4,4,4,4,4,4,4,4,4,4,4,4,4,4,4,4,4,4,4,4,4,5,4,4,4,4,4,3,4,4,4,2,4,4,4,4,4,4,4,4,4,4,4,4,4,5,4,4,4,4,4,4,4,4,4,4,4,4,4,29,4,4,4,4,4,4,4,4,4,4,4,4,4,3,4,6,27,6,29,27,26,0,28,20,28,29,27,27,28,28,27,27,28,27,29,6,20,28,27,9,6,26,26,28,26,10,28,28,11,23,18,17,0,17,19,3,25,6,11,15,18,23,0,3,27,28,26,29,9,24,0,17,13,9,0,6,12,28,18,6,0,27,20,7,26,27,27,29,20,6,27,26,28,27,19,26,20,6,0,11,20,27,28,29,8,12,3,11,3,3,3,3,3,3,3,3,3,3,27,3,3,3,3,4,3,3,3,3,7,12,12,12,12,12,14,12,6,20,15,12,3,12,11,3,6,1,20,14,11,11,12,15,3,3,15,2,12,12,12,3,3,12,3,3,3,3,12,12,12,3,12,3,3,3,3,12,3,14,3,3,12,12,13,1,4,12,3,15,2,1,3,4,8,6,2,0,15,9,0,0,0,4,12,3,14,5,1,0,0,3,0,0,3,12,0,0,3,8,10,0,14,0,12,9,11,15,6,11,2,4,12,4,2,15,11,0,12,0,3,12,12,6,3,11,6,10,8,0,0,1,1,0,12,15,11,3,1,3,12,3,3,3,3,3,3,6,14,3,14,14,3,3,3,4,6,6,3,15,3,2,6,3,3,12,12,3,3,3,3,3,3,3,3,0,12,2,2,11,15,3,1,12,6,12,12,6,12,3,3,3,6,12,3,0,3,2,3,3,3,3,2,3,3,3,3,3,3,2,3,2,3,3,3,15,6,12,12,12,12,12,3,12,4,10,15,11,14,3,3,2,3,2,1,3,6,3,3,3,2,3,3,3,4,1,3,3,11,3,3
EPI_ISL_3274161,6,6,6,6,6,6,6,5,5,5,5,6,6,7,7,8,6,7,8,8,9,4,4,4,4,4,4,4,4,4,4,4,4,4,4,12,10,12,11,4,4,12,4,4,10,11,11,12,4,4,4,11,6,4,4,4,4,4,4,4,4,4,4,4,4,4,4,4,4,4,4,4,4,4,4,4,4,4,4,4,4,4,4,4,4,4,4,4,4,3,4,4,4,4,4,4,4,4,4,4,4,1,4,4,4,3,4,4,4,4,4,4,4,4,4,4,4,4,4,4,4,4,4,3,4,4,4,4,4,4,4,4,4,11,4,4,4,4,4,4,4,4,4,4,4,4,4,4,4,7,11,6,11,11,10,0,11,11,11,11,11,11,11,11,11,11,11,11,11,6,11,11,11,6,6,11,10,11,10,9,11,11,10,11,10,10,1,11,11,4,11,6,10,11,11,10,0,3,11,11,11,11,6,10,1,10,5,8,0,6,11,11,11,6,1,11,11,6,10,11,12,11,11,6,11,10,11,11,10,10,11,6,11,0,11,11,11,11,6,11,3,16,3,3,3,3,3,3,3,3,3,3,11,3,3,3,3,3,3,3,3,3,6,11,11,11,11,11,11,12,6,11,11,11,3,11,19,3,6,1,11,11,19,19,11,11,3,3,11,2,11,11,11,3,3,11,3,3,3,4,11,11,11,3,11,3,3,3,3,11,3,11,3,3,11,11,11,1,3,11,3,11,2,1,2,3,7,6,2,0,11,9,0,0,1,2,11,3,11,4,1,0,0,3,0,1,3,11,1,0,3,7,10,0,10,0,11,8,12,11,6,11,2,3,11,4,2,11,11,0,11,0,3,11,11,6,2,11,6,10,7,0,1,0,1,0,11,11,11,3,1,3,11,3,3,3,3,3,3,6,11,3,11,11,3,3,3,3,6,6,3,11,3,2,6,3,3,11,11,3,3,3,3,3,3,3,3,0,11,2,2,10,11,3,1,11,6,11,11,6,11,3,3,3,6,11,3,1,3,2,3,3,3,3,2,3,3,3,3,3,3,2,3,2,3,3,3,11,6,11,11,11,11,11,3,11,4,10,11,11,11,3,3,2,3,2,1,3,6,3,3,3,2,3,3,3,3,1,3,3,11,3,3
EPI_ISL_2566504,6,6,6,6,6,6,6,5,5,5,5,6,6,9,9,12,8,8,12,11,12,3,3,3,3,3,3,3,3,3,3,3,3,3,3,17,18,17,17,3,3,17,3,3,18,17,17,17,3,3,3,24,6,3,3,3,3,3,3,3,3,3,3,3,3,3,3,3,3,3,3,3,3,3,3,3,3,3,3,3,3,3,3,3,3,3,3,3,3,3,3,3,3,3,3,3,3,3,3,3,3,1,3,3,3,2,3,3,3,3,3,3,3,3,3,3,3,3,3,3,3,3,3,3,3,3,3,3,3,3,3,3,3,20,3,3,3,3,3,3,3,3,3,3,3,3,3,3,3,6,20,6,20,20,19,0,20,24,20,20,20,20,20,20,20,19,20,20,20,6,24,20,20,8,6,19,19,20,19,9,20,20,10,23,22,21,0,22,23,3,18,6,10,18,21,16,0,3,20,20,19,20,7,17,0,19,14,9,0,6,12,19,22,6,0,20,23,8,19,20,20,20,24,7,20,19,20,20,23,19,30,6,20,11,0,20,20,20,7,12,3,11,3,3,3,3,3,3,3,3,3,3,20,3,3,3,3,4,3,3,3,3,7,12,12,12,12,12,14,12,6,24,15,12,3,12,11,3,7,1,24,14,11,11,12,15,3,3,15,2,12,12,12,3,3,12,3,3,3,3,12,12,12,3,12,3,3,3,3,12,3,14,3,3,12,12,13,1,4,12,3,15,2,1,3,4,8,6,2,0,15,9,0,0,0,4,12,3,14,5,1,0,0,3,0,0,3,12,0,0,3,8,10,0,14,0,12,9,11,15,6,11,2,4,12,4,2,15,11,0,12,0,3,12,12,6,3,11,6,10,8,0,0,1,1,0,12,15,11,3,1,3,12,3,3,3,3,3,3,6,14,3,14,14,3,3,3,4,6,6,3,15,3,2,6,3,3,12,12,3,3,3,3,3,3,3,3,0,12,2,2,11,15,3,1,12,6,12,12,6,12,3,3,3,6,12,3,0,3,2,3,3,3,3,2,3,3,3,3,3,3,2,3,2,3,3,3,15,6,12,12,12,12,12,3,12,4,10,15,11,14,3,3,2,3,2,1,3,6,3,3,3,2,3,3,3,4,1,3,3,11,3,3
EPI_ISL_2566498,7,7,7,7,7,7,7,6,5,6,6,7,7,11,12,15,10,10,15,14,15,5,4,4,4,4,4,4,4,4,4,4,4,4,4,25,15,25,24,4,4,25,4,4,15,24,24,25,4,4,5,21,6,4,5,5,5,5,5,5,5,5,5,5,5,5,5,5,5,5,5,5,5,6,5,5,5,5,5,5,5,5,5,5,5,4,5,6,5,5,5,5,5,5,5,6,5,5,5,5,5,3,5,6,5,2,6,6,4,5,5,5,5,5,5,5,5,5,5,5,5,5,5,5,5,5,5,5,5,5,5,5,5,28,5,5,5,5,5,5,5,5,5,5,5,5,5,4,4,6,28,6,28,29,28,0,27,20,27,28,27,28,28,28,29,27,29,27,28,7,21,28,27,9,6,28,28,27,27,10,27,28,11,24,19,18,0,18,20,3,26,6,11,16,19,24,0,3,29,28,28,28,9,25,0,18,13,9,0,6,12,27,19,6,0,29,21,7,26,29,28,28,20,6,29,27,28,28,19,27,20,6,27,11,20,0,27,27,8,12,3,11,3,3,3,3,3,3,3,3,3,3,28,3,3,3,3,4,3,3,4,3,7,12,12,12,12,12,14,12,6,21,15,12,3,12,11,3,6,1,21,15,11,11,12,15,3,3,15,2,12,12,12,3,3,12,3,3,3,3,12,12,12,3,12,3,3,3,3,12,3,14,4,3,12,12,13,1,4,12,3,15,2,1,3,4,8,7,2,0,15,9,0,0,0,4,12,3,14,5,1,0,0,3,0,0,3,12,0,0,3,8,10,0,14,0,12,9,11,15,6,11,2,4,12,4,2,15,11,0,12,0,3,12,12,6,3,11,6,10,8,0,0,1,1,0,12,15,11,3,1,3,12,3,3,3,3,3,3,6,14,3,14,14,3,3,3,4,6,6,3,15,3,2,6,3,3,12,12,3,3,3,3,3,3,3,3,0,12,2,2,11,15,3,1,12,6,12,12,6,12,3,3,3,6,12,3,0,3,2,3,3,3,3,2,3,3,3,3,3,3,2,3,2,3,3,3,15,6,12,12,12,12,12,3,12,4,10,15,11,14,3,3,2,3,2,1,3,6,3,3,3,2,3,3,3,4,1,3,3,11,3,3
EPI_ISL_2566471,6,6,6,6,6,6,6,5,5,5,5,7,7,12,11,15,11,11,15,13,15,5,4,4,4,4,4,4,4,4,4,4,4,4,4,24,15,24,25,4,4,24,4,4,15,25,25,24,4,4,5,21,6,5,5,5,5,5,5,5,5,5,5,5,5,5,5,5,5,5,5,5,5,5,5,5,5,5,5,6,5,5,5,5,5,5,5,5,5,5,5,5,5,5,5,6,5,5,5,5,5,3,5,5,5,3,5,5,5,5,5,5,5,5,5,5,5,5,5,5,5,5,5,5,5,5,5,5,5,5,5,5,5,29,5,5,5,5,5,5,5,5,5,5,5,5,5,4,5,6,27,6,28,28,27,0,29,21,29,29,28,28,29,28,28,29,29,27,29,6,21,29,27,9,6,27,26,32,27,13,28,31,13,23,19,18,0,18,20,3,26,6,13,16,19,24,0,3,27,28,26,28,9,26,1,18,14,10,0,7,12,28,19,6,0,28,20,7,27,28,27,30,20,6,28,27,29,28,19,27,20,6,28,11,20,27,0,28,8,12,3,11,3,3,3,3,3,3,3,3,3,3,28,3,3,3,3,4,3,3,3,3,7,12,12,12,12,12,14,12,6,21,15,12,3,12,11,3,6,1,21,14,11,11,12,15,3,3,15,2,12,12,12,3,3,12,3,3,3,3,12,12,12,3,12,3,3,3,3,12,3,14,3,3,12,12,13,1,4,12,3,15,2,1,3,4,8,6,2,0,15,9,0,0,0,4,12,3,14,5,1,0,0,3,0,0,3,12,0,0,3,8,10,0,14,0,12,9,11,15,6,11,2,4,12,4,2,15,11,0,12,0,3,12,12,6,3,11,6,10,8,0,0,1,1,0,12,15,11,3,1,3,12,3,3,3,3,3,3,6,14,3,14,14,3,3,3,4,6,6,3,15,3,2,6,3,3,12,12,3,3,3,3,3,3,3,3,0,12,2,2,11,15,3,1,12,6,12,12,6,12,3,3,3,6,12,3,0,3,2,3,3,3,3,2,3,3,3,3,3,3,2,3,2,3,3,3,15,6,12,12,12,12,12,3,12,4,10,15,11,14,3,3,2,3,2,1,3,6,3,3,3,2,3,3,3,4,1,3,3,11,3,3
EPI_ISL_2566499,6,6,6,6,6,6,6,5,5,5,5,6,6,12,12,15,11,11,15,14,16,4,3,3,3,3,3,3,3,3,3,3,3,3,3,23,14,24,25,3,3,24,3,3,14,25,25,24,3,3,4,21,6,4,4,4,4,4,4,4,4,4,4,4,4,4,4,4,4,4,4,4,4,4,4,4,4,4,4,4,4,5,4,4,4,4,4,4,4,4,4,4,5,4,4,5,4,4,4,4,4,3,4,4,4,2,4,4,4,4,4,4,4,4,4,4,4,4,4,5,4,4,4,4,4,4,4,4,4,4,4,4,4,30,4,4,4,4,4,4,4,4,4,4,4,4,4,3,4,6,27,6,29,28,26,0,28,20,28,33,27,28,28,29,28,28,29,27,29,6,21,29,28,9,6,26,26,29,27,10,28,28,11,24,18,17,0,17,19,3,25,6,11,15,19,23,0,3,28,28,27,30,9,24,0,17,13,9,0,6,12,29,18,6,0,28,21,7,27,27,27,29,20,6,29,27,28,28,19,26,21,6,29,11,20,27,28,0,8,13,3,11,3,3,3,3,3,3,3,3,3,3,28,3,3,3,3,4,3,3,3,3,7,13,13,13,13,13,15,13,6,21,16,13,3,13,11,3,6,1,21,15,11,11,13,16,3,3,16,2,13,13,13,3,3,13,3,3,3,3,13,13,13,3,13,3,3,3,3,13,3,15,3,3,13,13,14,1,4,13,3,16,2,1,4,5,8,6,2,0,16,9,0,0,0,4,13,3,15,5,1,0,0,3,0,0,3,13,0,0,3,8,10,0,14,0,13,10,11,16,6,12,2,5,13,5,2,16,12,0,13,0,3,13,13,6,4,12,6,10,9,0,0,2,1,0,13,16,12,3,1,3,13,3,3,3,3,3,3,6,15,3,15,15,3,3,3,4,6,6,3,16,3,2,6,3,3,13,13,3,3,3,3,3,3,3,3,0,13,2,2,12,16,3,1,13,6,13,13,6,13,3,3,3,6,13,3,0,3,2,3,3,3,3,2,3,3,3,3,3,3,2,3,2,3,3,3,16,7,13,13,13,13,13,3,13,4,10,16,11,15,3,3,2,3,2,1,3,6,3,3,3,2,3,3,3,4,1,3,3,12,3,3
EPI_ISL_2566516,8,8,8,8,8,8,8,6,6,6,6,8,8,10,10,9,9,10,9,10,10,3,3,3,3,3,3,3,3,3,3,3,3,3,3,8,6,8,8,3,3,8,3,3,6,8,8,8,3,3,3,7,26,3,3,3,3,3,3,3,3,3,3,3,3,3,3,3,3,3,3,3,3,3,3,3,3,3,3,3,3,3,3,3,3,3,3,3,3,3,3,3,3,3,3,3,3,3,3,3,4,1,3,3,3,2,3,3,3,3,3,3,3,3,3,3,3,3,3,3,3,3,3,3,3,3,3,3,3,3,3,3,3,8,3,3,3,3,3,3,3,3,3,3,3,3,4,3,3,26,8,25,8,8,7,0,8,7,8,8,8,8,8,8,8,8,8,8,8,26,7,8,8,28,26,8,7,8,7,5,8,8,6,7,7,7,0,7,7,3,8,24,6,6,7,8,0,4,8,8,8,8,27,8,0,7,2,6,0,26,6,8,7,25,0,8,7,27,7,8,8,8,7,26,8,8,8,8,6,7,7,23,8,6,7,8,8,8,0,6,3,6,3,3,3,3,3,3,3,3,3,3,8,3,3,3,3,3,3,4,3,3,6,6,6,6,6,6,6,6,6,7,6,6,4,6,6,4,6,1,7,6,6,6,6,6,3,3,6,2,6,6,6,3,3,6,3,3,3,3,6,6,6,3,6,3,3,3,3,6,3,6,3,3,6,6,6,1,3,6,3,6,2,1,1,2,4,6,1,0,6,5,0,0,0,0,6,3,6,2,1,0,0,3,0,0,3,6,0,0,3,5,6,0,6,0,6,5,6,6,4,6,2,1,6,3,2,6,6,0,6,0,3,6,6,4,0,6,6,6,3,1,0,0,0,0,6,6,6,3,1,3,6,3,3,3,4,3,3,6,6,3,6,6,3,3,3,3,6,6,3,6,3,2,6,4,4,6,6,3,4,3,4,4,3,3,3,0,6,2,0,6,6,3,1,6,6,6,6,6,6,3,4,3,6,6,3,0,3,2,3,3,3,3,2,3,3,3,3,3,3,2,3,3,3,4,4,6,6,6,6,6,6,6,3,6,4,6,6,7,6,3,3,2,3,2,1,3,6,3,3,3,2,3,3,3,3,0,3,3,6,3,3
EPI_ISL_1936358,6,6,6,6,6,6,6,5,5,5,5,6,6,7,7,8,6,7,8,8,9,3,3,3,3,3,3,3,3,3,3,3,3,3,3,12,10,13,13,3,3,13,3,3,10,13,13,13,3,3,3,13,6,3,3,3,3,3,3,3,3,3,3,3,3,3,3,3,3,3,3,3,3,3,3,3,3,3,3,3,3,4,3,3,3,4,3,3,3,3,3,3,4,3,3,3,3,3,3,3,3,1,3,3,3,3,3,3,4,3,3,3,3,3,3,3,3,3,3,3,3,3,3,3,3,3,3,3,3,3,3,3,3,13,3,3,3,3,3,3,3,3,3,3,3,3,3,3,3,6,12,6,12,13,11,0,12,12,12,13,12,13,12,13,13,13,13,12,12,6,13,13,13,6,6,12,11,13,12,9,12,12,10,13,11,11,0,11,12,4,12,6,10,12,13,10,0,3,13,12,13,13,6,11,0,11,6,10,0,6,13,13,12,6,0,13,13,6,12,12,12,12,12,6,13,12,12,13,11,11,13,6,12,11,12,12,12,13,6,0,3,11,3,3,3,3,3,3,3,3,3,3,13,3,3,3,3,3,3,3,3,3,7,14,14,14,14,14,13,14,6,13,13,14,3,14,11,3,6,2,13,13,11,11,14,13,3,3,13,2,14,13,13,3,3,14,3,3,3,3,19,19,19,3,14,3,3,3,3,14,3,13,3,3,14,13,13,1,4,14,3,13,2,1,4,5,8,6,2,0,13,9,0,0,0,2,14,3,13,5,1,0,0,3,0,0,3,14,0,0,3,8,10,0,11,0,14,12,11,13,6,12,2,5,14,6,2,13,12,0,14,0,3,14,14,6,4,12,6,10,10,0,0,1,1,0,14,13,12,3,1,3,13,3,3,3,3,3,3,6,13,3,13,13,3,3,3,4,6,6,3,13,3,2,6,3,3,14,14,3,3,3,3,3,3,3,3,0,13,2,2,12,13,3,1,14,6,14,14,6,14,3,3,3,6,14,3,0,3,2,3,3,3,3,2,3,3,3,3,3,3,2,3,2,3,3,3,13,6,13,14,14,14,14,3,14,4,10,13,11,13,3,3,2,3,2,1,3,6,3,3,3,2,3,3,3,3,1,3,3,12,3,3
EPI_ISL_1936344,3,3,3,3,3,3,3,2,2,2,2,3,3,3,3,3,2,3,3,3,3,3,3,3,3,3,3,3,3,3,3,3,3,3,3,3,3,3,3,3,3,3,3,3,3,3,3,3,3,3,4,3,3,3,3,3,3,3,3,3,3,3,3,3,3,3,3,3,4,3,3,3,3,3,3,3,3,3,3,3,3,3,3,3,3,3,3,3,3,3,3,3,3,3,3,3,3,3,3,3,4,1,3,3,3,2,3,3,3,3,3,3,3,3,3,3,3,3,3,3,3,3,3,3,3,3,3,3,3,3,3,3,3,3,3,3,3,3,3,3,3,3,3,3,3,3,3,3,3,3,3,3,3,3,2,0,3,3,3,3,3,3,3,3,3,3,3,3,3,3,3,3,3,3,3,3,2,3,2,2,3,3,3,3,3,3,0,3,3,4,3,3,3,3,3,3,0,4,3,3,3,3,3,3,0,3,1,3,0,3,3,3,3,3,0,3,3,3,2,3,3,3,4,3,3,2,3,3,2,2,3,3,3,3,3,3,3,3,3,3,0,3,4,5,4,5,4,3,3,3,3,4,3,4,4,3,3,4,3,5,4,3,3,3,3,3,3,3,3,3,3,3,3,3,4,3,3,4,4,2,3,3,3,3,3,4,4,10,3,3,3,3,3,4,5,3,5,5,5,5,3,3,3,5,3,5,5,5,4,3,3,3,4,4,3,4,3,2,4,3,3,3,3,1,1,2,1,3,1,0,3,2,0,2,0,0,3,4,3,2,1,0,0,4,0,0,4,3,0,0,8,2,3,0,2,0,3,2,3,3,1,3,3,1,3,0,2,3,3,0,3,0,5,3,3,1,0,3,4,3,3,1,0,0,0,1,3,3,3,4,3,5,3,4,4,4,4,4,4,4,3,4,3,3,4,4,3,4,3,4,4,3,4,4,3,4,4,3,3,5,4,4,4,3,4,3,5,0,3,2,0,3,3,4,2,3,3,3,3,4,3,4,4,4,3,3,4,1,3,3,5,3,4,4,3,4,3,4,3,5,5,3,4,3,3,4,4,3,3,3,3,3,3,3,3,3,2,3,3,3,3,4,4,2,3,4,1,5,3,5,4,3,3,3,4,5,3,0,0,4,3,4,4
EPI_ISL_3274158,6,6,6,6,6,6,6,5,5,5,5,6,6,7,7,8,6,7,8,8,9,4,4,4,4,4,4,4,4,4,4,4,4,4,4,11,10,11,11,4,4,11,4,4,10,11,11,11,4,4,4,11,6,4,4,4,4,4,4,4,4,4,5,4,4,4,4,4,4,4,5,4,4,4,4,4,4,4,4,4,4,5,4,4,4,4,4,4,4,3,4,4,5,4,4,4,4,4,4,4,4,1,4,4,4,3,4,4,4,4,4,4,4,4,4,4,4,4,4,4,4,4,4,3,4,4,4,4,4,4,4,4,4,11,4,4,4,4,4,4,4,4,4,4,4,4,4,4,4,7,11,6,11,11,10,0,11,11,11,11,11,11,11,11,11,11,11,11,11,6,11,11,11,6,6,11,10,11,10,9,11,11,10,11,10,10,1,11,11,4,11,6,10,11,11,10,0,3,11,11,11,11,6,10,1,10,5,8,0,6,11,11,11,6,1,11,11,6,10,11,12,11,11,6,11,10,11,11,10,10,11,6,11,16,11,11,11,11,6,11,3,0,3,3,3,3,3,3,3,3,3,3,11,3,3,3,3,3,3,3,3,3,6,11,11,11,11,11,11,12,6,11,11,11,3,11,16,3,6,1,11,11,16,16,11,11,3,3,11,2,11,11,11,3,3,11,3,3,3,4,11,11,11,3,11,3,3,3,3,11,3,11,3,3,11,11,11,1,3,11,3,11,2,1,2,3,7,6,2,0,11,9,0,0,1,2,11,3,11,4,1,0,0,3,0,1,3,11,0,0,3,7,10,0,10,0,11,8,12,11,6,11,2,3,11,4,2,11,11,0,11,0,3,11,11,6,2,11,6,10,7,0,1,0,1,0,11,11,11,3,1,3,11,3,3,3,3,3,3,6,11,3,11,11,3,3,3,3,6,6,3,11,3,2,6,3,3,11,11,3,3,3,3,3,3,3,3,0,11,2,2,10,11,3,1,11,6,11,11,6,11,3,3,3,6,11,3,1,3,2,3,3,3,3,2,3,3,3,3,3,3,2,3,2,3,3,3,11,6,11,11,11,11,11,3,11,4,10,11,11,11,3,3,2,3,2,1,3,6,3,3,3,2,3,3,3,3,1,3,3,11,3,3
EPI_ISL_8215716,3,3,3,3,3,3,3,2,2,2,2,3,4,4,4,4,3,5,5,3,3,4,3,3,3,3,3,3,3,3,3,3,3,3,3,3,3,3,3,3,3,3,3,3,3,3,3,3,3,3,3,3,3,3,3,3,3,3,3,3,3,3,3,3,3,3,3,3,3,4,3,3,3,3,3,3,4,4,3,4,4,4,3,4,4,4,4,3,3,4,3,3,3,3,3,3,3,4,4,3,3,1,3,3,3,2,3,3,4,3,3,3,4,3,3,3,4,3,3,3,3,4,4,4,3,3,3,3,3,3,3,4,3,3,3,3,4,4,3,3,3,3,3,3,3,3,3,3,3,3,3,3,3,3,3,0,3,3,3,3,3,3,3,3,3,3,3,3,3,3,3,4,3,3,3,4,2,3,2,2,3,3,3,3,3,3,0,3,3,6,3,3,4,3,3,3,0,5,3,3,3,3,5,3,0,3,1,3,0,3,3,3,3,3,0,3,3,3,2,4,3,3,3,3,4,2,3,3,2,2,3,4,3,3,3,3,3,3,3,3,4,3,0,5,7,4,7,3,3,3,4,5,3,7,7,3,5,6,3,5,7,4,4,3,4,3,4,4,3,3,3,3,3,3,5,3,3,6,3,2,3,3,3,3,3,4,5,4,3,3,3,3,3,4,4,3,4,4,4,4,3,3,3,4,3,4,4,4,6,3,3,3,4,5,3,4,3,1,8,3,5,4,6,2,1,2,1,4,1,0,3,2,0,1,0,0,3,7,3,2,1,0,0,7,0,0,5,3,0,0,4,3,3,0,2,0,3,2,4,4,1,3,6,1,3,0,2,3,3,0,3,0,4,3,3,1,0,3,3,4,3,1,0,0,0,1,3,3,3,6,2,4,3,4,6,6,5,6,6,3,3,6,3,3,6,3,3,8,3,3,6,3,6,3,3,5,5,3,3,4,5,6,5,3,6,4,4,1,3,4,1,3,3,8,2,3,3,3,3,3,3,6,5,5,3,3,5,0,3,3,4,3,5,5,3,5,3,5,3,4,4,3,5,4,3,5,5,3,3,3,3,3,3,3,3,3,1,3,3,3,3,5,5,4,3,3,1,4,3,4,5,3,3,3,5,5,3,0,0,5,3,5,5
EPI_ISL_890230,3,3,3,3,3,3,3,2,2,2,2,3,3,3,3,3,2,3,3,3,3,3,3,3,3,3,3,3,3,3,3,3,3,3,3,3,3,3,3,3,3,3,3,3,3,3,3,3,3,3,3,3,3,3,3,3,3,3,3,3,3,3,3,3,3,3,3,3,3,3,3,3,3,3,3,3,3,3,3,3,3,3,3,3,3,3,3,3,3,3,3,3,3,3,3,3,3,3,3,3,3,1,3,3,3,2,3,3,3,3,3,3,3,3,3,3,3,3,3,3,3,4,3,3,3,3,3,3,3,3,3,3,3,3,3,3,3,3,3,3,3,3,3,3,3,3,3,3,3,3,3,3,3,3,2,0,3,3,3,3,3,3,3,3,3,3,3,3,3,3,3,3,3,3,3,3,2,3,2,2,3,3,3,3,3,3,0,3,3,4,3,3,3,3,3,3,0,4,3,3,3,3,3,3,0,3,1,3,0,3,3,3,3,3,0,3,3,3,2,3,3,3,3,3,3,3,3,3,2,2,3,3,3,3,3,3,3,3,3,3,5,3,5,0,5,5,5,3,3,3,3,4,3,5,5,3,3,5,3,4,5,3,3,3,3,3,3,3,3,3,3,3,3,3,4,3,3,4,3,2,3,3,3,3,3,3,4,5,3,3,3,3,3,4,5,3,5,5,5,5,3,3,3,5,3,5,5,5,4,3,3,3,4,4,3,4,3,1,4,3,3,3,3,1,1,2,1,3,1,0,3,2,0,2,0,0,3,4,3,2,1,0,0,4,0,0,4,3,0,0,5,2,3,0,2,0,3,2,3,3,1,3,3,1,3,0,2,3,3,0,3,0,4,3,3,1,0,3,3,3,3,1,0,0,0,1,3,3,3,4,3,5,3,4,4,4,4,4,4,3,3,4,3,3,4,4,3,4,3,3,4,3,4,4,3,4,4,3,3,5,4,4,4,3,4,3,5,0,3,2,0,3,3,4,2,3,3,3,3,3,3,4,4,4,3,3,4,0,3,3,5,3,4,4,3,4,3,4,3,5,5,3,4,3,3,4,4,3,3,3,3,3,3,3,3,3,1,3,3,3,3,4,4,2,3,4,1,5,3,5,4,3,3,3,4,5,3,0,0,4,3,4,4
EPI_ISL_890224,3,3,3,3,3,3,3,2,2,2,2,3,3,3,3,3,2,3,3,3,3,3,3,3,3,3,3,3,3,3,3,3,3,3,3,3,3,3,3,3,3,3,3,3,3,3,3,3,3,3,3,3,3,4,3,3,3,3,3,3,3,3,3,3,3,3,3,3,3,4,3,3,3,4,3,3,4,4,3,4,4,4,3,4,4,5,4,3,3,4,3,3,3,3,3,3,3,4,4,3,3,1,3,3,3,3,3,3,5,3,3,3,3,3,3,3,4,3,3,3,4,4,4,4,3,3,3,3,3,4,3,3,3,3,3,3,3,3,3,3,3,3,3,3,3,3,3,3,4,3,3,3,3,3,4,0,3,3,3,3,3,3,3,3,3,4,3,3,3,3,3,4,3,3,3,3,2,3,3,2,3,3,3,3,3,3,1,3,3,6,3,3,3,3,3,3,0,5,3,3,3,3,4,3,1,4,1,4,1,3,3,3,3,3,1,3,3,3,2,3,3,3,3,3,3,2,3,3,2,2,3,3,3,3,3,3,3,3,3,3,4,3,7,5,0,4,19,3,3,3,3,5,3,11,10,3,4,10,3,5,7,3,4,3,3,3,3,3,3,3,3,3,3,3,5,3,3,5,3,2,3,3,3,3,3,3,5,4,3,3,3,3,3,4,4,3,4,4,4,4,3,3,3,4,3,4,4,4,6,3,3,3,4,5,3,4,3,1,6,3,5,3,5,3,1,2,1,3,1,0,3,2,0,1,1,0,3,7,3,2,1,0,0,7,0,0,5,3,0,0,4,3,3,0,2,0,3,2,3,3,1,3,5,1,3,0,2,3,3,0,3,0,4,3,3,1,0,3,3,3,3,1,0,0,0,1,3,3,3,5,2,4,3,4,7,7,5,7,7,3,3,7,3,3,7,3,3,6,3,3,7,3,6,3,3,5,5,3,3,4,5,5,5,3,5,3,4,0,3,4,0,3,3,6,2,3,3,3,3,3,3,8,5,5,3,3,5,0,3,3,4,3,5,5,3,5,3,5,3,4,4,3,5,4,3,5,5,3,3,3,3,3,3,3,3,3,1,3,3,3,3,5,5,3,3,3,1,4,3,4,5,3,3,3,5,4,3,0,0,5,3,5,5
EPI_ISL_890222,3,3,3,3,3,3,3,2,2,2,2,3,3,3,3,3,2,3,3,3,3,3,3,3,3,3,3,3,3,3,3,3,3,3,3,3,3,3,3,3,3,3,3,3,3,3,3,3,3,3,4,3,3,3,3,3,3,3,3,3,3,3,3,3,3,3,3,3,3,3,3,3,3,3,3,3,3,3,3,3,3,3,3,3,3,3,3,3,3,3,3,3,3,3,3,3,3,3,3,3,3,1,3,3,3,2,3,3,3,3,3,3,3,3,3,3,3,3,3,3,3,3,3,3,3,3,3,3,3,3,3,3,3,3,3,3,3,3,3,3,3,3,3,3,3,3,3,3,3,3,3,3,3,3,2,0,3,3,3,3,3,3,3,3,3,3,3,3,3,3,3,3,3,3,3,3,2,3,2,2,3,3,3,3,3,3,0,3,3,5,3,3,3,3,3,3,0,4,3,3,3,3,3,3,0,3,1,3,0,3,3,3,3,3,0,3,3,4,2,3,3,3,3,4,3,2,3,3,2,2,3,3,3,3,3,3,3,3,3,3,5,3,4,5,4,0,5,4,3,3,4,4,3,4,5,3,3,4,3,4,4,3,3,3,3,3,3,3,3,3,3,3,3,3,4,3,3,4,3,2,3,3,3,3,3,3,4,5,3,3,3,3,3,4,5,3,5,5,5,5,3,3,3,5,3,5,5,5,4,3,3,3,4,4,3,4,3,1,4,3,3,3,3,1,1,2,1,3,1,0,3,2,0,2,0,0,3,4,3,2,1,0,0,4,0,0,4,3,0,0,5,2,3,0,2,0,3,2,3,3,1,3,3,1,3,0,2,3,3,0,3,0,4,3,3,1,0,3,3,3,3,1,0,0,0,1,3,3,3,4,5,7,3,4,4,4,4,4,4,3,3,4,3,3,4,4,3,4,3,3,4,3,4,4,3,4,4,3,3,5,4,4,4,3,4,3,5,0,3,2,0,3,3,4,2,3,3,3,3,3,3,4,4,4,3,3,4,0,3,3,5,3,4,4,3,4,3,4,3,5,5,3,4,3,3,4,4,3,3,3,3,3,3,3,3,3,1,3,3,3,3,4,4,2,3,4,1,5,3,5,4,3,3,3,4,5,3,0,0,4,3,4,4
EPI_ISL_890220,3,3,3,3,3,3,3,2,2,2,2,3,3,3,3,3,2,3,3,3,3,3,3,3,3,3,3,3,3,3,3,3,3,3,3,3,3,3,3,3,3,3,3,3,3,3,3,3,3,3,3,3,3,4,3,3,3,3,3,3,3,3,3,3,3,3,3,3,3,4,3,3,3,4,3,3,4,4,3,4,4,4,3,4,4,5,4,3,3,4,3,3,3,3,3,3,3,4,4,3,3,1,3,3,3,3,3,3,5,3,3,3,3,3,3,3,4,3,3,3,4,4,4,4,3,3,3,3,3,4,3,3,3,3,3,3,3,3,3,3,3,3,3,3,3,3,3,3,4,3,3,3,3,3,3,0,3,3,3,3,3,3,3,3,3,4,3,3,3,3,3,4,3,3,3,3,2,3,2,2,3,3,3,3,3,3,1,3,3,6,3,3,3,3,3,3,0,5,3,3,3,3,4,3,1,4,1,4,1,3,3,3,3,3,1,3,3,3,2,3,3,3,3,3,3,2,3,3,2,2,3,3,3,3,3,3,3,3,3,3,4,3,7,5,19,5,0,5,4,3,4,5,3,11,11,3,4,10,3,5,7,3,4,3,3,3,3,3,3,3,3,3,3,3,5,3,3,5,3,2,3,3,3,3,3,3,5,4,3,3,3,3,3,4,4,3,4,4,4,4,3,3,3,4,3,4,4,4,6,3,3,3,4,5,3,4,3,1,6,3,5,3,5,3,1,2,1,3,1,0,3,2,0,1,1,0,3,7,3,2,1,0,0,7,0,0,5,3,0,0,4,3,3,0,2,0,3,2,3,3,1,3,5,1,3,0,2,3,3,0,3,0,4,3,3,1,0,3,3,3,3,1,0,0,0,1,3,3,3,5,2,4,3,4,7,7,5,7,7,3,3,7,3,3,7,3,3,6,3,3,7,3,6,3,3,5,5,3,3,4,5,5,5,3,5,3,4,0,3,4,0,3,3,6,2,3,3,3,3,3,3,8,5,5,3,3,5,0,3,3,4,3,5,5,3,5,3,5,3,4,4,3,5,4,3,5,5,3,3,3,3,3,3,3,3,3,1,3,3,3,3,5,5,3,3,3,1,4,3,4,5,3,3,3,5,4,3,0,0,5,3,5,5
EPI_ISL_890219,3,3,3,3,3,3,3,2,2,2,2,3,3,3,3,3,2,3,3,3,3,3,3,3,3,3,3,3,3,3,3,3,3,3,3,3,3,3,3,3,3,3,3,3,3,3,3,3,3,3,3,3,3,3,3,3,3,3,3,3,3,3,3,3,3,3,3,3,3,3,3,3,3,3,3,3,3,3,3,3,3,3,3,3,3,3,3,3,3,3,3,3,3,3,3,3,3,3,3,3,3,1,3,3,3,2,3,3,3,3,3,3,3,3,3,3,3,3,3,3,3,3,3,3,3,3,3,3,3,3,3,3,3,3,3,3,3,3,3,3,3,3,3,3,3,3,3,3,3,3,3,3,3,3,2,0,3,3,3,3,3,3,3,3,3,3,3,3,3,3,3,3,3,3,3,3,2,3,2,2,3,3,3,3,3,3,0,3,3,3,3,3,3,3,3,3,0,3,3,3,3,3,3,3,0,3,1,3,0,3,3,3,3,3,0,3,3,3,2,3,3,3,3,3,3,2,3,3,2,2,3,3,3,3,3,3,3,3,3,3,3,3,3,3,3,4,5,0,13,9,4,4,3,3,4,6,4,3,3,3,3,3,3,3,3,3,3,3,3,3,3,3,3,3,3,3,3,3,3,1,3,3,3,3,3,3,3,3,3,2,3,3,3,3,3,3,3,3,3,3,3,3,3,3,3,3,3,3,3,3,3,3,3,3,3,3,3,1,3,3,3,3,2,1,1,2,1,3,1,0,3,2,0,0,0,0,3,3,3,2,1,0,0,3,0,0,3,3,0,0,3,2,3,0,2,0,3,2,3,3,1,3,2,1,3,0,2,3,3,0,3,0,3,3,3,1,0,3,3,3,3,0,0,0,0,0,3,3,3,3,1,3,3,3,3,3,3,3,3,3,3,3,3,3,3,3,3,3,3,3,3,3,3,2,3,3,3,3,3,3,3,3,3,3,3,3,3,0,3,2,0,3,3,3,1,3,3,3,3,3,3,3,3,3,3,3,3,0,3,3,4,4,3,3,3,3,5,3,3,3,3,2,3,2,4,3,3,3,3,3,3,3,3,3,3,3,1,3,3,3,3,3,3,2,3,2,1,3,3,3,3,3,2,5,3,3,3,0,0,3,3,3,3
EPI_ISL_890216,3,3,3,3,3,3,3,2,2,2,2,3,3,3,3,3,2,3,3,3,3,3,3,3,3,3,3,3,3,3,3,3,3,3,3,3,3,3,3,3,3,3,3,3,3,3,3,3,3,3,3,3,3,3,3,3,3,3,3,3,3,3,3,3,3,3,3,3,3,3,3,3,3,3,3,3,3,3,3,3,3,3,3,3,3,3,3,3,3,3,3,3,3,3,3,3,3,3,3,3,3,1,3,3,3,2,3,3,3,3,3,3,3,3,3,3,3,3,3,3,3,3,3,3,3,3,3,3,3,3,3,3,3,3,3,3,3,3,3,3,3,3,3,3,3,3,3,3,3,3,3,3,3,3,2,0,3,3,3,3,3,3,3,3,3,3,3,3,3,3,3,3,3,3,3,3,2,3,2,2,3,3,3,3,3,3,0,3,3,3,3,3,3,3,3,3,0,3,3,3,3,3,3,3,0,3,1,3,0,3,3,3,3,3,0,3,3,3,2,3,3,3,3,3,3,2,3,3,2,2,3,3,3,3,3,3,3,3,3,3,3,3,3,3,3,3,4,13,0,12,3,8,3,3,3,10,4,3,4,3,3,3,3,3,3,3,3,3,3,3,3,3,3,3,3,3,3,3,3,1,3,3,3,3,3,3,3,3,3,2,3,3,3,3,3,3,3,3,3,3,3,3,3,3,3,3,3,3,3,3,3,3,3,3,3,3,3,1,3,3,3,3,2,1,1,2,1,3,1,0,3,2,0,0,0,0,3,3,3,2,1,0,0,3,0,0,3,3,0,0,3,2,3,0,2,0,3,2,3,3,1,3,2,1,3,0,2,3,3,0,3,0,3,3,3,1,0,3,3,3,3,0,0,0,0,0,3,3,3,3,1,3,3,3,3,3,3,3,3,3,3,3,3,3,3,3,3,3,3,3,3,3,3,2,3,3,3,3,3,3,3,3,3,3,3,3,3,0,3,2,0,3,3,3,1,3,3,3,3,3,3,3,3,3,3,3,3,0,3,3,4,4,3,3,3,3,5,3,3,3,3,2,3,2,4,3,3,3,3,3,3,3,3,3,3,3,1,3,3,3,3,3,3,2,3,2,1,3,3,3,3,3,2,5,3,3,3,0,0,3,3,3,3
EPI_ISL_890197,3,3,3,3,3,3,3,2,2,2,2,3,3,3,3,3,2,3,3,3,3,3,3,3,3,3,3,3,3,3,3,3,3,3,3,3,3,3,3,3,3,3,3,3,3,3,3,3,3,3,3,3,3,3,3,3,3,3,3,3,3,3,3,3,3,3,3,3,3,3,3,3,3,3,3,3,3,3,3,3,3,3,3,3,3,3,3,3,3,3,3,3,3,3,3,3,3,3,3,3,3,1,3,3,3,2,3,3,3,3,3,3,3,3,3,3,3,3,3,3,3,3,3,3,3,3,3,3,3,3,3,3,3,3,3,3,3,3,3,3,3,3,3,3,3,3,3,3,3,3,3,3,3,3,2,0,3,3,3,3,3,3,3,3,3,3,3,3,3,3,3,3,3,3,3,3,2,3,2,2,3,3,3,3,3,3,0,3,3,3,3,3,3,3,3,3,0,4,3,3,3,3,3,3,0,3,1,3,0,3,3,3,3,3,0,3,3,3,2,3,3,3,3,3,3,2,3,3,2,2,3,3,3,3,3,3,3,3,3,3,3,3,3,3,3,3,3,9,12,0,3,5,3,3,3,11,4,3,5,3,3,3,3,3,3,3,3,3,3,3,3,3,3,3,3,3,3,3,3,1,3,3,3,3,3,3,3,3,3,2,3,3,3,3,3,3,3,3,3,3,3,3,3,3,3,3,3,3,3,3,3,3,3,3,3,3,3,1,3,3,3,3,2,1,1,2,1,3,1,0,3,2,0,0,0,0,3,3,3,2,1,0,0,3,0,0,3,3,0,0,3,2,3,0,2,0,3,2,3,3,1,3,2,1,3,0,2,3,3,0,3,0,3,3,3,1,0,3,3,3,3,0,0,0,0,0,3,3,3,3,1,3,3,3,3,3,3,3,3,3,3,3,3,3,3,3,3,3,3,3,3,3,3,2,3,3,3,3,3,3,3,3,3,3,3,3,3,0,3,2,0,3,3,3,1,3,3,3,3,3,3,3,3,3,3,3,3,0,3,3,4,4,3,3,3,3,5,3,3,3,3,2,3,2,4,3,3,3,3,3,3,3,3,3,3,3,1,3,3,3,3,3,3,2,3,2,1,3,3,3,3,3,2,5,3,3,3,0,0,3,3,3,3
EPI_ISL_890196,3,3,3,3,3,3,3,2,2,2,2,3,3,3,3,3,2,3,3,3,3,3,4,3,3,4,4,3,3,3,4,3,3,3,3,3,3,3,3,4,4,3,4,4,3,3,3,3,4,4,4,3,3,3,4,4,4,4,4,3,4,3,5,5,4,4,4,5,3,5,5,5,4,4,3,5,5,5,4,4,4,5,5,4,5,4,5,5,5,5,4,5,5,5,5,4,4,5,5,4,4,1,5,5,5,2,5,5,4,4,5,5,5,4,3,5,5,3,4,5,4,5,4,3,3,4,4,5,4,4,4,3,4,4,3,3,3,3,4,4,3,3,4,3,3,4,3,3,4,3,3,3,3,3,3,0,3,3,3,3,3,3,3,3,3,3,3,3,4,3,3,4,3,3,3,5,2,3,2,2,3,3,3,3,3,3,0,3,3,3,3,3,3,3,3,3,0,3,3,3,3,3,4,3,0,3,1,3,0,3,3,3,3,3,0,3,3,3,2,5,3,4,3,3,3,2,3,3,2,3,3,4,3,3,3,3,3,3,3,3,3,3,4,3,3,4,4,4,3,3,0,3,3,3,4,3,4,3,9,3,3,11,3,3,3,3,3,3,3,3,3,3,3,3,3,3,4,3,3,1,3,3,3,4,3,3,3,3,3,2,3,3,3,3,3,3,3,3,3,3,3,3,3,3,3,3,3,3,3,3,3,3,4,3,3,3,3,1,4,3,3,3,3,1,1,2,1,3,1,0,3,2,0,0,0,0,3,3,3,2,1,0,0,3,0,0,3,3,0,0,3,2,3,0,2,0,3,2,3,4,1,3,3,1,3,0,2,3,3,0,3,0,3,3,3,1,0,3,3,4,3,0,0,0,0,0,3,3,3,3,1,3,3,3,3,3,3,3,3,3,3,3,3,3,3,3,3,4,3,3,3,3,3,2,3,3,3,3,3,3,3,3,3,3,3,9,3,0,3,2,0,3,3,4,1,3,3,3,3,3,3,3,3,3,3,3,3,0,3,2,3,3,3,3,2,3,3,3,3,3,3,2,3,2,3,3,3,3,3,3,3,3,3,3,3,3,1,3,3,3,3,3,3,3,3,2,1,3,3,3,3,3,2,3,3,3,3,0,0,3,3,3,3
EPI_ISL_890195,3,3,3,3,3,3,3,2,2,2,2,3,3,3,3,3,2,3,3,3,3,3,3,3,3,3,3,3,3,3,3,3,3,3,3,3,3,3,3,3,3,3,3,3,3,3,3,3,3,3,3,3,3,3,3,3,3,3,3,3,3,3,3,3,3,3,3,3,3,4,3,3,3,3,3,3,4,4,3,4,4,4,3,4,4,4,4,3,3,4,3,3,3,3,3,3,3,4,4,3,3,1,3,3,3,2,3,3,4,3,3,3,3,3,3,3,4,3,3,3,3,4,4,4,3,3,3,3,3,3,3,3,3,3,3,3,3,3,3,3,3,3,3,3,3,3,3,3,3,3,3,3,3,3,3,0,3,3,3,3,3,3,3,3,3,3,3,3,3,3,3,4,3,3,3,3,2,3,2,2,3,3,3,3,3,3,0,3,3,5,3,3,3,3,3,3,0,10,3,3,3,3,4,3,0,3,1,3,0,3,3,3,3,3,0,3,3,3,2,3,3,3,3,3,3,2,3,3,2,2,3,3,3,3,3,3,3,3,3,3,4,3,5,4,5,4,5,4,8,5,3,0,3,5,5,10,4,5,3,7,5,3,3,3,3,3,3,3,3,3,3,3,3,3,7,3,3,7,3,3,3,3,3,3,3,3,7,4,3,3,3,3,3,4,4,3,4,4,4,4,3,3,3,4,3,4,4,4,5,3,3,3,4,5,3,4,3,1,5,3,4,3,4,1,1,2,1,3,1,0,3,2,0,1,0,0,3,5,3,2,1,0,0,5,0,0,5,3,0,0,4,4,3,0,2,0,3,2,3,3,1,3,4,1,3,0,2,3,3,0,3,0,4,3,3,1,0,3,3,3,3,2,0,0,0,1,3,3,3,5,2,4,3,4,5,5,6,5,5,3,3,5,3,3,5,3,3,5,3,3,5,3,5,3,3,6,6,3,3,4,6,5,6,3,5,3,4,0,3,3,0,3,3,5,2,3,3,3,3,3,3,5,6,5,3,3,5,0,3,3,4,3,5,5,3,5,3,5,3,4,4,3,5,5,3,6,6,3,3,4,3,3,3,3,3,3,1,3,3,3,3,5,5,2,3,3,1,4,3,4,5,3,3,3,5,4,3,0,0,5,3,5,5
EPI_ISL_3274160,6,6,6,6,6,6,6,5,5,5,5,13,13,17,17,21,16,16,21,13,15,7,6,6,6,6,6,6,6,6,6,6,6,6,6,32,17,32,33,6,6,32,6,6,17,33,33,32,6,6,7,24,13,6,7,7,7,7,7,6,6,6,6,6,6,6,6,6,6,6,6,6,6,6,6,6,6,6,6,6,6,7,6,6,7,5,6,6,6,6,6,6,7,6,6,7,6,6,6,6,6,3,6,6,6,3,6,6,5,6,6,6,6,6,6,6,6,7,6,6,6,6,6,6,6,6,6,6,6,6,6,7,7,37,7,7,7,7,7,7,7,7,7,7,7,7,7,6,6,13,27,6,28,37,28,0,28,21,28,30,28,29,29,29,30,36,30,27,29,6,24,30,29,9,6,28,27,29,28,10,27,29,11,25,20,19,0,19,21,3,27,6,11,17,21,25,0,3,29,28,28,29,9,26,0,19,14,9,0,14,12,29,20,6,6,30,22,7,28,29,27,29,20,6,30,28,28,29,19,28,21,6,27,11,20,28,28,28,8,13,3,11,3,3,3,3,3,3,3,3,3,3,0,3,3,3,3,4,3,3,3,3,7,13,13,13,13,13,15,13,6,24,16,13,3,13,11,3,6,1,24,15,11,11,13,16,3,3,16,2,13,13,13,3,3,13,3,3,3,3,13,13,13,3,13,3,3,3,3,13,3,15,3,3,13,13,14,1,4,13,3,16,2,1,4,5,8,6,2,0,16,9,0,0,0,4,13,3,15,5,1,0,0,3,0,0,3,13,0,0,3,8,10,0,14,0,13,10,11,16,6,12,2,5,13,5,2,16,12,0,13,0,3,13,13,6,4,12,6,10,9,0,0,2,1,0,13,16,12,3,1,3,13,3,3,3,3,3,3,6,15,3,15,15,3,3,3,4,6,6,3,16,3,2,6,3,3,13,13,3,3,3,3,3,3,3,3,0,13,2,2,12,16,3,1,13,6,13,13,6,13,3,3,3,6,13,3,0,3,2,3,3,3,3,2,3,3,3,3,3,3,2,3,2,3,3,3,16,6,13,13,13,13,13,3,13,4,10,16,11,15,3,3,2,3,2,1,3,6,3,3,3,2,3,3,3,4,1,3,3,12,3,3
EPI_ISL_862788,3,3,3,3,3,3,3,2,2,2,2,3,3,3,3,3,2,3,3,3,3,4,3,3,3,3,3,3,3,3,3,3,3,3,3,3,3,3,3,3,3,3,3,3,3,3,3,3,3,3,3,3,3,4,3,3,3,3,3,3,3,3,3,3,3,3,3,3,3,4,3,3,3,3,3,3,4,4,3,4,5,4,3,4,4,5,4,3,3,5,3,3,3,3,3,3,3,4,4,3,3,1,3,3,3,3,3,3,5,3,4,3,3,4,3,3,4,3,3,3,3,4,4,4,3,3,3,3,3,3,3,3,3,3,3,3,3,3,3,3,3,3,3,3,3,3,3,3,4,3,3,3,3,3,3,0,3,3,3,3,3,3,3,3,3,3,3,3,3,3,3,4,3,3,3,3,2,3,2,3,3,3,4,3,3,3,1,3,3,6,3,3,4,3,3,3,0,5,3,3,3,3,4,3,1,4,1,4,1,3,3,3,3,3,1,3,3,3,2,3,3,3,3,3,3,2,3,3,2,2,3,3,3,3,3,3,3,3,3,3,4,3,7,5,11,4,11,3,3,3,3,5,3,0,9,3,4,9,4,5,7,4,4,3,3,3,3,3,3,3,3,3,3,3,5,3,3,5,3,2,3,3,3,3,3,3,5,4,3,3,3,3,3,4,4,3,4,4,4,4,3,3,3,4,3,4,4,4,6,3,3,3,4,5,3,4,3,1,6,3,5,3,5,3,1,2,1,3,1,0,3,2,0,1,1,0,3,7,3,2,1,0,0,7,0,0,5,3,0,0,4,3,3,0,2,0,3,2,3,3,1,3,5,1,3,0,2,3,3,0,3,0,4,3,3,1,0,3,3,3,3,1,0,0,0,1,3,3,3,5,2,4,3,4,7,7,5,7,7,3,3,7,3,3,7,3,3,6,3,3,7,3,6,3,3,5,5,3,3,4,5,5,5,3,5,3,4,0,3,4,0,3,3,6,2,3,3,3,3,3,3,8,5,5,3,3,5,0,3,3,4,3,5,5,3,5,3,5,3,4,4,3,5,4,3,5,5,3,3,3,3,3,3,3,3,3,1,3,3,3,3,5,5,3,3,3,1,4,3,4,5,3,3,3,5,4,3,0,0,5,3,5,5
EPI_ISL_862797,3,3,3,3,3,3,3,2,2,2,2,3,3,3,3,3,2,3,3,3,3,3,3,3,3,3,3,3,3,3,3,3,3,3,3,3,3,3,3,3,3,3,3,3,3,3,3,3,3,3,3,3,3,3,3,3,3,3,3,3,3,3,3,3,3,3,3,3,3,4,3,3,3,3,3,3,4,4,3,4,4,4,3,4,4,4,4,3,3,4,3,3,3,3,3,3,3,4,4,3,3,1,3,3,3,2,3,3,4,3,3,3,3,3,3,3,4,3,3,3,3,4,4,4,3,3,3,3,3,3,3,3,3,3,3,3,3,3,3,3,3,4,3,3,3,3,3,3,3,3,3,3,3,3,3,0,3,3,3,3,3,3,3,3,3,3,3,3,3,3,3,4,3,3,3,3,2,3,2,2,3,3,3,3,3,3,1,3,3,6,3,3,3,3,3,3,0,5,3,3,3,3,4,3,1,3,1,4,1,3,3,3,3,3,1,3,3,3,2,3,3,3,3,3,3,2,3,3,2,2,3,3,3,3,3,3,3,3,3,3,4,3,7,5,10,5,11,4,3,3,4,5,3,9,0,3,4,19,3,5,7,3,3,3,3,3,3,3,3,3,3,3,3,3,5,3,3,5,3,2,3,3,3,3,3,3,5,4,3,3,3,3,3,4,4,3,4,4,4,4,3,3,3,4,3,4,4,4,6,3,3,3,4,5,3,4,3,1,6,3,5,3,5,3,1,2,1,3,1,0,3,2,0,1,1,0,3,7,3,2,1,0,0,7,0,0,5,3,0,0,4,3,3,0,2,0,3,2,3,3,1,3,5,1,3,0,2,3,3,0,3,0,4,3,3,1,0,3,3,3,3,1,0,0,0,1,3,3,3,5,2,4,3,4,7,7,5,7,7,3,3,7,3,3,7,3,3,6,3,3,7,3,6,3,3,5,5,3,3,4,5,5,5,3,5,3,4,0,3,4,0,3,3,6,2,3,3,3,3,3,3,8,5,5,3,3,5,0,3,3,4,3,5,5,3,5,3,5,3,4,4,3,5,4,3,5,5,3,3,3,3,3,3,3,3,3,1,3,3,3,3,5,5,3,3,3,1,4,3,4,5,3,3,3,5,4,3,0,0,5,3,5,5
EPI_ISL_907114,3,3,3,3,3,3,3,2,2,2,2,3,3,3,3,3,2,3,3,3,3,3,3,3,3,3,3,3,3,3,3,3,3,3,3,3,3,3,3,3,3,3,3,3,3,3,3,3,3,3,3,3,3,3,3,3,3,3,3,3,3,3,3,3,3,3,3,3,3,3,3,3,3,3,3,3,3,3,3,3,3,3,3,3,3,3,3,3,3,3,3,3,3,3,3,3,3,3,3,3,3,1,3,3,3,2,3,3,3,3,3,3,3,3,3,3,3,3,3,3,3,3,3,3,3,3,3,3,3,3,3,3,3,3,3,3,3,3,3,3,3,3,3,3,3,3,3,3,3,3,3,3,3,3,2,0,3,3,3,3,3,3,3,3,3,3,3,3,3,3,3,3,3,3,3,3,2,3,2,2,3,3,3,3,3,3,0,3,3,3,3,3,3,3,3,3,0,6,3,3,3,3,3,3,0,3,1,3,0,3,3,3,3,3,0,3,3,3,2,3,3,3,3,3,3,2,3,3,2,2,3,3,3,3,3,3,3,3,3,3,3,3,3,3,3,3,3,6,10,11,3,10,3,3,3,0,4,3,5,4,3,3,3,3,3,3,3,3,3,3,3,3,3,3,4,3,3,4,3,2,3,3,3,3,3,3,4,3,3,2,3,3,3,3,3,3,3,3,3,3,3,3,3,3,3,3,3,3,3,3,3,3,3,3,3,3,3,1,3,3,3,3,2,1,1,2,1,3,1,0,3,2,0,0,0,0,3,3,3,2,1,0,0,3,0,0,3,3,0,0,3,3,3,0,2,0,3,2,3,3,1,3,2,1,3,0,2,3,3,0,3,0,3,3,3,1,0,3,3,3,3,1,0,0,0,0,3,3,3,3,1,3,3,3,3,3,4,3,3,3,3,3,3,3,3,3,3,3,3,3,3,3,3,2,3,4,4,3,3,3,4,3,4,3,3,3,3,0,3,2,0,3,3,3,1,3,3,3,3,3,3,3,4,3,3,3,3,0,3,3,4,4,3,3,3,3,5,3,3,3,3,2,3,3,4,4,4,3,3,4,3,3,3,3,3,3,1,3,3,3,3,3,3,2,3,2,1,3,3,3,3,3,2,5,3,3,3,0,0,3,3,3,3
EPI_ISL_862806,3,3,3,3,3,3,3,2,2,2,2,3,3,3,3,3,2,3,3,3,3,3,3,3,3,3,3,3,3,3,3,3,3,3,3,3,3,3,3,3,3,3,3,3,3,3,3,3,3,3,3,3,3,3,3,3,3,3,3,4,3,4,3,3,3,3,3,3,3,4,3,3,4,3,4,3,5,4,3,4,4,5,3,4,5,4,4,4,4,4,3,4,4,3,3,3,3,4,4,3,3,1,5,4,4,2,5,5,4,3,3,3,3,4,3,3,4,3,3,3,3,4,4,4,3,3,3,3,3,3,3,3,3,3,3,3,3,3,3,3,3,4,3,3,3,3,3,3,3,3,3,3,3,3,3,0,3,3,3,3,3,3,3,3,3,3,3,3,3,3,3,4,3,3,3,4,2,3,2,3,3,3,3,3,3,3,0,3,3,4,3,3,4,3,3,3,0,4,3,3,3,3,5,3,0,3,1,3,0,3,3,3,3,3,0,3,3,3,2,4,3,3,3,3,3,2,3,3,2,2,3,4,3,3,3,3,3,3,3,3,3,3,5,3,4,3,4,4,4,4,4,4,3,4,4,4,0,4,3,4,4,4,3,3,3,3,3,3,3,3,3,3,3,3,4,3,3,4,3,1,3,3,3,3,3,3,4,3,3,2,3,4,3,3,3,3,3,3,3,3,3,3,3,3,3,3,3,3,4,3,3,3,3,4,3,3,3,1,5,3,4,3,4,1,1,2,1,3,1,0,3,2,0,0,0,0,3,4,3,2,1,0,0,4,0,0,4,3,0,0,3,3,3,0,2,0,3,2,3,3,1,3,4,1,3,0,2,3,3,0,3,0,3,3,3,1,0,3,3,3,3,0,0,0,0,0,3,3,3,4,1,3,3,3,4,4,4,4,4,3,3,4,3,3,4,3,3,6,3,4,4,3,4,2,3,4,4,3,3,3,4,4,4,3,4,4,3,0,3,3,0,3,3,5,1,3,3,3,3,3,3,4,4,4,3,3,4,0,3,2,3,4,4,4,2,4,4,4,3,3,3,2,4,3,4,4,4,3,3,3,3,3,3,3,3,3,1,3,3,3,3,4,4,3,3,2,1,3,3,3,4,3,2,4,4,3,3,0,0,4,3,4,4
EPI_ISL_862799,3,3,3,3,3,3,3,2,2,2,2,3,3,3,3,3,2,3,3,3,3,3,3,3,3,3,3,3,3,3,3,3,3,3,3,3,3,3,3,3,3,3,3,3,3,3,3,3,3,3,3,4,3,4,3,3,3,3,3,3,3,3,3,3,3,3,3,3,3,4,3,3,3,3,3,3,4,4,3,4,4,4,3,4,4,5,4,3,3,4,3,3,3,3,3,3,3,4,4,3,3,1,3,3,3,3,3,3,5,3,3,3,3,3,3,3,4,3,3,3,3,4,4,4,3,3,3,3,3,3,3,3,3,4,3,3,3,3,3,3,3,4,3,3,3,3,3,3,4,3,4,3,4,4,4,0,4,4,4,4,4,4,4,4,4,4,4,4,4,3,4,5,4,3,3,4,3,4,3,2,4,4,3,4,3,3,1,3,4,5,3,3,3,3,4,3,0,5,4,4,4,4,4,3,1,4,2,4,1,3,3,4,4,3,1,4,4,3,3,4,4,4,4,3,4,3,4,4,3,3,4,3,4,3,4,4,4,4,3,3,4,3,6,5,10,4,10,3,3,3,3,5,4,9,19,3,4,0,3,5,6,3,3,3,3,3,3,3,3,3,3,4,3,3,5,3,3,5,3,2,4,3,3,3,3,3,5,4,3,3,3,3,3,4,4,3,4,4,4,4,3,3,3,4,3,4,4,4,5,3,3,3,4,5,3,4,3,1,5,3,4,3,4,2,1,2,1,3,1,0,3,2,0,1,1,0,3,6,3,2,1,0,0,6,0,0,5,3,0,0,4,3,3,0,2,0,3,2,3,3,1,3,4,1,3,0,2,3,3,0,3,0,4,3,3,1,0,3,3,3,3,1,0,0,0,1,3,3,3,5,2,4,3,4,6,6,5,6,6,3,3,6,3,3,6,3,3,5,3,3,6,3,5,3,3,5,5,3,3,4,5,5,5,3,5,3,4,0,3,3,0,3,3,5,2,3,3,3,3,3,3,7,5,5,3,3,5,0,3,3,4,3,5,5,3,5,3,5,3,4,4,3,5,4,3,5,5,3,3,3,3,3,3,3,3,3,1,3,3,3,3,5,5,2,3,3,1,4,3,4,5,3,3,3,5,4,3,0,0,5,3,5,5
EPI_ISL_862796,3,3,3,3,3,3,3,2,2,2,2,3,3,3,3,3,2,3,3,3,3,3,4,3,3,4,4,3,3,3,4,3,3,3,3,3,3,3,3,4,4,3,4,4,3,3,3,3,4,4,4,3,3,3,4,4,4,4,4,3,4,3,5,5,4,4,4,5,3,5,5,5,4,4,3,5,5,5,4,4,4,5,5,4,5,4,5,5,5,5,4,5,5,5,5,4,4,5,5,4,4,1,5,5,5,2,5,5,4,4,5,5,5,4,3,5,5,3,4,5,4,5,4,3,3,4,4,5,4,4,4,3,4,4,3,3,3,3,4,4,3,3,4,3,3,4,3,3,3,3,3,3,3,3,4,0,3,3,3,3,3,3,3,3,3,3,3,3,4,3,3,4,3,3,3,4,2,3,3,2,3,3,3,3,3,3,0,3,3,3,3,3,3,3,3,3,0,3,3,3,3,3,3,3,0,3,1,3,0,3,3,3,3,3,0,3,3,3,2,4,3,4,3,3,3,2,3,3,2,3,3,3,3,3,3,3,3,3,3,3,3,3,3,3,3,3,3,3,4,5,9,3,3,4,3,5,3,3,0,3,3,22,3,3,3,3,3,3,3,3,3,3,3,3,3,3,3,3,3,1,3,3,3,3,3,3,3,3,3,2,3,3,3,3,3,3,3,3,3,3,3,3,3,3,3,3,3,3,3,3,3,3,3,3,3,3,3,1,3,4,3,3,2,1,1,3,1,3,1,0,3,2,0,0,0,0,4,3,3,2,1,0,0,3,0,0,3,3,0,0,3,2,3,0,2,0,3,2,3,3,1,3,2,1,3,0,2,3,3,0,3,0,3,3,3,1,0,3,3,3,3,0,0,0,0,0,3,3,3,3,1,3,3,3,3,3,3,3,3,3,3,3,3,3,3,3,3,3,3,3,3,3,3,2,3,3,3,3,3,3,3,3,3,3,3,7,3,0,3,2,0,3,3,3,1,3,3,3,3,3,3,3,3,3,3,3,3,0,3,2,3,3,3,3,2,3,3,3,3,3,3,2,3,2,3,3,3,3,3,3,3,3,3,3,3,3,1,3,3,3,3,3,3,2,3,2,1,3,3,3,3,3,2,3,3,3,3,0,0,3,3,3,3
EPI_ISL_862787,3,3,3,3,3,3,3,2,2,2,2,3,3,3,3,3,2,3,3,3,3,3,3,3,3,3,3,3,3,3,3,3,3,3,3,3,3,3,3,3,3,3,3,3,3,3,3,3,3,3,3,3,4,3,3,3,3,3,3,3,3,3,3,3,3,3,3,3,3,4,3,3,3,3,3,3,4,4,3,4,4,4,3,4,4,4,4,3,3,4,3,3,3,3,3,3,3,4,4,3,3,1,3,3,3,2,3,3,4,3,3,3,3,3,3,3,4,3,3,3,3,4,4,4,3,3,4,3,3,3,3,3,3,3,3,3,3,3,3,3,3,3,3,3,3,3,3,3,3,4,3,4,3,3,3,0,3,3,3,3,3,3,3,3,3,3,3,3,3,4,3,4,3,4,4,3,2,3,2,3,3,3,4,3,3,3,0,3,3,5,3,4,4,3,3,3,0,8,3,3,3,3,5,3,0,3,1,3,0,4,3,3,3,4,0,3,3,4,2,3,3,3,3,4,3,2,3,3,3,2,3,4,3,3,3,3,3,3,4,3,5,3,5,4,5,4,5,3,3,3,3,7,3,5,5,4,4,5,3,0,5,3,3,3,3,3,3,3,4,3,3,3,3,3,12,3,3,12,3,2,3,4,3,3,3,3,11,4,3,3,3,3,3,4,4,3,4,4,4,4,3,3,3,4,3,4,4,4,5,3,3,3,4,5,3,4,3,1,5,3,4,3,4,1,1,2,1,3,1,0,3,2,0,1,0,0,3,5,3,2,1,0,0,5,0,0,5,3,0,0,4,4,3,0,2,0,3,2,3,3,1,3,4,1,3,0,2,3,3,0,3,0,4,3,3,1,0,3,3,3,3,3,0,0,0,1,3,3,3,5,2,4,3,4,5,5,7,5,5,3,3,5,3,3,5,3,3,5,3,3,5,3,5,3,3,7,7,3,3,4,7,5,7,4,5,3,4,0,3,3,0,3,3,5,2,3,3,3,3,3,3,5,7,5,3,3,5,0,3,3,4,3,5,5,3,5,3,5,3,4,4,3,5,6,3,7,7,3,3,3,3,3,3,3,3,3,1,3,3,3,3,5,5,2,3,3,1,4,3,4,5,3,3,3,5,4,3,0,0,5,3,5,5
EPI_ISL_857341,3,3,3,3,3,3,3,2,2,2,2,3,3,3,3,3,2,3,3,3,3,3,3,3,3,3,3,3,3,3,3,3,3,3,3,4,3,4,3,3,3,4,3,3,3,3,3,4,3,3,3,3,3,3,3,3,3,3,3,3,3,3,3,3,3,3,3,3,3,4,3,3,3,3,3,3,4,4,3,4,4,4,3,4,4,4,4,3,3,4,3,3,3,3,3,3,3,4,4,3,3,1,3,3,3,2,3,3,4,3,3,3,3,3,3,3,4,3,3,3,3,4,4,4,3,3,3,3,3,3,3,3,3,4,3,3,3,3,3,4,3,3,3,3,3,3,3,3,3,3,4,3,3,4,4,0,3,3,3,3,3,4,3,3,4,3,4,3,3,3,3,4,3,3,3,4,3,3,3,2,3,3,3,3,3,3,0,3,3,6,3,3,3,3,3,3,0,5,4,3,4,3,4,3,0,3,1,3,0,3,3,3,3,3,0,4,3,3,2,4,4,3,3,3,4,3,3,4,2,2,3,3,3,3,3,4,3,3,3,3,4,3,7,5,7,4,7,3,3,3,3,5,3,7,7,3,4,6,3,5,0,3,3,3,3,3,3,3,3,3,3,3,3,3,5,3,3,5,3,2,3,4,3,3,3,3,5,4,3,3,3,3,3,4,4,3,4,4,4,4,3,3,3,4,3,4,4,4,6,3,3,3,4,5,3,4,3,1,6,3,5,3,5,2,1,2,1,4,1,0,3,2,0,1,0,0,3,6,3,2,1,0,0,6,0,0,5,3,0,0,4,3,3,0,2,0,3,2,3,3,1,3,5,1,3,0,2,3,3,0,3,0,4,3,3,1,0,3,3,3,3,1,0,0,0,1,3,3,3,5,2,4,3,4,6,6,5,6,6,3,3,6,3,3,6,3,3,6,3,3,6,3,6,3,3,5,5,3,3,4,5,5,5,3,5,3,4,0,3,4,0,3,3,6,2,3,3,3,3,3,3,6,5,5,3,3,5,0,3,3,4,3,5,5,3,5,3,5,3,4,4,3,5,4,3,5,5,3,3,3,3,3,3,3,3,3,1,3,3,3,3,5,5,3,3,3,1,4,3,4,5,3,3,3,5,4,3,0,0,5,3,5,5
EPI_ISL_857330,3,3,3,3,3,3,3,2,2,2,2,3,3,3,3,3,2,3,3,3,3,3,4,3,3,4,4,3,3,3,4,3,3,3,3,3,3,3,3,4,4,3,4,4,3,3,3,3,4,4,4,3,3,4,4,4,5,4,4,3,4,3,5,5,4,4,4,5,3,5,5,5,4,4,3,5,5,5,4,4,4,5,5,4,5,4,5,5,5,5,4,5,5,5,5,4,4,5,5,4,4,1,5,5,5,2,5,5,4,4,5,5,5,4,3,5,5,3,4,5,4,5,4,3,3,4,4,5,4,4,4,3,4,4,3,3,3,3,4,4,3,3,4,3,3,4,3,3,3,3,3,3,3,3,4,0,3,3,3,3,3,3,3,3,3,3,3,3,4,3,3,4,3,3,3,5,2,3,3,2,3,3,3,3,3,3,0,3,3,3,3,3,3,3,3,3,0,3,3,3,3,3,4,3,0,3,1,3,0,3,3,3,3,3,0,3,3,3,2,5,3,4,3,3,3,2,3,3,2,3,3,4,3,3,3,3,3,3,3,3,3,3,4,3,3,3,3,3,3,3,11,3,3,4,3,3,4,3,22,3,3,0,3,3,3,3,3,3,3,3,3,3,3,3,3,3,3,3,3,1,3,3,3,3,3,3,3,3,3,2,3,3,3,3,3,3,3,3,3,3,3,3,3,3,3,3,3,3,3,3,3,3,3,3,3,3,3,1,4,4,3,3,3,1,1,3,1,3,1,0,3,2,0,0,0,0,4,3,3,2,1,0,0,3,0,0,3,3,0,0,3,2,3,0,2,0,3,2,3,3,1,3,3,1,3,0,2,3,3,0,3,0,3,3,3,1,0,3,3,3,3,0,0,0,0,0,3,3,3,3,1,3,3,3,3,3,3,3,3,3,3,3,3,3,3,3,3,4,3,3,3,3,3,2,3,3,3,3,3,3,3,3,3,3,3,9,3,0,3,2,0,3,3,4,1,3,3,3,3,3,3,3,3,3,3,3,4,0,3,2,3,3,3,3,2,3,3,3,3,3,3,2,3,2,3,3,3,3,3,3,3,3,3,3,3,3,1,3,3,3,3,3,3,3,3,2,1,3,3,3,3,3,2,3,3,3,3,0,0,3,3,3,3
EPI_ISL_17424328,7,7,7,7,7,7,7,6,6,6,6,6,7,7,7,7,6,7,7,7,7,3,3,3,3,3,3,3,3,3,3,3,3,3,3,7,6,7,7,3,3,7,3,3,6,7,7,7,3,3,3,7,6,3,3,3,3,4,3,3,3,3,3,3,3,3,3,3,3,3,3,3,3,3,3,3,3,3,3,3,3,3,3,3,3,4,3,3,3,3,3,3,3,3,3,3,3,3,3,3,3,1,3,3,3,3,3,3,4,3,3,3,3,3,3,3,3,3,3,3,3,4,3,3,3,3,3,3,3,3,3,3,3,7,3,3,3,3,3,3,3,3,3,3,3,3,3,3,3,6,7,6,7,7,6,0,7,7,7,7,7,7,7,7,7,7,7,7,7,6,7,7,7,6,6,7,6,7,6,5,7,7,6,7,7,7,0,6,7,3,7,6,7,7,7,6,0,3,7,7,7,7,6,7,0,8,2,7,0,6,7,7,7,6,0,7,7,6,6,7,7,7,7,6,7,6,7,7,6,6,7,7,7,6,7,7,7,7,6,7,3,6,4,3,4,3,4,3,3,3,3,3,7,4,3,3,3,3,3,3,3,3,0,7,8,7,8,8,7,7,7,7,7,7,3,7,6,3,6,1,7,7,6,6,7,7,3,3,7,2,7,7,7,3,3,7,3,3,3,3,7,7,7,3,7,3,3,3,3,7,3,7,4,3,7,7,7,1,4,7,3,8,2,1,2,3,4,7,1,0,7,5,0,0,0,0,7,4,7,3,1,0,0,4,0,0,3,7,0,0,3,6,6,0,6,0,7,6,6,8,4,6,2,2,7,3,2,7,6,0,7,0,3,7,7,4,1,6,6,7,4,0,0,0,0,0,7,7,6,4,1,3,7,3,3,3,3,3,3,6,7,3,7,7,3,3,3,4,6,6,3,7,3,2,6,3,3,7,7,3,3,4,3,3,4,3,3,0,7,2,0,7,7,3,1,7,6,7,7,6,7,3,3,3,6,7,3,0,3,2,3,3,3,3,2,3,3,3,3,3,3,2,3,2,3,3,3,7,6,7,7,7,7,7,3,7,4,6,7,6,7,3,3,2,3,2,1,3,6,3,3,3,2,3,3,4,3,0,3,3,6,4,3
EPI_ISL_17424307,6,6,6,6,6,6,6,5,5,5,5,6,6,7,7,8,6,7,8,8,9,3,3,3,3,3,3,3,3,3,3,3,3,3,3,12,10,13,13,3,3,13,3,3,10,13,13,13,3,3,3,13,6,3,3,3,3,3,3,3,3,3,3,3,3,4,3,3,3,3,3,3,3,3,3,3,3,3,3,3,3,4,3,3,3,3,3,3,3,3,3,3,4,3,3,3,3,3,3,3,3,1,3,3,3,2,3,3,3,3,3,3,3,3,3,3,3,3,3,3,3,3,3,3,3,3,3,3,3,4,3,3,3,13,4,3,3,3,3,3,3,3,3,3,3,3,3,3,3,6,12,6,12,13,11,0,12,12,12,13,12,13,12,13,13,13,13,12,12,6,13,13,13,6,6,12,11,13,12,9,12,12,10,13,11,11,0,11,12,3,12,6,10,12,13,10,0,3,13,12,13,13,6,11,0,11,6,10,0,6,14,13,12,6,0,13,13,6,12,12,12,12,12,6,13,12,12,13,11,11,13,6,12,11,12,12,12,13,6,14,3,11,3,3,3,3,3,3,3,3,3,3,13,3,3,3,3,3,3,3,3,3,7,0,14,15,14,14,13,14,6,13,13,14,3,15,11,3,6,1,13,13,11,11,15,13,3,3,13,2,14,13,13,3,3,14,3,3,3,3,14,14,14,3,14,3,3,3,3,14,3,13,3,3,14,13,13,1,4,14,3,13,2,1,4,5,8,6,2,0,13,9,0,0,0,2,14,3,13,5,1,0,0,3,0,0,3,14,0,0,3,8,10,0,11,0,14,11,11,13,6,12,2,5,14,6,2,13,12,0,15,0,3,15,14,6,4,12,6,10,12,0,0,1,1,0,14,13,12,3,1,3,13,3,3,3,3,3,3,6,13,3,13,13,3,3,3,4,6,6,3,13,3,2,6,3,3,14,14,3,3,3,3,3,3,3,3,0,13,2,2,12,13,3,1,14,6,14,14,6,14,3,3,3,6,14,3,0,3,2,3,3,3,3,2,3,3,3,3,3,3,2,3,2,3,3,3,13,6,13,14,14,14,14,3,14,4,10,13,11,13,3,3,2,3,2,1,3,6,3,4,3,2,3,3,3,3,1,3,3,12,3,3
EPI_ISL_17424313,7,7,7,7,7,7,7,6,6,6,6,6,7,8,8,9,7,8,9,9,10,3,3,3,3,3,3,3,3,3,3,3,3,3,3,12,10,13,13,3,3,13,3,3,10,13,13,13,3,3,3,13,6,3,3,3,3,3,3,3,3,3,3,3,3,3,3,3,3,3,3,3,3,3,3,3,3,3,3,3,3,4,3,3,3,3,3,3,3,3,3,3,4,3,3,3,3,3,3,3,3,1,3,3,3,2,3,3,3,3,3,3,3,3,3,3,3,3,3,3,3,3,3,3,3,3,3,3,3,3,3,3,3,13,3,3,3,3,3,3,3,3,3,3,3,3,3,3,3,6,12,6,12,13,11,0,12,12,12,13,12,13,12,13,13,13,13,12,12,6,13,13,13,6,6,12,11,13,12,9,12,12,10,13,11,11,0,11,12,3,12,6,10,12,13,10,0,3,13,12,13,13,6,11,0,11,6,10,0,6,13,13,12,6,0,13,13,6,12,12,12,12,12,6,13,12,12,13,11,11,13,6,12,11,12,12,12,13,6,14,3,11,4,3,3,3,3,3,3,3,3,3,13,3,3,3,3,3,3,3,3,3,8,14,0,14,21,22,13,14,7,13,13,14,3,14,11,4,6,1,13,13,11,11,14,13,3,3,13,2,14,13,13,3,3,14,3,3,3,3,14,14,14,3,14,3,3,3,3,14,3,13,3,3,14,13,13,1,4,14,3,13,2,1,4,5,8,6,2,0,13,9,0,0,0,2,14,3,13,5,1,0,0,3,0,0,3,14,0,0,3,8,10,0,11,0,14,11,11,13,6,12,2,5,14,6,2,14,12,0,14,0,3,14,14,6,4,12,6,10,10,0,0,1,1,0,14,13,12,3,1,3,13,3,3,3,3,3,3,6,13,3,13,13,3,3,3,4,6,6,3,13,3,2,6,3,3,14,14,3,3,3,3,3,3,3,3,0,13,2,2,12,13,3,1,14,6,14,14,6,14,3,3,3,6,14,3,0,3,2,3,3,3,3,2,3,3,3,3,3,3,2,3,2,3,3,3,13,6,13,14,14,14,14,3,14,4,10,13,11,13,3,3,2,3,2,1,3,6,3,3,3,2,3,3,3,3,1,3,3,12,3,3
EPI_ISL_17424316,6,6,6,6,6,6,6,5,5,5,5,6,6,7,7,8,6,7,8,8,9,3,3,3,3,3,3,3,3,3,3,3,3,3,3,12,10,13,13,3,3,13,3,3,10,13,13,13,3,3,3,13,6,3,3,3,3,3,3,3,3,3,3,3,4,3,3,3,3,3,3,3,3,3,3,3,3,3,3,3,3,4,3,3,3,3,3,3,3,3,3,3,4,3,3,3,3,3,3,3,3,1,3,3,3,2,3,3,3,3,3,3,3,3,3,3,3,3,3,3,3,3,3,3,3,3,3,3,3,3,3,3,3,13,3,3,3,3,3,3,3,3,3,3,3,3,3,3,3,6,12,6,12,13,11,0,12,12,12,13,12,13,12,13,13,13,13,12,12,6,13,13,13,6,6,12,11,13,12,9,12,12,10,13,11,11,0,11,12,3,12,6,10,12,13,10,0,4,14,12,13,13,6,11,0,11,6,10,0,6,14,13,12,6,0,13,13,6,12,12,12,12,12,6,13,12,12,13,11,11,13,6,12,11,12,12,12,13,6,14,3,11,3,3,3,3,3,3,3,3,3,3,13,3,3,3,3,3,3,3,3,3,7,15,14,0,14,14,13,14,6,13,13,14,3,15,11,3,6,1,13,13,12,11,15,13,3,3,13,2,14,13,13,3,3,14,3,3,3,3,14,14,14,3,14,3,3,3,3,14,3,13,3,3,14,13,13,1,4,14,3,13,2,1,4,5,8,6,2,0,13,9,0,0,0,2,14,3,13,5,1,0,0,3,0,0,3,14,0,0,3,8,10,0,11,0,14,11,11,13,6,12,2,5,14,6,2,13,12,0,15,0,3,15,14,6,4,12,6,10,11,0,0,1,1,0,14,13,12,3,1,3,13,3,3,3,3,3,3,6,13,3,13,13,3,3,3,4,6,6,3,13,3,2,6,3,3,14,14,3,3,3,3,3,3,3,3,0,13,2,2,12,13,3,1,14,6,14,14,6,14,3,3,3,6,14,3,0,3,2,3,3,3,3,2,3,3,3,3,3,3,2,3,2,3,3,3,13,6,13,14,14,14,14,3,14,4,10,13,11,13,3,3,2,3,2,1,3,6,3,3,3,2,3,3,3,3,1,3,3,12,3,3
EPI_ISL_17424317,7,7,7,7,7,7,7,6,6,6,6,6,7,8,8,9,7,8,9,9,10,3,3,3,3,3,3,3,3,3,3,3,3,3,3,12,10,13,13,3,3,13,3,3,10,13,13,13,3,3,3,13,6,3,3,3,3,3,3,3,3,3,3,3,3,3,3,3,3,3,3,3,3,3,3,3,3,3,3,3,3,4,3,3,3,3,3,3,3,3,3,3,4,3,3,3,3,3,3,3,3,1,3,3,3,2,3,3,3,3,3,3,3,3,3,3,3,3,3,3,3,3,3,3,3,3,3,3,3,3,3,3,3,13,3,3,3,3,3,3,3,3,3,3,3,3,3,3,3,6,12,6,12,13,11,0,12,12,12,13,12,13,12,13,13,13,13,12,12,6,13,13,13,6,6,12,11,13,12,9,12,12,10,13,11,11,0,11,12,3,12,6,10,12,13,10,0,3,13,12,13,13,6,11,0,11,6,10,0,6,13,13,12,6,0,13,13,6,12,12,12,12,12,6,13,12,12,13,11,11,13,6,12,11,12,12,12,13,6,14,3,11,4,3,3,3,3,3,3,3,3,3,13,3,3,3,3,3,3,3,3,3,8,14,21,14,0,22,13,14,7,13,13,14,3,14,11,4,6,1,13,13,11,11,14,13,3,3,13,2,14,13,13,3,3,14,3,3,3,3,14,14,14,3,14,3,3,3,3,14,3,13,3,3,14,13,13,1,4,14,3,13,2,1,4,5,8,6,2,0,13,9,0,0,0,2,14,3,13,5,1,0,0,3,0,0,3,14,0,0,3,8,10,0,11,0,14,11,11,13,6,12,2,5,14,6,2,14,12,0,14,0,3,14,14,6,4,12,6,10,10,0,0,1,1,0,14,13,12,3,1,3,13,3,3,3,3,3,3,6,13,3,13,13,3,3,3,4,6,6,3,13,3,2,6,3,3,14,14,3,3,3,3,3,3,3,3,0,13,2,2,12,13,3,1,14,6,14,14,6,14,3,3,3,6,14,3,0,3,2,3,3,3,3,2,3,3,3,3,3,3,2,3,2,3,3,3,13,6,13,14,14,14,14,3,14,4,10,13,11,13,3,3,2,3,2,1,3,6,3,3,3,2,3,3,3,3,1,3,3,12,3,3
EPI_ISL_17424319,7,7,7,7,7,7,7,6,6,6,6,6,7,8,8,9,7,8,9,9,10,3,3,3,3,3,3,3,3,3,3,3,3,3,3,12,10,13,13,3,3,13,3,3,10,13,13,13,3,3,3,13,6,3,3,3,3,3,3,3,3,3,3,3,3,3,3,3,3,3,3,3,3,3,3,3,3,3,3,3,3,4,3,3,3,3,3,3,3,3,3,3,4,3,3,3,3,3,3,3,3,1,3,3,3,2,3,3,3,3,3,3,3,3,3,3,3,3,3,3,3,3,3,3,3,3,3,3,3,3,3,3,3,13,3,3,3,3,3,3,3,3,3,3,3,3,3,3,3,6,12,6,12,13,11,0,12,12,12,13,12,13,12,13,13,13,13,12,12,6,13,13,13,6,6,12,11,13,12,9,12,12,10,13,11,11,0,11,12,3,12,6,10,12,13,10,0,3,13,12,13,13,6,11,0,11,6,10,0,6,13,13,12,6,0,13,13,6,12,12,12,12,12,6,13,12,12,13,11,11,13,6,12,11,12,12,12,13,6,14,3,11,4,3,3,3,3,3,3,3,3,3,13,3,3,3,3,3,3,3,3,3,8,14,22,14,22,0,13,14,7,13,13,14,3,14,11,4,6,1,13,13,11,11,14,13,3,3,13,2,14,13,13,3,3,14,3,3,3,3,14,14,14,3,14,3,3,3,3,14,3,13,3,3,14,13,13,1,4,14,3,13,2,1,4,5,8,6,2,0,13,9,0,0,0,2,14,3,13,5,1,0,0,3,0,0,3,14,0,0,3,8,10,0,11,0,14,11,11,13,6,12,2,5,14,6,2,14,12,0,14,0,3,14,14,6,4,12,6,10,10,0,0,1,1,0,14,13,12,3,1,3,13,3,3,3,3,3,3,6,13,3,13,13,3,3,3,4,6,6,3,13,3,2,6,3,3,14,14,3,3,3,3,3,3,3,3,0,13,2,2,12,13,3,1,14,6,14,14,6,14,3,3,3,6,14,3,0,3,2,3,3,3,3,2,3,3,3,3,3,3,2,3,2,3,3,3,13,6,13,14,14,14,14,3,14,4,10,13,11,13,3,3,2,3,2,1,3,6,3,3,3,2,3,3,3,3,1,3,3,12,3,3
EPI_ISL_17424320,7,7,7,7,7,7,7,5,5,5,5,7,7,8,8,9,7,8,9,9,11,3,3,3,3,3,3,3,3,3,3,3,3,3,3,14,12,15,15,3,3,15,3,3,12,15,15,15,3,3,3,15,6,3,3,3,3,3,3,3,3,3,3,3,3,3,3,3,3,3,3,3,3,3,3,3,3,3,3,3,3,4,3,3,3,3,3,3,3,3,3,3,4,3,3,3,3,3,3,3,3,1,3,3,3,2,3,3,3,3,3,3,3,3,3,3,3,3,3,3,3,3,3,3,3,3,4,3,3,3,3,3,3,15,3,3,3,3,3,3,3,3,3,3,3,3,3,3,3,6,14,6,14,15,13,0,14,14,14,15,14,15,14,15,15,15,15,14,14,6,15,15,15,6,6,14,13,15,14,11,14,14,12,15,13,13,0,13,14,3,15,6,12,14,15,12,0,3,15,14,15,15,6,14,0,13,7,9,0,6,12,15,13,6,0,15,15,6,14,14,14,14,14,6,15,14,14,15,13,13,15,6,14,11,14,14,14,15,6,13,3,11,3,3,3,3,3,3,3,3,3,3,15,3,3,3,3,3,3,4,3,3,7,13,13,13,13,13,0,13,6,15,15,13,3,13,11,3,6,1,15,23,11,11,13,15,3,3,15,2,13,13,13,3,3,13,3,3,3,3,13,13,13,3,13,3,3,3,3,13,3,15,3,3,13,13,14,1,4,13,3,15,2,1,4,5,8,6,2,0,15,9,0,0,0,3,13,3,15,5,1,0,0,3,0,0,3,13,0,0,3,8,10,0,13,0,13,10,11,15,6,12,2,5,13,5,2,15,12,0,13,0,3,13,13,6,4,12,6,10,9,1,0,2,1,0,13,15,12,3,1,3,13,3,3,3,3,3,3,6,14,3,14,14,3,3,3,4,6,6,3,15,3,2,6,3,3,13,13,3,3,3,3,3,3,3,3,0,13,2,2,12,15,3,1,13,6,13,13,6,13,3,3,3,6,13,3,0,3,2,3,3,3,3,2,3,3,3,3,3,3,2,3,2,3,3,3,15,6,13,13,13,13,13,3,13,4,10,15,11,15,3,3,2,3,2,1,3,6,3,3,3,2,3,3,3,4,1,3,3,12,3,3
EPI_ISL_17424322,6,6,6,6,6,6,6,5,5,5,5,6,6,7,7,8,6,7,8,8,9,4,4,4,4,4,4,4,4,4,4,4,4,4,4,12,10,13,13,4,4,13,4,4,10,13,13,13,4,4,4,13,6,4,4,4,4,4,4,4,4,4,4,4,4,4,4,4,4,4,4,4,4,4,4,4,4,4,4,4,4,5,4,4,4,4,4,4,4,3,4,4,5,4,4,4,4,4,4,4,4,1,4,4,4,3,4,4,4,4,4,4,4,4,4,4,4,4,4,4,4,4,4,3,4,4,4,4,4,4,4,4,4,13,5,4,4,4,4,4,4,4,4,4,4,4,4,4,4,6,12,6,12,13,11,0,12,12,12,13,12,13,12,13,13,13,13,12,12,6,13,13,13,6,6,12,11,13,12,9,12,12,10,13,11,11,0,11,12,3,12,6,10,12,13,10,0,3,13,12,13,13,6,11,0,11,6,10,0,6,13,13,12,6,0,13,13,6,12,12,12,12,12,6,13,13,12,13,11,11,13,6,12,12,12,12,12,13,6,14,3,12,3,3,3,3,3,3,3,3,3,3,13,3,3,3,3,3,3,3,3,3,7,14,14,14,14,14,13,0,6,13,13,14,3,14,12,3,6,1,13,13,12,12,14,13,3,3,13,2,14,13,13,3,3,14,3,3,3,3,14,14,14,3,14,3,3,3,3,14,3,13,3,3,14,13,13,1,4,14,3,13,2,1,4,5,8,6,2,0,13,9,0,0,0,2,14,3,13,5,1,0,0,3,0,0,3,14,0,0,3,8,10,0,11,0,14,11,11,13,6,12,2,5,14,6,2,13,12,0,14,0,3,14,14,6,4,12,6,10,10,0,0,1,1,0,14,13,12,3,1,3,13,3,3,3,3,3,3,6,13,3,13,13,3,3,3,4,6,6,3,13,3,2,6,3,3,14,14,3,3,3,3,3,3,3,3,0,13,2,2,12,13,3,1,14,6,14,14,6,14,3,3,3,6,14,3,0,3,2,3,3,3,3,2,3,3,3,3,3,3,2,3,2,3,3,3,13,6,13,14,14,14,14,3,14,4,10,13,11,13,3,3,2,3,2,1,3,6,3,3,3,2,3,3,3,3,1,3,3,12,3,3
EPI_ISL_17424324,8,8,8,8,8,8,8,6,6,6,6,7,8,8,8,8,7,8,8,8,8,3,3,3,3,3,3,3,3,3,3,3,3,3,3,6,6,6,6,3,3,6,3,3,6,6,6,6,3,3,3,6,6,3,3,3,3,3,3,3,3,3,3,3,3,3,3,3,3,3,3,3,3,3,3,3,3,3,3,3,3,3,3,3,3,3,4,3,3,3,3,3,3,3,3,3,3,3,3,3,3,1,3,3,3,2,3,3,3,3,3,3,3,3,4,3,3,4,3,3,3,3,3,4,3,3,3,3,4,3,3,3,3,7,3,3,3,3,3,3,3,3,3,3,3,3,3,3,3,6,6,6,6,6,5,0,6,6,6,6,6,6,6,6,6,6,6,6,6,6,6,6,6,6,6,6,5,6,5,5,6,6,6,6,6,6,0,6,6,3,6,6,6,6,6,6,0,3,6,6,6,6,6,6,0,6,1,6,0,6,6,6,6,6,0,6,6,6,5,6,6,6,6,6,6,5,6,6,5,5,6,6,6,6,6,6,6,6,6,6,3,6,3,3,3,3,3,3,3,3,3,3,6,3,3,3,3,3,3,3,3,3,7,6,7,6,7,7,6,6,0,6,6,6,3,6,6,3,6,1,6,6,6,6,6,6,3,3,6,2,6,6,6,3,3,6,3,3,3,3,6,6,6,3,6,3,3,3,3,6,3,6,4,3,6,6,6,1,3,6,3,6,2,1,1,2,4,6,1,0,6,5,0,0,0,0,6,3,6,2,1,0,0,3,0,0,3,6,0,0,3,5,6,0,5,0,6,5,6,6,4,6,2,1,6,3,2,6,6,0,6,0,3,6,6,4,0,6,6,6,3,0,0,0,0,0,6,7,6,3,1,3,6,3,3,3,3,3,3,6,6,3,6,6,3,3,3,3,6,6,3,6,3,2,6,3,3,6,6,3,3,3,3,3,3,3,3,0,6,2,0,6,6,3,1,6,6,6,6,6,6,3,3,3,6,6,3,0,3,2,3,3,3,3,2,3,3,3,3,3,3,2,3,2,3,3,3,6,6,6,6,6,6,6,3,6,4,6,6,6,6,3,3,2,3,2,1,3,6,3,3,3,2,3,3,3,3,0,3,3,6,3,3
EPI_ISL_17424325,6,6,6,6,6,6,6,5,5,5,5,7,7,10,10,14,9,9,14,12,14,6,6,6,6,6,6,6,6,6,6,6,6,6,6,20,21,20,21,6,6,20,6,6,21,21,21,20,6,6,6,28,7,5,6,6,6,6,6,5,5,5,5,5,5,6,5,5,5,5,5,5,6,5,5,5,5,5,5,5,5,6,5,5,5,4,5,5,5,5,5,5,6,5,5,5,5,5,5,5,5,1,5,5,5,3,5,5,4,5,5,5,5,5,5,5,5,6,5,5,5,5,5,5,5,5,5,5,5,5,5,6,6,24,6,6,6,6,6,6,6,6,6,6,6,6,6,6,5,7,21,7,21,24,21,0,21,25,21,23,22,22,22,22,23,23,23,20,22,6,28,23,21,9,6,21,20,22,21,9,20,22,10,25,24,25,0,22,25,3,20,6,10,20,24,18,0,3,22,21,21,22,7,19,0,21,15,9,0,7,12,22,24,6,0,23,25,7,21,22,20,22,24,6,23,21,21,22,23,21,25,6,20,11,24,21,21,21,7,13,3,11,3,3,3,3,3,3,3,3,3,3,24,3,3,3,3,4,3,3,3,3,7,13,13,13,13,13,15,13,6,0,16,13,3,13,11,3,6,1,32,15,11,11,13,16,3,3,16,2,13,13,13,3,3,13,3,3,3,3,13,13,13,3,13,3,3,3,3,13,3,15,3,3,13,13,14,2,4,13,3,16,2,1,4,5,8,6,2,0,16,9,0,0,0,4,13,3,15,5,1,0,0,3,0,0,3,13,0,0,3,8,10,0,14,0,13,10,11,16,6,12,2,5,13,5,2,16,12,0,13,0,3,13,13,6,4,12,7,10,9,0,0,2,1,0,13,16,12,3,1,3,13,3,3,3,3,3,3,6,15,3,15,15,3,3,3,4,7,7,3,16,3,2,7,3,3,14,13,3,3,3,3,3,3,3,3,0,13,2,2,12,16,3,1,13,6,13,13,6,13,3,3,3,6,13,3,0,3,2,3,3,3,3,2,3,3,3,3,3,3,2,3,2,3,3,3,16,6,13,13,13,13,13,3,13,5,10,16,11,15,3,3,2,3,2,1,3,7,3,3,3,2,3,3,3,4,1,3,3,12,3,3
EPI_ISL_17424327,6,6,6,6,6,6,6,5,5,5,5,6,6,7,7,9,6,7,9,8,10,3,3,3,3,3,3,3,3,3,3,3,3,3,3,14,12,15,15,3,3,15,3,3,12,15,15,15,3,3,3,16,6,3,3,3,3,3,3,3,3,3,3,3,3,3,3,3,3,3,3,3,3,3,3,3,3,3,3,3,3,4,3,3,3,3,3,3,3,3,3,3,4,3,3,3,3,3,3,3,3,1,3,3,3,2,3,3,3,3,3,3,3,3,3,3,3,3,3,3,3,3,3,3,3,3,3,3,3,3,3,3,3,16,4,3,3,3,3,3,3,3,3,3,3,3,3,3,3,6,15,6,15,16,14,0,15,15,15,16,15,16,15,16,16,16,16,15,15,6,16,16,16,7,6,15,14,16,15,9,15,15,10,16,14,13,0,13,14,3,14,6,10,14,15,12,0,3,16,15,16,16,6,14,0,13,8,9,1,6,12,15,13,6,1,16,16,6,15,15,15,15,15,6,16,15,15,16,14,14,16,6,15,11,15,15,15,16,6,13,3,11,3,3,3,3,3,3,3,3,3,3,16,3,3,3,3,3,3,3,3,3,7,13,13,13,13,13,15,13,6,16,0,13,3,13,11,3,6,1,16,15,11,11,13,16,3,3,16,2,13,13,13,3,3,13,3,3,3,3,13,13,13,3,13,3,3,3,3,13,3,15,3,3,13,13,14,1,4,13,3,16,2,1,4,5,8,6,2,0,16,9,0,0,1,4,13,3,15,5,1,0,0,3,0,1,3,13,0,0,3,8,10,0,14,0,14,10,11,16,6,12,2,5,13,5,2,16,12,0,13,0,3,13,13,6,4,12,6,10,9,0,1,2,1,0,13,16,12,3,1,3,13,3,3,3,3,3,3,6,15,3,15,15,3,3,3,4,6,6,3,16,3,2,6,3,3,13,13,3,3,3,3,3,3,3,3,0,13,2,2,12,16,3,1,13,6,13,13,6,13,3,3,3,6,13,3,1,3,2,3,3,3,3,2,3,3,3,3,3,3,2,3,2,3,3,3,16,6,13,13,13,13,13,3,13,4,10,16,11,15,3,3,2,3,2,1,3,6,3,3,3,2,3,3,3,4,1,3,3,12,3,3
EPI_ISL_17424331,6,6,6,6,6,6,6,5,5,5,5,6,6,7,7,8,6,7,8,8,9,3,3,3,3,3,3,3,3,3,3,3,3,3,3,12,10,13,13,3,3,13,3,3,10,13,13,13,3,3,3,13,6,3,3,3,3,3,3,3,3,3,3,3,3,3,3,3,3,3,3,3,3,3,3,3,3,3,3,3,3,4,3,3,3,3,3,3,3,3,3,3,4,3,3,3,3,3,3,3,3,1,3,3,3,2,3,3,3,3,3,3,3,3,3,3,3,3,3,3,3,3,3,3,3,3,3,3,3,3,3,3,3,13,3,3,3,3,3,3,3,3,3,3,3,3,3,3,3,6,12,6,12,13,11,0,12,12,12,13,12,13,12,13,13,13,13,12,12,6,13,13,13,6,6,12,11,13,12,9,12,12,10,13,11,11,0,11,12,3,12,6,10,12,13,10,0,3,13,12,13,13,6,11,0,11,6,10,0,6,13,13,12,6,0,13,13,6,12,12,12,12,12,6,13,12,12,13,11,11,13,6,12,11,12,12,12,13,6,14,3,11,3,3,3,3,3,3,3,3,3,3,13,3,3,3,3,3,3,3,3,3,7,14,14,14,14,14,13,14,6,13,13,0,3,14,11,3,6,1,13,13,11,11,14,13,3,3,13,2,14,13,13,3,3,14,3,3,3,3,14,14,14,3,14,3,3,3,3,14,3,13,3,3,14,13,13,1,4,14,3,13,2,1,4,5,8,6,2,0,13,9,0,0,0,2,14,3,13,5,1,0,0,3,0,0,3,14,0,0,3,8,10,0,11,0,14,11,11,13,6,12,2,5,14,6,2,13,12,0,14,0,3,14,14,6,4,12,6,10,10,0,0,1,1,0,14,13,12,3,1,3,13,3,3,3,3,3,3,6,13,3,13,13,3,3,3,4,6,6,3,13,3,2,6,3,3,14,14,3,3,3,3,3,3,3,3,0,13,2,2,12,13,3,1,14,6,14,14,6,14,3,3,3,6,14,3,0,3,2,3,3,3,3,2,3,3,3,3,3,3,2,3,2,3,3,3,13,6,13,14,14,14,14,3,14,4,10,13,11,13,3,3,2,3,2,1,3,6,3,3,3,2,3,3,3,3,1,3,3,12,3,3
EPI_ISL_17424332,3,3,3,3,3,3,3,2,2,2,2,3,3,3,3,3,2,3,3,3,3,3,3,3,3,3,3,3,3,3,3,3,3,3,3,3,3,3,3,3,3,3,3,3,3,3,3,3,3,3,3,3,4,3,3,3,3,3,3,3,3,3,3,3,3,3,3,3,3,4,3,3,3,3,3,3,4,4,3,4,4,4,3,4,4,5,4,3,3,4,3,3,3,3,3,3,3,4,4,3,3,1,3,3,3,3,3,3,5,3,3,3,3,3,3,3,4,3,3,3,3,4,4,4,3,3,3,3,3,3,3,3,3,3,3,3,3,3,3,3,3,3,3,3,3,3,3,3,3,4,3,4,3,3,3,0,3,3,3,3,3,3,3,3,3,3,3,3,3,4,3,4,3,4,4,3,2,3,2,2,3,3,3,3,3,3,0,3,3,5,3,4,3,3,3,3,0,8,3,3,3,3,5,3,0,3,1,3,0,4,3,3,3,4,0,3,3,4,2,3,3,3,3,4,3,2,3,3,3,2,3,4,3,3,3,3,3,3,4,3,4,3,5,4,5,4,5,3,3,3,3,7,3,5,5,4,4,5,3,12,5,3,3,3,3,3,3,3,3,3,3,3,3,3,0,3,3,12,3,2,3,3,3,3,3,3,14,4,3,3,3,3,3,4,4,3,4,4,4,4,3,3,3,4,3,4,4,4,5,3,3,3,4,5,3,4,3,1,5,3,4,3,4,1,1,2,1,3,1,0,3,2,0,1,0,0,3,5,3,2,1,0,0,5,0,0,5,3,0,0,4,4,3,0,2,0,3,2,3,3,1,3,4,1,3,0,2,3,3,0,3,0,4,3,3,1,0,3,3,3,3,3,0,0,0,1,3,3,3,5,2,4,3,4,5,5,7,5,5,3,3,5,3,3,5,3,3,5,3,3,5,3,5,3,3,7,7,3,3,4,7,5,7,4,5,3,4,0,3,3,0,3,3,5,2,3,3,3,3,3,3,5,7,5,3,3,5,0,3,3,4,3,5,5,3,5,3,5,3,4,4,3,5,6,3,7,7,3,3,3,3,3,3,3,3,3,1,3,3,3,3,5,5,2,3,3,1,4,3,4,5,3,3,3,5,4,3,0,0,5,3,5,5
EPI_ISL_17424333,6,6,6,6,6,6,6,5,5,5,5,6,6,7,7,8,6,7,8,8,9,3,3,3,3,3,3,3,3,3,3,3,3,3,3,12,10,13,13,3,3,13,3,3,10,13,13,13,3,3,3,13,6,3,3,3,3,3,3,3,3,3,3,3,3,3,3,3,3,3,3,3,3,3,3,3,3,3,3,3,3,4,3,3,3,3,3,3,3,3,3,3,4,3,3,3,3,3,3,3,3,1,3,3,3,2,3,3,3,3,3,3,3,3,3,3,3,3,3,3,3,3,3,3,3,3,3,3,3,3,3,3,3,13,3,3,3,3,3,3,3,3,3,3,3,3,3,3,3,6,12,6,12,13,11,0,12,12,12,13,12,13,12,13,13,13,13,12,12,6,13,13,13,6,6,12,11,13,12,9,12,12,10,13,11,11,0,11,12,3,12,6,10,12,13,10,0,3,13,12,13,13,6,11,0,11,6,10,0,6,14,13,12,6,0,13,13,6,12,12,12,12,12,6,13,12,12,13,11,11,13,6,12,11,12,12,12,13,6,14,3,11,3,3,3,3,3,3,3,3,3,3,13,3,3,3,3,3,3,3,3,3,7,15,14,15,14,14,13,14,6,13,13,14,3,0,11,3,6,1,13,13,11,11,15,13,3,3,13,2,14,13,13,3,3,14,3,3,3,3,14,14,14,3,14,3,3,3,3,14,3,13,3,3,14,13,13,1,4,14,3,13,2,1,4,5,8,6,2,0,13,9,0,0,0,2,14,3,13,5,1,0,0,3,0,0,3,14,0,0,3,8,10,0,11,0,14,11,11,13,6,12,2,5,14,6,2,13,12,0,15,0,3,15,14,6,4,12,6,10,11,0,0,1,1,0,14,13,12,3,1,3,13,3,3,3,3,3,3,6,13,3,13,13,3,3,3,4,6,6,3,13,3,2,6,3,3,14,14,3,3,3,3,3,3,3,3,0,13,2,2,12,13,3,1,14,6,14,14,6,14,3,3,3,6,14,3,0,3,2,3,3,3,3,2,3,3,3,3,3,3,2,3,2,3,3,3,13,6,13,14,14,14,14,3,14,4,10,13,11,13,3,3,2,3,2,1,3,6,3,3,3,2,3,3,3,3,1,3,3,12,3,3
EPI_ISL_17424334,6,6,6,6,6,6,6,5,5,5,5,6,6,7,7,8,6,7,8,8,9,5,4,4,4,4,4,4,4,4,4,4,4,4,4,12,10,12,11,4,4,12,4,4,10,11,11,12,4,4,4,11,6,4,4,4,4,4,4,4,4,4,4,4,4,4,4,4,4,4,4,4,4,4,4,4,4,4,4,4,4,4,4,4,4,4,4,4,4,3,4,4,4,4,4,4,4,4,4,4,4,1,4,4,4,3,4,4,4,4,4,4,4,4,4,4,4,4,4,4,4,4,4,3,4,4,4,4,4,4,4,5,4,11,4,4,5,5,4,4,4,4,4,4,4,4,4,5,4,7,11,6,11,11,10,0,11,11,11,11,11,11,11,11,11,11,11,11,11,6,11,11,11,6,6,11,10,11,10,9,11,11,10,11,10,10,1,11,11,4,11,6,10,11,11,10,0,3,11,11,11,11,6,10,1,10,5,8,0,6,11,11,11,6,1,11,11,6,10,11,12,11,11,6,11,10,11,11,10,10,11,6,11,19,11,11,11,11,6,11,3,16,3,3,3,3,3,3,3,3,4,3,11,3,3,3,3,3,3,3,3,3,6,11,11,11,11,11,11,12,6,11,11,11,3,11,0,3,6,1,11,11,20,22,11,11,3,3,11,2,11,11,11,3,3,11,3,3,3,4,11,11,11,3,11,3,3,3,3,11,3,11,3,3,11,11,11,1,3,11,3,11,2,1,2,3,7,6,2,0,11,9,0,0,1,2,11,3,11,4,1,0,0,3,0,1,3,11,0,0,3,7,10,0,10,0,11,8,12,11,6,11,2,3,11,4,2,11,11,0,11,0,3,11,11,6,2,11,6,10,7,0,1,0,1,0,11,11,11,3,1,3,12,3,3,3,3,3,3,6,11,3,11,11,3,3,3,3,6,6,3,11,3,2,6,3,3,11,11,3,3,3,3,3,3,3,3,0,11,2,2,10,11,3,1,11,6,11,11,6,11,3,3,3,6,11,3,1,3,2,3,3,3,3,2,3,3,3,3,3,3,2,3,2,3,3,3,11,6,11,11,11,11,11,3,11,4,10,11,11,11,3,3,2,3,2,1,3,6,3,3,3,2,3,3,3,3,1,3,3,11,3,3
EPI_ISL_17424335,3,3,3,3,3,3,3,2,2,2,2,3,3,3,3,3,2,3,3,3,3,3,3,3,3,3,3,3,3,3,3,3,3,3,3,3,3,3,3,3,3,3,3,3,3,3,3,3,3,3,3,3,4,3,3,3,3,3,3,3,3,3,3,3,3,3,3,3,3,4,3,3,3,3,3,3,4,4,3,4,4,4,3,4,4,4,4,3,3,4,3,3,3,3,3,3,3,4,4,3,3,1,3,3,3,2,3,3,4,3,3,3,3,3,3,3,4,3,3,3,3,4,4,4,3,3,3,3,3,3,3,3,3,3,3,3,3,3,3,3,3,3,3,3,3,3,3,3,3,4,3,4,3,3,3,0,3,3,3,3,3,3,3,3,3,3,3,3,3,4,3,4,3,4,4,3,2,3,2,2,3,3,3,3,3,3,0,3,3,5,3,4,3,3,3,3,0,8,3,3,3,3,5,3,0,3,1,3,0,4,3,3,3,4,0,3,3,4,2,3,3,3,3,4,3,2,3,3,3,2,3,4,3,3,3,3,3,3,4,3,4,3,6,4,5,4,5,3,3,3,3,7,3,5,5,4,4,5,3,12,5,3,3,3,4,3,4,4,3,3,3,3,3,3,12,3,3,0,3,2,3,3,3,3,3,3,11,4,3,3,3,3,3,4,4,3,4,4,4,4,3,3,3,4,3,4,4,4,5,3,3,3,4,5,3,4,3,1,5,3,4,3,4,1,1,2,1,3,1,0,3,2,0,1,0,0,3,5,3,2,1,0,0,5,0,0,5,3,0,0,4,4,3,0,2,0,3,2,3,3,1,3,4,1,3,0,2,3,3,0,3,0,4,3,3,1,0,3,3,3,3,3,0,0,0,1,3,3,3,5,2,4,3,4,5,5,7,5,5,3,3,5,3,3,5,3,3,5,3,3,5,3,5,3,3,7,7,3,3,4,7,5,7,4,5,3,4,0,3,3,0,3,3,5,2,3,3,3,3,3,3,5,7,5,3,3,5,0,3,3,4,3,5,5,3,5,3,5,3,4,4,3,5,6,3,7,7,3,3,3,3,3,3,3,3,3,1,3,3,3,3,5,5,2,3,3,1,4,3,4,5,3,3,3,5,4,3,0,0,5,3,5,5
EPI_ISL_17424336,6,6,6,6,6,6,6,5,5,5,5,6,6,6,6,6,5,6,6,6,6,3,3,3,3,3,3,3,3,3,3,3,3,3,3,6,6,6,6,3,3,6,3,3,6,6,6,6,3,3,4,6,6,4,3,3,3,3,3,3,3,3,3,3,3,3,3,3,3,3,3,3,3,3,3,3,3,3,3,3,3,3,3,3,3,4,3,3,3,3,3,3,3,3,3,3,3,3,3,3,3,1,3,3,3,2,3,3,4,3,3,3,3,3,3,3,3,3,3,3,3,3,3,3,3,3,3,3,3,3,3,3,3,6,3,3,3,3,3,3,3,3,3,3,3,3,3,3,4,6,6,6,6,6,5,0,6,6,6,6,6,6,6,6,6,6,6,6,6,6,6,6,6,6,6,6,5,6,5,5,6,6,6,6,6,6,0,6,7,3,6,6,6,6,6,6,0,3,6,6,6,6,6,6,0,6,1,6,0,6,6,6,6,6,0,6,6,6,5,6,6,6,8,6,6,5,6,6,5,5,7,6,6,6,7,6,6,6,6,6,4,6,3,3,3,3,3,3,3,3,3,3,6,3,3,3,3,3,3,3,3,3,6,6,6,6,6,6,6,6,6,6,6,6,3,6,6,3,0,1,6,6,6,6,6,7,3,4,6,2,6,6,6,3,3,6,3,3,3,3,6,6,6,3,6,3,3,3,3,6,3,6,3,3,6,6,6,1,3,6,3,6,2,1,1,2,4,6,1,0,6,5,0,0,0,0,6,3,6,2,1,0,0,3,0,0,3,6,0,0,4,5,6,0,5,0,6,5,6,7,4,6,2,1,6,3,2,6,6,0,6,0,3,6,6,4,0,6,6,6,3,0,0,0,0,0,6,6,6,3,1,3,6,3,3,3,3,3,3,7,6,3,6,6,3,3,3,3,6,6,3,6,3,2,6,3,3,6,6,3,3,3,3,3,3,3,3,0,6,2,0,6,6,3,1,6,6,6,6,7,6,3,3,3,6,6,3,1,3,2,3,3,3,3,2,3,3,3,3,3,3,2,3,2,3,3,3,6,6,6,6,6,6,6,3,6,4,6,6,6,6,3,3,2,3,2,1,3,6,3,3,3,2,3,3,3,3,0,3,3,6,3,3
EPI_ISL_17424338,4,4,4,4,4,1,1,0,0,0,0,1,1,1,1,1,4,1,1,1,2,1,1,1,1,1,1,1,1,1,1,1,1,1,1,1,1,1,1,1,1,1,1,1,1,1,1,1,1,1,1,1,4,2,1,1,1,1,1,1,1,1,1,1,1,1,1,1,1,1,1,1,1,1,1,1,1,1,1,1,1,1,1,1,1,2,1,1,1,1,1,1,1,1,1,1,1,1,1,1,1,0,1,1,1,1,1,1,2,1,1,1,1,1,1,1,1,1,1,1,1,1,1,1,1,1,1,1,1,1,1,1,1,2,1,1,1,1,1,1,1,1,4,1,2,1,1,1,2,4,1,1,1,1,0,0,1,1,1,1,1,1,1,1,1,1,1,1,2,1,1,1,1,1,1,1,0,1,0,0,1,1,1,1,1,1,2,1,1,2,1,1,1,1,1,1,0,3,1,1,1,1,2,1,2,2,2,2,2,4,1,1,1,1,2,1,1,1,0,1,1,1,1,1,1,0,1,1,0,0,1,1,1,1,1,1,1,1,1,2,2,1,2,2,2,2,2,1,1,1,1,3,1,2,2,2,1,2,1,2,2,1,1,1,1,1,1,1,1,1,1,1,1,1,2,1,1,2,1,0,1,1,1,1,1,1,2,2,1,2,1,1,1,2,2,1,2,2,2,2,2,2,2,2,1,2,2,2,2,1,1,1,2,2,1,2,1,0,2,1,1,1,2,1,2,1,1,1,1,0,1,1,0,1,2,0,1,2,1,1,0,0,0,2,0,2,2,1,0,0,2,1,1,0,1,0,1,1,1,1,0,1,2,1,1,1,1,1,1,0,1,0,2,1,1,1,0,1,1,1,1,1,0,0,0,1,1,1,1,2,1,2,1,2,2,2,2,2,2,1,1,2,1,1,2,1,1,2,1,1,2,1,2,2,4,2,2,1,1,2,2,2,2,1,2,1,2,0,1,1,0,1,1,2,2,1,1,1,1,1,1,2,2,2,1,1,2,2,1,2,2,1,2,2,2,2,1,2,1,2,2,2,2,2,1,2,2,1,1,2,1,1,1,1,1,1,1,1,1,1,1,2,2,1,1,2,1,2,1,2,2,1,2,1,2,2,1,2,0,2,1,2,2
EPI_ISL_17424339,6,6,6,6,6,6,6,5,5,5,5,7,7,10,10,14,9,9,14,12,14,6,6,6,6,6,6,6,6,6,6,6,6,6,6,20,21,20,21,6,6,20,6,6,21,21,21,20,6,6,6,28,7,5,6,6,6,6,6,5,5,5,5,5,5,6,5,5,5,5,5,5,6,5,5,5,5,5,5,5,5,6,5,5,5,4,5,5,5,5,5,5,6,5,5,5,5,5,5,5,5,1,5,5,5,3,5,5,4,5,5,5,5,5,5,5,5,6,5,5,5,5,5,5,5,5,5,5,5,5,5,6,6,24,6,6,6,6,6,6,6,6,6,6,6,6,6,6,5,7,21,7,21,24,21,0,21,25,21,23,22,22,22,22,23,23,23,20,22,6,28,23,21,9,6,21,20,22,21,9,20,22,10,25,24,25,0,22,25,3,20,6,10,20,24,18,0,3,22,21,21,22,7,19,0,21,15,9,0,7,12,22,24,6,0,23,25,7,21,22,20,22,24,6,23,21,21,22,23,21,25,6,20,11,24,21,21,21,7,13,3,11,3,3,3,3,3,3,3,3,3,3,24,3,3,3,3,4,3,3,3,3,7,13,13,13,13,13,15,13,6,32,16,13,3,13,11,3,6,1,0,15,11,11,13,16,3,3,16,2,13,13,13,3,3,13,3,3,3,3,13,13,13,3,13,3,3,3,3,13,3,15,3,3,13,13,14,2,4,13,3,16,2,1,4,5,8,6,2,0,16,9,0,0,0,4,13,3,15,5,1,0,0,3,0,0,3,13,0,0,3,8,10,0,14,0,13,10,11,16,6,12,2,5,13,5,2,16,12,0,13,0,3,13,13,6,4,12,7,10,9,0,0,2,1,0,13,16,12,3,1,3,13,3,3,3,3,3,3,6,15,3,15,15,3,3,3,4,7,7,3,16,3,2,7,3,3,14,13,3,3,3,3,3,3,3,3,0,13,2,2,12,16,3,1,13,6,13,13,6,13,3,3,3,6,13,3,0,3,2,3,3,3,3,2,3,3,3,3,3,3,2,3,2,3,3,3,16,6,13,13,13,13,13,3,13,5,10,16,11,15,3,3,2,3,2,1,3,7,3,3,3,2,3,3,3,4,1,3,3,12,3,3
EPI_ISL_17424341,7,7,7,7,7,7,7,5,5,5,5,7,7,8,8,9,7,8,9,9,11,3,3,3,3,3,3,3,3,3,3,3,3,3,3,15,12,16,15,3,3,16,3,3,12,15,15,16,3,3,3,15,6,3,3,3,3,3,3,3,3,3,3,3,3,3,3,3,3,3,3,3,3,3,3,3,3,3,3,3,3,4,3,3,3,3,3,3,3,3,3,3,4,3,3,3,3,3,3,3,3,1,3,3,3,2,3,3,3,3,3,3,3,3,3,3,3,3,3,3,3,3,3,3,3,3,4,3,3,3,3,3,3,15,3,3,3,3,3,3,3,3,3,3,3,3,3,3,3,6,15,6,14,16,14,0,14,14,14,15,14,16,14,15,16,15,16,14,14,6,15,15,15,6,6,15,14,15,15,10,14,14,11,15,13,13,0,13,14,3,15,6,11,14,15,12,0,3,16,14,16,15,6,14,0,13,7,9,0,6,12,15,13,6,0,16,15,6,14,15,15,14,14,6,16,15,14,16,13,13,15,6,14,11,14,15,14,15,6,13,3,11,3,3,3,3,3,3,3,3,3,3,15,3,3,3,3,3,3,4,4,3,7,13,13,13,13,13,23,13,6,15,15,13,3,13,11,3,6,1,15,0,11,11,13,15,3,3,15,2,13,13,13,3,3,13,3,3,3,3,13,13,13,3,13,3,3,3,3,13,3,15,3,3,13,13,14,1,4,13,3,15,2,1,4,5,8,7,2,0,15,9,0,0,0,3,13,3,15,5,1,0,0,3,0,0,3,13,0,0,3,8,10,0,13,0,13,10,11,15,6,12,2,5,13,5,2,15,12,0,13,0,3,13,13,6,4,12,6,10,9,1,0,2,1,0,13,15,12,3,1,3,13,3,3,3,3,3,3,6,14,3,14,14,3,3,3,4,6,6,3,15,3,2,6,3,3,13,13,3,3,3,3,3,3,3,3,0,13,2,2,12,15,3,1,13,6,13,13,6,13,3,3,3,6,13,3,0,3,2,3,3,3,3,2,3,3,3,3,3,3,2,3,2,3,3,3,15,6,13,13,13,13,13,3,13,4,10,15,11,15,3,3,2,3,2,1,3,6,3,3,3,2,3,3,3,4,1,3,3,12,3,3
EPI_ISL_17424342,6,6,6,6,6,6,6,5,5,5,5,6,6,7,7,8,6,7,8,8,9,4,4,4,4,4,4,4,4,4,4,4,4,4,4,12,10,12,11,4,4,12,4,4,10,11,11,12,4,4,4,11,6,4,4,4,4,4,4,4,4,4,4,4,4,4,4,4,4,4,4,4,4,4,4,4,4,4,4,4,4,4,4,4,4,4,4,4,4,3,4,4,4,4,4,4,4,4,4,4,4,1,4,4,4,3,4,4,4,4,4,4,4,4,4,4,4,4,4,4,4,4,4,3,4,4,4,4,4,4,4,4,4,11,4,4,4,4,4,4,4,4,4,4,4,4,4,4,4,7,11,6,11,11,10,0,11,11,11,11,11,11,11,11,11,11,11,11,11,6,11,12,11,6,6,11,10,11,10,9,11,11,10,11,10,10,1,11,11,4,11,6,10,11,11,10,0,4,12,11,11,11,6,10,1,10,5,8,0,6,11,11,11,6,1,11,11,6,10,11,12,11,11,6,11,10,12,11,10,10,11,6,11,19,11,11,11,11,6,11,3,16,3,3,3,3,3,3,3,3,3,3,11,3,3,3,3,3,3,3,3,3,6,11,11,12,11,11,11,12,6,11,11,11,3,11,20,3,6,1,11,11,0,20,11,11,3,3,11,2,11,11,11,3,3,11,3,3,3,4,11,11,11,3,11,3,3,3,3,11,3,11,3,3,11,11,11,1,3,11,3,11,2,1,2,3,7,6,2,0,11,9,0,0,1,3,11,3,11,4,1,0,0,3,0,1,3,11,0,0,3,7,10,0,10,0,11,8,12,11,6,11,2,3,11,4,2,11,11,0,11,0,3,11,11,6,2,11,6,10,7,0,1,0,1,0,11,11,11,3,1,3,11,3,3,3,3,3,3,6,11,3,11,11,3,3,3,3,6,6,3,11,3,2,6,3,3,11,11,3,3,3,3,3,3,3,3,0,11,2,2,10,11,3,1,11,6,11,11,6,11,3,3,3,6,11,3,1,3,2,4,3,3,3,2,3,3,3,3,4,4,2,3,2,3,3,3,11,7,11,11,11,11,11,3,11,4,10,11,11,11,3,3,2,3,2,1,3,6,3,3,3,2,3,3,3,3,1,3,3,11,3,3
EPI_ISL_17424344,6,6,6,6,6,6,6,5,5,5,5,6,6,7,7,8,6,7,8,8,9,5,4,4,4,4,4,4,4,4,4,4,4,4,4,12,10,12,11,4,4,12,4,4,10,11,11,12,4,4,4,11,6,4,4,4,4,4,4,4,4,4,4,4,4,4,4,4,4,4,4,4,4,4,4,4,4,4,4,4,4,4,4,4,4,4,4,4,4,3,4,4,4,4,4,4,4,4,4,4,4,1,4,4,4,3,4,4,4,4,4,4,4,4,4,4,4,4,4,4,4,4,4,3,4,4,4,4,4,4,4,5,4,11,4,4,5,5,4,4,4,4,4,4,4,4,4,4,4,7,11,6,11,11,10,0,11,11,11,11,11,11,11,11,11,11,11,11,11,6,11,11,11,6,6,11,10,11,10,9,11,11,10,11,10,10,1,11,11,4,11,6,10,11,11,10,0,3,11,11,11,11,6,10,1,10,5,8,0,6,11,11,11,6,1,11,11,6,10,11,12,11,11,6,11,10,11,11,10,10,11,6,11,19,11,11,11,11,6,11,3,16,3,3,3,3,3,3,3,3,4,3,11,3,3,3,3,3,3,3,3,3,6,11,11,11,11,11,11,12,6,11,11,11,3,11,22,3,6,1,11,11,20,0,11,11,3,3,11,2,11,11,11,3,3,11,3,3,3,4,11,11,11,3,11,3,3,3,3,11,3,11,3,3,11,11,11,1,3,11,3,11,2,1,2,3,7,6,2,0,11,9,0,0,1,2,11,3,11,4,1,0,0,3,0,1,3,11,0,0,3,7,10,0,10,0,11,8,12,11,6,11,2,3,11,4,2,11,11,0,11,0,3,11,11,6,2,11,6,10,7,0,1,0,1,0,11,11,11,3,1,3,11,3,3,3,3,3,3,6,11,3,11,11,3,3,3,3,6,6,3,11,3,2,6,3,3,11,11,3,3,3,3,3,3,3,3,0,11,2,2,10,11,3,1,11,6,11,11,6,11,3,3,3,6,11,3,1,3,2,3,3,3,3,2,3,3,3,3,3,3,2,3,2,3,3,3,11,6,11,11,11,11,11,3,11,4,10,11,11,11,3,3,2,3,2,1,3,6,3,3,3,2,3,3,3,3,1,3,3,11,3,3
EPI_ISL_17424358,6,6,6,6,6,6,6,5,5,5,5,6,6,7,7,8,6,7,8,8,9,3,3,3,3,3,3,3,3,3,3,3,3,3,3,12,10,13,13,3,3,13,3,3,10,13,13,13,3,3,3,13,6,3,3,3,3,3,3,3,3,3,3,3,3,3,3,3,3,3,3,3,3,3,3,3,3,3,3,3,3,4,3,3,3,3,3,3,3,3,3,3,4,3,3,3,3,3,3,3,3,1,3,3,3,2,3,3,3,3,3,3,3,3,3,3,3,3,3,3,3,3,3,3,3,3,3,3,3,3,3,3,3,13,3,3,3,3,3,3,3,3,3,3,3,3,3,3,3,6,12,6,12,13,11,0,12,12,12,13,12,13,12,13,13,13,13,12,12,6,13,13,13,6,6,12,11,13,12,9,12,12,10,13,11,11,0,11,12,3,12,6,10,12,13,10,0,3,13,12,13,13,6,11,0,11,6,10,0,6,14,13,12,6,0,13,13,6,12,12,12,12,12,6,13,12,12,13,11,11,13,6,12,11,12,12,12,13,6,14,3,11,3,3,3,3,3,3,3,3,3,3,13,3,3,3,3,3,3,3,3,3,7,15,14,15,14,14,13,14,6,13,13,14,3,15,11,3,6,1,13,13,11,11,0,13,3,3,13,2,14,13,13,3,3,14,3,3,3,3,14,14,14,3,14,3,3,3,3,14,3,13,3,3,14,13,13,1,4,14,3,13,2,1,4,5,8,6,2,0,13,9,0,0,0,2,14,4,13,5,1,0,0,4,0,0,3,14,0,0,3,8,10,0,11,0,14,11,11,13,6,12,2,5,14,6,2,13,12,0,15,0,3,15,14,6,4,12,6,10,11,0,0,1,1,0,14,13,12,3,1,3,13,3,3,3,3,3,3,6,13,3,13,13,3,3,3,4,6,6,3,13,3,2,6,3,3,14,14,3,3,3,3,3,3,3,3,0,13,2,2,12,13,3,1,14,6,14,14,6,14,3,3,3,6,14,3,0,3,2,3,3,3,3,2,3,3,3,3,3,3,2,3,2,3,3,3,13,6,13,14,14,14,14,3,14,4,10,13,11,13,3,3,2,3,2,1,3,6,3,3,3,2,3,3,3,3,1,3,3,12,3,3
EPI_ISL_17424359,7,7,7,7,7,6,6,5,5,5,5,6,6,7,7,9,6,7,9,8,10,4,4,4,4,4,4,4,4,4,4,4,4,4,4,14,12,15,15,4,5,15,4,4,12,15,15,15,5,5,5,16,6,3,4,4,4,4,4,4,4,4,4,4,4,4,4,4,4,5,4,5,4,4,4,5,4,5,4,4,4,5,4,4,4,3,4,4,5,4,4,5,5,4,4,3,4,4,4,4,4,1,5,4,4,2,5,4,3,4,4,4,4,4,4,4,4,4,4,4,4,4,4,4,4,4,4,4,4,4,4,4,4,16,4,4,4,4,4,4,4,4,4,4,4,4,4,5,3,6,15,6,15,16,14,0,15,15,15,16,15,16,15,16,16,16,17,15,15,6,16,17,16,7,6,15,14,16,15,9,15,15,11,16,14,13,1,13,14,3,14,6,10,14,15,12,0,3,16,15,16,16,6,14,0,13,8,9,0,6,12,15,13,6,0,16,16,6,15,15,15,15,15,6,16,15,15,16,14,14,16,6,15,11,15,15,15,16,6,13,4,11,4,3,3,3,3,3,3,3,3,3,16,3,3,3,3,3,3,3,3,3,7,13,13,13,13,13,15,13,6,16,16,13,3,13,11,3,7,1,16,15,11,11,13,0,3,4,16,2,13,13,13,3,3,13,3,3,3,3,13,13,13,3,13,3,3,3,3,13,3,15,3,3,13,13,14,1,4,13,3,16,2,1,4,5,8,6,2,0,16,9,0,0,0,4,13,3,15,5,1,0,0,3,0,0,3,13,0,0,3,8,10,0,14,0,13,10,11,16,6,12,2,5,13,5,2,16,12,0,13,0,3,13,13,6,4,12,6,10,9,0,0,2,1,0,13,16,12,3,1,3,13,3,3,3,3,3,3,7,15,3,15,15,3,3,3,4,6,6,3,16,3,2,6,3,3,13,13,3,3,3,3,3,3,3,4,0,13,2,2,12,16,3,1,13,6,13,13,7,13,3,3,3,6,13,3,0,3,2,3,3,3,3,2,3,3,3,3,3,3,2,3,2,3,3,3,16,6,13,13,13,13,13,3,13,4,10,16,11,15,3,3,2,3,2,1,3,6,3,3,3,2,3,3,3,4,1,3,3,12,3,3
EPI_ISL_17424360,3,3,3,3,3,3,3,2,2,2,2,3,3,3,3,3,2,3,3,3,3,3,3,3,3,3,3,3,3,3,3,3,3,3,3,3,3,3,3,3,3,3,3,3,3,3,3,3,3,3,3,3,3,3,3,3,3,3,3,3,3,3,3,3,3,3,3,3,3,4,3,3,3,3,3,3,4,4,3,4,4,4,3,4,4,5,4,3,3,4,3,3,3,3,3,3,3,4,4,3,3,1,3,3,3,3,3,3,5,3,3,3,3,3,3,3,4,3,3,3,3,4,4,4,3,3,3,3,3,3,3,3,3,3,3,3,3,3,3,3,3,3,3,3,3,3,3,3,3,3,3,3,3,3,3,0,3,3,3,3,3,3,3,3,3,3,3,3,3,3,3,4,3,3,3,3,2,3,2,2,3,3,3,3,3,3,0,3,3,5,3,3,3,3,3,3,0,7,3,3,3,3,4,3,0,3,1,3,0,3,3,3,3,3,0,3,3,3,2,3,3,3,3,3,3,2,3,3,3,2,3,3,3,3,3,3,3,3,3,3,4,3,5,4,5,4,5,3,3,3,3,7,3,5,5,4,4,5,3,11,5,3,3,3,3,3,3,3,3,3,3,3,3,3,14,3,3,11,3,2,3,3,3,3,3,3,0,4,3,3,3,3,3,4,4,3,4,4,4,4,3,3,3,4,3,4,4,4,5,3,3,3,4,5,3,4,3,1,5,3,4,3,4,1,1,2,1,3,1,0,3,2,0,1,0,0,3,5,3,2,1,0,0,5,0,0,5,3,0,0,4,4,3,0,2,0,3,2,3,3,1,3,4,1,3,1,2,3,3,0,3,0,4,3,3,1,0,3,3,3,3,2,0,0,0,1,3,3,3,5,2,4,3,4,5,5,6,5,5,3,3,5,3,3,5,3,3,5,3,3,5,3,5,3,3,6,6,3,3,4,6,5,6,3,5,3,4,0,3,3,0,3,3,5,2,3,3,3,3,3,3,5,6,5,3,3,5,0,3,3,4,3,5,5,3,5,3,5,3,4,4,3,5,5,3,6,6,3,3,3,3,3,3,3,3,3,1,3,3,3,3,5,5,2,3,3,1,4,3,4,5,3,3,3,5,4,3,0,0,5,3,5,5
EPI_ISL_8189344,3,3,3,3,3,3,3,2,2,2,2,3,3,3,3,3,2,3,3,3,3,3,3,3,3,3,3,3,3,3,3,3,3,3,3,3,3,3,3,3,3,3,3,3,3,3,3,3,3,3,4,3,3,3,3,3,3,3,3,3,3,3,3,3,3,3,3,3,3,3,3,3,3,3,3,3,3,3,3,4,3,3,3,3,3,3,3,3,3,3,3,3,3,3,3,4,3,3,3,3,3,1,3,3,3,2,3,3,3,3,3,3,3,3,3,3,3,3,3,3,3,3,3,3,3,3,3,3,3,3,3,3,3,3,3,3,3,3,3,3,3,3,3,3,3,3,3,3,3,55,3,3,3,3,2,0,3,3,3,4,3,3,3,3,3,3,3,3,3,4,3,4,3,3,4,3,2,3,2,2,3,3,3,3,3,3,1,3,3,4,3,3,3,3,3,3,0,4,3,3,3,3,3,3,1,3,1,3,0,3,3,3,3,3,1,3,3,3,2,3,3,3,3,3,3,2,3,3,2,2,3,3,3,3,3,3,3,3,3,3,10,3,4,5,4,5,4,3,3,3,3,4,3,4,4,3,3,4,3,4,4,3,3,3,3,3,3,3,3,3,3,3,3,3,4,3,3,4,4,2,3,3,3,3,3,4,4,0,3,3,3,3,3,4,5,3,5,5,5,5,3,3,3,5,3,5,5,5,4,3,3,4,4,4,3,4,4,2,4,3,3,3,3,1,1,2,1,3,1,0,3,2,0,2,1,0,3,4,3,2,1,0,0,4,0,0,4,3,0,0,7,2,3,0,2,0,3,2,3,3,1,3,3,1,3,0,2,3,3,0,3,0,4,3,3,1,0,3,4,3,3,1,0,0,0,1,3,3,3,4,3,5,3,4,4,4,4,4,4,4,3,4,3,3,4,4,3,4,3,4,4,3,4,4,3,4,4,3,3,5,4,4,4,3,4,3,5,0,3,2,0,4,3,4,2,3,3,3,3,4,3,4,4,4,3,3,4,0,3,3,5,3,4,4,3,4,3,4,3,5,5,3,4,3,3,4,4,3,3,3,3,3,3,3,3,3,2,3,3,3,3,4,4,2,3,4,1,5,3,5,4,3,3,3,4,5,3,0,0,4,3,4,4
EPI_ISL_3274163,6,6,6,6,6,6,6,5,5,5,5,6,6,7,7,9,6,7,9,8,10,3,3,3,3,3,3,3,3,3,3,3,3,3,3,14,12,15,15,3,3,15,3,3,12,15,15,15,3,3,3,16,6,3,3,3,3,3,3,3,3,3,3,3,3,3,3,3,3,3,3,3,3,3,3,3,3,3,3,3,3,4,3,3,3,3,3,3,3,3,3,3,4,3,3,3,3,3,3,3,3,1,3,3,3,2,3,3,3,3,3,3,3,3,3,3,3,3,3,3,3,3,3,3,3,3,3,3,3,3,3,3,3,16,3,3,3,3,3,3,3,3,3,3,3,3,3,3,3,6,15,6,15,16,14,0,15,15,15,16,15,16,15,16,16,16,16,15,15,6,16,16,16,7,6,15,14,16,15,9,15,15,10,16,14,13,0,13,14,3,14,6,10,14,15,12,0,3,16,15,16,16,6,14,0,13,8,9,0,6,12,15,13,6,0,16,16,6,15,15,15,15,15,6,16,15,15,16,14,14,16,6,15,11,15,15,15,16,6,13,3,11,3,3,3,3,3,3,3,3,3,3,16,3,3,3,3,3,3,3,3,3,7,13,13,13,13,13,15,13,6,16,16,13,3,13,11,3,6,1,16,15,11,11,13,16,3,3,0,2,13,13,13,3,3,13,3,3,3,3,13,13,13,3,13,3,3,3,3,13,3,15,3,3,13,13,14,1,4,13,3,16,2,1,4,5,8,6,2,0,16,9,0,0,0,4,13,3,15,5,1,0,0,3,0,0,3,13,0,0,3,8,10,0,14,0,13,10,11,16,6,12,2,5,13,5,2,16,12,0,13,0,3,13,13,6,4,12,6,10,9,0,0,2,1,0,13,16,12,3,1,3,13,3,3,3,3,3,3,6,15,3,15,15,3,3,3,4,6,6,3,16,3,2,6,3,3,13,13,3,3,3,3,3,3,3,3,0,13,2,2,12,16,3,1,13,6,13,13,6,13,3,3,3,6,13,3,0,3,2,3,3,3,3,2,3,3,3,3,3,3,2,3,2,3,3,3,16,6,13,13,13,13,13,3,13,4,10,16,11,15,3,3,2,3,2,1,3,6,3,3,3,2,3,3,3,4,1,3,3,12,3,3
EPI_ISL_794634,2,2,2,2,2,2,2,1,1,1,1,2,2,2,2,2,1,2,2,2,2,2,2,2,2,2,2,2,2,2,2,2,2,2,2,2,2,2,2,2,2,2,2,2,2,2,2,2,2,2,2,2,2,2,2,2,2,2,2,2,2,2,2,2,2,2,2,2,2,2,2,2,2,2,2,2,2,2,2,2,2,2,2,2,2,2,2,2,2,2,2,2,2,2,2,2,2,2,2,2,2,0,2,2,2,1,2,2,2,2,2,2,2,2,2,2,2,2,2,2,2,2,2,2,2,2,2,3,2,2,2,2,2,2,2,2,2,2,2,2,2,2,2,2,2,2,2,2,2,2,2,2,2,2,1,0,2,2,2,2,2,2,2,2,2,2,2,2,2,2,2,2,2,2,2,2,1,2,1,1,2,2,2,2,2,2,0,2,2,3,2,2,2,2,2,2,0,3,2,2,2,2,2,2,0,2,1,2,0,2,2,2,2,2,0,2,2,2,1,2,2,2,2,2,2,1,2,2,1,1,2,2,2,2,2,2,2,2,2,2,3,2,3,3,3,3,3,2,2,2,2,3,2,3,3,2,2,3,2,3,3,2,2,2,2,2,2,2,2,2,2,2,2,2,3,2,2,3,2,2,2,2,2,2,2,2,3,3,2,0,2,2,2,3,3,2,3,3,3,3,2,2,2,3,2,3,3,3,3,2,2,2,4,3,2,3,2,1,3,2,2,2,3,1,1,2,1,2,1,0,2,2,0,1,0,0,2,3,2,2,0,0,0,3,0,0,3,2,0,0,3,1,2,0,2,0,2,1,2,2,1,2,2,1,2,0,2,2,2,0,2,0,3,2,2,1,0,2,2,2,2,1,0,0,0,1,2,2,2,3,2,3,2,3,3,3,3,3,3,2,2,3,2,2,3,2,2,3,2,2,3,2,3,2,2,3,3,2,2,3,3,3,3,2,3,2,3,0,2,1,0,2,2,3,2,2,2,2,2,2,2,3,3,3,2,2,3,0,2,3,3,2,3,3,3,3,2,3,2,3,3,3,3,3,2,3,3,2,2,2,2,2,2,2,2,2,1,2,2,2,2,3,3,2,2,2,1,3,2,3,3,2,3,2,3,3,2,0,0,3,2,3,3
EPI_ISL_1165079,7,7,7,7,7,7,7,6,6,6,6,7,7,8,8,9,7,8,9,9,10,3,3,3,3,3,3,3,3,3,3,3,3,3,3,12,10,13,13,3,3,13,3,3,10,13,13,13,3,3,3,13,6,3,3,3,3,3,3,3,3,3,3,3,3,3,3,3,3,3,3,3,3,3,3,3,3,3,3,3,3,4,3,3,4,3,3,3,3,3,3,3,4,3,3,3,3,3,3,3,3,1,3,3,3,2,3,3,3,3,3,3,3,3,3,3,3,3,3,3,3,3,3,3,3,3,3,3,3,3,3,3,3,13,3,3,3,3,3,3,3,3,3,3,3,3,3,3,3,6,12,6,12,13,11,0,12,12,12,13,12,13,12,13,13,13,13,12,12,6,13,13,13,6,6,12,11,13,12,9,12,12,10,13,11,11,0,11,12,3,12,6,10,12,13,10,0,3,13,12,13,13,6,11,0,11,6,10,0,6,13,13,12,6,0,13,13,6,12,12,12,12,12,6,13,12,12,13,11,11,13,6,12,11,12,12,12,13,6,14,3,11,3,3,3,3,3,3,3,3,3,3,13,3,3,3,3,3,3,3,3,3,7,14,14,14,14,14,13,14,6,13,13,14,3,14,11,3,6,1,13,13,11,11,14,13,3,3,13,2,0,13,39,3,3,14,3,3,3,3,14,14,14,3,14,3,3,3,3,14,3,13,3,3,14,13,13,1,4,14,3,13,2,1,4,5,8,6,2,0,13,9,0,0,0,2,14,3,13,5,1,0,0,3,0,0,3,23,0,0,3,8,10,0,11,0,14,11,11,13,6,12,2,5,14,6,2,13,12,0,14,0,51,14,14,6,4,12,6,10,10,0,0,2,1,0,14,13,12,3,1,3,13,3,3,3,3,3,3,6,13,3,13,13,3,3,3,4,6,6,3,13,3,2,6,3,3,14,14,3,3,3,3,3,3,3,3,0,13,2,2,12,13,3,1,14,6,14,14,6,14,3,3,3,6,14,3,0,3,2,3,3,3,3,2,3,3,3,3,3,3,2,3,2,3,3,3,13,6,13,14,14,14,14,3,14,4,10,13,11,13,3,3,2,3,2,1,3,6,3,3,3,2,3,3,28,3,1,3,3,12,3,3
EPI_ISL_1109484,6,6,6,6,6,6,6,5,5,5,5,6,6,7,7,8,6,7,8,8,9,3,3,3,3,3,3,3,3,3,3,3,3,3,3,12,10,13,13,3,3,13,3,3,10,13,13,13,3,3,3,13,6,4,3,3,3,3,3,3,3,3,3,3,3,3,3,3,3,3,3,3,3,3,3,3,3,3,3,3,3,4,3,3,3,4,3,3,3,3,3,3,4,3,3,3,3,3,3,3,3,1,3,3,3,3,3,3,4,3,3,3,3,3,3,3,3,3,3,3,3,3,3,3,3,3,3,3,3,3,3,3,3,13,3,3,3,3,4,4,3,3,3,3,3,3,3,3,4,6,12,6,12,13,11,0,12,12,12,13,12,13,12,13,13,13,13,12,12,6,13,13,13,6,6,12,11,13,12,9,12,12,10,13,11,11,0,11,12,3,12,6,10,12,13,10,0,3,13,12,13,13,6,11,0,11,6,9,0,6,12,13,12,6,0,13,13,6,12,12,12,12,12,6,13,12,12,13,11,11,13,6,12,11,12,12,12,13,6,13,3,11,3,3,3,3,3,3,3,3,3,3,13,3,3,3,4,3,3,3,3,3,7,13,13,13,13,13,13,13,6,13,13,13,3,13,11,3,6,1,13,13,11,11,13,13,3,3,13,2,13,0,13,3,3,13,3,3,3,3,13,13,13,3,13,3,3,3,3,13,3,13,3,3,13,13,13,1,4,13,3,13,2,1,4,5,7,6,2,0,13,9,0,0,0,2,13,3,13,5,1,0,0,3,0,0,3,13,0,0,3,8,10,0,11,0,13,10,11,13,6,12,2,5,13,5,2,13,12,0,13,0,3,13,13,6,4,12,6,10,9,0,0,1,1,0,13,13,12,3,1,3,13,3,3,3,3,3,3,6,13,3,13,13,3,3,3,4,6,6,3,13,3,2,6,3,3,13,13,3,3,3,3,3,3,3,3,0,13,2,2,12,13,3,1,13,6,13,13,6,13,3,3,3,6,13,3,0,3,2,3,3,3,3,2,3,3,3,3,3,3,2,3,2,3,3,3,13,6,13,13,13,13,13,3,13,4,10,13,11,13,3,3,2,3,2,1,3,6,3,3,3,2,3,3,3,3,1,3,3,12,3,3
EPI_ISL_1165080,6,6,6,6,6,6,6,5,5,5,5,6,6,7,7,8,6,7,8,8,9,3,3,3,3,3,3,3,3,3,3,3,3,3,3,12,10,13,13,3,3,13,3,3,10,13,13,13,3,3,3,13,6,3,3,3,3,3,3,3,3,3,3,3,3,3,3,3,3,3,3,3,3,3,3,3,3,3,3,3,3,4,3,3,3,4,3,3,3,3,3,3,4,3,3,3,3,3,3,3,3,1,3,3,3,3,3,3,4,3,3,3,3,3,3,3,3,3,3,3,3,3,3,3,3,3,3,3,3,3,3,3,3,13,3,3,3,3,3,3,3,3,3,3,3,3,3,3,3,6,12,6,12,13,11,0,12,12,12,13,12,13,12,13,13,13,13,12,12,6,13,13,13,6,6,12,11,13,12,9,12,12,10,13,11,11,0,11,12,3,12,6,10,12,13,10,0,3,13,12,13,13,6,11,0,11,6,9,0,6,12,13,12,6,0,13,13,6,12,12,12,12,12,6,13,12,12,13,12,11,13,6,12,11,12,12,12,13,6,13,3,11,3,3,3,3,3,3,3,3,3,3,13,3,3,3,3,3,3,3,3,3,7,13,13,13,13,13,13,13,6,13,13,13,3,13,11,3,6,1,13,13,11,11,13,13,3,3,13,2,39,13,0,3,3,13,3,3,3,3,13,13,13,3,13,3,3,3,3,13,3,13,3,3,13,13,13,1,4,13,3,13,2,1,4,5,7,6,2,0,13,9,0,0,0,2,13,3,13,5,1,0,0,3,0,0,3,13,0,0,3,8,10,0,11,0,13,10,11,13,6,12,2,5,13,5,2,13,12,0,13,0,29,13,13,6,4,12,6,10,9,0,0,1,1,0,13,13,12,3,1,3,13,3,3,3,3,3,3,6,13,3,13,13,3,3,3,4,6,6,3,13,3,2,6,3,3,13,13,3,3,3,3,3,3,3,3,0,13,2,2,12,13,3,1,13,6,13,13,6,13,3,3,3,6,13,3,0,3,2,3,3,3,3,2,3,3,3,3,3,3,2,3,2,3,3,3,13,6,13,13,13,13,13,3,13,4,10,13,11,13,3,3,2,3,2,1,3,6,3,3,3,2,3,3,19,3,1,3,3,12,3,3
EPI_ISL_1109485,3,3,3,3,3,3,3,2,2,2,2,3,3,3,3,3,2,3,3,4,3,4,4,4,4,4,4,4,4,4,4,4,4,4,4,3,3,3,3,4,4,3,4,4,3,3,3,3,4,4,5,3,3,4,5,4,4,4,4,5,5,5,5,5,5,5,5,5,5,5,5,5,5,5,5,5,5,5,5,5,4,5,5,5,5,5,5,5,5,5,5,5,5,5,5,4,5,5,5,4,5,2,5,5,5,4,5,5,5,4,5,5,5,5,5,5,5,4,4,5,4,5,4,5,5,5,5,5,4,5,4,4,4,3,4,4,4,4,4,4,4,4,4,4,4,4,4,4,4,3,3,3,3,3,3,0,3,3,3,3,3,3,3,3,3,3,3,3,4,3,3,4,3,3,3,4,2,3,2,2,3,3,3,3,3,3,0,3,3,4,3,3,3,3,3,3,0,4,3,3,3,4,4,3,0,3,1,3,0,3,3,3,3,3,0,3,3,3,2,4,3,5,3,3,3,2,3,3,2,3,3,4,3,3,3,3,3,3,3,3,4,3,4,4,4,4,4,3,3,3,3,4,3,4,4,3,3,4,3,4,4,3,3,3,3,3,3,3,3,3,3,3,3,3,4,3,3,4,3,2,3,3,3,3,3,3,4,4,3,3,3,3,3,0,4,4,4,4,4,4,3,3,3,4,3,4,4,4,4,3,3,3,4,4,3,4,3,1,4,3,3,3,3,1,1,2,1,3,1,0,3,2,0,1,0,0,3,4,3,2,1,0,0,4,0,0,4,3,0,0,4,2,3,0,2,0,4,2,3,3,1,3,3,1,3,0,2,3,3,0,3,0,4,3,3,2,0,3,3,3,4,1,0,0,0,1,3,3,3,5,2,4,3,4,4,4,4,4,4,3,3,4,3,3,4,3,3,4,3,3,4,3,4,3,3,4,4,3,3,4,4,4,4,3,4,3,4,0,3,2,0,3,3,4,2,3,3,3,3,3,3,4,4,5,3,3,4,0,3,3,4,3,4,4,3,4,3,4,3,4,4,3,4,3,3,4,4,3,3,3,3,4,3,3,3,4,1,3,3,3,3,4,4,2,3,3,1,4,3,4,4,3,3,3,4,4,3,0,0,4,3,4,4
EPI_ISL_2232352,3,3,3,3,3,3,3,2,2,2,2,3,3,3,3,3,2,3,3,3,3,3,3,3,3,3,3,3,3,3,3,3,3,3,3,3,3,3,3,3,3,3,3,3,3,3,3,3,3,3,3,3,3,3,3,3,3,3,3,3,3,3,3,3,3,3,3,3,3,3,3,3,3,3,3,3,3,3,3,3,3,3,3,3,3,3,3,3,3,3,3,3,3,3,3,3,3,3,3,3,3,1,3,3,3,2,3,3,3,3,3,3,3,3,3,3,3,3,3,3,3,3,3,3,3,3,3,3,3,3,3,3,3,3,3,3,3,3,3,3,4,3,3,3,3,3,3,3,3,3,3,3,3,3,2,0,3,3,3,3,3,3,3,4,3,3,3,3,3,3,3,3,3,3,3,3,2,3,2,2,3,3,3,3,3,3,0,3,3,5,3,3,3,3,3,3,0,4,3,3,3,3,3,3,0,3,1,3,0,3,3,3,3,3,0,3,3,3,2,3,3,3,3,3,3,2,3,3,2,2,3,3,3,3,3,3,3,3,3,3,5,3,4,5,4,5,4,3,3,3,3,4,3,4,4,3,3,4,3,4,4,3,3,3,3,3,3,3,3,3,3,3,3,3,4,3,3,4,3,2,3,3,3,3,3,3,4,5,3,3,3,3,3,4,0,3,13,14,14,16,3,6,6,10,3,11,10,11,4,3,3,3,4,4,3,7,3,1,4,3,3,3,3,1,1,2,1,4,1,0,3,2,0,2,0,0,3,4,3,2,1,0,0,4,0,0,4,3,0,0,5,2,3,0,2,0,3,2,3,3,1,3,3,1,3,0,2,3,3,0,3,0,4,3,3,1,0,3,3,3,3,1,0,0,0,1,3,3,6,4,3,5,3,4,4,4,4,4,4,3,3,4,3,3,4,5,3,4,3,3,7,3,4,4,3,4,4,3,3,10,4,4,7,6,4,3,5,0,3,2,0,3,3,4,2,3,3,4,3,3,3,4,4,4,3,3,4,0,3,3,5,3,4,4,3,4,3,4,3,5,5,3,4,3,3,4,7,3,3,3,3,3,3,3,3,3,1,3,3,3,3,4,4,2,3,4,1,5,3,5,4,3,3,3,4,5,3,0,0,4,3,4,4
EPI_ISL_2232306,6,6,6,6,6,6,6,5,5,5,5,6,6,7,7,8,6,7,8,8,9,3,3,3,3,3,3,3,3,3,3,3,3,3,3,12,10,13,13,3,3,13,3,3,10,13,13,13,3,3,4,13,6,3,3,3,3,3,3,3,3,3,3,3,3,3,3,3,3,3,3,3,3,3,3,3,3,3,3,3,3,4,3,3,3,3,3,3,3,3,3,3,4,3,3,3,3,3,3,3,3,1,3,3,3,2,3,3,3,3,3,3,3,3,3,3,3,3,3,3,3,3,3,3,3,3,3,3,3,3,3,3,3,13,3,3,3,3,3,3,3,3,3,3,3,3,3,3,3,6,12,6,12,13,11,0,12,12,12,13,12,14,12,13,13,13,13,13,12,6,13,13,13,6,6,12,11,13,12,9,12,12,10,13,11,11,0,11,12,3,12,6,10,12,13,10,0,3,13,12,13,13,6,11,0,11,6,10,0,7,13,13,12,6,0,13,13,6,12,12,12,12,12,6,13,12,12,13,11,11,13,6,12,11,12,12,12,13,6,14,3,11,3,3,3,3,3,3,3,3,3,3,13,3,3,3,3,3,3,3,3,3,7,14,14,14,14,14,13,14,6,13,13,14,3,14,11,3,6,1,13,13,11,11,14,13,3,3,13,2,14,13,13,4,3,0,3,3,3,3,14,14,14,3,14,3,3,3,3,14,3,13,3,3,14,13,13,1,4,14,3,13,2,1,4,5,8,6,2,0,13,9,0,0,0,2,14,3,13,5,1,0,0,3,0,0,3,14,0,0,3,8,10,0,11,0,14,11,11,13,6,12,2,5,14,6,2,13,12,0,14,0,3,14,14,6,4,12,6,10,10,0,0,1,1,0,14,13,12,3,1,3,13,3,3,3,3,3,3,6,13,3,13,13,3,3,3,4,6,6,3,13,3,2,6,3,3,14,27,3,3,3,3,3,3,3,3,0,13,2,2,12,13,3,1,14,6,14,14,6,14,3,3,3,6,14,3,0,3,2,3,3,3,3,2,3,3,3,3,3,3,2,3,2,3,3,3,13,6,13,14,14,14,14,3,14,4,10,13,11,13,3,3,2,3,2,1,3,6,4,3,3,2,3,4,3,3,1,3,3,12,3,3
EPI_ISL_2232354,3,3,3,3,3,3,3,2,2,2,2,3,3,3,3,3,2,3,3,3,3,3,3,3,3,3,3,3,3,3,3,3,3,3,3,3,3,3,3,3,3,3,3,3,3,3,3,3,3,3,3,3,3,3,3,3,3,3,3,3,3,3,3,3,3,3,3,3,3,3,3,3,3,3,3,3,3,3,3,3,3,3,3,3,3,3,3,3,3,3,3,3,3,3,3,3,3,3,3,3,3,1,3,3,3,2,3,3,3,3,3,3,3,3,3,3,3,3,3,3,3,3,3,3,3,3,3,3,3,3,3,3,3,3,3,3,3,3,3,3,4,3,3,3,3,3,3,3,3,3,3,3,3,3,2,0,3,3,3,3,3,3,3,4,3,3,3,3,3,3,3,3,3,3,3,3,2,3,2,2,3,3,3,3,3,3,0,3,3,5,3,3,3,3,3,3,0,4,3,3,3,3,3,3,0,3,1,3,0,3,3,3,3,3,0,3,3,3,2,3,3,3,3,3,3,2,3,3,2,2,3,3,3,3,3,3,3,3,3,3,5,3,4,5,4,5,4,3,3,3,3,4,3,4,4,3,3,4,3,4,4,3,3,3,3,3,3,3,3,3,3,3,3,3,4,3,3,4,3,2,3,3,3,3,3,3,4,5,3,3,3,3,3,4,13,3,0,11,13,13,3,3,3,10,3,10,10,11,4,3,3,3,4,4,3,4,3,1,4,3,3,3,3,1,1,2,1,4,1,0,3,2,0,2,0,0,3,4,3,2,1,0,0,4,0,0,4,3,0,0,5,2,3,0,2,0,3,2,3,3,1,3,3,1,3,0,2,3,3,0,3,0,4,3,3,1,0,3,3,3,3,1,0,0,0,1,3,3,3,4,3,5,3,4,4,4,4,4,4,3,3,4,3,3,4,4,3,4,3,3,4,3,4,4,3,4,4,3,3,10,4,4,4,3,4,3,5,0,3,2,0,3,3,4,2,3,3,3,3,3,3,4,4,4,3,3,4,0,3,3,5,3,4,4,3,4,3,4,3,5,5,3,4,3,3,4,4,3,3,3,3,3,3,3,3,3,1,3,3,3,3,4,4,2,3,4,1,5,3,5,4,3,3,3,4,5,3,0,0,4,3,4,4
EPI_ISL_2232353,3,3,3,3,3,3,3,2,2,2,2,3,3,3,3,3,2,3,3,3,3,3,3,3,3,3,3,3,3,3,3,3,3,3,3,3,3,3,3,3,3,3,3,3,3,3,3,3,3,3,3,3,3,3,3,3,3,3,3,3,3,3,3,3,3,3,3,3,3,3,3,3,3,3,3,3,3,3,3,3,3,3,3,3,3,3,3,3,3,3,3,3,3,3,3,3,3,3,3,3,3,1,3,3,3,2,3,3,3,3,3,3,3,3,3,3,3,3,3,3,3,3,3,3,3,3,3,3,3,3,3,3,3,3,3,3,3,3,3,3,4,3,3,3,3,3,3,3,3,3,3,3,3,3,2,0,3,3,3,3,3,3,3,4,3,3,3,3,3,3,3,3,3,3,3,3,2,3,2,2,3,3,3,3,3,3,0,3,3,5,3,3,3,3,3,3,0,4,3,3,3,3,3,3,0,3,1,3,0,3,3,3,3,3,0,3,3,3,2,3,3,3,3,3,3,2,3,3,2,2,3,3,3,3,3,3,3,3,3,3,5,3,4,5,4,5,4,3,3,3,3,4,3,4,4,3,3,4,3,4,4,3,3,3,3,3,3,3,3,3,3,3,3,3,4,3,3,4,3,2,3,3,3,3,3,3,4,5,3,3,3,3,3,4,14,3,11,0,12,14,3,6,6,10,3,11,10,11,4,3,3,3,4,4,3,7,3,1,4,3,3,3,3,1,1,2,1,3,1,0,3,2,0,2,0,0,3,4,3,2,1,0,0,4,0,0,4,3,0,0,5,2,3,0,2,0,3,2,3,3,1,3,3,1,3,0,2,3,3,0,3,0,4,3,3,1,0,3,3,3,3,1,0,0,0,1,3,3,6,4,3,5,3,4,4,4,4,4,4,3,3,4,3,3,4,5,3,4,3,3,7,3,4,4,3,4,4,3,3,10,4,4,7,6,4,3,5,0,3,2,0,3,3,4,2,3,3,4,3,3,3,4,4,4,3,3,4,0,3,3,5,3,4,4,3,4,3,4,3,5,5,3,4,3,3,4,7,3,3,3,3,3,3,3,3,3,1,3,3,3,3,4,4,2,3,4,1,5,3,5,4,3,3,3,4,5,3,0,0,4,3,4,4
EPI_ISL_2232355,3,3,3,3,3,3,3,2,2,2,2,3,3,3,3,3,2,3,3,3,3,3,3,3,3,3,3,3,3,3,3,3,3,3,3,3,3,3,3,3,3,3,3,3,3,3,3,3,3,3,3,3,3,3,3,3,3,3,3,3,3,3,3,3,3,3,3,3,3,3,3,3,3,3,3,3,3,3,3,3,3,3,3,3,3,3,3,3,3,3,3,3,3,3,3,3,3,3,3,3,3,1,3,3,3,2,3,3,3,3,3,3,3,3,3,3,3,3,3,3,3,3,3,3,3,3,3,3,3,3,3,3,3,3,3,3,3,3,3,3,4,3,3,3,3,3,3,3,3,3,3,3,3,3,2,0,3,3,3,3,3,3,3,4,3,3,3,3,3,3,3,3,3,3,3,3,2,3,2,2,3,3,3,3,3,3,0,3,3,5,3,3,3,3,3,3,0,4,3,3,3,3,3,3,0,3,1,3,0,3,3,3,3,3,0,3,3,3,2,3,3,3,3,3,3,2,3,3,2,2,3,3,3,3,3,3,3,3,3,3,5,3,4,5,4,5,4,3,3,3,3,4,3,4,4,3,3,4,3,4,4,3,3,3,3,3,3,3,3,3,3,3,3,3,4,3,3,4,3,2,3,3,3,3,3,3,4,5,3,3,3,3,3,4,14,3,13,12,0,14,3,4,4,10,3,10,10,11,4,3,3,3,4,4,3,5,3,1,4,3,3,3,3,1,1,2,1,4,1,0,3,2,0,2,0,0,3,4,3,2,1,0,0,4,0,0,4,3,0,0,5,2,3,0,2,0,3,2,3,3,1,3,3,1,3,0,2,3,3,0,3,0,4,3,3,1,0,3,3,3,3,1,0,0,0,1,3,3,4,4,3,5,3,4,4,4,4,4,4,3,3,4,3,3,4,5,3,4,3,3,5,3,4,4,3,4,4,3,3,10,4,4,5,4,4,3,5,0,3,2,0,3,3,4,2,3,3,3,3,3,3,4,4,4,3,3,4,0,3,3,5,3,4,4,3,4,3,4,3,5,5,3,4,3,3,4,5,3,3,3,3,3,3,3,3,3,1,3,3,3,3,4,4,2,3,4,1,5,3,5,4,3,3,3,4,5,3,0,0,4,3,4,4
EPI_ISL_2232269,3,3,3,3,3,3,3,2,2,2,2,3,3,3,3,3,2,3,3,3,3,3,3,3,3,3,3,3,3,3,3,3,3,3,3,3,3,3,3,3,3,3,3,3,3,3,3,3,3,3,3,3,3,3,3,3,3,3,3,3,3,3,3,3,3,3,3,3,3,3,3,3,3,3,3,3,3,3,3,3,3,3,3,3,3,3,3,3,3,3,3,3,3,3,3,3,3,3,3,3,3,1,3,3,3,2,3,3,3,3,3,3,3,3,3,3,3,3,3,3,3,3,3,3,3,3,3,3,3,3,3,3,3,3,3,3,3,3,3,3,4,3,3,3,3,3,3,3,3,3,3,3,3,3,2,0,3,3,3,3,3,3,3,4,3,3,3,3,3,3,3,3,3,3,3,3,2,3,2,2,3,3,3,3,3,3,0,3,3,5,3,3,3,3,3,3,0,4,3,3,3,3,3,3,0,3,1,3,0,3,3,3,3,3,0,3,3,3,2,3,3,3,3,3,3,2,3,3,2,2,3,3,3,4,3,3,3,3,3,3,5,4,4,5,4,5,4,3,3,3,3,4,3,4,4,3,3,4,3,4,4,3,3,3,3,3,3,3,3,3,3,3,3,3,4,3,4,4,3,2,3,3,4,4,3,3,4,5,3,3,3,3,3,4,16,3,13,14,14,0,3,6,6,10,3,11,10,11,4,7,3,3,4,4,3,7,3,1,4,3,3,3,3,1,1,2,1,4,1,0,3,2,0,2,0,0,7,4,3,2,1,0,0,4,0,0,4,3,0,0,5,2,3,0,2,0,3,2,3,3,1,3,3,1,3,0,2,3,3,0,3,0,4,3,3,1,0,3,3,3,3,1,0,0,0,1,3,3,6,4,3,5,3,8,5,8,4,4,4,3,3,5,7,7,6,5,5,4,3,3,7,3,4,4,3,4,4,5,3,12,4,4,9,6,4,3,5,0,3,2,0,3,3,4,2,3,3,4,3,3,3,4,4,4,3,3,4,0,3,3,5,3,4,4,3,4,3,4,3,5,5,3,4,3,3,4,7,3,3,3,5,3,3,3,3,3,1,3,3,3,3,4,4,2,3,4,1,5,3,5,4,3,3,3,4,5,3,0,0,4,3,4,4
EPI_ISL_2232331,6,6,6,6,6,6,6,5,5,5,5,6,6,7,7,8,6,7,8,8,9,3,3,3,3,3,3,3,3,3,3,3,3,3,3,12,10,13,13,3,3,13,3,3,10,13,13,13,3,3,3,13,6,3,3,3,3,3,3,3,3,3,3,3,3,3,3,3,3,3,3,3,3,3,3,3,3,3,3,3,3,4,3,3,3,4,3,3,3,3,3,3,4,3,3,3,3,3,3,3,3,1,3,3,3,3,3,3,4,3,3,3,3,3,3,3,3,3,3,3,3,3,3,3,3,3,3,3,3,3,3,3,3,13,3,3,3,3,3,3,3,3,3,3,3,3,3,3,3,6,12,6,12,13,11,0,12,12,12,13,12,13,12,13,13,13,13,12,12,6,13,13,13,6,6,12,11,13,12,9,12,12,10,13,11,11,0,11,12,4,12,6,10,12,13,10,0,3,13,12,13,13,6,11,0,11,6,10,0,6,13,13,12,6,0,13,13,6,12,12,12,12,12,6,13,12,12,13,11,11,13,6,12,11,12,12,12,13,6,19,3,11,3,3,3,3,3,3,3,3,3,3,13,3,3,3,3,3,3,3,3,3,7,14,14,14,14,14,13,14,6,13,13,14,3,14,11,3,6,2,13,13,11,11,14,13,3,3,13,2,14,13,13,3,3,14,3,3,3,3,0,19,19,3,14,3,3,3,3,14,3,13,3,3,14,13,13,1,4,14,3,13,2,1,4,5,8,6,2,0,13,9,0,0,0,2,14,3,13,5,1,0,0,3,0,0,3,14,0,0,3,8,10,0,11,0,14,12,11,13,6,12,2,5,14,6,2,13,12,0,14,0,3,14,14,6,4,12,6,10,10,0,0,1,1,0,14,13,12,3,1,3,13,3,3,3,3,3,3,6,13,3,13,13,3,3,3,4,6,6,3,13,3,2,6,3,3,14,14,3,3,3,3,3,3,3,3,0,13,2,2,12,13,3,1,14,6,14,14,6,14,3,3,3,6,14,3,0,3,2,3,3,3,3,2,3,3,3,3,3,3,2,3,2,3,3,3,13,6,13,14,14,14,14,3,14,4,10,13,11,13,3,3,2,3,2,1,3,6,3,3,3,2,3,3,3,3,1,3,3,12,3,3
EPI_ISL_2232330,6,6,6,6,6,6,6,5,5,5,5,6,6,7,7,8,6,7,8,8,9,3,3,3,3,3,3,3,3,3,3,3,3,3,3,12,10,13,13,3,3,13,3,3,10,13,13,13,3,3,3,13,6,3,3,3,3,3,3,3,3,3,3,3,3,3,3,3,3,3,3,3,3,3,3,3,3,3,3,3,3,4,3,3,3,4,3,3,3,3,3,3,4,3,3,3,3,3,3,3,3,1,3,3,3,3,3,3,4,3,3,3,3,3,3,3,3,3,3,3,3,3,3,3,3,3,3,3,3,3,3,3,3,13,3,3,3,3,3,3,3,3,3,3,3,3,3,3,3,6,12,6,12,13,11,0,12,12,12,13,12,13,12,13,13,13,13,12,12,6,13,13,13,6,6,12,11,13,12,9,12,12,10,13,11,11,0,11,12,4,12,6,10,12,13,10,0,3,13,12,13,13,6,11,0,11,6,10,0,6,13,13,12,6,0,13,13,6,12,12,12,12,12,6,13,12,12,13,11,11,13,6,12,11,12,12,12,13,6,19,3,11,3,3,3,3,3,3,3,3,3,3,13,3,3,3,3,3,3,3,3,3,7,14,14,14,14,14,13,14,6,13,13,14,3,14,11,3,6,2,13,13,11,11,14,13,3,3,13,2,14,13,13,3,6,14,3,6,4,6,19,0,22,3,14,4,3,3,3,14,3,13,3,3,14,16,13,1,4,14,3,13,2,1,4,5,8,6,2,0,13,9,0,0,0,2,14,3,13,5,1,0,0,3,0,0,3,14,0,0,3,8,10,0,11,0,14,12,11,13,6,12,2,5,14,6,2,13,12,0,14,0,3,14,14,6,4,12,6,10,10,0,0,1,1,0,14,13,15,3,1,3,13,3,3,3,3,3,3,6,13,3,13,13,3,4,3,4,6,6,6,13,3,2,6,3,3,14,14,3,3,3,6,6,3,3,3,0,13,2,2,12,13,3,1,14,6,15,14,6,14,3,3,3,6,14,3,0,3,2,3,3,3,3,2,3,3,3,3,3,3,2,3,2,3,3,6,13,6,13,14,14,14,14,3,14,4,10,13,11,13,3,3,2,3,2,1,3,6,3,3,3,2,3,3,3,3,1,3,3,12,3,3
EPI_ISL_2232332,6,6,6,6,6,6,6,5,5,5,5,6,6,7,7,8,6,7,8,8,9,3,3,3,3,3,3,3,3,3,3,3,3,3,3,12,10,13,13,3,3,13,3,3,10,13,13,13,3,3,3,13,6,3,3,3,3,3,3,3,3,3,3,3,3,3,3,3,3,3,3,3,3,3,3,3,3,3,3,3,3,4,3,3,3,4,3,3,3,3,3,3,4,3,3,3,3,3,3,3,3,1,3,3,3,3,3,3,4,3,3,3,3,3,3,3,3,3,3,3,3,3,3,3,3,3,3,3,3,3,3,3,3,13,3,3,3,3,3,3,3,3,3,3,3,3,3,3,3,6,12,6,12,13,11,0,12,12,12,13,12,13,12,13,13,13,13,12,12,6,13,13,13,6,6,12,11,13,12,9,12,12,10,13,11,11,0,11,12,4,12,6,10,12,13,10,0,3,13,12,13,13,6,11,0,11,6,10,0,6,13,13,12,6,0,13,13,6,12,12,12,12,12,6,13,12,12,13,11,11,13,6,12,11,12,12,12,13,6,19,3,11,3,3,3,3,3,3,3,3,3,3,13,3,3,3,3,3,3,3,3,3,7,14,14,14,14,14,13,14,6,13,13,14,3,14,11,3,6,2,13,13,11,11,14,13,3,3,13,2,14,13,13,3,6,14,3,6,4,6,19,22,0,3,14,4,3,3,3,14,3,13,3,3,14,16,13,1,4,14,3,13,2,1,4,5,8,6,2,0,13,9,0,0,0,2,14,3,13,5,1,0,0,3,0,0,3,14,0,0,3,8,10,0,11,0,14,12,11,13,6,12,2,5,14,6,2,13,12,0,14,0,3,14,14,6,4,12,6,10,10,0,0,1,1,0,14,13,15,3,1,3,13,3,3,3,3,3,3,6,13,3,13,13,3,4,3,4,6,6,6,13,3,2,6,3,3,14,14,3,3,3,6,6,3,3,3,0,13,2,2,12,13,3,1,14,6,15,14,6,14,3,3,3,6,14,3,0,3,2,3,3,3,3,2,3,3,3,3,3,3,2,3,2,3,3,6,13,6,13,14,14,14,14,3,14,4,10,13,11,13,3,3,2,3,2,1,3,6,3,3,3,2,3,3,3,3,1,3,3,12,3,3
EPI_ISL_2232351,3,3,3,3,3,3,3,2,2,2,2,3,3,3,3,3,2,3,3,3,3,3,3,3,3,3,3,3,3,3,3,3,3,3,3,3,3,3,3,3,3,3,3,3,3,3,3,3,3,3,3,3,3,3,3,3,3,3,3,3,3,3,3,3,3,3,3,3,3,3,3,3,3,3,3,3,3,3,3,3,3,3,3,3,3,3,3,3,3,3,3,3,3,3,3,3,3,3,3,3,3,1,3,3,3,2,3,3,3,3,3,3,3,3,3,3,3,3,3,3,3,3,3,3,3,3,3,3,3,3,3,3,3,3,3,3,3,3,3,3,3,3,3,3,3,3,3,3,3,3,3,3,3,3,2,0,3,3,3,3,3,3,3,3,3,3,3,3,3,3,3,3,3,3,3,3,2,3,2,2,3,3,3,3,3,3,0,3,3,4,3,3,3,3,3,3,0,4,3,3,3,3,3,3,0,3,1,3,0,3,3,3,3,3,0,3,3,3,2,3,3,3,3,3,3,2,3,3,2,2,3,3,3,3,3,3,3,3,3,3,5,3,4,5,4,5,4,3,3,3,3,4,3,4,4,3,3,4,3,4,4,3,3,3,3,3,3,3,3,3,3,3,3,3,4,3,3,4,3,2,3,3,3,3,3,3,4,5,3,3,3,3,3,4,10,3,10,10,10,10,3,3,3,0,3,10,10,10,4,3,3,3,4,4,3,4,3,1,4,3,3,3,3,1,1,2,1,3,1,0,3,2,0,2,0,0,3,4,3,2,1,0,0,4,0,0,4,3,0,0,5,2,3,0,2,0,3,2,3,3,1,3,3,1,3,0,2,3,3,0,3,0,4,3,3,1,0,3,3,3,3,1,0,0,0,1,3,3,3,4,3,5,3,4,4,4,4,4,4,3,3,4,3,3,4,4,3,4,3,3,4,3,4,4,3,4,4,3,3,10,4,4,4,3,4,3,5,0,3,2,0,3,3,4,2,3,3,3,3,3,3,4,4,4,3,3,4,0,3,3,5,3,4,4,3,4,3,4,3,5,5,3,4,3,3,4,4,3,3,3,3,3,3,3,3,3,1,3,3,3,3,4,4,2,3,4,1,5,3,5,4,3,3,3,4,5,3,0,0,4,3,4,4
EPI_ISL_2232305,6,6,6,6,6,6,6,5,5,5,5,7,6,7,7,8,6,7,8,8,9,3,3,3,3,3,3,3,3,3,3,3,3,3,3,12,10,13,13,3,3,13,3,3,10,13,13,13,3,3,3,13,6,3,3,3,4,3,3,3,3,3,3,3,3,3,3,3,3,3,3,3,3,3,3,3,3,3,3,3,3,4,3,3,3,3,3,3,3,3,3,3,4,3,3,3,3,3,3,3,4,1,3,3,3,2,3,3,3,3,3,3,3,3,4,3,3,3,4,3,3,3,3,3,3,3,3,4,3,3,4,3,3,13,3,3,3,3,3,3,3,3,3,3,3,3,4,4,3,6,12,6,12,13,11,0,12,12,12,13,12,13,12,13,13,13,13,12,12,6,13,13,13,6,6,12,11,13,12,10,12,12,10,13,11,11,0,11,12,3,12,6,10,12,13,10,0,3,13,12,13,13,6,11,0,11,6,10,0,6,13,13,12,6,0,13,13,6,12,12,12,12,12,6,13,12,12,13,13,11,13,6,12,11,12,12,12,13,6,14,3,11,3,3,3,3,3,3,3,3,3,3,13,3,3,3,3,3,3,3,3,3,7,14,14,14,14,14,13,14,6,13,13,14,3,14,11,3,6,1,13,13,11,11,14,13,3,3,13,2,14,13,13,3,3,14,3,3,3,3,14,14,14,3,0,3,3,3,3,20,3,13,3,3,20,13,13,1,4,14,3,13,2,1,4,5,8,6,2,0,13,9,0,0,0,2,14,3,13,5,1,0,0,3,0,0,3,14,0,0,3,8,10,0,11,0,14,11,11,13,6,12,2,5,14,6,2,13,12,0,14,0,3,14,14,6,4,12,6,10,10,0,0,1,1,0,14,13,12,3,1,3,13,3,3,3,3,3,3,6,13,3,13,13,3,3,3,4,6,6,3,13,3,2,6,3,3,14,14,3,3,3,3,3,3,3,3,0,13,2,2,12,13,3,1,14,6,14,14,6,14,3,3,3,6,14,3,0,3,2,3,3,3,3,2,3,3,3,3,3,3,2,3,2,3,3,3,13,6,13,14,14,14,14,3,14,4,10,13,11,13,3,3,2,3,2,1,3,6,3,3,3,2,3,4,3,3,1,3,4,12,3,3
EPI_ISL_2232304,3,3,3,3,3,3,3,2,2,2,2,3,3,3,3,3,2,3,3,3,3,3,3,3,3,3,3,3,3,3,3,3,3,3,3,3,3,3,3,3,3,3,3,3,3,3,3,3,3,3,3,3,3,3,3,3,3,3,3,3,3,3,3,3,3,3,3,3,3,3,3,3,3,3,3,3,3,3,3,3,3,3,3,3,3,3,3,3,3,3,3,3,3,3,3,3,3,3,3,3,3,1,3,3,3,2,3,3,3,3,3,3,3,3,3,3,3,3,3,3,3,3,3,3,3,3,3,3,3,3,3,3,3,3,3,3,3,3,3,3,3,3,3,3,3,3,3,3,3,3,3,3,3,3,2,0,3,3,3,3,3,3,3,3,3,3,3,3,3,3,3,3,3,3,3,3,2,3,2,2,3,3,3,3,3,3,0,3,3,4,3,3,3,3,3,3,0,4,3,3,3,3,3,3,0,3,1,3,0,3,3,3,3,3,0,3,3,3,2,3,3,3,3,3,3,2,3,3,2,2,3,3,3,3,3,3,3,3,3,3,5,3,4,5,4,5,4,3,3,3,3,4,3,4,4,3,3,4,3,4,4,3,3,3,3,3,3,3,3,3,3,3,3,3,4,3,3,4,3,2,3,3,3,3,3,3,4,5,3,3,3,3,3,4,11,3,10,11,10,11,3,4,4,10,3,0,10,10,4,3,3,3,4,4,3,5,3,1,4,3,3,3,3,1,1,2,1,3,1,0,3,2,0,2,0,0,3,4,3,2,1,0,0,4,0,0,4,3,0,0,5,2,3,0,2,0,3,2,3,3,1,3,3,1,3,0,2,3,3,0,3,0,4,3,3,1,0,3,3,3,3,1,0,0,0,1,3,3,4,4,3,5,3,4,4,4,4,4,4,3,3,4,3,3,4,4,3,4,3,3,5,3,4,4,3,4,4,3,3,10,4,4,5,4,4,3,5,0,3,2,0,3,3,4,2,3,3,4,3,3,3,4,4,4,3,3,4,0,3,3,5,3,4,4,3,4,3,4,3,5,5,3,4,3,3,4,5,3,3,3,3,3,3,3,3,3,1,3,3,3,3,4,4,2,3,4,1,5,3,5,4,3,3,3,4,5,3,0,0,4,3,4,4
EPI_ISL_2232361,3,3,3,3,3,3,3,2,2,2,2,3,3,3,3,3,2,3,3,3,3,3,3,3,3,3,3,3,3,3,3,3,3,3,3,3,3,3,3,3,3,3,3,3,3,3,3,3,3,3,3,3,3,3,3,3,3,3,3,3,3,3,3,3,3,3,3,3,3,3,3,3,3,3,3,3,3,3,3,3,3,3,3,3,3,3,3,3,3,3,3,3,3,3,3,3,3,3,3,3,3,1,3,3,3,2,3,3,3,3,3,3,3,3,3,3,3,3,3,3,3,3,3,3,3,3,3,3,3,3,3,3,3,3,3,3,3,3,3,3,3,3,3,3,3,3,3,3,3,3,3,3,3,3,2,0,3,3,3,3,3,3,3,3,3,3,3,3,3,3,3,3,3,3,3,3,2,3,2,2,3,3,3,3,3,3,0,3,3,4,3,3,3,3,3,3,0,4,3,3,3,3,3,3,0,3,1,3,0,3,3,3,3,3,0,3,3,3,2,3,3,3,3,3,3,2,3,3,2,2,3,3,3,3,3,3,3,3,3,3,5,3,4,5,4,5,4,3,3,3,3,4,3,4,4,3,3,4,3,4,4,3,3,3,3,3,3,3,3,3,3,3,3,3,4,3,3,4,3,2,3,3,3,3,3,3,4,5,3,3,3,3,3,4,10,3,10,10,10,10,3,3,3,10,3,10,0,10,4,3,3,3,4,4,3,4,3,1,4,3,3,3,3,1,1,2,1,3,1,0,3,2,0,2,0,0,3,4,3,2,1,0,0,4,0,0,4,3,0,0,5,2,3,0,2,0,3,2,3,3,1,3,3,1,3,0,2,3,3,0,3,0,4,3,3,1,0,3,3,3,3,1,0,0,0,1,3,3,3,4,3,5,3,4,4,4,4,4,4,3,3,4,3,3,4,4,3,4,3,3,4,3,4,4,3,4,4,3,3,10,4,4,4,3,4,3,5,0,3,2,0,3,3,4,2,3,3,3,3,3,3,4,4,4,3,3,4,0,3,3,5,3,4,4,3,4,3,4,3,5,5,3,4,3,3,4,4,3,3,3,3,3,3,3,3,3,1,3,3,3,3,4,4,2,3,4,1,5,3,5,4,3,3,3,4,5,3,0,0,4,3,4,4
EPI_ISL_2232360,3,3,3,3,3,3,3,2,2,2,2,3,3,3,3,3,2,3,3,3,3,3,3,3,3,3,3,3,3,3,3,3,3,3,3,3,3,3,3,3,3,3,3,3,3,3,3,3,3,3,3,3,3,3,3,3,3,3,3,3,3,3,3,3,3,3,3,3,3,3,3,3,3,3,3,3,3,3,3,3,3,3,3,3,3,3,3,3,3,3,3,3,3,3,3,3,3,3,3,3,3,1,3,3,3,2,3,3,3,3,3,3,3,3,3,3,3,3,3,3,3,3,3,3,3,3,3,3,3,3,3,3,3,3,3,3,3,3,3,3,4,3,3,3,3,3,3,3,3,3,3,3,3,3,2,0,3,3,3,3,3,3,3,4,3,3,3,3,3,3,3,3,3,3,3,3,2,3,2,2,3,3,3,3,3,3,0,3,3,5,3,3,3,3,3,3,0,4,3,3,3,3,3,3,0,3,1,3,0,3,3,3,3,3,0,3,3,3,2,3,3,3,3,3,3,2,3,3,2,2,3,3,3,3,3,3,3,3,3,3,5,3,4,5,4,5,4,3,3,3,3,4,3,4,4,3,3,4,3,4,4,3,3,3,3,3,3,3,3,3,3,3,3,3,4,3,3,4,3,2,3,3,3,3,3,3,4,5,3,3,3,3,3,4,11,3,11,11,11,11,3,3,3,10,3,10,10,0,4,3,3,3,4,4,3,4,3,1,4,3,3,3,3,1,1,2,1,3,1,0,3,2,0,2,0,0,3,4,3,2,1,0,0,4,0,0,4,3,0,0,5,2,3,0,2,0,3,2,3,3,1,3,3,1,3,0,2,3,3,0,3,0,4,3,3,1,0,3,3,3,3,1,0,0,0,1,3,3,3,4,3,5,3,4,4,4,4,4,4,3,3,4,3,3,4,4,3,4,3,3,4,3,4,4,3,4,4,3,3,10,4,4,4,3,4,3,5,0,3,2,0,3,3,4,2,3,3,3,3,3,3,4,4,4,3,3,4,0,3,3,5,3,4,4,3,4,3,4,3,5,5,3,4,3,3,4,4,3,3,3,3,3,3,3,3,3,1,3,3,3,3,4,4,2,3,4,1,5,3,5,4,3,3,3,4,5,3,0,0,4,3,4,4
EPI_ISL_2232307,3,3,3,3,3,3,3,2,2,2,2,3,3,3,3,3,2,3,3,3,3,3,3,3,3,3,3,3,3,3,3,3,3,3,3,3,3,3,3,3,3,3,3,3,3,3,3,3,3,3,3,3,3,3,3,3,3,3,3,3,3,3,3,3,3,3,3,3,3,4,3,3,3,3,3,3,4,4,3,4,4,4,3,4,4,4,4,3,3,4,3,3,3,3,3,3,3,4,4,3,3,1,3,3,3,2,3,3,4,3,3,3,3,3,3,3,4,3,3,3,3,4,4,4,3,3,3,3,3,3,3,3,3,3,3,3,3,3,3,3,3,3,3,3,3,3,3,3,3,3,3,3,3,3,3,0,3,3,3,3,3,3,3,3,3,3,3,3,3,3,3,4,3,3,3,3,2,3,2,2,3,3,3,3,3,3,0,3,3,6,3,3,3,3,3,3,0,5,3,3,3,3,4,3,0,3,1,3,0,3,3,3,3,3,0,3,3,3,2,3,3,3,3,3,3,2,3,3,2,2,3,3,3,3,3,3,3,3,3,3,4,3,6,4,6,4,6,3,3,3,3,5,3,6,6,3,4,5,3,5,6,3,3,3,3,3,3,3,3,3,3,3,3,3,5,3,3,5,3,2,3,3,3,3,3,3,5,4,3,3,3,3,3,4,4,3,4,4,4,4,3,3,3,4,3,4,4,4,0,3,3,3,4,5,3,4,3,1,6,3,5,3,5,2,1,2,1,3,1,0,3,2,0,1,0,0,3,6,3,2,1,0,0,6,0,0,5,3,0,0,4,3,3,0,2,0,3,2,3,3,1,3,5,1,3,0,2,3,3,0,3,0,4,3,3,1,0,3,3,3,3,1,0,0,0,1,3,3,3,5,2,4,3,4,6,6,5,6,6,3,3,6,3,3,6,3,3,6,3,3,6,3,7,3,3,5,5,3,3,4,5,5,5,3,5,3,4,0,3,5,0,3,3,6,2,3,3,3,3,3,3,6,5,5,3,3,5,0,3,3,4,3,5,5,3,5,3,5,3,4,4,3,5,4,3,5,5,3,3,3,3,3,3,3,3,3,1,3,3,3,3,5,5,3,3,3,1,4,3,4,5,3,3,3,5,4,3,0,0,5,3,5,5
EPI_ISL_2232275,6,6,6,6,6,6,6,5,5,5,5,7,6,7,7,8,6,7,8,8,9,3,3,3,3,3,3,3,3,3,3,3,3,3,3,12,10,13,13,3,3,13,3,3,10,13,13,13,3,3,3,13,6,3,3,3,4,3,3,3,3,3,3,3,3,3,3,3,3,3,3,3,3,3,3,3,3,3,3,3,3,4,3,3,3,3,3,3,3,3,3,3,4,3,3,3,3,3,3,3,4,1,3,3,3,2,3,3,3,3,3,3,3,3,4,3,3,3,4,3,3,3,3,3,3,3,3,4,3,3,4,3,3,13,3,3,3,3,3,3,3,3,3,3,3,3,4,4,3,6,12,6,12,13,11,0,12,12,12,13,12,13,12,13,13,13,13,12,12,6,14,13,13,6,6,12,11,13,12,10,12,13,10,13,11,11,0,11,12,3,12,6,10,12,13,10,0,3,13,12,13,13,6,11,0,11,6,10,0,6,13,13,12,6,0,13,13,6,12,12,12,12,12,6,13,12,12,13,13,11,13,6,12,11,12,12,12,13,6,14,3,11,3,3,3,3,3,3,3,3,3,3,13,3,3,3,3,3,3,3,3,3,7,14,14,14,14,14,13,14,6,13,13,14,3,14,11,3,6,1,13,13,11,11,14,13,3,3,13,2,14,13,13,3,3,14,3,3,3,7,14,14,14,3,20,3,3,3,3,0,3,14,3,3,20,13,14,1,4,14,3,13,2,1,4,5,8,6,2,0,13,9,0,0,0,2,18,3,13,5,1,0,0,3,0,0,3,14,0,0,3,8,10,0,11,0,14,11,11,13,6,12,2,5,14,6,2,13,12,0,14,0,3,14,14,6,4,12,6,10,10,0,0,1,1,0,14,13,12,3,1,3,13,8,4,8,3,3,3,6,13,4,19,18,5,3,5,4,6,6,3,13,3,2,6,3,3,16,14,6,3,3,5,4,3,3,3,0,13,2,2,12,13,3,1,14,6,14,14,6,14,3,3,3,6,14,3,0,3,2,3,3,3,3,2,3,3,3,3,3,3,2,3,2,3,3,3,13,6,13,17,14,14,14,3,14,4,10,13,11,13,3,3,2,3,2,1,3,6,3,3,3,2,3,4,3,3,1,3,4,12,3,3
EPI_ISL_2232357,4,4,4,4,4,3,4,2,2,2,2,3,3,3,3,3,2,3,3,4,4,3,3,3,3,3,3,3,3,3,3,3,3,3,3,3,3,3,3,3,3,3,3,3,3,3,3,3,3,3,3,3,3,3,3,3,3,3,3,3,3,3,3,3,3,3,3,3,3,3,3,3,3,3,3,3,3,3,3,3,3,3,3,3,3,3,3,3,3,3,3,3,4,3,3,3,3,3,3,3,3,1,3,3,3,2,3,3,3,3,3,3,3,3,3,3,3,3,3,3,3,3,3,3,3,3,3,3,3,3,3,3,3,3,3,3,3,3,3,3,3,3,3,3,3,3,3,3,3,3,3,3,3,3,2,0,3,3,3,3,3,3,3,3,3,3,3,3,3,4,3,3,3,3,3,3,2,3,2,2,3,3,3,3,3,3,0,3,3,3,3,3,3,3,3,3,0,3,3,3,3,3,3,3,0,3,1,3,0,3,3,3,3,3,0,3,3,3,2,3,3,3,3,3,3,2,3,3,2,2,3,3,3,3,3,3,3,3,3,3,3,3,3,3,3,3,3,3,3,3,3,3,3,3,3,3,3,3,3,3,3,3,3,3,3,3,3,3,3,3,3,3,3,3,3,3,3,3,3,1,3,3,3,3,3,3,3,3,3,2,3,3,3,3,3,3,3,3,3,3,3,3,3,3,3,3,3,3,3,3,0,3,3,3,3,3,3,1,3,3,3,3,2,1,1,2,1,3,1,0,3,2,0,0,0,0,3,3,3,2,2,0,0,3,0,0,3,3,0,0,3,2,3,0,2,0,3,2,3,3,1,3,2,1,3,0,2,3,3,0,3,0,3,3,3,1,0,3,3,3,3,0,0,0,0,0,3,3,3,3,1,3,3,3,3,3,3,3,3,3,3,3,3,3,3,3,11,3,3,3,3,3,3,2,3,3,3,3,3,3,3,3,3,6,3,3,3,0,3,2,0,3,3,3,1,3,3,3,3,3,3,3,3,3,3,3,3,0,3,2,3,3,3,3,2,3,3,3,3,3,3,2,3,2,3,3,3,3,3,3,3,3,3,3,3,3,1,3,3,3,3,3,3,2,3,2,1,3,3,3,3,4,2,3,3,3,4,0,0,3,3,3,3
EPI_ISL_2232333,6,6,6,6,6,6,6,5,5,5,5,6,6,7,7,9,6,7,9,8,10,3,3,3,3,3,3,3,3,3,3,3,3,3,3,14,12,15,15,3,3,15,3,3,12,15,15,15,3,3,3,15,6,3,3,3,3,3,3,3,3,3,3,3,3,3,3,3,3,3,3,3,3,3,3,3,3,3,3,3,3,4,3,3,3,3,3,3,3,3,3,3,4,3,3,3,3,3,3,3,3,1,3,3,3,2,3,3,3,3,3,3,3,3,3,3,3,3,3,3,3,3,3,3,3,3,3,3,3,3,3,3,3,15,3,3,3,3,3,3,3,3,3,3,3,3,3,3,3,6,14,6,14,15,13,0,14,14,14,15,14,15,14,15,15,15,15,14,14,6,15,15,15,6,6,14,14,15,14,9,14,14,10,15,13,13,0,13,14,3,14,6,10,14,15,12,0,3,15,14,15,15,6,13,0,13,7,9,0,6,12,15,13,6,0,15,15,6,14,14,14,14,14,6,15,14,14,15,13,13,15,6,14,11,14,14,14,15,6,13,3,11,3,3,3,3,3,3,3,3,3,3,15,3,3,3,3,3,3,3,3,3,7,13,13,13,13,13,15,13,6,15,15,13,3,13,11,3,6,1,15,15,11,11,13,15,3,4,15,2,13,13,13,3,3,13,3,3,3,3,13,13,13,3,13,3,3,3,3,14,3,0,3,3,13,13,20,1,4,13,3,15,2,1,4,5,8,6,2,0,15,9,0,0,0,3,13,3,15,5,1,0,0,3,0,0,3,13,0,0,3,8,10,0,13,0,13,10,11,15,6,12,2,5,13,5,2,15,12,0,13,0,3,13,13,6,4,12,6,10,9,0,0,2,1,0,13,15,12,3,1,3,13,3,3,3,3,3,3,6,14,3,14,15,3,3,3,4,6,6,3,15,3,2,6,3,3,13,13,4,3,3,3,4,3,3,3,0,13,2,2,12,15,3,1,13,6,13,13,6,13,3,3,3,6,13,3,0,3,2,3,3,3,3,2,3,3,3,3,3,3,2,3,2,3,3,3,15,6,13,14,13,13,13,3,13,4,10,15,11,15,3,3,2,3,2,1,3,6,3,3,3,2,3,3,3,4,1,3,3,12,3,3
EPI_ISL_812857,3,3,3,3,3,3,3,2,2,2,2,3,3,3,3,3,2,3,3,3,3,3,3,3,3,3,3,3,3,3,3,3,3,3,3,3,3,3,3,3,3,3,3,3,3,3,3,3,3,3,3,3,3,3,3,3,3,3,3,3,3,3,3,3,3,3,3,3,3,3,3,3,3,3,3,3,3,3,3,3,3,3,3,3,3,3,3,3,3,3,3,3,3,3,3,3,3,3,3,3,3,1,3,3,3,2,3,3,3,3,3,3,3,3,3,3,3,4,3,3,3,3,3,3,3,3,3,3,3,3,3,3,3,3,3,3,3,3,3,3,3,3,3,3,3,3,3,3,3,3,3,3,3,3,2,0,3,3,3,3,3,3,3,3,3,3,3,3,3,3,3,3,3,3,3,3,2,3,2,2,3,3,3,3,3,3,0,3,3,4,3,3,3,3,3,3,0,4,3,3,3,3,3,3,0,3,1,3,0,3,3,3,3,3,0,3,3,3,2,3,3,3,3,3,3,2,3,3,2,3,3,3,3,3,3,4,3,3,3,3,4,3,4,4,4,4,4,3,3,3,4,4,3,4,4,3,3,4,3,4,4,3,4,3,3,3,3,3,3,3,4,3,3,3,4,3,3,4,3,2,3,3,3,3,3,3,4,4,3,4,3,3,3,4,4,3,4,4,4,4,3,3,3,4,3,4,4,4,4,3,3,3,0,4,3,4,3,1,4,3,3,3,3,1,1,2,1,3,1,0,3,2,0,1,0,0,3,4,3,2,1,0,0,4,0,0,4,3,0,0,4,2,3,1,2,0,3,2,3,4,1,4,3,1,3,0,2,3,4,0,3,0,4,3,3,1,0,4,3,4,3,1,0,0,0,1,3,4,4,4,2,4,3,4,4,4,4,4,4,3,3,4,3,3,4,3,3,4,3,3,4,3,4,3,3,4,4,3,3,4,4,4,4,3,4,3,4,0,3,2,0,3,3,4,2,3,3,3,3,3,3,5,4,5,3,3,4,0,3,3,4,3,4,4,3,4,3,4,3,4,4,3,4,3,3,4,4,3,3,3,3,3,3,3,3,3,1,3,3,3,4,4,4,2,3,3,1,4,3,4,4,3,3,3,4,4,3,0,0,4,4,4,4
EPI_ISL_528386,3,3,3,3,3,3,3,2,2,2,2,3,3,3,3,3,2,3,3,3,3,3,3,3,3,3,3,3,3,3,3,3,3,3,3,3,3,3,3,3,3,3,3,3,3,3,3,3,3,3,3,3,3,3,3,3,3,3,3,3,3,3,3,3,3,3,3,3,3,4,3,3,3,3,3,3,4,4,3,4,4,4,3,4,4,4,4,3,3,4,3,3,3,3,3,3,3,4,4,3,3,1,3,3,3,2,3,3,4,3,3,3,3,3,3,3,4,3,3,3,3,4,4,4,3,3,3,3,3,3,3,3,3,3,3,3,3,3,3,3,3,3,3,3,3,3,3,3,3,3,3,3,3,3,3,0,3,3,3,3,3,3,3,3,3,3,3,3,3,3,3,4,3,3,3,3,2,3,2,2,3,3,3,3,3,3,0,3,3,5,3,3,3,3,3,3,0,5,3,3,3,3,4,3,0,3,1,3,0,3,3,3,3,3,0,3,3,3,2,3,3,3,3,3,3,2,3,3,2,2,3,3,3,3,3,3,3,3,3,3,4,3,5,4,5,4,5,3,3,3,3,5,3,5,5,3,4,5,3,5,5,3,3,3,3,3,3,3,3,3,3,3,3,3,5,3,3,5,3,2,3,3,3,3,3,3,5,4,3,3,3,3,3,4,4,3,4,4,4,4,3,3,3,4,3,4,4,4,5,3,3,3,4,0,3,4,3,1,5,3,4,3,4,1,1,2,1,3,1,0,3,2,0,1,0,0,3,5,3,2,1,0,0,5,0,0,5,3,0,0,4,3,3,0,2,0,3,2,3,3,1,3,4,1,3,0,2,3,3,0,3,0,4,3,3,1,0,3,3,3,3,1,0,0,0,1,3,3,3,5,2,4,3,4,5,5,5,5,5,3,3,5,3,3,5,3,3,5,3,3,5,3,5,3,3,5,5,3,3,4,5,5,5,3,5,3,4,0,3,3,0,3,3,5,2,3,3,3,3,3,3,5,5,5,3,3,5,0,3,3,4,3,5,5,3,5,3,5,3,4,4,3,5,4,3,5,5,3,3,3,3,3,3,3,3,3,1,3,3,3,3,5,5,2,3,3,1,4,3,4,5,3,3,3,5,4,3,0,0,5,3,5,5
EPI_ISL_2232310,6,6,6,6,6,6,6,5,5,5,5,7,6,7,7,8,6,7,8,8,9,3,3,3,3,3,3,3,3,3,3,3,3,3,3,12,10,13,13,3,3,13,3,3,10,13,13,13,3,3,3,13,6,3,3,3,4,3,3,3,3,3,3,3,3,3,3,3,3,3,3,3,3,3,3,3,3,3,3,3,3,4,3,3,3,3,3,3,3,3,3,3,4,3,3,3,3,3,3,3,4,1,3,3,3,2,3,3,3,3,3,3,3,3,4,3,3,3,4,3,3,3,3,3,3,3,3,4,3,3,4,3,3,13,3,3,3,3,3,3,3,3,3,3,3,3,4,4,3,6,12,6,12,13,11,0,12,12,12,13,12,13,12,13,13,13,13,12,12,6,13,13,13,6,6,12,11,13,12,10,12,12,10,13,11,11,0,11,12,3,12,6,10,12,13,10,0,3,13,12,13,13,6,11,0,11,6,10,0,6,13,13,12,6,0,13,13,6,12,12,12,12,12,6,13,12,12,13,13,11,13,6,12,11,12,12,12,13,6,14,3,11,3,3,3,3,3,3,3,3,3,3,13,3,3,3,3,3,3,3,3,3,7,14,14,14,14,14,13,14,6,13,13,14,3,14,11,3,6,1,13,13,11,11,14,13,3,3,13,2,14,13,13,3,3,14,3,3,3,3,14,14,14,3,20,3,3,3,3,20,3,13,3,3,0,13,13,1,4,14,3,13,2,1,4,5,8,6,2,0,13,9,0,0,0,2,14,3,13,5,1,0,0,3,0,0,3,14,0,0,3,8,10,0,11,0,14,11,11,13,6,12,2,5,14,6,2,13,12,0,14,0,3,14,14,6,4,12,6,10,10,0,0,1,1,0,14,13,12,3,1,3,13,3,3,3,3,3,3,6,13,3,13,13,3,3,3,4,6,6,3,13,3,2,6,3,3,14,14,3,3,3,3,3,3,3,3,0,13,2,2,12,13,3,1,14,6,14,14,6,14,3,3,3,6,14,3,0,3,2,3,3,3,3,2,3,3,3,3,3,3,2,3,2,3,3,3,13,6,13,14,14,14,14,3,14,4,10,13,11,13,3,3,2,3,2,1,3,6,3,3,3,2,3,4,3,3,1,3,4,12,3,3
EPI_ISL_2232367,6,6,6,6,6,6,6,5,5,5,5,6,6,7,7,8,6,7,8,8,9,3,3,3,3,3,3,3,3,3,3,3,3,3,3,12,10,13,13,3,3,13,3,3,10,13,13,13,3,3,3,13,6,3,3,3,3,3,3,3,3,3,3,3,3,3,3,3,3,3,3,3,3,3,3,3,3,3,3,3,3,4,3,3,3,3,3,3,3,3,3,3,4,3,3,3,3,3,3,3,3,1,3,3,3,2,3,3,3,3,3,3,3,3,3,3,3,3,3,3,3,3,3,3,3,3,3,3,3,3,3,3,3,13,3,3,3,3,3,3,3,3,3,3,3,3,3,3,3,6,12,6,12,13,11,0,12,12,12,13,12,13,12,13,13,13,13,12,12,6,13,13,13,6,6,12,11,13,12,9,12,12,10,13,11,11,0,11,12,4,12,6,10,12,13,10,0,4,13,12,13,13,6,11,0,11,6,9,0,6,12,13,12,6,0,13,13,6,12,12,12,12,12,6,13,12,12,13,11,11,13,6,12,11,12,12,12,13,6,13,4,11,4,4,4,4,4,3,3,3,3,4,13,4,4,3,3,4,3,4,4,3,7,13,13,13,13,13,13,13,6,13,13,13,4,13,11,4,6,2,13,13,11,11,13,13,4,4,13,3,13,13,13,4,7,13,4,7,5,7,13,16,16,4,13,5,4,4,4,13,3,13,4,4,13,0,13,1,5,13,3,13,3,1,4,5,7,6,2,0,13,9,0,1,0,2,13,4,13,5,1,0,0,4,0,0,4,13,0,0,4,8,10,0,11,0,13,10,11,13,6,12,3,5,13,5,2,13,12,0,13,0,4,13,13,6,4,12,6,10,9,1,0,1,1,1,13,13,15,4,2,4,13,4,4,4,4,4,4,6,13,4,13,13,4,4,3,5,6,6,7,13,4,3,6,4,4,13,13,4,4,4,7,6,4,3,4,0,13,2,2,12,13,4,2,13,6,14,13,6,13,4,4,4,6,13,4,0,3,3,4,3,4,4,3,4,3,4,3,4,4,3,4,3,3,4,7,13,6,13,13,13,13,13,3,13,4,10,13,11,13,4,4,2,3,3,1,4,6,4,4,3,3,3,4,4,3,1,3,4,12,4,4
EPI_ISL_2232368,6,6,6,6,6,6,6,5,5,5,5,6,6,7,7,8,6,7,8,8,9,3,3,3,3,3,3,3,3,3,3,3,3,3,3,13,11,14,14,3,3,14,3,3,11,14,14,14,3,3,3,14,6,3,3,3,3,3,3,3,3,3,3,3,3,3,3,3,3,3,3,3,3,3,3,3,3,3,3,3,3,4,3,3,3,3,3,3,3,3,3,3,4,3,3,3,3,3,3,3,3,1,3,3,3,2,3,3,3,3,3,3,3,3,3,3,3,3,3,3,3,3,3,3,3,3,3,3,3,3,3,3,3,14,3,3,3,3,3,3,3,3,3,3,3,3,3,3,3,6,13,6,13,14,12,0,13,13,13,14,13,14,13,14,14,14,14,13,13,6,14,14,14,6,6,13,13,14,13,9,13,13,10,14,12,12,0,12,13,3,13,6,10,13,14,11,0,3,14,13,14,14,6,12,0,12,6,9,0,6,12,14,13,6,0,14,14,6,13,13,13,13,13,6,14,13,13,14,12,12,14,6,13,11,13,13,13,14,6,13,3,11,3,3,3,3,3,3,3,3,3,3,14,3,3,3,3,3,3,3,3,3,7,13,13,13,13,13,14,13,6,14,14,13,3,13,11,3,6,1,14,14,11,11,13,14,3,4,14,2,13,13,13,3,3,13,3,3,3,3,13,13,13,3,13,3,3,3,3,14,3,20,3,3,13,13,0,1,4,13,3,14,2,1,4,5,7,6,2,0,14,9,0,0,0,3,13,3,14,5,1,0,0,3,0,0,3,13,0,0,3,8,10,0,12,0,13,10,11,14,6,12,2,5,13,5,2,14,12,0,13,0,3,13,13,6,4,12,6,10,9,0,0,2,1,0,13,14,12,3,1,3,13,3,3,3,3,3,3,6,14,3,14,15,3,3,3,4,6,6,3,14,3,2,6,3,3,13,13,4,3,3,3,4,3,3,3,0,13,2,2,12,14,3,1,13,6,13,13,6,13,3,3,3,6,13,3,0,3,2,3,3,3,3,2,3,3,3,3,3,3,2,3,2,3,3,3,14,6,13,14,13,13,13,3,13,4,10,14,11,14,3,3,2,3,2,1,3,6,3,3,3,2,3,3,3,4,1,3,3,12,3,3
EPI_ISL_812812,1,1,1,1,1,1,1,1,1,1,1,1,1,1,1,1,0,1,1,1,1,1,1,1,1,1,1,1,1,1,1,1,1,1,1,1,1,1,1,1,1,1,1,1,1,1,1,1,1,1,1,1,1,1,1,1,1,1,1,1,1,1,1,1,1,2,1,1,1,1,1,1,2,1,1,1,1,1,1,1,1,1,1,1,1,1,1,1,1,1,1,1,1,1,1,1,1,1,1,1,1,0,1,1,1,0,1,1,1,1,1,1,1,1,1,1,1,1,1,1,1,1,1,1,1,1,1,1,1,1,1,1,1,1,1,1,1,1,1,1,1,1,1,1,1,1,1,1,1,1,2,2,1,1,1,0,1,1,1,1,2,1,1,1,1,1,1,1,1,1,1,1,1,2,1,1,1,1,1,1,1,1,1,1,1,1,0,1,1,1,1,1,1,1,1,1,0,1,1,1,1,1,1,1,0,1,0,1,0,1,1,1,1,1,0,1,1,1,1,1,1,1,1,1,1,1,1,1,1,1,1,1,1,1,1,1,1,1,1,1,2,1,1,1,1,1,1,1,1,1,1,1,1,1,1,1,1,1,1,1,1,1,1,1,1,1,1,1,1,1,1,2,1,1,1,1,1,1,1,0,2,1,1,1,1,1,1,2,1,1,1,1,1,1,1,1,1,1,1,1,1,1,1,1,1,1,1,1,1,1,1,1,1,1,1,1,1,0,1,1,1,1,1,0,0,1,0,1,0,0,1,1,0,0,0,0,1,1,1,1,0,0,0,1,0,0,1,1,0,0,1,0,1,0,1,0,1,0,1,1,1,1,0,0,1,0,1,1,1,0,1,0,1,1,1,0,0,1,4,1,1,0,0,0,0,0,1,1,1,1,1,1,1,1,1,1,1,1,1,1,1,1,1,1,1,1,1,1,3,4,1,1,1,0,3,1,1,2,1,1,1,1,1,1,1,1,1,1,1,0,0,1,1,1,0,1,1,1,1,1,1,1,1,1,1,1,1,0,1,1,1,1,1,1,1,1,1,1,1,1,1,1,1,1,1,1,1,1,1,1,1,1,1,1,2,1,2,1,1,1,1,1,1,1,1,0,0,1,3,1,1,1,1,1,1,1,1,0,0,1,1,1,1
EPI_ISL_812851,3,3,3,3,3,3,3,2,2,2,2,3,3,3,3,3,2,3,3,3,3,3,3,3,3,3,3,3,3,3,3,3,3,3,3,4,3,4,4,3,3,4,3,3,3,4,4,4,3,3,3,4,3,3,3,3,3,3,3,3,3,3,3,3,3,3,3,3,3,4,3,3,3,3,3,3,4,4,3,4,4,4,3,4,4,4,4,3,3,4,3,3,3,3,3,3,3,4,4,3,3,1,3,3,3,2,3,3,4,3,3,3,3,3,3,3,4,3,3,3,3,4,4,4,3,3,3,3,3,3,3,3,3,4,3,3,3,3,3,3,3,3,3,3,3,3,3,3,3,3,4,3,4,4,4,0,4,4,4,4,4,4,4,4,4,4,4,4,4,3,4,5,4,3,3,5,3,4,3,2,4,4,3,4,4,4,0,3,4,6,4,3,3,4,4,3,0,5,4,4,4,4,5,4,0,4,2,4,0,3,4,4,4,3,0,4,4,3,3,5,4,4,4,3,4,3,4,4,3,3,4,4,4,3,4,4,4,4,3,4,4,3,8,4,6,4,6,3,3,3,4,5,4,6,6,3,5,5,3,5,6,4,4,4,4,4,4,4,4,4,3,4,4,4,5,4,3,5,3,2,4,4,3,3,4,4,5,4,4,3,4,4,4,4,4,4,4,4,4,4,4,4,4,4,4,4,4,4,6,4,3,4,4,5,4,5,4,1,0,4,5,4,8,2,2,3,1,3,1,0,4,2,0,1,0,0,4,6,4,3,1,0,0,6,0,0,5,4,0,0,4,4,3,0,3,0,4,3,3,4,1,3,7,2,4,0,2,4,3,0,4,0,4,4,4,1,1,3,3,3,4,1,0,0,0,1,4,4,3,5,2,4,4,4,6,6,5,6,6,3,4,6,4,4,6,3,3,12,3,3,6,4,6,3,3,5,5,4,4,4,5,5,5,3,5,4,4,1,4,4,0,4,4,10,2,4,3,4,4,3,4,6,5,5,3,4,5,0,3,3,4,3,5,5,3,5,3,5,3,4,4,3,5,4,3,5,5,4,3,4,4,4,4,4,3,4,1,3,4,3,4,5,5,6,3,3,1,4,3,4,5,3,3,3,5,4,3,0,0,5,3,5,5
EPI_ISL_2232308,6,6,6,6,6,6,6,5,5,5,5,6,6,7,7,8,6,7,8,8,9,3,3,3,3,3,3,3,3,3,3,3,3,3,3,12,10,13,13,3,3,13,3,3,10,13,13,13,3,3,3,13,6,3,3,3,3,3,3,3,3,3,3,3,3,3,3,3,3,3,3,3,3,3,3,3,3,3,3,3,3,4,3,3,3,3,3,3,3,3,3,3,4,3,3,3,3,3,3,3,3,1,3,3,3,2,3,3,3,3,3,3,3,3,3,3,3,3,3,3,3,3,3,3,3,3,3,3,3,3,3,3,3,13,3,3,3,3,3,3,3,3,3,3,3,3,3,3,3,6,12,6,12,13,11,0,12,12,12,13,12,13,12,13,13,13,13,12,12,6,13,13,13,6,6,12,11,13,12,9,12,12,10,13,11,11,0,11,12,3,12,6,10,12,13,10,0,3,13,12,13,13,6,11,0,11,6,10,0,6,13,13,12,6,0,13,13,6,12,12,12,12,12,6,13,12,12,13,11,11,13,6,12,11,12,12,12,13,6,14,3,11,3,3,3,3,3,3,3,3,3,3,13,3,3,3,3,3,4,3,3,4,7,14,14,14,14,14,13,14,6,13,13,14,3,14,11,3,6,1,13,13,11,11,14,13,3,3,13,2,14,13,13,3,3,14,3,3,3,3,14,14,14,3,14,3,3,3,3,14,3,13,3,3,14,13,13,1,4,0,3,13,2,1,4,5,8,6,2,0,13,9,0,0,0,2,16,3,13,5,1,0,0,3,0,0,3,14,0,0,3,8,10,0,11,0,14,11,11,13,6,12,2,5,14,6,2,13,12,0,14,0,3,14,14,6,4,12,6,10,10,0,0,1,1,0,14,13,12,3,1,3,13,3,3,3,3,3,3,6,13,3,13,13,3,3,3,4,6,6,3,13,3,2,6,3,3,14,14,3,3,3,3,3,3,3,3,0,13,2,2,12,13,3,1,14,6,14,14,6,14,3,3,3,6,14,3,0,3,2,3,3,3,3,2,3,3,3,3,3,3,2,3,2,3,3,3,13,6,13,14,14,14,14,3,14,4,10,13,11,13,3,3,2,3,2,1,3,6,3,3,3,2,3,3,3,3,1,3,3,12,3,3
EPI_ISL_812852,3,3,3,3,3,3,3,2,2,2,2,3,3,3,3,3,2,3,3,3,3,3,3,3,3,3,3,3,3,3,3,3,3,3,3,3,3,3,3,3,3,3,3,3,3,3,3,3,3,3,3,3,3,3,3,3,3,3,3,3,3,3,3,3,3,3,3,3,3,4,3,3,3,3,3,3,4,4,3,4,4,4,3,5,4,4,4,3,3,4,3,3,3,3,3,3,3,4,4,3,3,1,3,3,3,2,3,3,4,3,3,3,3,3,3,3,4,3,3,3,3,5,4,4,3,3,3,3,3,3,3,3,3,3,3,3,3,3,3,3,3,3,3,3,3,3,3,3,3,3,3,3,3,3,3,0,3,3,3,3,3,3,3,3,3,3,3,3,3,3,3,4,3,3,3,3,2,3,2,2,3,3,3,3,3,3,0,3,3,5,3,3,3,3,3,3,0,4,3,3,3,3,4,3,0,3,1,3,0,3,3,3,3,3,0,3,3,3,2,3,3,3,3,3,3,2,3,3,2,2,3,3,3,3,3,3,3,3,3,3,3,3,5,3,5,3,5,3,3,3,3,4,3,5,5,3,4,4,3,4,5,3,3,3,3,3,3,3,3,3,3,3,3,3,4,3,3,4,3,1,3,3,3,3,3,3,4,3,3,2,3,3,3,3,3,3,3,3,3,3,3,3,3,3,3,3,3,3,5,3,3,3,3,4,3,3,3,1,5,3,0,3,4,2,1,2,1,3,1,0,3,2,0,0,0,0,3,5,3,2,1,0,0,5,0,0,4,3,0,0,3,3,3,0,2,0,3,2,3,3,1,3,4,1,3,0,2,3,3,0,3,0,3,3,3,1,0,3,3,3,3,0,0,0,0,0,3,3,3,4,1,3,3,3,5,5,4,5,5,3,3,5,3,3,5,3,3,5,3,3,5,3,7,2,3,4,4,3,3,3,4,4,4,3,4,3,3,0,3,4,0,3,3,5,1,3,3,3,3,3,3,5,4,4,3,3,4,0,3,2,3,3,4,4,2,4,3,4,3,3,3,2,4,3,3,4,4,3,3,3,3,3,3,3,3,3,1,3,3,3,3,4,4,3,3,2,1,3,3,3,4,3,2,3,4,3,3,0,0,4,3,4,4
EPI_ISL_812834,6,6,6,6,6,6,6,5,5,5,5,6,6,7,7,9,6,7,9,8,10,3,3,3,3,3,3,3,3,3,3,3,3,3,3,14,12,15,15,3,3,15,3,3,12,15,15,15,3,3,3,16,6,3,3,3,3,3,3,3,3,3,4,3,3,3,3,3,3,3,3,3,3,3,3,3,3,3,3,3,3,4,3,3,3,3,3,3,3,3,3,3,4,3,3,3,3,3,3,3,3,1,3,3,3,2,3,3,3,3,3,3,3,3,3,3,3,3,3,3,3,3,3,3,3,3,3,3,3,3,3,3,3,16,3,3,3,3,3,3,3,3,3,3,3,3,3,3,3,6,15,6,15,16,14,0,15,15,15,16,15,16,15,16,16,16,16,15,15,6,16,16,16,7,6,15,14,16,15,9,15,15,10,16,14,13,0,13,14,3,14,6,11,14,15,12,0,3,16,15,16,16,6,14,0,13,8,9,0,6,12,15,13,6,0,16,16,6,15,15,15,15,15,6,16,15,15,16,14,14,16,6,15,11,15,15,15,16,6,13,3,11,4,3,3,3,3,3,3,3,3,3,16,3,3,3,3,3,3,3,3,3,8,13,13,13,13,13,15,13,6,16,16,13,3,13,11,3,6,1,16,15,11,11,13,16,3,3,16,2,13,13,13,3,3,13,3,3,3,3,13,13,13,3,13,3,3,3,3,13,3,15,3,3,13,13,14,1,4,13,3,0,2,1,4,5,8,7,2,0,16,9,0,0,0,4,13,4,15,5,1,0,0,4,0,0,3,13,0,0,3,8,10,0,14,0,13,10,11,17,6,12,2,5,13,5,2,16,12,0,13,0,3,13,13,6,4,12,6,11,9,0,0,2,1,0,13,16,12,4,1,3,13,3,3,3,3,3,3,6,15,3,15,15,3,3,3,4,6,6,3,16,3,2,6,3,3,13,13,3,3,4,3,3,4,3,3,0,13,2,2,12,16,3,1,13,6,13,13,6,13,3,3,3,6,13,3,0,3,2,3,3,3,3,2,3,3,3,3,3,3,2,3,2,3,3,3,16,6,13,13,13,13,13,3,13,4,10,16,11,15,3,3,2,3,2,1,3,6,3,3,3,2,3,3,4,4,1,3,3,12,3,3
EPI_ISL_812819,2,2,2,2,2,2,2,1,1,1,1,2,2,2,2,2,1,2,2,2,2,2,2,2,2,2,2,2,2,2,2,2,2,2,2,2,2,2,2,2,2,2,2,2,2,2,2,2,2,2,2,2,2,2,2,2,2,2,2,2,2,2,2,2,2,2,2,2,2,3,2,2,2,2,2,2,3,3,2,3,3,3,2,3,3,3,3,2,2,3,2,2,2,2,2,2,2,3,3,2,2,0,2,2,2,1,2,2,3,2,2,2,2,2,2,2,3,2,2,2,2,3,3,3,2,2,2,2,2,2,2,2,2,2,2,2,2,2,2,2,2,2,2,2,2,2,2,2,2,2,2,2,2,2,2,0,2,2,2,2,2,2,2,2,2,2,2,2,2,2,2,3,2,2,2,3,1,2,1,1,2,2,2,2,2,2,0,2,2,5,2,2,2,2,2,2,0,4,2,2,2,2,4,2,0,2,1,2,0,2,2,2,2,2,0,2,2,2,1,3,2,2,2,2,2,1,2,2,1,1,2,3,2,2,2,2,2,2,2,2,3,2,6,3,5,3,5,2,2,2,3,4,2,5,5,2,4,4,2,4,5,3,2,2,2,2,2,2,2,2,2,2,2,2,4,2,2,4,2,2,2,2,2,2,2,2,4,3,2,3,2,2,2,3,3,2,3,3,3,3,2,2,2,3,2,3,3,3,5,2,2,2,3,4,2,3,2,1,8,2,4,2,0,2,1,2,1,2,1,0,2,2,0,1,0,0,2,5,2,2,0,0,0,5,0,0,4,2,0,0,3,2,2,0,2,0,2,1,2,2,1,2,6,1,2,0,2,2,2,0,2,0,3,2,2,1,0,2,2,2,2,1,0,0,0,1,2,2,2,4,2,3,2,3,5,5,4,5,5,2,2,5,2,2,5,2,2,8,2,2,5,2,5,2,2,4,4,2,2,3,4,4,4,2,4,3,3,0,2,3,0,2,2,8,2,2,2,2,2,2,2,5,4,4,2,2,4,0,2,3,3,2,4,4,3,4,2,4,2,3,3,3,4,4,2,4,4,2,2,2,2,2,2,2,2,2,1,2,2,2,2,4,4,6,2,2,1,3,2,3,4,2,3,2,4,3,2,0,0,4,2,4,4
EPI_ISL_812865,1,1,1,1,1,1,1,0,0,0,0,1,1,1,1,1,1,1,1,1,1,1,1,1,1,1,1,1,1,1,1,1,1,1,1,1,1,1,1,1,1,1,1,1,1,1,1,1,1,1,1,1,1,1,1,1,1,1,1,1,1,1,1,1,1,1,1,1,1,1,1,1,1,1,1,1,1,1,1,1,1,1,1,1,1,1,1,1,1,1,1,1,1,1,1,1,1,1,1,1,1,0,1,1,1,1,1,1,1,1,1,1,1,1,1,1,1,1,1,1,1,1,1,1,1,1,1,1,1,1,1,1,1,1,1,1,1,1,1,1,1,1,1,1,1,1,1,1,1,1,1,1,1,1,0,0,1,1,1,1,1,1,1,1,1,1,1,1,1,1,1,1,1,1,1,1,0,1,0,0,1,1,1,1,1,1,0,1,1,2,1,1,1,1,1,1,0,1,1,1,1,1,1,1,0,1,1,1,0,1,1,1,1,1,0,1,1,1,0,1,1,1,1,1,1,0,1,1,0,0,1,1,1,1,1,1,1,1,1,1,1,1,2,1,3,1,3,1,1,1,1,1,1,3,3,1,1,2,1,1,2,1,1,1,1,1,1,1,1,1,1,1,1,1,1,1,1,1,1,1,1,1,1,1,1,1,1,1,1,1,1,1,1,1,1,1,1,1,1,1,1,1,1,1,1,1,1,1,2,1,1,1,1,1,1,1,1,0,2,1,2,1,2,0,1,1,1,1,1,0,1,1,0,0,0,0,1,2,1,1,0,0,0,2,0,0,1,1,0,0,1,1,1,0,1,0,1,1,1,1,0,1,2,1,1,0,1,1,1,0,1,0,1,1,1,1,0,1,1,1,1,0,0,0,0,0,1,1,1,1,0,1,1,1,2,2,1,2,2,1,1,2,1,1,2,1,1,2,1,1,2,1,2,1,1,1,1,1,1,1,1,1,1,1,1,1,1,0,1,2,0,1,1,2,1,1,1,1,1,1,1,3,1,1,1,1,1,0,1,1,1,1,1,1,1,1,1,1,1,1,1,1,1,1,1,1,1,1,1,1,1,1,1,1,1,1,1,1,1,1,1,1,1,2,1,1,1,1,1,1,1,1,1,1,1,1,1,0,0,1,1,1,1
EPI_ISL_812844,1,1,1,1,1,1,1,0,0,0,0,1,1,2,1,1,2,1,1,1,2,1,1,1,1,1,1,1,1,1,1,1,1,1,1,3,1,4,4,1,1,4,1,1,1,4,4,4,1,1,1,4,1,1,1,1,1,1,1,1,1,1,1,1,1,1,1,1,1,1,1,1,1,1,1,1,1,1,1,1,1,2,1,1,1,1,1,1,1,1,1,1,2,1,1,1,1,1,1,1,1,0,1,1,1,1,1,1,1,1,1,1,1,1,1,1,1,1,1,1,1,1,1,1,1,1,1,1,1,1,1,1,1,4,1,1,1,1,1,1,1,1,1,1,1,1,1,1,1,1,3,1,3,4,2,0,3,3,3,4,3,4,3,4,4,4,4,3,3,1,4,4,4,1,1,3,2,4,3,1,3,3,2,4,2,2,0,2,3,1,3,1,2,3,4,1,0,1,4,3,4,4,1,2,0,2,2,2,0,1,3,4,3,1,0,4,4,1,3,3,3,3,3,1,4,3,3,4,2,2,4,1,3,2,3,3,3,4,1,4,1,2,1,1,1,1,1,1,1,1,1,1,4,1,1,1,1,1,1,1,1,1,2,4,4,4,4,4,4,4,1,4,4,4,1,4,2,1,1,2,4,4,2,2,4,4,1,1,4,1,4,4,4,1,1,4,1,1,1,1,4,4,4,1,4,1,1,1,1,4,1,4,1,1,4,4,4,0,2,4,1,4,1,1,0,3,1,1,2,0,4,2,0,0,0,1,4,1,4,2,0,0,0,1,0,0,1,4,0,0,1,2,2,0,3,0,4,3,2,4,1,3,1,3,4,1,1,4,3,0,4,0,1,4,4,2,2,3,1,2,4,0,0,1,0,0,4,4,3,1,0,1,4,1,1,1,1,1,1,1,4,1,4,4,1,1,1,2,1,1,1,4,1,1,1,1,1,4,4,1,1,1,1,1,1,1,1,0,4,1,1,4,4,1,1,4,1,4,4,1,4,1,1,1,1,4,1,0,1,1,1,1,1,1,1,1,1,1,1,1,1,1,1,1,1,1,1,4,1,5,4,4,4,4,1,4,1,2,4,2,4,1,1,1,1,1,1,1,1,1,1,1,1,1,1,1,1,1,0,1,3,1,1
EPI_ISL_812846,2,2,2,2,2,2,2,1,1,1,1,2,2,2,2,2,1,2,2,2,3,2,2,2,2,2,2,2,2,2,2,2,2,2,2,4,3,5,5,2,2,5,2,2,3,5,5,5,2,2,2,5,2,2,2,2,2,2,2,2,2,2,2,2,2,2,2,2,2,2,2,2,2,2,2,2,2,2,2,2,2,3,2,2,2,2,2,2,2,2,2,2,3,2,2,2,2,2,2,2,2,0,2,2,2,1,2,2,2,2,2,2,2,2,2,2,2,2,2,2,2,2,2,2,2,2,2,2,2,2,2,2,2,5,2,2,2,2,2,2,2,2,2,2,2,2,2,2,2,2,4,2,4,5,4,0,4,4,4,5,4,5,4,5,5,5,5,4,4,2,5,5,5,2,2,4,3,5,5,2,4,4,3,5,4,4,0,3,4,2,4,2,3,4,5,3,0,2,5,4,5,5,2,4,0,4,3,4,0,2,4,5,4,2,0,5,5,2,4,4,4,4,4,2,5,4,4,5,3,3,5,2,4,3,4,4,4,5,2,5,2,3,2,2,2,2,2,2,2,2,2,2,5,2,2,2,2,2,3,2,2,3,3,5,5,5,5,5,5,5,2,5,5,5,2,5,3,2,2,1,5,5,3,3,5,5,2,2,5,2,5,5,5,2,2,5,2,2,2,2,5,5,5,2,5,2,2,2,2,5,2,5,2,2,5,5,5,1,3,5,2,5,2,1,3,0,2,2,1,0,5,3,0,0,0,0,5,2,5,6,0,0,0,2,0,0,2,5,0,0,2,6,3,0,4,0,5,4,3,5,1,4,1,3,5,1,2,5,4,0,5,0,2,5,5,1,3,4,2,3,5,0,0,1,0,0,5,5,4,2,1,2,9,2,2,2,2,2,2,2,5,2,5,5,2,2,2,3,2,2,2,5,2,1,2,2,2,5,5,2,2,2,2,2,2,2,2,0,10,1,1,5,5,2,1,5,2,5,5,2,5,2,2,2,2,5,2,0,2,2,2,2,2,2,2,2,2,2,2,2,2,2,2,2,2,2,2,5,2,5,5,5,5,5,2,5,1,3,5,3,5,2,2,2,2,1,1,2,2,2,2,2,2,2,2,2,2,0,0,2,4,2,2
EPI_ISL_812830,4,4,4,4,4,4,4,3,3,3,3,4,4,5,5,7,5,5,7,6,7,1,1,1,1,1,1,1,1,1,1,1,1,1,1,8,8,8,8,1,1,8,1,1,8,8,8,8,1,1,1,8,4,1,1,1,1,1,1,1,1,1,1,1,1,1,1,1,1,1,1,1,1,1,1,1,1,1,1,1,1,1,1,1,1,1,1,1,1,1,1,1,1,1,1,1,1,1,1,1,1,0,1,1,1,1,1,1,1,1,1,1,1,1,1,1,1,1,1,1,1,1,1,1,1,1,1,1,1,1,1,1,1,8,1,1,1,1,1,1,1,1,1,1,1,1,1,1,1,4,8,4,8,8,7,0,8,8,8,8,8,8,8,8,8,8,8,8,8,4,8,8,8,4,4,8,7,8,7,5,8,8,6,8,8,8,0,8,8,1,8,4,6,8,8,8,0,1,8,8,8,8,4,8,0,8,5,7,0,4,8,8,7,4,0,8,8,4,7,8,8,8,8,4,8,7,8,8,7,7,8,4,8,7,8,8,8,8,4,8,1,7,1,1,1,1,1,1,1,1,1,1,8,1,1,1,1,1,1,1,1,1,4,8,8,8,8,8,8,8,4,8,8,8,1,8,7,1,4,1,8,8,7,7,8,8,1,1,8,1,8,7,7,1,1,8,1,1,1,1,8,8,8,1,8,1,1,1,1,8,1,8,1,1,8,7,7,0,1,8,1,8,1,1,1,2,0,4,1,0,11,6,0,0,0,0,8,1,8,3,0,0,0,1,0,0,1,8,0,0,1,6,6,0,8,0,8,7,7,8,4,7,1,2,8,5,1,8,7,0,8,0,1,8,8,5,1,7,4,6,4,0,0,0,1,0,8,8,7,1,0,1,7,1,1,1,1,1,1,4,7,1,7,7,1,1,1,1,4,4,1,8,1,1,4,1,1,8,8,1,1,1,1,1,1,1,1,0,7,1,1,6,8,1,1,8,4,8,8,4,8,1,1,1,4,8,1,0,1,1,1,1,1,1,1,1,1,1,1,1,1,1,1,1,1,1,1,8,4,7,8,8,8,8,1,8,4,6,8,7,8,1,1,1,1,1,1,1,4,1,1,1,1,1,1,1,1,0,3,1,7,1,1
EPI_ISL_812814,6,6,6,6,6,6,6,5,5,5,5,6,6,6,6,6,5,6,6,6,6,3,3,3,3,3,3,3,3,3,3,3,3,3,3,7,7,7,6,3,3,7,3,3,7,6,6,7,3,3,3,6,6,3,3,3,3,3,3,3,3,3,3,3,3,3,3,3,3,3,3,3,3,3,3,3,3,3,3,3,3,3,3,3,3,3,3,3,3,3,3,3,3,3,3,3,3,3,3,3,3,1,3,3,3,2,3,3,3,3,3,3,3,3,3,3,3,3,3,3,3,3,3,3,3,3,3,3,3,3,3,3,3,6,3,3,3,3,3,3,3,3,3,3,3,3,3,3,3,6,7,6,6,7,6,0,6,6,6,6,6,7,6,6,7,6,7,6,6,6,6,6,6,6,6,7,6,6,6,5,6,6,6,6,6,6,0,6,6,3,6,6,7,6,6,6,0,3,7,6,7,6,6,6,0,6,1,6,0,6,6,6,6,6,0,7,6,6,5,7,7,6,6,6,7,6,6,7,5,5,6,6,6,6,6,7,6,6,6,6,3,6,4,3,3,3,3,3,3,3,3,3,6,3,3,3,3,3,3,3,4,3,7,6,6,6,6,6,6,6,6,6,6,6,3,6,6,3,6,1,6,7,6,6,6,6,3,3,6,2,6,6,6,3,4,6,4,3,4,4,6,6,6,3,6,3,3,3,3,6,3,6,3,3,6,6,6,1,3,6,3,7,2,1,1,2,4,0,1,0,6,5,0,0,0,0,6,5,6,2,1,0,0,5,0,0,3,6,0,0,3,5,6,0,5,0,6,5,6,7,4,6,2,1,6,3,2,6,6,0,6,0,3,6,6,4,0,6,6,7,3,0,0,0,0,0,6,6,6,4,1,3,6,3,3,3,3,3,3,6,6,3,6,6,3,3,3,3,6,6,3,6,3,2,6,3,3,6,6,3,3,4,3,3,4,3,3,0,6,2,0,6,6,3,1,6,6,6,6,6,6,3,3,3,6,6,3,0,3,2,3,3,3,3,2,3,3,4,3,3,3,2,3,2,3,3,3,6,6,6,6,6,6,6,3,6,4,6,6,6,6,3,3,2,3,2,1,3,6,3,3,3,2,3,3,4,3,0,3,3,6,3,3
EPI_ISL_812810,1,1,1,1,1,1,1,0,0,0,0,1,1,1,1,1,1,1,1,1,1,1,1,1,1,1,1,1,1,1,1,1,1,1,1,2,1,2,2,1,1,2,1,1,1,2,2,2,1,1,1,2,1,1,1,1,1,1,1,1,1,1,1,1,1,1,1,1,1,1,1,1,1,1,1,1,1,1,1,1,1,1,1,1,1,1,1,1,1,1,1,1,1,1,1,1,1,1,1,1,1,0,1,1,1,1,1,1,1,1,1,1,1,1,1,1,1,1,1,1,1,1,1,1,1,1,1,1,1,1,1,1,1,2,1,1,1,1,1,1,1,1,1,1,1,1,1,1,1,1,2,1,2,2,1,0,2,2,2,2,2,2,2,2,2,2,2,2,2,1,2,2,2,1,1,2,1,2,1,1,2,2,2,2,1,1,0,2,2,1,2,1,2,2,2,1,0,1,2,2,2,2,1,1,0,1,1,1,0,1,2,2,2,1,0,2,2,1,1,2,2,2,2,1,2,1,2,2,1,1,2,1,2,2,2,2,2,2,1,2,1,2,1,1,1,1,1,1,1,1,1,1,2,1,1,1,1,1,1,1,1,1,1,2,2,2,2,2,2,2,1,2,2,2,1,2,2,1,1,1,2,2,2,2,2,2,1,1,2,1,2,2,2,1,1,2,1,1,1,1,2,2,2,1,2,1,1,1,1,2,1,2,1,1,2,2,2,0,1,2,1,2,1,1,2,1,1,1,0,0,2,2,0,0,0,1,2,1,2,1,0,0,0,1,0,0,1,2,0,0,1,1,2,0,2,0,2,1,2,2,1,2,1,1,2,0,1,2,2,0,2,0,1,2,2,2,0,2,1,2,2,0,0,0,0,0,2,2,2,1,0,1,2,1,1,1,1,1,1,1,2,1,2,2,1,1,1,1,1,1,1,2,1,1,1,1,1,2,2,1,1,1,1,1,1,1,1,0,2,1,1,2,2,1,1,2,1,2,2,1,2,1,1,1,1,2,1,0,1,1,1,1,1,1,1,1,1,1,1,1,1,1,1,1,1,1,1,2,1,2,2,2,2,2,1,2,1,2,2,2,2,1,1,1,1,1,1,1,1,1,1,1,1,1,1,1,1,1,0,1,2,1,1
EPI_ISL_812802,0,0,0,0,0,0,0,0,0,0,0,0,0,0,0,0,0,0,0,0,0,0,0,0,0,0,0,0,0,0,0,0,0,0,0,0,0,0,0,0,0,0,0,0,0,0,0,0,0,0,0,0,0,0,0,0,0,0,0,0,0,0,0,0,0,0,0,0,0,0,0,0,0,0,0,0,0,0,0,0,0,0,0,0,0,0,0,0,0,0,0,0,0,0,0,0,0,0,0,0,0,0,0,0,0,0,0,0,0,0,0,0,0,0,0,0,0,0,0,0,0,0,0,0,0,0,0,0,0,0,0,0,0,0,0,0,0,0,0,0,0,0,0,0,0,0,0,0,0,0,0,0,0,0,0,0,0,0,0,0,0,0,0,0,0,0,0,0,0,0,0,0,0,0,0,0,0,0,0,0,0,0,0,0,0,0,0,0,0,0,0,0,0,0,0,0,0,0,0,0,0,0,0,0,0,0,0,0,0,0,0,0,0,0,0,0,0,0,0,0,0,0,0,0,0,0,0,0,0,0,0,0,0,0,0,0,0,0,0,0,0,0,0,0,0,0,0,0,0,0,0,0,0,0,0,0,0,0,0,0,0,0,0,0,0,0,0,0,0,0,0,0,0,0,0,0,0,0,0,0,0,0,0,0,0,0,0,0,0,0,0,0,0,0,0,0,0,0,0,0,0,0,0,0,0,0,0,0,0,0,0,0,0,0,0,0,0,0,0,0,0,0,0,0,0,0,0,0,0,0,0,0,0,0,0,0,0,0,0,0,0,0,0,0,0,0,0,0,0,0,0,0,0,0,0,0,0,0,0,0,0,0,0,0,0,0,0,0,0,0,0,0,0,0,0,0,0,0,0,0,0,0,0,0,0,0,0,0,0,0,0,0,0,0,0,0,0,0,0,0,0,0,0,0,0,0,0,0,0,0,0,0,0,0,0,0,0,0,0,0,0,0,0,0,0,0,0,0,0,0,0,0,0,0,0,0,0,0,0,0,0,0,0,0,0,0,0,0,0,0,0,0,0,0,0,0,0,0,0,0,0,0,0,0,0,0,0,0,0,0,0,0,0,0,0,0,0,0,0,0,0,0,0,0,0,0,0,0,0,0,0,0,0,0,0,0,0,0,0,0,0,0,0
EPI_ISL_812807,6,6,6,6,6,6,6,5,5,5,5,6,6,7,7,9,6,7,9,8,10,3,3,3,3,3,3,3,3,3,3,3,3,3,3,14,12,15,15,3,3,15,3,3,12,15,15,15,3,3,3,16,6,3,3,3,3,3,3,3,3,3,3,3,3,3,3,3,3,3,3,3,3,3,3,3,3,3,3,3,3,4,3,3,3,3,3,3,3,3,3,3,4,3,3,3,3,3,3,3,3,1,3,3,3,2,3,3,3,3,3,3,3,3,3,3,3,3,3,3,3,3,3,3,3,3,3,3,3,3,3,3,3,16,3,3,3,3,3,3,3,3,3,3,3,3,3,3,3,6,15,6,15,16,14,0,15,15,15,16,15,16,15,16,16,16,16,15,15,6,16,16,16,7,6,15,14,16,15,9,15,15,10,16,14,13,0,13,14,3,14,6,10,14,15,12,0,3,16,15,16,16,6,14,0,13,8,9,0,6,12,15,13,6,0,16,16,6,15,15,15,15,15,6,16,15,15,16,14,14,16,6,15,11,15,15,15,16,6,13,3,11,3,3,3,3,3,3,3,3,3,3,16,3,3,3,3,3,3,3,3,3,7,13,13,13,13,13,15,13,6,16,16,13,3,13,11,3,6,1,16,15,11,11,13,16,3,3,16,2,13,13,13,3,3,13,3,3,3,3,13,13,13,3,13,3,3,3,3,13,3,15,3,3,13,13,14,1,4,13,3,16,2,1,4,5,11,6,2,0,0,9,0,0,0,4,13,3,15,5,1,0,0,3,0,0,3,13,0,0,3,8,10,0,14,0,13,10,11,16,6,12,2,5,13,5,2,16,12,0,13,0,3,13,13,6,4,12,6,10,9,0,0,2,1,0,13,16,12,3,1,3,13,3,3,3,3,3,3,6,15,3,15,15,3,3,3,4,6,6,3,16,3,2,6,3,3,13,13,3,3,3,3,3,3,3,3,0,13,2,2,12,16,3,1,13,6,13,13,6,13,3,3,3,6,13,3,0,3,2,3,3,3,3,2,3,3,3,3,3,3,2,3,2,3,3,3,16,6,13,13,13,13,13,3,13,4,10,16,11,15,3,3,2,3,2,1,3,6,3,3,3,2,3,3,3,4,1,3,3,12,3,3
EPI_ISL_812869,5,5,5,5,5,5,5,4,4,4,4,5,5,6,6,6,5,6,6,6,6,2,2,2,2,2,2,2,2,2,2,2,2,2,2,9,8,9,9,2,2,9,2,2,8,9,9,9,2,2,2,9,5,2,2,2,2,2,2,2,2,2,2,2,2,2,2,2,2,2,2,2,2,2,2,2,2,2,2,2,2,2,2,2,2,2,2,2,2,2,2,2,2,2,2,2,2,2,2,2,2,0,2,2,2,1,2,2,2,2,2,2,2,2,2,2,2,2,2,2,2,2,2,2,2,2,2,2,2,2,2,2,2,9,2,2,2,2,2,2,2,2,2,2,2,2,2,2,2,5,9,5,9,9,8,0,9,9,9,9,9,9,9,9,9,9,9,9,9,5,9,9,9,5,5,9,8,9,8,7,9,9,8,9,8,8,0,9,9,2,9,5,8,9,9,8,0,2,9,9,9,9,5,8,0,8,4,7,0,5,9,9,9,5,0,9,9,5,8,9,9,9,9,5,9,8,9,9,8,8,9,5,9,9,9,9,9,9,5,9,2,9,2,2,2,2,2,2,2,2,2,2,9,2,2,2,2,2,2,2,2,2,5,9,9,9,9,9,9,9,5,9,9,9,2,9,9,2,5,1,9,9,9,9,9,9,2,2,9,2,9,9,9,2,2,9,2,2,2,2,9,9,9,2,9,2,2,2,2,9,2,9,2,2,9,9,9,1,2,9,2,9,2,1,2,3,6,5,2,0,9,0,0,0,0,2,9,2,9,3,0,0,0,2,0,0,2,9,0,0,2,5,8,0,9,0,9,6,9,9,5,9,1,2,9,4,2,9,9,0,9,0,2,9,9,6,2,9,5,8,5,0,0,0,1,0,9,9,9,2,1,2,9,2,2,2,2,2,2,5,9,2,9,9,2,2,2,2,5,5,2,9,2,1,5,2,2,9,9,2,2,2,2,2,2,2,2,0,9,1,2,9,9,2,1,9,5,9,9,5,9,2,2,2,5,9,2,0,2,2,2,2,2,2,2,2,2,2,2,2,2,2,2,2,2,2,2,9,5,9,9,9,9,9,2,9,4,8,9,9,9,2,2,2,2,1,1,2,5,2,2,2,2,2,2,2,2,1,3,2,9,2,2
EPI_ISL_812867,0,0,0,0,0,0,0,0,0,0,0,0,0,0,0,0,0,0,0,0,0,0,0,0,0,0,0,0,0,0,0,0,0,0,0,0,0,0,0,0,0,0,0,0,0,0,0,0,0,0,0,0,0,0,0,0,0,0,0,0,0,0,0,0,0,0,0,0,0,0,0,0,0,0,0,0,0,0,0,0,0,0,0,0,0,0,0,0,0,0,0,0,0,0,0,0,0,0,0,0,0,0,0,0,0,0,0,0,0,0,0,0,0,0,0,0,0,0,0,0,0,0,0,0,0,0,0,0,0,0,0,0,0,0,0,0,0,0,0,0,0,0,0,0,0,0,0,0,0,0,0,0,0,0,0,0,0,0,0,0,0,0,0,0,0,0,0,0,0,0,0,0,0,0,0,0,0,0,0,0,0,0,0,0,0,0,0,0,0,0,0,0,0,0,0,0,0,0,0,0,0,0,0,0,0,0,0,0,0,0,0,0,0,0,0,0,0,0,0,0,0,0,0,0,0,0,0,0,0,0,0,0,0,0,0,0,0,0,0,0,0,0,0,0,0,0,0,0,0,0,0,0,0,0,0,0,0,0,0,0,0,0,0,0,0,0,0,0,0,0,0,0,0,0,0,0,0,0,0,0,0,0,0,0,0,0,0,0,0,0,0,0,0,0,0,0,0,0,0,0,0,0,0,0,0,0,0,0,0,0,0,0,0,0,0,0,0,0,0,0,0,0,0,0,0,0,0,0,0,0,0,0,0,0,0,0,0,0,0,0,0,0,0,0,0,0,0,0,0,0,0,0,0,0,0,0,0,0,0,0,0,0,0,0,0,0,0,0,0,0,0,0,0,0,0,0,0,0,0,0,0,0,0,0,0,0,0,0,0,0,0,0,0,0,0,0,0,0,0,0,0,0,0,0,0,0,0,0,0,0,0,0,0,0,0,0,0,0,0,0,0,0,0,0,0,0,0,0,0,0,0,0,0,0,0,0,0,0,0,0,0,0,0,0,0,0,0,0,0,0,0,0,0,0,0,0,0,0,0,0,0,0,0,0,0,0,0,0,0,0,0,0,0,0,0,0,0,0,0,0,0,0,0,0,0,0,0,0,0,0,0,0,0,0,0,0,0,0,0,0,0,0,0
EPI_ISL_812843,0,0,0,0,0,0,0,0,0,0,0,0,0,0,0,0,0,0,0,0,0,0,0,0,0,0,0,0,0,0,0,0,0,0,0,0,0,0,0,0,0,0,0,0,0,0,0,0,0,0,0,0,0,0,0,0,0,0,0,0,0,0,0,0,0,0,0,0,0,0,0,0,0,0,0,0,0,0,0,0,0,0,0,0,0,0,0,0,0,0,0,0,0,0,0,0,0,0,0,0,0,0,0,0,0,0,0,0,0,0,0,0,0,0,0,0,0,0,0,0,0,0,0,0,0,0,0,0,0,0,0,0,0,0,0,0,0,0,0,0,0,0,0,0,0,0,0,0,0,0,0,0,0,0,0,0,0,0,0,0,0,0,0,0,0,0,0,0,0,0,0,0,0,0,0,0,0,0,0,0,0,0,0,0,0,0,0,0,0,1,0,0,0,0,0,0,0,1,0,0,0,0,0,0,0,0,0,0,0,0,0,0,0,0,0,0,0,0,0,0,0,0,0,0,0,0,0,0,0,0,0,0,0,0,0,0,0,0,0,0,2,0,1,2,1,2,1,0,0,0,0,1,0,1,1,0,0,1,0,1,1,0,0,0,0,0,0,0,0,0,0,0,0,0,1,0,0,1,0,1,0,0,0,0,0,0,1,2,0,1,0,0,0,1,2,0,2,2,2,2,0,0,0,2,0,2,2,2,1,0,0,0,1,1,0,1,0,0,1,0,0,0,1,0,0,0,0,0,0,0,0,0,0,0,0,0,0,1,0,0,0,0,0,1,0,0,1,0,0,0,2,0,0,0,0,0,0,0,0,0,0,0,1,0,0,0,0,0,0,0,0,0,1,0,0,0,0,0,0,0,0,1,0,0,0,1,0,0,0,1,2,2,0,1,1,1,1,1,1,0,0,1,0,0,1,1,0,1,0,0,1,0,1,2,0,1,1,0,0,2,1,1,1,0,1,0,2,0,0,0,0,0,0,1,1,0,0,0,0,0,0,1,1,1,0,0,1,0,0,1,2,0,1,1,1,1,0,1,0,2,2,1,1,1,0,1,1,0,0,0,0,0,0,0,0,0,0,0,0,0,0,1,1,0,0,2,0,2,0,2,1,0,1,0,1,2,0,0,0,1,0,1,1
EPI_ISL_812821,1,1,1,1,1,1,1,1,1,1,1,1,1,1,1,1,1,1,1,1,1,1,0,0,0,0,0,0,0,0,0,0,0,0,0,0,0,0,0,0,0,0,0,0,0,0,0,0,0,0,0,0,0,0,0,0,0,0,0,0,0,0,0,0,0,0,0,0,0,0,0,0,0,0,0,0,0,0,0,0,0,0,0,0,0,0,0,0,0,0,0,0,0,0,0,0,0,0,0,0,0,0,0,0,0,0,0,0,0,0,0,0,0,0,0,0,0,0,0,0,0,0,0,0,0,0,0,0,0,0,0,0,0,0,0,0,0,0,0,0,0,0,0,0,0,0,0,0,0,1,0,0,0,0,0,0,0,0,0,0,0,0,0,0,0,0,0,0,0,0,0,0,0,0,0,0,0,0,0,0,0,0,0,0,0,0,15,0,0,2,0,0,0,0,0,0,0,0,0,0,0,0,0,0,14,0,4,5,13,0,1,0,0,0,16,0,0,0,0,0,1,0,0,0,0,0,0,0,0,0,0,0,0,1,0,0,0,0,0,0,0,1,0,0,1,0,1,0,0,0,0,0,0,1,1,0,0,1,0,0,0,0,0,0,0,0,0,0,0,0,0,0,1,0,0,0,1,0,0,2,0,0,1,1,0,0,0,1,0,0,0,0,0,0,0,0,0,0,0,0,0,0,0,0,0,0,0,0,0,0,0,0,0,0,0,0,0,0,0,0,0,0,0,0,0,0,0,0,0,0,0,0,0,0,0,0,0,1,0,0,0,0,0,1,0,7,0,0,0,0,0,0,0,0,0,0,0,0,1,0,0,0,0,0,0,0,0,0,0,0,0,0,0,0,0,0,0,0,0,0,0,0,9,0,0,0,0,0,0,0,0,0,0,0,1,1,0,1,1,0,0,1,0,0,1,0,0,0,0,0,1,0,0,0,0,0,0,0,0,0,0,0,0,0,0,0,0,0,0,0,0,0,0,0,0,0,0,0,0,0,0,1,0,0,0,0,0,7,0,0,0,0,0,0,0,0,0,0,0,0,0,0,0,0,0,0,0,0,0,0,0,0,0,0,0,0,0,0,0,0,0,0,0,0,0,0,0,0,0,0,0,0,0,0,0,0,0,4,0,0,0,0,0
EPI_ISL_812805,0,0,0,0,0,0,0,0,0,0,0,0,0,0,0,0,0,0,0,0,0,0,0,0,0,0,0,0,0,0,0,0,0,0,0,3,2,3,3,0,0,3,0,0,2,3,3,3,0,0,0,4,0,0,0,0,0,0,0,0,0,0,0,0,0,0,0,0,0,0,0,0,0,0,0,0,0,0,0,0,0,0,0,0,0,0,0,0,0,0,0,0,0,0,0,0,0,0,0,0,0,0,0,0,0,0,0,0,0,0,0,0,0,0,0,0,0,0,0,0,0,0,0,0,0,0,0,0,0,0,0,0,0,4,0,0,0,0,0,0,0,0,0,0,0,0,0,0,0,0,4,0,4,4,4,0,4,4,4,4,4,4,4,4,4,4,4,4,4,0,4,4,4,1,0,4,4,4,4,2,4,4,2,4,3,2,0,3,3,0,3,0,2,3,3,2,0,0,4,4,4,4,0,3,0,2,2,0,0,0,2,3,3,0,0,4,4,0,4,4,4,4,4,0,4,4,5,4,4,4,4,0,4,2,4,4,4,4,0,2,0,2,0,0,0,0,0,0,0,0,0,0,4,0,0,0,0,0,0,0,0,0,0,2,2,2,2,2,3,2,0,4,4,2,0,2,2,0,0,0,4,3,3,2,2,4,0,0,4,0,2,2,2,0,0,2,0,0,0,0,2,2,2,0,2,0,0,0,0,2,0,3,0,0,2,2,3,0,0,2,0,4,0,0,1,0,0,0,1,0,4,2,0,0,0,0,2,0,3,0,0,0,0,0,0,0,0,2,0,0,0,0,2,0,4,0,2,1,2,4,1,2,0,1,2,0,0,4,2,0,2,0,0,2,2,1,1,2,0,2,2,0,0,1,0,0,2,4,2,0,0,0,2,0,0,0,0,0,0,0,4,0,4,4,0,0,0,0,0,0,0,4,0,0,0,0,0,2,2,0,0,0,0,0,0,0,0,0,2,0,1,2,4,0,0,2,0,2,2,0,2,0,0,0,0,2,0,0,0,0,0,0,0,0,0,0,0,0,0,0,0,0,0,0,0,0,0,4,1,2,2,2,2,2,0,2,0,2,4,2,3,0,0,0,0,0,0,0,0,0,0,0,0,0,0,0,1,1,0,0,2,0,0
EPI_ISL_2232276,6,6,6,6,6,6,6,5,5,5,5,6,6,7,7,8,6,7,8,8,9,3,3,3,3,3,3,3,3,3,3,3,3,3,3,12,10,13,13,3,3,13,3,3,10,13,13,13,3,3,3,13,6,3,3,3,3,3,3,3,3,3,3,3,3,3,3,3,3,3,3,3,3,3,3,3,3,3,3,3,3,4,3,3,3,3,3,3,3,3,3,3,4,3,3,3,3,3,3,3,3,1,3,3,3,2,3,3,3,3,3,3,3,3,3,3,3,3,3,3,3,3,3,3,3,3,3,3,3,3,3,3,3,13,3,3,3,3,3,3,3,3,3,3,3,3,3,3,3,6,12,6,12,13,11,0,12,12,12,13,12,13,12,13,13,13,13,12,12,6,13,13,13,6,6,12,11,13,12,9,12,12,10,13,11,11,0,11,12,3,12,6,10,12,13,10,0,3,13,12,13,13,6,11,0,11,6,10,0,6,13,13,12,6,0,13,13,6,12,12,12,12,12,6,13,12,12,13,11,11,13,6,12,11,12,12,12,13,6,14,3,11,3,3,3,3,3,3,3,3,3,3,13,3,3,3,3,3,4,3,3,4,7,14,14,14,14,14,13,14,6,13,13,14,3,14,11,3,6,1,13,13,11,11,14,13,3,3,13,2,14,13,13,3,3,14,3,3,3,7,14,14,14,3,14,3,3,3,3,18,3,13,3,3,14,13,13,1,4,16,3,13,2,1,4,5,8,6,2,0,13,9,0,0,0,2,0,3,13,5,1,0,0,3,0,0,3,14,0,0,3,8,10,0,11,0,14,11,11,13,6,12,2,5,14,6,2,13,12,0,14,0,3,14,14,6,4,12,6,10,10,0,0,1,1,0,14,13,12,3,1,3,13,7,4,7,3,3,3,6,13,4,17,17,5,3,5,4,6,6,3,13,3,2,6,3,3,16,14,5,3,3,5,3,3,3,3,0,13,2,2,12,13,3,1,14,6,14,14,6,14,3,3,3,6,14,3,0,3,2,3,3,3,3,2,3,3,3,3,3,3,2,3,2,3,3,3,13,6,13,16,14,14,14,3,14,4,10,13,11,13,3,3,2,3,2,1,3,6,3,3,3,2,3,3,3,3,1,3,3,12,3,3
EPI_ISL_8189308,3,3,3,3,3,3,3,2,2,2,2,3,3,3,3,3,2,3,3,3,3,3,3,3,3,3,3,3,3,3,3,3,3,3,3,3,4,3,3,3,3,3,3,3,4,3,3,3,3,3,3,3,3,3,3,3,3,3,3,3,3,3,3,3,3,3,3,3,3,4,3,3,3,3,3,3,4,4,3,4,4,4,3,4,4,4,4,3,3,4,3,3,3,3,3,3,3,4,4,3,3,1,3,3,3,2,3,3,4,3,3,3,3,3,3,3,4,3,3,3,3,4,4,4,3,3,3,3,3,3,3,3,3,3,3,3,3,3,3,3,3,3,3,3,3,3,3,3,3,3,3,3,3,3,3,0,3,3,3,3,3,3,3,3,3,3,3,3,3,3,3,4,3,3,3,3,2,3,2,2,3,3,3,3,3,3,1,3,3,6,3,3,4,3,3,3,0,5,3,3,3,3,4,3,1,3,1,4,1,3,3,3,3,3,1,3,3,3,2,3,3,3,3,3,3,2,3,3,2,2,3,3,3,3,3,3,3,3,3,3,4,3,7,4,7,4,7,3,3,3,3,5,3,7,7,3,4,6,3,5,6,3,4,3,3,3,3,3,3,3,3,3,3,3,5,3,3,5,3,2,3,3,3,3,4,3,5,4,3,3,3,3,3,4,4,3,4,4,4,4,3,3,3,4,3,4,4,4,6,3,3,3,4,5,3,4,3,1,6,3,5,4,5,2,1,2,1,5,1,0,3,2,0,1,1,0,3,0,3,2,1,0,0,17,0,0,5,3,0,0,4,3,4,0,2,0,3,2,4,4,1,3,5,1,3,0,2,3,3,0,3,0,4,3,3,1,0,3,3,4,3,1,0,0,0,1,3,3,3,6,2,4,3,4,7,7,5,7,7,3,3,7,3,3,7,3,3,6,3,3,7,3,6,3,3,5,5,3,3,4,5,6,5,3,6,3,4,0,3,4,0,3,3,6,2,3,3,3,3,3,3,7,5,5,3,3,5,0,3,3,4,3,5,5,3,5,3,5,3,4,4,3,5,4,3,5,5,3,3,3,3,3,3,3,3,3,1,3,3,3,3,5,5,3,3,3,1,4,3,4,5,3,3,3,5,5,3,0,0,5,3,5,5
EPI_ISL_812835,6,6,6,6,6,6,6,5,5,5,5,6,6,7,7,9,6,7,9,8,10,3,3,3,3,3,3,3,3,3,3,3,3,3,3,14,12,15,15,3,3,15,3,3,12,15,15,15,3,3,3,15,6,3,3,3,3,3,3,3,3,3,3,3,3,3,3,3,3,3,3,3,3,3,3,3,3,3,3,3,3,4,3,3,3,3,3,3,3,3,3,3,4,3,3,3,3,3,3,3,3,1,3,3,3,2,3,3,3,3,3,3,3,3,3,3,3,3,3,3,3,3,3,3,3,3,3,3,3,3,3,3,3,15,3,3,3,3,3,3,3,3,3,3,3,3,3,3,3,6,14,6,14,15,13,0,14,14,14,15,14,15,14,15,15,15,15,14,14,6,15,15,15,6,6,14,13,15,14,9,14,14,10,15,13,13,0,13,14,3,14,6,10,14,15,12,0,3,15,14,15,15,6,13,0,13,7,9,0,6,12,15,13,6,0,15,15,6,14,14,14,14,14,6,15,14,14,15,13,13,15,6,14,11,14,14,14,15,6,13,3,11,3,3,3,3,3,3,3,3,3,3,15,3,3,3,3,3,3,3,3,3,7,13,13,13,13,13,15,13,6,15,15,13,3,13,11,3,6,1,15,15,11,11,13,15,3,3,15,2,13,13,13,3,3,13,3,3,3,3,13,13,13,3,13,3,3,3,3,13,3,15,3,3,13,13,14,1,4,13,3,15,2,1,4,5,8,6,2,0,15,9,0,0,0,3,13,3,0,5,1,0,0,3,0,0,3,13,0,0,3,8,10,0,13,0,13,10,11,15,6,12,2,5,13,5,2,15,12,0,13,0,3,13,13,6,4,12,6,10,9,0,0,2,1,0,13,15,12,3,1,3,13,3,3,3,3,3,3,6,14,3,14,14,3,3,3,4,6,6,3,15,3,2,6,3,3,13,13,3,3,3,3,3,3,3,3,0,13,2,2,12,15,3,1,13,6,13,13,6,13,3,3,3,6,13,3,0,3,2,3,3,3,3,2,3,3,3,3,3,3,2,3,2,3,3,3,15,6,13,13,13,13,13,3,13,4,10,15,11,15,3,3,2,3,2,1,3,6,3,3,3,2,3,3,3,4,1,3,3,12,3,3
EPI_ISL_812823,2,2,2,2,2,2,2,1,1,1,1,2,2,3,3,4,2,3,4,4,4,2,2,2,2,2,2,2,2,2,2,2,2,2,2,5,4,5,5,2,2,5,2,2,4,5,5,5,2,2,2,5,2,2,2,2,2,2,2,2,2,2,2,2,2,2,2,2,2,2,2,2,2,2,2,2,2,2,2,2,2,2,2,2,2,2,2,2,2,2,2,2,2,2,2,2,2,2,2,2,2,0,2,2,2,1,2,2,2,2,2,2,2,2,2,2,2,2,2,2,2,2,2,2,2,2,2,2,2,2,2,2,2,5,2,2,2,2,2,2,2,2,2,2,2,2,2,2,2,2,5,2,5,5,4,0,5,5,5,5,5,5,5,5,5,5,5,5,5,2,5,5,5,2,2,5,4,5,4,2,5,5,3,5,5,5,0,4,5,2,5,2,3,5,5,4,0,2,5,5,5,5,2,5,0,5,4,4,0,2,5,5,5,2,0,5,5,2,4,5,5,5,5,2,5,4,5,5,4,4,5,2,5,4,5,5,5,5,2,5,2,4,2,2,2,2,2,2,2,2,2,2,5,2,2,2,2,2,2,2,2,2,3,5,5,5,5,5,5,5,2,5,5,5,2,5,4,2,2,1,5,5,4,4,5,5,2,2,5,2,5,5,5,2,2,5,2,2,2,2,5,5,5,2,5,2,2,2,2,5,2,5,2,2,5,5,5,1,3,5,2,5,2,1,2,6,3,2,1,0,5,3,0,0,0,0,5,2,5,0,0,0,0,2,0,0,2,5,0,0,2,6,3,0,5,0,5,3,4,5,2,4,1,3,5,1,2,5,4,0,5,0,2,5,5,2,1,4,2,3,4,0,0,0,1,0,5,5,4,2,1,2,8,2,2,2,2,2,2,2,5,2,5,5,2,2,2,3,2,2,2,5,2,1,2,2,2,5,5,2,2,2,2,2,2,2,2,0,9,1,0,4,5,2,1,5,2,5,5,2,5,2,2,2,2,5,2,0,2,2,2,2,2,2,2,2,2,2,2,2,2,2,2,2,2,2,2,5,2,5,5,5,5,5,2,5,1,3,5,4,5,2,2,2,2,1,1,2,2,2,2,2,2,2,2,2,2,0,0,2,4,2,2
EPI_ISL_812841,1,1,1,1,1,1,1,1,1,1,1,1,1,1,1,1,1,1,1,1,1,1,1,1,1,1,1,1,1,1,1,1,1,1,1,1,1,1,1,1,1,1,1,1,1,1,1,1,1,1,1,1,1,1,1,1,1,1,1,1,1,1,1,1,1,1,1,1,1,1,1,1,1,1,1,1,1,1,1,1,1,1,1,1,1,1,1,1,1,1,1,1,1,1,1,1,1,1,1,1,1,1,1,1,1,1,1,1,1,1,1,1,1,1,1,1,1,1,1,1,1,1,1,1,1,1,1,1,1,1,1,1,1,1,1,1,1,1,1,1,1,1,1,1,1,1,1,1,1,1,1,1,1,1,1,0,1,1,1,1,1,1,1,1,1,1,1,1,1,1,1,1,1,1,1,1,1,1,1,1,1,1,1,1,1,1,0,1,1,1,1,1,1,1,1,1,0,1,1,1,1,1,1,1,0,1,0,1,0,1,1,1,1,1,0,1,1,1,1,1,1,1,1,1,1,1,1,1,1,1,1,1,1,1,1,1,1,1,1,1,1,1,1,1,1,1,1,1,1,1,1,1,1,1,1,1,1,1,1,1,1,1,1,1,1,1,1,1,1,1,1,1,1,1,1,1,1,1,1,0,1,1,1,1,1,1,1,1,1,0,1,1,1,1,1,1,1,1,1,1,1,1,1,1,1,1,1,1,1,1,2,1,1,1,1,1,1,0,1,1,1,1,0,0,0,0,0,1,0,0,1,0,0,0,0,0,1,1,1,0,0,0,0,1,0,0,1,1,0,0,1,1,1,0,0,0,1,1,1,1,0,1,1,0,1,0,0,1,1,0,1,0,1,1,1,0,0,1,1,1,1,0,0,0,0,0,1,1,1,1,0,1,1,1,1,1,1,1,1,1,1,1,1,1,1,1,2,1,1,1,1,1,1,1,1,1,1,1,1,1,1,1,1,1,1,1,1,0,1,1,0,1,1,1,0,1,1,1,1,1,1,1,1,1,1,1,1,0,1,0,1,1,1,1,0,1,1,1,1,1,1,0,1,0,1,1,1,1,1,1,1,1,1,1,1,1,0,1,1,1,1,1,1,0,1,1,0,1,1,1,1,1,0,1,1,1,1,0,0,1,1,1,1
EPI_ISL_812870,0,0,0,0,0,0,0,0,0,0,0,0,0,0,0,0,0,0,0,0,0,0,0,0,0,0,0,0,0,0,0,0,0,0,0,0,0,0,0,0,0,0,0,0,0,0,0,0,0,0,0,0,0,0,0,0,0,0,0,0,0,0,0,0,0,0,0,0,0,0,0,0,0,0,0,0,0,0,0,0,0,0,0,0,0,0,0,0,0,0,0,0,0,0,0,0,0,0,0,0,0,0,0,0,0,0,0,0,0,0,0,0,0,0,0,0,0,0,0,0,0,0,0,0,0,0,0,0,0,0,0,0,0,0,0,0,0,0,0,0,0,0,0,0,0,0,0,0,0,0,0,0,0,0,0,0,0,0,0,0,0,0,0,0,0,0,0,0,0,0,0,0,0,0,0,0,0,0,0,0,0,0,0,0,0,0,0,0,0,0,0,0,0,0,0,0,0,0,0,0,0,0,0,0,0,0,0,0,0,0,0,0,0,0,0,0,0,0,0,0,0,0,0,0,0,0,0,0,0,0,0,0,0,0,0,0,0,0,0,0,0,0,0,0,0,0,0,0,0,0,0,0,0,0,0,0,0,0,0,0,0,0,0,0,0,0,0,0,0,0,0,0,0,0,0,0,0,0,0,0,0,0,0,0,0,0,0,0,0,0,0,0,0,0,0,0,0,0,0,0,0,0,0,0,0,0,0,0,0,0,0,0,0,0,0,0,0,0,0,0,0,0,0,0,0,0,0,0,0,0,0,0,0,0,0,0,0,0,0,0,0,0,0,0,0,0,0,0,0,0,0,0,0,0,0,0,0,0,0,0,0,0,0,0,0,0,0,0,0,0,0,0,0,0,0,0,0,0,0,0,0,0,0,0,0,0,0,0,0,0,0,0,0,0,0,0,0,0,0,0,0,0,0,0,0,0,0,0,0,0,0,0,0,0,0,0,0,0,0,0,0,0,0,0,0,0,0,0,0,0,0,0,0,0,0,0,0,0,0,0,0,0,0,0,0,0,0,0,0,0,0,0,0,0,0,0,0,0,0,0,0,0,0,0,0,0,0,0,0,0,0,0,0,0,0,0,0,0,0,0,0,0,0,0,0,0,0,0,0,0,0,0,0,0,0,0,0,0,0,0,0,0,0
EPI_ISL_812831,0,0,0,0,0,0,0,0,0,0,0,0,0,0,0,0,0,0,0,0,0,0,0,0,0,0,0,0,0,0,0,0,0,0,0,0,0,0,0,0,0,0,0,0,0,0,0,0,0,0,0,0,0,0,0,0,0,0,0,0,0,0,0,0,0,0,0,0,0,0,0,0,0,0,0,0,0,0,0,0,0,0,0,0,0,0,0,0,0,0,0,0,0,0,0,0,0,0,0,0,0,0,0,0,0,0,0,0,0,0,0,0,0,0,0,0,0,0,0,0,0,0,0,0,0,0,0,0,0,0,0,0,0,0,0,0,0,0,0,0,0,0,0,0,0,0,0,0,0,0,0,0,0,0,0,0,0,0,0,0,0,0,0,0,0,0,0,0,0,0,0,0,0,0,0,0,0,0,0,0,0,0,0,0,0,0,0,0,0,0,0,0,0,0,0,0,0,0,0,0,0,0,0,0,0,0,0,0,0,0,0,0,0,0,0,0,0,0,0,0,0,0,0,0,0,0,0,0,0,0,0,0,0,0,0,0,0,0,0,0,0,0,0,0,0,0,0,0,0,0,0,0,0,0,0,0,0,0,0,0,0,0,0,0,0,0,0,0,0,0,0,0,0,0,0,0,0,0,0,0,0,0,0,0,0,0,0,0,0,0,0,0,0,0,0,0,0,0,0,0,0,0,0,0,0,0,0,0,0,0,0,0,0,0,0,0,0,0,0,0,0,0,0,0,0,0,0,0,0,0,0,0,0,0,0,0,0,0,0,0,0,0,0,0,0,0,0,0,0,0,0,0,0,0,0,0,0,0,0,0,0,0,0,0,0,0,0,0,0,0,0,0,0,0,0,0,0,0,0,0,0,0,0,0,0,0,0,0,0,0,0,0,0,0,0,0,0,0,0,0,0,0,0,0,0,0,0,0,0,0,0,0,0,0,0,0,0,0,0,0,0,0,0,0,0,0,0,0,0,0,0,0,0,0,0,0,0,0,0,0,0,0,0,0,0,0,0,0,0,0,0,0,0,0,0,0,0,0,0,0,0,0,0,0,0,0,0,0,0,0,0,0,0,0,0,0,0,0,0,0,0,0,0,0,0,0,0,0,0,0,0,0,0,0,0,0,0,0,0,0,0,0,0
EPI_ISL_8189307,3,3,3,3,3,3,3,2,2,2,2,3,3,3,3,3,2,3,3,3,3,3,3,3,3,3,3,3,3,3,3,3,3,3,3,3,4,3,3,3,3,3,3,3,4,3,3,3,3,3,3,3,3,3,3,3,3,3,3,3,3,3,3,3,3,3,3,3,3,4,3,3,3,3,3,3,4,4,3,4,4,4,3,4,4,4,4,3,3,4,3,3,3,3,3,3,3,4,4,3,3,1,3,3,3,2,3,3,4,3,3,3,3,3,3,3,4,3,3,3,3,4,4,4,3,3,3,3,3,3,3,3,3,3,3,3,3,3,3,3,3,3,3,3,3,3,3,3,3,3,3,3,3,3,3,0,3,3,3,3,3,3,3,3,3,3,3,3,3,3,3,4,3,3,3,3,2,3,2,2,3,3,3,3,3,3,1,3,3,6,3,3,4,3,3,3,0,5,3,3,3,3,4,3,1,3,1,4,1,3,3,3,3,3,1,3,3,3,2,3,3,3,3,3,3,2,3,3,2,2,3,3,3,3,3,3,3,3,3,3,4,3,7,4,7,4,7,3,3,3,3,5,3,7,7,3,4,6,3,5,6,3,4,3,3,3,3,3,3,3,3,3,3,3,5,3,3,5,3,2,3,3,3,3,4,3,5,4,3,3,3,3,3,4,4,3,4,4,4,4,3,3,3,4,3,4,4,4,6,3,3,3,4,5,3,4,3,1,6,3,5,4,5,2,1,2,1,5,1,0,3,2,0,1,1,0,3,17,3,2,1,0,0,0,0,0,5,3,0,0,4,3,4,0,2,0,3,2,4,4,1,3,5,1,3,0,2,3,3,0,3,0,4,3,3,1,0,3,3,4,3,1,0,0,0,1,3,3,3,6,2,4,3,4,7,7,5,7,7,3,3,7,3,3,7,3,3,6,3,3,7,3,6,3,3,5,5,3,3,4,5,6,5,3,6,3,4,0,3,4,0,3,3,6,2,3,3,3,3,3,3,7,5,5,3,3,5,0,3,3,4,3,5,5,3,5,3,5,3,4,4,3,5,4,3,5,5,3,3,3,3,3,3,3,3,3,1,3,3,3,3,5,5,3,3,3,1,4,3,4,5,3,3,3,5,5,3,0,0,5,3,5,5
EPI_ISL_812811,0,0,0,0,0,0,0,0,0,0,0,0,0,0,0,0,0,0,0,0,0,0,0,0,0,0,0,0,0,0,0,0,0,0,0,0,0,0,0,0,0,0,0,0,0,0,0,0,0,0,0,0,0,0,0,0,0,0,0,0,0,0,0,0,0,0,0,0,0,0,0,0,0,0,0,0,0,0,0,1,0,0,0,0,0,0,0,0,0,0,0,0,0,0,0,0,0,0,0,0,0,0,0,0,0,0,0,0,0,0,0,0,0,0,0,0,0,0,0,0,0,0,0,0,0,0,0,0,0,0,0,0,0,0,0,0,0,0,0,0,0,0,0,0,0,0,0,0,0,0,0,0,0,0,0,0,0,0,0,0,0,0,0,0,0,0,0,0,0,0,0,0,0,0,0,0,0,0,0,0,0,0,0,0,0,0,0,0,0,0,0,0,0,0,0,0,0,0,0,0,0,0,0,0,0,0,0,0,0,0,0,0,0,0,0,0,0,0,0,0,0,0,0,0,0,0,0,0,0,0,0,0,0,0,0,0,0,0,0,0,0,0,0,0,0,0,0,0,0,0,0,0,0,0,0,0,0,0,0,0,0,0,0,0,0,0,0,0,0,0,0,0,0,0,0,0,0,0,0,0,0,0,0,0,0,0,0,0,0,0,0,0,0,0,0,0,0,0,0,0,0,0,0,0,0,0,0,0,0,0,0,0,0,0,0,0,0,0,0,0,0,0,0,0,0,0,0,0,0,0,0,0,0,0,0,0,0,0,0,0,0,0,0,0,0,0,0,0,0,0,0,0,0,0,0,0,0,0,0,0,1,0,0,0,0,0,0,0,0,0,0,0,0,0,0,0,0,0,0,0,0,0,0,0,0,0,0,0,0,0,0,0,0,0,0,0,0,0,0,0,0,0,0,0,0,0,0,0,0,0,0,0,0,0,0,0,0,0,0,0,0,0,0,0,0,0,0,0,0,0,0,0,0,0,0,0,0,0,0,0,0,0,0,0,0,0,0,0,0,0,0,0,0,0,0,0,0,0,0,0,0,0,0,0,0,0,0,0,0,0,0,0,0,0,0,0,0,0,0,0,0,0,0,0,0,0,0,0,0,0,0,0,0,0,0,0,0,0,0,0,0,0,0
EPI_ISL_529142,0,0,0,0,0,0,0,0,0,0,0,0,0,0,0,0,0,0,0,0,0,0,0,0,0,0,0,0,0,0,0,0,0,0,0,0,0,0,0,0,0,0,0,0,0,0,0,0,0,0,0,0,0,0,0,0,0,0,0,0,0,0,0,0,0,0,0,0,0,0,0,0,0,0,0,0,0,0,0,0,0,0,0,0,0,0,0,0,0,0,0,0,0,0,0,0,0,0,0,0,0,0,0,0,0,0,0,0,0,0,0,0,0,0,0,0,0,0,0,0,0,0,0,0,0,0,0,0,0,0,0,0,0,0,0,0,0,0,0,0,0,0,0,0,0,0,0,0,0,0,0,0,0,0,0,0,0,0,0,0,0,0,0,0,0,0,0,0,0,0,0,0,0,0,0,0,0,0,0,0,0,0,0,0,0,0,6,0,0,1,0,0,0,0,0,0,0,0,0,0,0,0,0,0,6,0,2,2,5,0,0,0,0,0,7,0,0,0,0,0,1,0,0,0,0,0,0,0,0,0,0,0,0,1,0,0,0,0,0,0,0,1,0,0,0,0,0,0,0,0,0,0,0,0,0,0,0,0,0,0,0,0,0,0,0,0,0,0,0,0,0,0,1,0,0,0,1,0,0,2,0,0,1,1,0,0,0,0,0,0,0,0,0,0,0,0,0,0,0,0,0,0,0,0,0,0,0,0,0,0,0,0,0,0,0,0,0,0,0,0,0,0,0,0,0,0,0,0,0,0,0,0,0,0,7,0,0,0,0,0,0,0,0,0,0,0,0,0,0,0,0,0,0,0,0,0,0,0,1,0,0,0,0,0,0,0,0,0,0,0,0,0,0,0,0,0,0,0,0,0,0,0,5,0,0,0,0,0,0,0,0,0,0,0,0,0,0,0,0,0,0,0,0,0,0,0,0,0,0,0,0,0,0,0,0,0,0,0,0,0,0,0,0,0,0,0,0,0,0,0,0,0,0,0,0,0,0,0,0,0,0,0,0,0,0,0,0,7,0,0,0,0,0,0,0,0,0,0,0,0,0,0,0,0,0,0,0,0,0,0,0,0,0,0,0,0,0,0,0,0,0,0,0,0,0,0,0,0,0,0,0,0,0,0,0,0,0,4,0,0,0,0,0
EPI_ISL_529141,3,3,3,3,3,3,3,2,2,2,2,3,3,3,3,3,2,3,3,3,3,3,3,3,3,3,3,3,3,3,3,3,3,3,3,3,3,3,3,3,3,3,3,3,3,3,3,3,3,3,3,3,3,3,3,3,3,3,3,3,3,3,3,3,3,3,3,3,3,4,3,3,3,3,3,3,4,4,3,4,4,4,3,4,4,4,4,3,3,4,4,3,3,3,3,3,3,4,4,3,3,1,3,3,3,2,3,3,4,3,3,3,3,3,3,3,4,3,3,3,3,4,4,4,3,3,3,3,3,3,3,3,3,3,3,3,3,3,3,3,3,3,3,3,3,3,3,3,3,3,3,3,3,3,3,0,3,3,3,3,3,3,3,3,3,3,3,3,3,3,3,4,3,3,3,3,2,3,2,2,3,3,3,3,3,3,0,3,3,5,3,3,3,3,3,3,0,5,3,3,3,3,4,3,0,3,1,3,0,3,3,3,3,3,1,3,3,3,2,3,3,3,3,3,3,2,3,3,2,2,3,3,3,3,3,3,3,3,3,3,4,3,5,4,5,4,5,3,3,3,3,5,3,5,5,3,4,5,3,5,5,3,3,3,3,3,3,3,3,3,3,3,3,3,5,3,3,5,3,2,3,3,3,3,3,3,5,4,3,3,3,3,3,4,4,3,4,4,4,4,3,3,3,4,3,4,4,4,5,3,3,3,4,5,3,4,3,1,5,3,4,3,4,1,1,2,1,3,1,0,3,2,0,1,0,0,3,5,3,2,1,0,0,5,0,0,0,3,0,0,4,3,3,0,2,0,3,2,3,3,1,3,4,1,3,0,2,3,3,0,3,0,4,3,3,1,0,3,3,3,3,1,0,0,0,1,3,3,3,5,2,4,3,4,5,5,5,5,5,3,3,5,3,3,5,3,3,5,3,3,5,3,5,3,3,5,5,3,3,4,5,5,5,3,5,3,4,0,3,3,0,3,3,5,2,3,3,3,3,3,3,5,5,5,3,3,5,0,3,3,4,3,5,5,3,5,3,5,3,4,4,3,5,4,3,5,5,3,4,3,3,3,3,3,3,3,1,3,3,3,3,5,5,2,3,3,1,4,3,4,5,3,3,3,5,4,3,0,0,5,3,5,5
EPI_ISL_1109624,7,7,7,7,7,7,7,6,6,6,6,7,7,8,8,9,7,8,9,9,10,3,3,3,3,3,3,3,3,3,3,3,3,3,3,12,10,13,13,3,3,13,3,3,10,13,13,13,3,3,3,13,6,3,3,3,3,3,3,3,3,3,3,3,3,3,3,3,3,3,3,3,3,3,3,3,3,3,3,3,3,4,3,3,4,3,3,3,3,3,3,3,4,3,3,3,3,3,3,3,3,1,3,3,3,2,3,3,3,3,3,3,3,3,3,3,3,3,3,3,3,3,3,3,3,3,3,3,3,3,3,3,3,13,3,3,3,3,3,3,3,3,3,3,3,3,3,3,3,6,12,6,12,13,11,0,12,12,12,13,12,13,12,13,13,13,13,12,12,6,13,13,13,6,6,12,11,13,12,9,12,12,10,13,11,11,0,11,12,3,12,6,10,12,13,10,0,3,13,12,13,13,6,11,0,11,6,10,0,6,13,13,12,6,0,13,13,6,12,12,12,12,12,6,13,12,12,13,11,11,13,6,12,11,12,12,12,13,6,14,3,11,3,3,3,3,3,3,3,3,3,3,13,3,3,3,3,3,3,3,3,3,7,14,14,14,14,14,13,14,6,13,13,14,3,14,11,3,6,1,13,13,11,11,14,13,3,3,13,2,23,13,13,3,3,14,3,3,3,3,14,14,14,3,14,3,3,3,3,14,3,13,3,3,14,13,13,1,4,14,3,13,2,1,4,5,8,6,2,0,13,9,0,0,0,2,14,3,13,5,1,0,0,3,0,0,3,0,0,0,3,8,10,0,11,0,14,11,11,13,6,12,2,5,14,6,2,13,12,0,14,0,3,14,14,6,4,12,6,10,10,0,0,2,1,0,14,13,12,3,1,3,13,3,3,3,3,3,3,6,13,3,13,13,3,3,3,4,6,6,3,13,3,2,6,3,3,14,14,3,3,3,3,3,3,3,3,0,13,2,2,12,13,3,1,14,6,14,14,6,14,3,3,3,6,14,3,0,3,2,3,3,3,3,2,3,3,3,3,3,3,2,3,2,3,3,3,13,6,13,14,14,14,14,3,14,4,10,13,11,13,3,3,2,3,2,1,3,6,3,3,3,2,3,3,3,3,1,3,3,12,3,3
EPI_ISL_812845,0,0,0,0,0,0,0,0,0,0,0,0,0,0,0,0,0,0,0,0,0,0,0,0,0,0,0,0,0,0,0,0,0,0,0,0,0,0,0,0,0,0,0,0,0,0,0,0,0,0,0,0,0,0,0,0,0,0,0,0,0,0,0,0,0,0,0,0,0,0,0,0,0,0,0,0,0,0,0,0,0,0,0,0,0,0,0,0,0,0,0,0,0,0,0,0,0,0,0,0,0,0,0,0,0,0,0,0,0,0,0,0,0,0,0,0,0,0,0,0,0,0,0,0,0,0,0,0,0,0,0,0,0,0,0,0,0,0,0,0,0,0,0,0,0,0,0,0,0,0,0,0,0,0,0,0,0,0,0,0,0,0,0,0,0,0,0,0,0,0,0,0,0,0,0,0,0,0,0,0,0,0,0,0,0,0,0,0,0,0,0,0,0,0,0,0,0,0,0,0,0,0,0,0,0,0,0,0,0,0,0,0,0,0,0,0,0,0,0,0,0,0,0,0,0,0,0,0,0,0,0,0,0,1,0,0,0,0,0,0,0,0,0,0,0,0,0,0,0,0,0,0,0,0,0,0,0,0,0,0,0,0,0,0,0,0,0,0,0,0,0,0,0,0,0,0,0,0,0,0,0,0,0,0,0,0,0,0,0,0,0,0,0,0,0,0,0,0,0,0,0,0,0,0,0,0,0,0,0,0,0,0,0,0,0,0,0,0,0,0,0,0,0,0,0,0,0,0,0,0,0,0,0,0,0,0,0,0,0,0,0,0,0,0,0,0,0,0,0,0,0,0,0,0,0,0,0,0,0,0,0,0,0,0,0,0,0,0,0,0,0,0,0,0,0,0,0,0,0,0,0,0,0,0,0,0,0,0,0,0,0,0,0,0,0,0,0,0,0,0,0,0,0,0,0,0,0,0,0,0,0,0,0,0,0,0,0,0,0,0,0,0,0,0,0,0,0,0,0,0,0,0,0,0,0,0,0,0,0,0,0,0,0,0,0,0,0,0,0,0,0,0,0,0,0,0,0,0,0,0,0,0,0,0,0,0,0,0,0,0,0,0,0,0,0,0,0,0,0,0,0,0,0,0,0,0,0,0,0,0,0,0,0,0,0,0,0,0,0,0,0,0,0
EPI_ISL_812871,0,0,0,0,0,0,0,0,0,0,0,0,0,0,0,0,0,0,0,0,0,0,0,0,0,0,0,0,0,0,0,0,0,0,0,0,0,0,0,0,0,0,0,0,0,0,0,0,0,0,0,0,0,0,0,0,1,0,0,0,0,0,0,0,0,0,0,0,0,0,0,0,0,0,0,0,0,0,0,0,0,0,0,0,0,0,0,0,0,0,0,0,0,0,0,0,0,0,0,0,0,0,0,0,0,0,0,0,0,0,0,0,0,0,0,0,0,0,0,0,0,0,0,0,0,0,0,0,0,0,2,0,0,0,0,0,0,0,0,0,0,0,0,0,0,0,0,0,0,0,0,0,0,0,0,0,0,0,0,0,0,0,0,0,0,0,0,0,0,0,0,0,0,0,0,0,0,0,0,0,0,0,0,0,0,0,0,0,0,0,0,0,0,0,0,0,0,0,0,0,0,1,0,0,0,0,0,0,0,0,0,0,0,0,0,0,0,0,0,0,0,1,0,0,0,0,0,0,0,0,0,0,0,0,0,0,0,0,0,0,0,0,0,0,0,0,0,0,0,0,0,0,0,0,0,0,0,0,0,0,0,0,0,0,0,0,0,0,0,0,0,0,0,0,0,0,0,0,0,0,0,0,0,0,0,0,0,0,0,0,0,0,0,0,0,0,0,0,0,0,0,0,0,0,0,0,0,0,0,0,0,0,0,0,0,0,0,0,0,0,0,0,0,0,0,0,0,0,0,0,0,0,0,0,0,0,0,0,0,0,0,0,0,0,0,0,0,0,0,0,0,0,0,0,0,0,0,0,0,0,0,0,0,1,0,0,0,0,0,0,0,0,0,0,0,0,0,0,0,0,0,0,0,0,0,0,0,0,0,0,0,0,0,0,0,0,0,0,0,0,0,0,0,0,0,0,0,0,0,0,0,0,0,0,0,0,0,0,0,0,0,0,0,0,0,0,0,0,0,0,0,0,0,0,0,0,0,0,0,0,0,0,0,0,0,0,0,0,0,0,0,0,0,0,0,0,0,0,0,0,0,0,0,0,0,0,0,0,0,0,0,0,0,0,0,0,0,0,0,0,0,0,0,0,0,0,0,0,0,0,0,0,0,0,0,0,0,0,0,0,0,0,0
EPI_ISL_812849,3,3,3,3,3,3,3,2,2,2,2,3,3,3,3,3,2,3,3,3,3,3,3,3,3,3,3,3,3,3,3,3,3,3,3,3,3,3,3,3,3,3,3,3,3,3,3,3,3,3,3,3,3,3,3,3,3,3,3,3,3,3,3,3,3,3,3,3,3,3,3,3,3,3,3,3,3,3,3,3,3,3,3,3,3,3,3,3,3,3,3,3,3,3,3,3,3,3,3,3,3,1,3,3,3,2,3,3,3,3,3,3,3,3,3,3,3,3,3,3,3,3,3,3,3,3,3,3,3,3,3,3,3,3,3,3,3,3,3,3,3,3,3,3,3,3,3,3,3,3,3,3,3,3,2,0,3,3,3,3,3,3,3,3,3,3,3,3,3,3,3,3,3,3,3,3,2,3,2,2,3,3,3,3,3,3,0,3,3,4,3,3,3,3,3,3,0,4,3,3,3,3,3,3,0,3,1,3,0,3,3,3,3,3,0,3,3,3,2,3,3,3,3,3,3,2,3,3,2,2,3,3,3,3,3,3,3,3,3,3,8,3,4,5,4,5,4,3,3,3,3,4,3,4,4,3,3,4,3,4,4,3,3,3,3,3,3,3,3,3,3,3,3,3,4,3,3,4,4,2,3,3,3,3,3,3,4,7,3,3,3,3,3,4,5,3,5,5,5,5,3,3,3,5,3,5,5,5,4,3,3,3,4,4,3,4,3,1,4,3,3,3,3,1,1,2,1,3,1,0,3,2,0,2,0,0,3,4,3,2,1,0,0,4,0,0,4,3,0,0,0,2,3,0,2,0,3,2,3,3,1,3,3,1,3,0,2,3,3,0,3,0,4,3,3,1,0,3,3,3,3,1,0,0,0,1,3,3,3,4,3,5,3,4,4,4,4,4,4,3,3,4,3,3,4,4,3,4,3,3,4,3,4,4,3,4,4,3,3,5,4,4,4,3,4,3,5,0,3,2,0,3,3,4,2,3,3,3,3,3,3,4,4,4,3,3,4,0,3,3,5,3,4,4,3,4,3,4,3,5,5,3,4,3,3,4,4,3,3,3,3,3,3,3,3,3,1,3,3,3,3,4,4,2,3,4,1,5,3,5,4,3,3,3,4,5,3,0,0,4,3,4,4
EPI_ISL_812825,5,5,5,5,5,5,5,4,4,4,4,5,5,6,6,7,6,6,7,7,7,2,2,2,2,2,2,2,2,2,2,2,2,2,2,8,7,8,8,2,2,8,2,2,7,8,8,8,2,2,2,8,5,2,2,2,2,2,2,2,2,2,2,2,2,2,2,2,2,3,2,2,2,2,2,2,3,3,2,3,3,3,2,3,3,3,3,2,2,3,2,2,2,2,2,2,2,3,3,2,2,1,2,2,2,2,2,2,3,2,2,2,2,2,2,2,3,2,2,2,2,3,3,3,2,2,2,2,2,2,2,2,2,8,2,2,2,2,2,2,2,2,2,2,2,2,2,2,2,5,8,5,8,8,8,0,8,8,8,8,8,8,8,8,8,8,8,8,8,5,8,9,8,5,5,8,7,8,7,5,8,8,6,8,8,8,0,7,8,3,8,5,6,8,8,7,0,4,8,8,8,8,6,8,0,8,4,7,0,5,8,8,8,5,0,8,8,5,7,8,8,8,8,5,8,7,8,8,7,7,8,5,8,7,8,8,8,8,5,8,2,7,3,2,3,2,3,2,2,2,2,4,8,3,3,3,3,3,2,4,3,2,6,8,8,8,8,8,8,8,5,8,8,8,4,8,7,4,5,1,8,8,7,7,8,8,4,2,8,1,8,8,8,2,2,8,2,2,2,2,8,8,8,2,8,2,2,2,3,8,2,8,2,3,8,8,8,0,4,8,3,8,2,1,2,6,6,5,1,0,8,5,0,0,0,0,8,3,8,6,1,0,0,3,0,0,3,8,0,0,2,0,6,0,7,0,8,7,7,8,4,7,3,3,8,4,1,8,7,0,8,0,2,8,8,5,1,7,5,6,4,1,0,0,1,0,8,8,7,3,0,2,12,2,3,3,4,3,3,5,8,3,8,8,3,2,2,4,5,5,3,8,3,2,5,4,4,8,8,2,4,3,4,2,3,2,2,0,13,3,0,7,8,3,1,8,5,8,8,5,8,3,4,3,5,8,3,0,2,1,2,2,3,3,1,3,2,3,2,2,2,1,3,3,2,4,4,8,5,8,8,8,8,8,2,8,4,6,8,7,8,3,3,1,2,2,1,2,5,2,3,2,1,2,3,2,2,0,3,3,7,3,3
EPI_ISL_812809,6,6,6,6,6,6,6,5,5,5,5,6,6,6,6,7,5,6,7,7,7,3,3,3,3,3,3,3,3,3,3,3,3,3,3,10,9,10,10,3,3,10,3,3,9,10,10,10,3,3,3,10,6,3,3,3,3,3,3,4,3,3,3,3,3,3,3,3,3,3,3,3,3,3,3,3,3,3,3,3,3,3,3,3,3,3,3,3,3,3,3,3,3,3,3,3,3,3,3,3,3,1,3,3,3,2,3,4,3,3,3,3,3,3,3,3,3,3,3,3,3,3,3,3,3,3,3,3,3,3,3,3,3,10,3,3,3,3,3,3,3,3,3,3,3,3,3,3,3,6,10,6,10,10,9,0,10,10,10,10,10,10,10,10,10,10,10,10,10,6,10,10,10,6,6,10,10,10,9,9,10,10,10,10,9,9,0,10,10,3,10,6,10,10,10,9,0,3,10,10,10,10,6,9,0,9,4,7,0,6,10,10,10,6,0,10,10,6,9,10,10,10,10,6,10,9,10,10,9,9,10,6,10,10,10,10,10,10,6,10,3,10,3,3,3,3,3,3,3,3,3,3,10,3,3,3,3,3,3,3,3,3,6,10,10,10,10,10,10,10,6,10,10,10,3,10,10,3,6,1,10,10,10,10,10,10,3,3,10,2,10,10,10,3,3,10,3,3,3,3,10,10,10,3,10,3,3,3,3,10,3,10,3,3,10,10,10,1,3,10,3,10,2,1,2,3,6,6,2,0,10,8,0,0,0,2,10,4,10,3,1,0,0,4,0,0,3,10,0,0,3,6,0,0,9,0,10,8,10,10,6,10,2,3,10,3,2,10,10,0,10,0,3,10,10,5,2,10,6,10,7,0,0,0,0,0,10,10,10,3,1,3,10,3,3,3,3,3,3,6,10,3,10,10,3,3,3,3,6,6,3,10,3,2,6,3,3,10,10,3,3,3,3,3,3,3,3,0,10,2,2,9,10,3,1,10,6,10,10,6,10,3,3,3,6,10,3,0,3,2,3,3,3,3,2,3,3,3,3,3,3,2,3,2,3,3,3,10,6,10,10,10,10,10,3,10,4,10,10,10,10,3,3,2,3,2,1,3,6,3,3,3,2,3,3,3,3,1,3,3,10,3,3
EPI_ISL_812859,0,0,0,0,0,0,0,0,0,0,0,0,0,0,0,0,0,0,0,0,0,0,0,0,0,0,0,0,0,0,0,0,0,0,0,0,0,0,0,0,0,0,0,0,0,0,0,0,0,0,0,0,0,0,0,0,0,0,0,0,0,0,0,0,0,0,0,0,0,0,0,0,0,0,0,0,0,0,0,0,0,0,0,0,0,0,0,0,0,0,0,0,0,0,0,0,0,0,0,0,0,0,0,0,0,0,0,0,0,0,0,0,0,0,0,0,0,0,0,0,0,0,0,0,0,0,0,0,0,0,0,0,0,0,0,0,0,0,0,0,0,0,0,0,0,0,0,0,0,0,0,0,0,0,0,0,0,0,0,0,0,0,0,0,0,0,0,0,0,0,0,0,0,0,0,0,0,0,0,0,0,0,0,0,0,0,0,0,0,0,0,0,0,0,0,0,0,0,0,0,0,0,0,0,0,0,0,0,0,0,0,0,0,0,0,0,0,0,0,0,0,0,0,0,0,0,0,0,0,0,0,0,0,0,0,0,0,0,0,0,0,0,0,0,0,0,0,0,0,0,0,0,0,0,0,0,0,0,0,0,0,0,0,0,0,0,0,0,0,0,0,0,0,0,0,0,0,0,0,0,0,0,0,0,0,0,0,0,0,0,0,0,0,0,0,0,0,0,0,0,0,0,0,0,0,0,0,0,0,0,0,0,1,0,0,0,0,0,0,0,0,0,0,0,0,0,0,0,0,0,0,0,0,0,0,0,0,0,0,0,0,0,0,0,0,0,0,0,0,0,0,0,0,0,0,0,0,0,0,0,0,0,0,0,0,0,0,0,0,0,0,0,0,0,0,0,0,0,0,0,0,0,0,0,0,0,0,0,0,0,0,0,0,0,0,0,0,0,0,0,0,0,0,0,0,0,0,0,0,0,0,0,0,0,0,0,0,0,0,0,0,0,0,0,0,0,0,0,0,0,0,0,0,0,0,0,0,0,0,0,0,0,0,0,0,0,0,0,0,0,0,0,0,0,0,0,0,0,0,0,0,0,0,0,0,0,0,0,0,0,0,0,0,0,0,0,0,0,0,0,0,0,0,0,0,0,0,0,0,0,0,0,0,0,0,0,0,0,0,0,0,0,0
EPI_ISL_812864,5,5,5,5,5,5,5,4,4,4,4,5,5,6,6,8,5,6,8,7,8,2,2,2,2,2,2,2,2,2,2,2,2,2,2,13,11,13,13,3,2,13,3,3,11,13,13,13,2,2,2,14,5,2,2,2,2,2,2,2,2,2,2,2,2,3,2,2,2,2,2,2,2,2,2,2,3,2,2,2,2,2,2,2,2,2,2,2,2,2,2,2,2,2,2,2,2,2,2,2,2,0,2,2,2,1,2,2,2,2,2,2,2,2,2,2,2,2,2,2,2,2,2,2,2,2,2,2,2,2,2,2,2,14,2,2,2,2,2,2,2,2,2,2,2,2,2,2,2,5,14,5,14,14,13,0,14,14,14,14,14,14,14,14,14,15,14,14,14,5,14,14,14,6,5,14,13,14,13,8,14,14,9,14,13,12,0,12,13,2,13,5,9,13,13,11,0,2,14,14,14,14,5,13,0,12,8,8,0,5,11,13,12,5,0,14,14,5,13,14,14,14,14,5,14,13,14,14,13,13,14,5,14,10,14,14,14,14,6,11,2,10,2,2,2,2,2,2,2,2,2,2,14,2,2,2,2,2,2,2,2,2,6,11,11,11,11,11,13,11,5,14,14,11,2,11,10,2,5,1,14,13,10,10,11,14,2,2,14,2,11,11,11,2,2,11,2,2,2,2,11,11,11,2,11,2,2,2,2,11,2,13,2,2,11,11,12,1,3,11,2,14,2,1,3,4,8,5,2,0,14,9,0,0,0,4,11,2,13,5,0,0,0,2,0,0,2,11,0,0,2,7,9,0,0,0,11,8,10,14,6,10,1,4,11,4,2,14,10,0,11,0,2,11,11,6,3,10,5,9,7,0,0,1,1,0,11,14,10,2,1,2,11,2,2,2,2,2,2,5,13,2,13,13,2,2,2,3,5,5,2,14,2,1,5,2,2,11,11,2,2,2,2,2,2,2,2,0,11,1,2,10,14,2,1,11,5,11,11,5,11,2,2,2,5,11,2,0,2,2,2,2,2,2,2,2,2,2,2,2,2,2,2,2,2,2,2,14,5,11,11,11,11,11,2,11,4,9,14,10,13,2,2,2,2,1,1,2,5,2,2,2,2,2,2,2,3,1,3,2,10,2,2
EPI_ISL_812861,0,0,0,0,0,0,0,0,0,0,0,0,0,0,0,0,0,0,0,0,0,0,0,0,0,0,0,0,0,0,0,0,0,0,0,0,0,0,0,0,0,0,0,0,0,0,0,0,0,0,0,0,0,0,0,0,0,0,0,0,0,0,0,0,0,0,0,0,0,0,0,0,0,0,0,0,0,0,0,0,0,0,0,0,0,0,0,0,0,0,0,0,0,0,0,0,0,0,0,0,0,0,0,0,0,0,0,0,0,0,0,0,0,0,0,0,0,0,0,0,0,0,0,0,0,0,0,0,0,0,0,0,0,0,0,0,0,0,0,0,0,0,0,0,0,0,0,0,0,0,0,0,0,0,0,0,0,0,0,0,0,0,0,0,0,0,0,0,0,0,0,0,0,0,0,0,0,0,0,0,0,0,0,0,0,0,0,0,0,0,0,0,0,0,0,0,0,0,0,0,0,0,0,0,0,0,0,0,0,0,0,0,0,0,0,0,0,0,0,0,0,0,0,0,0,0,0,0,0,0,0,0,0,0,0,0,0,0,0,0,0,0,0,0,0,0,0,0,0,0,0,0,0,0,0,0,0,0,0,0,0,0,0,0,0,0,0,0,0,0,0,0,0,0,0,0,0,0,0,0,0,0,0,0,0,0,0,0,0,0,0,0,0,0,0,0,0,0,0,0,0,0,0,0,0,0,0,0,0,0,0,0,0,0,0,0,0,0,0,0,0,0,0,0,0,0,0,0,0,0,0,0,0,0,0,0,0,0,0,0,0,0,0,0,0,0,0,0,0,0,0,0,0,0,0,0,0,0,0,0,0,0,0,0,0,0,0,0,0,0,0,0,0,0,0,0,0,0,0,0,0,0,0,0,0,0,0,0,0,0,0,0,0,0,0,0,0,0,0,0,0,0,0,0,0,0,0,0,0,0,0,0,0,0,0,0,0,0,0,0,0,0,0,0,0,0,0,0,0,0,0,0,0,0,0,0,0,0,0,0,0,0,0,0,0,0,0,0,0,0,0,0,0,0,0,0,0,0,0,0,0,0,0,0,0,0,0,0,0,0,0,0,0,0,0,0,0,0,0,0,0,0,0,0,0,0,0,0,0,0,0,0,0,0,0,0,0,0,0,0,0,0,0
EPI_ISL_812816,6,6,6,6,6,6,6,5,5,5,5,6,6,7,7,8,6,7,8,8,9,3,3,3,3,3,3,3,3,3,3,3,3,3,3,12,10,13,13,3,3,13,3,3,10,13,13,13,3,3,3,13,6,3,3,3,3,3,3,3,3,3,3,3,3,3,3,3,3,3,3,3,3,3,3,3,3,3,3,3,3,4,3,3,3,3,3,3,3,3,3,3,4,3,3,3,3,3,3,3,3,1,3,3,3,2,3,3,3,3,3,3,3,3,3,3,3,3,3,3,3,3,3,3,3,3,3,3,3,3,3,3,3,13,3,3,3,3,3,3,3,3,3,3,3,3,3,3,3,6,12,6,12,13,11,0,12,12,12,13,12,13,12,13,13,13,13,12,12,6,13,13,13,6,6,12,11,13,12,9,12,12,10,13,11,11,0,11,12,3,12,6,10,12,13,10,0,3,13,12,13,13,6,11,0,11,6,10,0,6,13,13,12,6,0,13,13,6,12,12,12,12,12,6,13,12,12,13,11,11,13,6,12,11,12,12,12,13,6,14,3,11,3,3,3,3,3,3,3,3,3,3,13,3,3,3,3,3,3,3,3,3,7,14,14,14,14,14,13,14,6,13,14,14,3,14,11,3,6,1,13,13,11,11,14,13,3,3,13,2,14,13,13,4,3,14,3,3,3,3,14,14,14,3,14,3,3,3,3,14,3,13,3,3,14,13,13,1,4,14,3,13,2,1,4,5,8,6,2,0,13,9,0,0,0,2,14,3,13,5,1,0,0,3,0,0,3,14,0,0,3,8,10,0,11,0,0,11,11,13,6,12,2,5,14,6,2,13,12,0,14,0,3,14,14,7,4,12,6,10,10,0,0,1,1,0,14,13,12,3,1,3,13,3,3,3,3,3,3,6,13,3,13,13,3,3,3,4,6,6,3,13,3,2,6,3,3,14,14,3,3,3,3,3,3,3,3,0,13,2,2,12,13,3,1,14,6,14,14,6,14,3,3,3,6,14,3,0,3,2,3,3,3,3,2,3,3,3,3,3,3,2,3,2,3,3,3,13,6,13,14,14,14,14,3,14,4,10,13,11,13,3,3,2,3,2,1,3,6,3,3,3,2,3,3,3,3,1,3,3,12,3,3
EPI_ISL_812824,5,5,5,5,5,5,5,4,4,4,4,5,5,5,5,6,5,5,6,6,7,2,2,2,2,2,2,2,2,2,2,2,2,2,2,9,8,10,10,2,2,10,2,2,8,10,10,10,2,2,2,10,5,2,2,2,2,2,2,2,2,2,2,2,2,2,2,2,2,2,2,2,2,2,2,2,2,2,2,2,2,3,2,2,2,2,2,2,2,2,2,2,3,2,2,2,2,2,2,2,2,1,2,2,2,2,2,2,2,2,2,2,2,2,2,2,2,2,2,2,2,2,2,2,2,2,2,2,2,2,2,2,2,10,2,2,2,2,2,2,2,2,2,2,2,2,2,2,2,5,9,5,9,10,8,0,9,9,9,10,9,10,9,10,10,10,10,9,9,5,10,10,10,5,5,9,8,10,9,7,9,9,8,10,9,9,0,8,9,2,9,5,8,9,10,8,0,2,10,9,10,10,5,9,0,9,5,8,0,5,10,10,9,5,0,10,10,5,9,9,9,9,9,5,10,9,9,10,8,8,10,5,9,8,9,9,9,10,5,12,2,8,2,2,2,2,2,2,2,2,2,2,10,2,2,2,2,2,2,2,2,2,6,11,11,11,11,11,10,11,5,10,10,11,2,11,8,2,5,1,10,10,8,8,11,10,2,2,10,1,11,10,10,2,2,11,2,2,2,2,12,12,12,2,11,2,2,2,2,11,2,10,2,2,11,10,10,0,3,11,2,10,1,1,3,4,7,5,1,0,10,6,0,0,0,1,11,2,10,3,1,0,0,2,0,0,2,11,0,0,2,7,8,0,8,0,11,0,8,10,4,9,2,5,11,5,1,10,9,0,11,0,2,11,11,4,4,9,5,8,8,0,0,1,0,0,11,10,9,2,0,2,10,2,2,2,2,2,2,5,10,2,10,10,2,2,2,3,5,5,2,10,2,2,5,2,2,11,11,2,2,2,2,2,2,2,2,0,10,2,1,9,10,2,1,11,5,11,11,5,11,2,2,2,5,11,2,0,2,1,2,2,2,2,1,2,2,2,2,2,2,1,2,1,2,2,2,10,5,10,11,11,11,11,2,11,4,8,10,8,10,2,2,1,2,2,1,2,5,2,2,2,1,2,2,2,2,0,3,2,9,2,2
EPI_ISL_812808,6,6,6,6,6,6,6,5,5,5,5,6,6,7,7,8,6,7,8,8,8,3,3,3,3,3,3,3,3,3,3,3,3,3,3,11,10,11,11,3,3,11,3,3,10,11,11,11,3,3,3,11,6,3,3,3,3,3,3,3,3,3,3,3,3,3,3,3,3,3,3,3,3,3,3,3,3,3,3,3,3,3,3,3,3,3,3,3,3,3,3,3,3,3,3,3,3,3,3,3,3,1,3,3,3,2,3,3,3,3,3,3,4,3,3,3,3,3,3,3,3,3,3,3,3,3,3,3,3,3,3,3,3,11,3,3,3,3,3,3,3,3,3,3,3,3,3,3,3,6,11,6,11,11,10,0,11,12,11,11,11,11,11,11,11,11,11,11,11,6,11,11,11,6,6,11,10,11,10,9,11,11,10,11,10,10,1,11,11,4,11,6,10,11,11,10,0,3,11,11,11,11,6,10,1,10,5,8,0,6,11,11,11,6,1,11,11,6,10,11,12,11,11,6,11,10,11,11,10,10,11,6,11,12,11,11,11,11,6,11,3,12,4,3,3,3,3,3,3,3,3,3,11,3,3,3,3,3,3,3,3,3,6,11,11,11,11,11,11,11,6,11,11,11,3,11,12,3,6,1,11,11,12,12,11,11,3,3,11,2,11,11,11,3,3,11,3,3,3,3,11,11,11,3,11,3,3,3,3,11,3,11,3,3,11,11,11,1,3,11,3,11,2,1,2,3,7,6,2,0,11,9,0,0,1,2,11,4,11,4,1,0,0,4,0,1,3,11,0,0,3,7,10,0,10,0,11,8,0,11,6,11,2,3,11,4,2,11,11,0,11,0,3,11,11,7,2,11,6,10,7,0,1,0,1,0,11,11,11,3,1,3,11,3,3,3,3,3,3,6,11,3,11,11,3,3,3,3,6,6,3,11,3,2,6,3,3,11,11,3,3,3,3,3,3,3,3,0,11,2,4,10,11,3,1,11,6,11,11,6,11,3,3,3,6,11,3,1,3,2,3,3,3,3,2,3,3,3,3,3,3,2,3,2,3,3,3,11,6,11,11,11,11,11,3,11,4,10,11,11,11,3,3,2,3,2,1,3,6,3,3,3,2,3,3,3,3,1,3,3,11,3,3
EPI_ISL_1098839,6,6,6,6,6,6,6,5,5,5,5,6,6,7,7,9,6,7,9,8,10,3,3,3,3,3,3,3,3,3,3,3,3,3,3,14,12,15,15,3,3,15,3,3,12,15,15,15,3,3,3,16,6,3,3,3,3,3,3,4,4,4,4,4,4,4,4,4,4,4,4,4,4,4,4,4,4,4,4,4,4,5,4,4,4,4,4,4,4,4,4,4,5,4,4,4,4,4,4,4,4,1,4,4,4,3,4,4,4,4,4,4,4,4,4,4,4,3,4,4,4,4,3,4,4,4,4,4,4,4,4,3,3,16,3,3,3,3,3,3,3,3,3,3,3,3,3,3,3,6,15,6,15,16,15,0,15,15,15,16,15,16,15,16,16,16,16,15,16,6,16,17,16,7,6,16,14,16,15,10,15,15,11,16,14,13,0,13,14,3,14,6,12,14,15,12,0,3,16,15,16,16,7,14,0,13,8,9,0,6,13,15,13,6,0,16,16,6,15,16,15,16,15,6,16,15,15,16,14,15,16,7,15,11,15,15,15,16,6,13,3,11,4,3,3,3,3,3,3,3,4,3,16,3,3,3,3,3,3,3,3,3,8,13,13,13,13,13,15,13,6,16,16,13,3,13,11,3,7,1,16,15,11,11,13,16,3,3,16,2,13,13,13,3,3,13,3,3,3,3,13,13,13,3,13,3,3,3,3,13,3,15,4,3,13,13,14,1,4,13,3,17,2,1,4,5,8,7,2,0,16,9,0,0,0,4,13,4,15,5,1,0,0,4,0,0,3,13,0,0,3,8,10,0,14,0,13,10,11,0,6,12,2,5,13,5,2,16,12,0,13,0,3,13,13,6,4,12,6,12,9,0,0,2,1,0,13,16,12,4,1,3,13,3,3,3,3,3,3,6,15,3,15,15,3,3,3,4,6,6,3,16,3,2,6,3,3,13,13,3,3,4,3,3,4,3,3,0,13,2,2,12,16,3,1,13,6,13,13,6,13,3,3,3,6,13,3,0,3,2,3,3,3,3,2,3,3,3,3,3,3,2,3,2,3,3,3,16,6,13,13,13,13,13,3,13,4,10,16,11,15,3,3,2,3,2,1,3,6,3,3,3,2,3,3,4,4,1,3,3,12,3,3
EPI_ISL_812837,4,4,4,4,4,4,4,4,4,4,4,4,4,4,4,5,3,4,5,5,5,1,1,1,1,1,1,1,1,1,1,1,1,1,1,6,5,6,6,1,1,6,1,1,5,6,6,6,1,1,1,6,4,1,1,1,1,1,1,1,1,1,1,1,1,1,1,1,1,1,1,1,1,1,1,1,1,1,1,2,1,1,1,1,1,1,1,1,1,1,1,1,1,1,1,1,1,1,1,1,1,0,1,1,1,0,1,1,1,1,1,1,1,1,1,1,1,1,1,1,1,1,1,1,1,1,1,1,1,1,1,1,1,6,1,1,1,1,1,1,1,1,1,1,1,1,1,1,1,4,6,4,6,6,6,0,6,6,6,6,6,6,6,6,6,6,6,6,6,4,6,6,6,4,4,6,6,6,6,6,6,6,6,6,5,5,0,6,6,1,6,4,6,6,6,5,0,1,6,6,6,6,4,5,0,5,1,4,0,4,6,6,6,5,0,6,6,4,6,6,6,6,6,4,6,6,6,6,6,6,6,4,6,6,6,6,6,6,4,6,1,6,1,1,1,1,1,1,1,1,1,1,6,1,1,1,1,1,1,1,1,1,4,6,6,6,6,6,6,6,4,6,6,6,1,6,6,1,4,0,6,6,6,6,6,6,1,1,6,1,6,6,6,1,1,6,1,1,1,1,6,6,6,1,6,1,1,1,1,6,1,6,1,1,6,6,6,1,1,6,1,6,1,0,1,1,4,4,1,0,6,5,0,0,0,1,6,1,6,2,0,0,0,1,1,0,1,6,0,0,1,4,6,0,6,0,6,4,6,6,0,6,0,1,6,3,1,6,6,0,6,0,1,6,6,4,0,6,4,6,3,0,0,0,0,0,6,6,6,1,1,1,6,1,1,1,1,1,1,4,6,1,6,6,1,1,1,1,4,4,1,6,1,0,4,1,1,6,6,1,1,1,1,1,1,1,1,0,6,0,1,5,6,1,0,6,4,6,6,4,6,1,1,1,4,6,1,0,1,1,1,1,1,1,1,1,1,1,1,1,1,1,1,1,1,1,1,6,4,6,6,6,6,6,1,6,3,6,6,6,6,1,1,1,1,0,0,1,4,1,1,1,1,1,1,1,1,1,3,1,6,1,1
EPI_ISL_2232369,6,6,6,6,6,6,6,5,5,5,5,6,6,7,7,8,6,7,8,8,9,3,3,3,3,3,3,3,3,3,3,3,3,3,3,11,10,12,12,3,3,12,3,3,10,12,12,12,3,3,3,12,6,3,3,3,3,3,3,3,3,3,3,3,3,3,3,3,3,3,3,3,3,3,3,3,3,3,3,3,3,4,3,3,3,3,3,3,3,3,3,3,4,3,3,3,3,3,3,3,3,1,3,3,3,2,3,3,3,3,3,3,3,3,3,3,3,3,3,3,3,3,3,3,3,3,3,3,3,3,3,3,3,12,3,3,3,3,3,3,3,3,3,3,3,3,3,3,3,6,11,6,11,12,10,0,11,11,11,12,11,12,11,12,12,12,12,11,11,6,12,12,12,6,6,11,10,12,11,9,11,11,10,12,10,10,0,11,11,3,11,6,10,11,12,10,0,3,12,11,12,12,6,10,0,10,5,8,0,6,11,12,11,6,0,12,12,6,11,11,11,11,11,6,12,11,11,12,10,10,12,6,11,11,11,11,11,12,6,12,3,11,3,3,3,3,3,3,3,3,3,3,12,3,3,3,3,3,3,3,3,3,6,12,12,12,12,12,12,12,6,12,12,12,3,12,11,3,6,1,12,12,11,11,12,12,3,3,12,2,12,12,12,3,3,12,3,3,3,3,12,12,12,3,12,3,3,3,3,12,3,12,4,3,12,12,12,1,3,12,3,12,2,1,3,4,7,6,2,0,12,9,0,0,0,2,12,3,12,4,1,0,0,3,0,0,3,12,0,0,3,7,10,0,10,0,12,9,11,12,6,0,2,4,12,5,2,12,14,0,12,0,3,12,12,6,3,14,6,10,8,0,0,1,1,0,12,12,14,3,1,3,12,3,3,3,3,3,3,6,12,3,12,12,3,3,3,3,6,6,3,12,3,2,6,3,3,12,12,3,3,3,3,3,3,3,3,0,12,2,2,11,12,3,1,12,6,12,12,6,12,3,3,3,6,12,3,0,3,2,3,3,3,3,2,3,3,3,3,3,3,2,3,2,3,3,3,12,6,12,12,12,12,12,3,12,4,10,12,11,12,3,3,2,3,2,1,3,6,3,3,3,2,3,3,3,3,1,3,3,14,3,3
EPI_ISL_812855,2,2,2,2,2,2,2,1,1,1,1,2,2,2,2,2,2,2,2,2,2,2,2,2,2,2,2,2,2,2,2,2,2,2,2,2,2,2,2,2,2,2,2,2,2,2,2,2,2,2,2,2,2,2,2,2,2,2,2,2,2,2,2,2,2,2,2,2,2,3,2,2,2,2,2,2,3,3,2,3,3,3,2,3,3,3,3,2,2,3,2,2,2,2,2,2,2,3,3,2,2,1,2,2,2,2,2,2,3,2,2,2,2,2,2,2,3,2,2,2,2,3,3,3,2,2,2,2,2,2,2,2,2,2,2,2,2,2,2,2,2,3,2,2,2,2,2,2,2,2,2,2,2,2,2,0,2,2,2,2,2,2,2,2,2,2,2,2,2,2,2,3,2,2,2,3,1,2,1,1,2,2,2,2,2,2,0,2,2,5,2,2,2,2,2,2,0,4,2,2,2,2,4,2,0,2,1,2,0,2,2,2,2,2,0,2,2,2,1,3,2,2,2,2,2,1,2,2,1,1,2,3,2,2,2,2,2,2,2,2,3,2,6,3,5,3,5,2,2,2,3,4,2,5,5,2,4,4,2,4,5,3,2,2,2,2,2,2,2,2,2,2,2,2,4,2,2,4,2,2,2,2,2,2,2,2,4,3,2,2,2,2,2,3,3,2,3,3,3,3,2,2,2,3,2,3,3,3,5,2,2,2,3,4,2,3,2,0,7,2,4,2,6,2,1,1,1,2,1,0,2,1,0,1,0,0,2,5,2,1,1,0,0,5,0,0,4,2,0,0,3,3,2,0,1,0,2,2,2,2,0,2,0,1,2,0,1,2,2,0,2,0,3,2,2,1,0,2,2,2,2,1,0,0,0,1,2,2,2,4,1,3,2,3,5,5,4,5,5,2,2,5,2,2,5,2,2,7,2,2,5,2,5,3,2,4,4,2,2,3,4,4,4,2,4,3,3,0,2,4,0,2,2,7,2,2,2,2,2,2,2,5,4,4,2,2,4,0,2,2,3,2,4,4,2,4,2,4,2,3,3,2,4,3,2,4,4,2,2,2,2,2,2,2,2,2,1,2,2,2,2,4,4,4,2,3,1,3,2,3,4,2,2,2,4,3,2,0,0,4,2,4,4
EPI_ISL_812803,1,1,1,1,1,1,1,0,0,0,0,1,1,1,1,2,1,1,2,2,3,1,1,1,1,1,1,1,1,1,1,1,1,1,1,4,3,5,5,1,1,5,1,1,3,5,5,5,1,1,1,5,1,1,1,1,1,1,1,1,1,1,1,1,1,1,1,1,1,1,1,1,1,1,1,1,1,1,1,1,1,2,1,1,1,1,1,1,1,1,1,1,2,1,1,1,1,1,1,1,1,0,1,1,1,1,1,1,1,1,1,1,1,1,1,1,1,1,1,1,1,1,1,1,1,1,1,1,1,1,1,1,1,5,1,1,1,1,1,1,1,1,1,1,1,1,1,1,1,1,4,1,4,5,3,0,4,4,4,5,4,5,4,5,5,5,5,4,4,1,5,5,5,1,1,4,3,5,4,2,4,4,3,5,4,4,0,3,4,1,4,1,3,4,5,3,0,1,5,4,5,5,1,4,0,4,4,2,0,1,4,5,4,1,0,5,5,1,4,4,4,4,4,1,5,4,4,5,3,3,5,1,4,3,4,4,4,5,1,5,1,3,1,1,1,1,1,1,1,1,1,1,5,1,1,1,1,1,1,1,1,1,2,5,5,5,5,5,5,5,1,5,5,5,1,5,3,1,1,1,5,5,3,3,5,5,1,1,5,1,5,5,5,1,1,5,1,1,1,1,5,5,5,1,5,1,1,1,1,5,1,5,1,1,5,5,5,0,2,5,1,5,1,1,3,3,2,1,1,0,5,2,0,0,0,1,5,1,5,3,0,0,0,1,0,0,1,5,0,1,1,3,3,0,4,0,5,5,3,5,1,4,1,0,5,1,1,5,4,0,5,0,1,5,5,1,3,4,1,3,5,0,0,1,0,0,5,5,4,1,0,1,5,1,1,1,1,1,1,1,5,1,5,5,1,1,1,2,1,1,1,5,1,1,1,1,1,5,5,1,1,1,1,1,1,1,1,0,5,1,0,4,5,1,1,5,1,5,5,1,5,1,1,1,1,5,1,0,1,1,1,1,1,1,1,1,1,1,1,1,1,1,1,1,1,1,1,5,1,5,5,5,5,5,1,5,1,3,5,3,5,1,1,1,1,1,1,1,1,1,1,1,1,1,1,1,1,0,0,1,4,1,1
EPI_ISL_2232372,6,6,6,6,6,6,6,5,5,5,5,6,6,7,7,8,6,7,8,8,9,3,3,3,3,3,3,3,3,3,3,3,3,3,3,12,10,13,13,3,3,13,3,3,10,13,13,13,3,3,3,13,6,3,3,3,3,3,3,3,3,3,3,3,3,3,3,3,3,3,3,3,3,3,3,3,3,3,3,3,3,4,3,3,3,3,3,3,3,3,3,3,4,3,3,3,3,3,3,3,3,1,3,3,3,2,3,3,3,3,3,3,3,3,3,3,3,3,3,3,3,3,3,3,3,3,3,3,3,3,3,3,3,13,3,3,3,3,3,3,3,3,3,3,3,3,3,3,3,6,12,6,12,13,11,0,12,12,12,13,12,13,12,13,13,13,13,12,12,6,13,13,13,6,6,12,11,13,12,9,12,12,10,13,11,11,0,11,12,3,12,6,10,12,13,10,0,3,13,12,13,13,6,11,0,11,6,10,0,6,13,13,12,6,0,13,13,6,12,12,12,12,12,6,13,12,12,13,11,11,13,6,12,11,12,12,12,13,6,14,3,11,3,3,3,3,3,3,3,3,3,3,13,3,3,3,3,3,3,3,3,3,7,14,14,14,14,14,13,14,6,13,13,14,3,14,11,3,6,1,13,13,11,11,14,13,3,3,13,2,14,13,13,3,3,14,3,3,3,3,14,14,14,3,14,3,3,3,3,14,3,13,3,3,14,13,13,1,4,14,3,13,2,1,4,5,8,6,2,0,13,9,0,0,0,2,14,3,13,5,1,0,0,3,0,0,3,14,0,0,3,8,10,0,11,0,14,11,11,13,6,12,2,5,0,6,2,13,12,0,14,0,3,14,14,6,4,12,6,10,10,0,0,1,1,0,14,13,12,3,1,3,13,3,3,3,3,3,3,6,13,3,13,13,3,3,3,4,6,6,3,13,3,2,6,3,3,16,14,3,3,3,3,3,3,3,3,0,13,2,2,12,13,3,1,16,6,16,16,6,14,3,3,3,6,15,3,0,3,2,3,3,3,3,2,3,3,3,3,3,3,2,3,2,3,3,3,13,6,13,16,16,16,16,3,16,4,10,13,11,13,3,3,2,3,2,1,3,6,3,3,3,2,3,3,3,3,1,3,3,12,3,3
EPI_ISL_812866,4,4,4,4,4,4,4,4,4,4,4,4,4,5,5,5,5,5,5,5,6,0,0,0,0,0,0,0,0,0,0,0,0,0,0,4,4,5,5,0,0,5,0,0,4,5,5,5,0,0,0,5,3,0,0,0,0,0,0,0,0,0,0,0,0,0,0,0,0,0,0,0,0,0,0,0,0,0,0,0,0,1,0,0,0,0,0,0,0,0,0,0,1,1,0,0,0,0,0,0,0,0,0,0,0,0,0,0,0,0,0,0,0,0,0,0,0,0,0,0,0,0,0,0,0,0,0,0,0,0,0,0,0,6,0,0,0,0,0,0,0,0,0,0,0,0,0,0,0,3,5,3,4,5,4,0,4,4,4,5,4,5,4,5,5,5,5,4,4,3,5,5,5,3,3,4,4,5,5,4,4,4,5,5,4,4,0,4,4,1,4,3,4,4,5,4,0,0,5,4,5,5,3,4,0,4,1,5,0,3,5,5,4,3,0,5,5,3,5,4,4,4,4,3,5,5,4,5,4,4,5,3,4,4,4,4,4,5,3,6,0,4,0,0,0,0,0,0,0,0,0,0,5,0,0,0,0,0,0,0,0,0,3,6,6,6,6,6,5,6,3,5,5,6,0,6,4,0,3,1,5,5,4,4,6,5,1,0,5,0,6,5,5,0,0,6,0,0,0,0,6,6,6,0,6,0,0,0,0,6,0,5,0,0,6,5,5,0,0,6,0,5,0,0,1,1,5,3,0,0,5,4,0,0,0,0,6,0,5,1,0,0,0,0,0,0,0,6,0,0,0,4,3,0,4,0,6,5,4,5,3,5,0,1,6,0,0,5,5,0,6,0,0,6,6,4,1,5,3,3,2,0,0,1,1,0,6,5,5,0,0,0,5,0,0,0,0,0,0,3,5,0,5,5,0,0,0,0,3,3,0,5,0,0,3,0,0,6,6,0,0,0,0,0,0,0,0,0,5,0,0,5,5,0,0,6,3,6,6,3,6,0,0,0,3,6,0,0,0,0,0,0,0,0,0,0,0,0,0,0,0,0,0,0,0,0,0,5,3,5,6,6,6,6,0,6,3,3,5,4,5,0,0,0,0,0,0,0,3,0,0,0,0,0,0,0,0,0,3,0,5,0,0
EPI_ISL_812798,2,2,2,2,2,2,2,1,1,1,1,2,2,2,2,2,1,2,2,2,2,2,2,2,2,2,2,2,2,2,2,2,2,2,2,2,2,2,2,2,2,2,2,2,2,2,2,2,2,2,2,2,2,2,2,2,2,2,2,2,2,2,2,2,2,2,2,2,2,2,2,2,2,2,2,2,2,2,2,2,2,2,2,2,2,2,2,2,2,2,2,2,2,2,2,2,2,2,2,2,2,0,2,2,2,1,2,2,2,2,2,2,2,2,2,2,2,2,2,2,2,2,2,2,2,2,2,2,2,2,2,2,2,2,2,2,2,2,2,2,2,2,2,2,2,2,2,2,2,2,2,2,2,2,1,0,2,2,2,2,2,2,2,2,2,2,2,2,2,2,2,2,2,2,2,2,1,2,1,1,2,2,2,2,2,2,0,2,2,2,2,2,2,2,2,2,0,2,2,2,2,2,2,2,0,2,1,2,0,2,3,2,2,2,0,2,2,2,1,2,2,2,2,2,2,1,2,2,1,1,2,2,2,2,2,2,2,2,2,2,2,2,2,2,2,2,2,2,2,2,2,2,2,2,2,2,2,2,2,2,2,2,2,2,2,2,2,2,2,2,2,2,2,2,2,2,2,2,2,1,2,2,2,2,2,2,2,2,2,2,2,2,2,2,2,2,2,2,2,2,2,2,2,2,2,2,2,2,2,2,2,2,2,2,2,2,2,1,2,2,2,2,2,1,1,2,1,2,1,0,2,2,0,0,0,0,2,2,2,2,0,0,0,2,0,0,2,2,0,0,2,1,2,0,2,0,2,1,2,2,1,2,1,1,2,0,0,2,2,0,2,0,2,2,2,1,0,2,2,2,2,0,0,0,0,0,2,2,2,2,1,2,2,2,2,2,2,2,2,2,2,2,2,2,2,2,2,2,2,2,2,2,2,1,2,2,2,2,2,2,2,2,2,2,2,2,2,0,2,1,0,2,2,2,1,2,2,2,2,2,2,2,2,2,2,2,2,0,2,2,2,2,2,2,2,2,2,2,2,2,2,2,2,2,2,2,2,2,2,2,2,2,2,2,2,2,1,2,2,2,2,2,2,2,2,1,1,2,2,2,2,2,2,2,2,2,2,0,0,2,2,2,2
EPI_ISL_812797,6,6,6,6,6,6,6,5,5,5,5,6,6,7,7,9,6,7,9,8,10,3,3,3,3,3,3,3,3,3,3,3,3,3,3,14,12,15,15,3,3,15,3,3,12,15,15,15,3,3,3,16,6,3,3,3,3,3,3,3,3,3,3,3,3,3,3,3,3,3,3,3,3,3,3,3,3,3,3,3,3,4,3,3,3,3,3,3,3,3,3,3,4,3,3,3,3,3,3,3,3,1,3,3,3,2,3,3,3,3,3,3,3,3,3,3,3,3,3,3,3,3,3,3,3,3,3,3,3,3,3,3,3,16,3,3,3,3,3,3,3,3,3,3,3,3,3,3,3,6,15,6,15,16,14,0,15,15,15,16,15,16,15,16,16,16,16,15,15,6,16,16,16,7,6,15,14,16,15,9,15,15,10,16,14,13,0,13,14,3,14,6,10,14,15,12,0,3,16,15,16,16,6,14,0,13,8,9,0,6,12,15,13,6,0,16,16,6,15,15,15,15,15,6,16,15,15,16,14,14,16,6,15,11,15,15,15,16,6,13,3,11,3,3,3,3,3,3,3,3,3,3,16,3,3,3,3,3,3,3,3,3,7,13,14,13,14,14,15,13,6,16,16,13,3,13,11,3,6,1,16,15,11,11,13,16,3,3,16,2,13,13,13,3,3,13,3,3,3,3,13,13,13,3,13,3,3,3,3,13,3,15,3,3,13,13,14,1,4,13,3,16,2,1,4,5,8,6,2,0,16,9,0,0,0,4,13,3,15,5,1,0,0,3,0,0,3,13,0,0,3,8,10,0,14,0,13,10,11,16,6,12,2,5,13,5,2,0,12,0,13,0,3,13,13,6,4,12,6,10,9,0,0,2,1,0,13,16,12,3,1,3,13,3,3,3,3,3,3,6,15,3,15,15,3,3,3,4,6,6,3,16,3,2,6,3,3,13,13,3,3,3,3,3,3,3,3,0,13,2,2,12,16,3,1,13,6,13,13,6,13,3,3,3,6,13,3,0,3,2,3,3,3,3,2,3,3,3,3,3,3,2,3,2,3,3,3,16,6,13,13,13,13,13,3,13,4,10,16,11,15,3,3,2,3,2,1,3,6,3,3,3,2,3,3,3,4,1,3,3,12,3,3
EPI_ISL_2232335,6,6,6,6,6,6,6,5,5,5,5,6,6,7,7,8,6,7,8,8,9,3,3,3,3,3,3,3,3,3,3,3,3,3,3,11,10,12,12,3,3,12,3,3,10,12,12,12,3,3,3,12,6,3,3,3,3,3,3,3,3,3,3,3,3,3,3,3,3,3,3,3,3,3,3,3,3,3,3,3,3,4,3,3,3,3,3,3,3,3,3,3,4,3,3,3,3,3,3,3,3,1,3,3,3,2,3,3,3,3,3,3,3,3,3,3,3,3,3,3,3,3,3,3,3,3,3,3,3,3,3,3,3,12,3,3,3,3,3,3,3,3,3,3,3,3,3,3,3,6,11,6,11,12,10,0,11,11,11,12,11,12,11,12,12,12,12,11,11,6,12,12,12,6,6,11,10,12,11,9,11,11,10,12,10,10,0,11,11,3,11,6,10,11,12,10,0,3,12,11,12,12,6,10,0,10,5,8,0,6,11,12,11,6,0,12,12,6,11,11,11,11,11,6,12,11,11,12,10,10,12,6,11,11,11,11,11,12,6,12,3,11,3,3,3,3,3,3,3,3,3,3,12,3,3,3,3,3,3,3,3,3,6,12,12,12,12,12,12,12,6,12,12,12,3,12,11,3,6,1,12,12,11,11,12,12,3,3,12,2,12,12,12,3,3,12,3,3,3,3,12,12,12,3,12,3,3,3,3,12,3,12,4,3,12,12,12,1,3,12,3,12,2,1,3,4,7,6,2,0,12,9,0,0,0,2,12,3,12,4,1,0,0,3,0,0,3,12,0,0,3,7,10,0,10,0,12,9,11,12,6,14,2,4,12,5,2,12,0,0,12,0,3,12,12,6,3,15,6,10,8,0,0,1,1,0,12,12,15,3,1,3,12,3,3,3,3,3,3,6,12,3,12,12,3,3,3,3,6,6,3,12,3,2,6,3,3,12,12,3,3,3,3,3,3,3,3,0,12,2,2,11,12,3,1,12,6,12,12,6,12,3,3,3,6,12,3,0,3,2,3,3,3,3,2,3,3,3,3,3,3,2,3,2,3,3,3,12,6,12,12,12,12,12,3,12,4,10,12,11,12,3,3,2,3,2,1,3,6,3,3,3,2,3,3,3,3,1,3,3,15,3,3
EPI_ISL_812804,0,0,0,0,0,0,0,0,0,0,0,0,0,0,0,0,0,0,0,0,0,0,0,0,0,0,0,0,0,0,0,0,0,0,0,0,0,0,0,0,0,0,0,0,0,0,0,0,0,0,0,0,0,0,0,0,0,0,0,0,0,0,0,0,0,0,0,0,0,0,0,0,0,0,0,0,0,0,0,0,0,0,0,0,0,0,0,0,0,0,0,0,0,0,0,0,0,0,0,0,0,0,0,0,0,0,0,0,0,0,0,0,0,0,0,0,0,0,0,0,0,0,0,0,0,0,0,0,0,0,0,0,0,0,0,0,0,0,0,0,0,0,0,0,0,0,0,0,0,0,0,0,0,0,0,0,0,0,0,0,0,0,0,0,0,0,0,0,0,0,0,0,0,0,0,0,0,0,0,0,0,0,0,0,0,0,0,0,0,0,0,0,0,0,0,0,0,0,0,0,0,0,0,0,0,0,0,0,0,0,0,0,0,0,0,0,0,0,0,0,0,0,0,0,0,0,0,0,0,0,0,0,0,0,0,0,0,0,0,0,0,0,0,0,0,0,0,0,0,0,0,0,0,0,0,0,0,0,0,0,0,0,0,0,0,0,0,0,0,0,0,0,0,0,0,0,0,0,0,0,0,0,0,0,0,0,0,0,0,0,0,0,0,0,0,0,0,0,0,0,0,0,0,0,0,0,0,0,0,0,0,0,0,0,0,0,0,0,0,0,0,0,0,0,0,0,0,0,0,0,0,0,0,0,0,0,0,0,0,0,0,0,0,0,0,0,0,0,0,0,0,0,0,0,0,0,0,0,0,0,0,0,0,0,0,0,0,0,0,0,0,0,0,0,0,0,0,0,0,0,0,0,0,0,0,0,0,0,0,0,0,0,0,0,0,0,0,0,0,0,0,0,0,0,0,0,0,0,0,0,0,0,0,0,0,0,0,0,0,0,0,0,0,0,0,0,0,0,0,0,0,0,0,0,0,0,0,0,0,0,0,0,0,0,0,0,0,0,0,0,0,0,0,0,0,0,0,0,0,0,0,0,0,0,0,0,0,0,0,0,0,0,0,0,0,0,0,0,0,0,0,0,0,0,0,0,0,0,0,0,0,0,0,0,0,0,0,0,0,0,0,0,0
EPI_ISL_812796,6,6,6,6,6,6,6,5,5,5,5,6,6,7,7,8,6,7,8,8,9,3,3,3,3,3,3,3,3,3,3,3,3,3,3,12,10,13,13,3,3,13,3,3,10,13,13,13,3,3,3,13,6,3,3,3,3,3,3,3,3,3,3,3,3,3,3,3,3,3,3,3,3,3,3,3,3,3,3,3,3,4,3,3,3,3,3,3,3,3,3,3,4,3,3,3,3,3,3,3,3,1,3,3,3,2,3,3,3,3,3,3,3,3,3,3,3,3,3,3,3,3,3,3,3,3,3,3,3,3,3,3,3,13,3,3,3,3,3,3,3,3,3,3,3,3,3,3,3,6,12,6,12,13,11,0,12,12,12,13,12,13,12,13,13,13,13,12,12,6,13,13,13,6,6,12,11,13,12,9,12,12,10,13,11,11,0,11,12,3,12,6,10,12,13,10,0,3,13,12,13,13,6,11,0,11,6,10,0,6,14,13,12,6,0,13,13,6,12,12,12,12,12,6,13,12,12,13,11,11,13,6,12,11,12,12,12,13,6,14,3,11,3,3,3,3,3,3,3,3,3,3,13,3,3,3,3,3,3,3,3,3,7,15,14,15,14,14,13,14,6,13,13,14,3,15,11,3,6,1,13,13,11,11,15,13,3,3,13,2,14,13,13,3,3,14,3,3,3,3,14,14,14,3,14,3,3,3,3,14,3,13,3,3,14,13,13,1,4,14,3,13,2,1,4,5,8,6,2,0,13,9,0,0,0,2,14,3,13,5,1,0,0,3,0,0,3,14,0,0,3,8,10,0,11,0,14,11,11,13,6,12,2,5,14,6,2,13,12,0,0,0,3,15,14,6,4,12,6,10,11,0,0,1,1,0,14,13,12,3,1,3,13,3,3,3,3,3,3,6,13,3,13,13,3,3,3,4,6,6,3,13,3,2,6,3,3,14,14,3,3,3,3,3,3,3,3,0,13,2,2,12,13,3,1,14,6,14,14,6,14,3,3,3,6,14,3,0,3,2,3,3,3,3,2,3,3,3,3,3,3,2,3,2,3,3,3,13,6,13,14,14,14,14,3,14,4,10,13,11,13,3,3,2,3,2,1,3,6,3,3,3,2,3,3,3,3,1,3,3,12,3,3
EPI_ISL_812840,0,0,0,0,0,0,0,0,0,0,0,0,0,0,0,0,0,0,0,0,0,0,0,0,0,0,0,0,0,0,0,0,0,0,0,0,0,0,0,0,0,0,0,0,0,0,0,0,0,0,0,0,0,0,0,0,0,0,0,0,0,0,0,0,0,0,0,0,0,0,0,0,0,0,0,0,0,0,0,0,0,0,0,0,0,0,0,0,0,0,0,0,0,0,0,0,0,0,0,0,0,0,0,0,0,0,0,0,0,0,0,0,0,0,0,0,0,0,0,0,0,0,0,0,0,0,0,0,0,0,0,0,0,0,0,0,0,0,0,0,0,0,0,0,0,0,0,0,0,0,0,0,0,0,0,0,0,0,0,0,0,0,0,0,0,0,0,0,0,0,0,0,0,0,0,0,0,0,0,0,0,0,0,0,0,0,0,0,0,0,0,0,0,0,0,0,0,0,0,0,0,0,0,0,0,0,0,0,0,0,0,0,0,0,0,0,0,0,0,0,0,0,0,0,0,0,0,0,0,0,0,0,0,0,0,0,0,0,0,0,0,0,0,0,0,0,0,0,0,0,0,0,0,0,0,0,0,0,0,0,0,0,0,0,0,0,0,0,0,0,0,0,0,0,0,0,0,0,0,0,0,0,0,0,0,0,0,0,0,0,0,0,0,0,0,0,0,0,0,0,0,0,0,0,0,0,0,0,0,0,0,0,0,0,0,0,0,0,0,0,0,0,0,0,0,0,0,0,0,0,0,0,0,0,0,0,0,0,0,0,0,0,0,0,0,0,0,0,0,0,0,0,0,0,0,0,0,0,0,0,0,0,0,0,0,0,0,0,0,0,0,0,0,0,0,0,0,0,0,0,0,0,0,0,0,0,0,0,0,0,0,0,0,0,0,0,0,0,0,0,0,0,0,0,0,0,0,0,0,0,0,0,0,0,0,0,0,0,0,0,0,0,0,0,0,0,0,0,0,0,0,0,0,0,0,0,0,0,0,0,0,0,0,0,0,0,0,0,0,0,0,0,0,0,0,0,0,0,0,0,0,0,0,0,0,0,0,0,0,0,0,0,0,0,0,0,0,0,0,0,0,0,0,0,0,0,0,0,0,0,0,0,0,0,0,0,0,0,0,0,0,0,0
EPI_ISL_1165087,3,3,3,3,3,3,3,2,2,2,2,3,3,3,3,3,2,3,3,3,3,3,3,3,3,3,3,3,3,3,3,3,3,3,3,3,3,3,3,3,3,3,3,3,3,3,3,3,3,3,3,3,3,3,3,3,3,3,3,3,3,3,3,3,3,3,3,3,3,3,3,3,3,3,3,3,3,3,3,3,3,3,3,3,3,3,3,3,3,3,3,3,3,3,3,3,3,3,3,3,4,1,3,3,3,2,3,3,3,3,3,3,3,3,3,3,3,3,3,3,3,3,3,3,3,3,3,3,3,3,3,3,3,3,3,3,3,3,3,3,3,3,3,3,3,3,3,3,3,3,3,3,3,3,2,0,3,3,3,3,3,3,3,3,3,3,3,3,3,3,3,3,3,3,3,3,2,3,2,2,3,3,3,3,3,3,0,3,3,4,3,3,3,3,3,3,0,4,3,3,3,3,3,3,0,3,1,3,0,3,3,3,3,3,0,3,3,3,2,3,3,3,3,3,3,2,3,3,2,2,3,3,3,3,3,3,3,3,3,3,5,3,4,4,4,4,4,3,3,3,3,4,3,4,4,3,3,4,3,4,4,3,3,3,3,3,3,3,3,3,3,3,3,3,4,3,3,4,3,2,3,3,3,3,3,3,4,4,3,3,51,3,29,4,4,3,4,4,4,4,3,3,3,4,3,4,4,4,4,3,3,3,4,4,3,4,3,1,4,3,3,3,3,1,1,2,1,3,1,0,3,2,0,1,0,0,3,4,3,2,1,0,0,4,0,0,4,3,0,0,4,2,3,0,2,0,3,2,3,3,1,3,3,1,3,0,2,3,3,0,3,0,0,3,3,1,0,3,3,3,3,1,0,0,0,1,3,3,3,4,2,4,3,4,4,4,4,4,4,3,3,4,3,3,4,3,3,4,3,3,4,3,4,3,3,4,4,3,3,4,4,4,4,3,4,3,4,0,3,2,0,3,3,4,2,3,3,3,3,3,3,4,4,4,3,3,4,0,3,3,4,3,4,4,3,4,3,4,3,4,4,3,4,3,3,4,4,3,3,3,3,3,3,3,3,3,1,3,3,3,3,4,4,2,3,3,1,4,3,4,10,3,3,3,4,41,3,0,0,4,3,4,4
EPI_ISL_1109625,6,6,6,6,6,6,6,5,5,5,5,6,6,7,7,8,6,7,8,8,9,3,3,3,3,3,3,3,3,3,3,3,3,3,3,12,10,13,13,3,3,13,3,3,10,13,13,13,3,3,3,13,6,3,3,3,3,3,3,3,3,3,3,3,3,3,3,3,3,3,3,3,3,3,3,3,3,3,3,3,3,4,3,3,3,3,3,3,3,3,3,3,4,3,3,3,3,3,3,3,3,1,3,3,3,2,3,3,3,3,3,4,3,3,3,3,3,3,3,3,3,3,3,3,3,3,3,3,3,3,3,3,3,13,3,3,3,3,3,3,3,3,3,3,3,3,3,3,3,6,12,6,12,13,11,0,12,12,12,13,12,13,12,13,13,13,13,12,12,6,13,13,13,6,6,12,11,13,12,9,12,12,10,13,11,11,0,11,12,3,12,6,10,12,13,10,0,3,13,12,13,13,6,11,0,11,6,10,0,6,14,13,12,6,0,13,13,6,12,12,12,12,12,6,13,12,12,13,11,11,13,6,12,11,12,12,12,13,6,14,3,11,3,3,3,3,3,3,3,3,3,3,13,3,3,3,3,3,3,3,3,3,7,15,14,15,14,14,13,14,6,13,13,14,3,15,11,3,6,1,13,13,11,11,15,13,3,3,13,2,14,13,13,3,3,14,3,3,3,3,14,14,14,3,14,3,3,3,3,14,3,13,3,3,14,13,13,1,4,14,3,13,2,1,4,5,8,6,2,0,13,9,0,0,0,2,14,3,13,5,1,0,0,3,0,0,3,14,0,0,3,8,10,0,11,0,14,11,11,13,6,12,2,5,14,6,2,13,12,0,15,0,3,0,14,6,4,12,6,10,11,0,0,1,1,0,14,13,12,3,1,3,13,3,3,3,3,3,3,6,13,3,13,13,3,3,3,4,6,6,3,13,3,2,6,3,3,14,14,3,3,3,3,3,3,3,3,0,13,2,2,12,13,3,1,14,6,14,14,6,14,3,3,3,6,14,3,0,3,2,3,3,3,3,2,3,3,3,3,3,3,2,3,2,3,3,3,13,6,13,14,14,14,14,3,14,4,10,13,11,13,3,3,2,3,2,1,3,6,3,3,3,2,3,3,3,3,1,3,3,12,3,3
EPI_ISL_812822,7,7,7,7,7,7,7,6,6,6,6,7,7,8,8,9,7,8,9,9,10,3,3,3,3,3,3,3,3,3,3,3,3,3,3,12,10,13,13,3,3,13,3,3,10,13,13,13,3,3,3,13,6,3,3,3,3,3,3,3,3,3,3,3,3,3,3,3,3,3,3,3,3,3,3,3,3,3,3,3,3,4,3,3,3,3,3,3,3,3,3,3,4,3,3,3,3,3,3,3,3,1,3,3,3,2,3,3,3,3,3,3,3,3,3,3,3,3,3,3,3,3,3,3,3,3,3,3,3,3,3,3,3,13,3,3,3,3,3,3,3,3,3,3,3,3,3,3,3,6,12,6,12,13,11,0,12,12,12,13,12,13,12,13,13,13,13,12,12,6,13,13,13,6,6,12,11,13,12,9,12,12,10,13,11,11,0,11,12,3,12,6,10,12,13,10,0,3,13,12,13,13,6,11,0,11,6,10,0,6,13,13,12,6,0,13,13,6,12,12,12,12,12,6,13,12,12,13,11,11,13,6,12,11,12,12,12,13,6,14,3,11,3,3,3,3,3,3,3,3,3,3,13,3,3,3,3,3,3,3,3,3,7,14,14,14,14,14,13,14,6,13,13,14,3,14,11,3,6,1,13,13,11,11,14,13,3,3,13,2,14,13,13,3,3,14,3,3,3,3,14,14,14,3,14,3,3,3,3,14,3,13,3,3,14,13,13,1,4,14,3,13,2,1,4,5,8,6,2,0,13,9,0,0,0,2,14,3,13,5,1,0,0,3,0,0,3,14,0,0,3,8,10,0,11,0,14,11,11,13,6,12,2,5,14,6,2,13,12,0,14,0,3,14,0,6,4,12,6,10,10,0,0,1,1,0,14,13,12,3,1,3,13,3,3,3,3,3,3,6,13,3,13,13,3,3,3,4,6,6,3,13,3,2,6,3,3,14,14,3,3,3,3,3,3,3,3,0,13,2,2,12,13,3,1,14,6,14,14,6,15,3,3,3,6,14,3,0,3,2,3,3,3,3,2,3,3,3,3,3,3,2,3,2,3,3,3,13,6,13,14,14,14,14,3,14,4,10,13,11,13,3,3,2,3,2,1,3,6,3,3,3,2,3,3,3,3,1,3,3,12,3,3
EPI_ISL_812842,4,4,4,4,4,4,4,3,3,3,3,4,4,5,5,5,5,5,5,5,5,1,1,1,1,1,1,1,1,1,1,1,1,1,1,6,5,6,6,1,1,6,1,1,5,6,6,6,1,1,1,6,4,1,1,1,1,1,1,1,1,1,1,1,1,1,1,1,1,1,1,1,1,1,1,1,1,1,1,1,1,1,1,1,1,1,1,1,1,1,1,1,1,1,1,1,1,1,1,1,1,0,1,1,1,1,1,1,1,1,1,1,1,1,1,1,1,1,1,1,1,1,1,1,1,1,1,1,1,1,1,1,1,6,1,1,1,1,1,1,1,1,1,1,1,1,1,1,1,4,6,4,6,6,5,0,6,6,6,6,6,6,6,6,6,6,6,6,6,4,6,6,6,4,4,6,5,6,5,4,6,6,5,6,5,5,0,6,6,1,6,4,5,6,6,5,0,1,6,6,6,6,4,5,0,5,2,5,0,4,6,6,6,4,0,6,6,4,5,6,6,6,6,4,6,5,6,6,5,5,6,4,6,6,6,6,6,6,4,6,1,6,1,1,1,1,1,1,1,1,1,1,6,1,1,1,1,1,1,1,1,1,4,6,6,6,6,6,6,6,4,6,6,6,1,6,6,1,4,1,6,6,6,6,6,6,1,1,6,1,6,6,6,2,1,6,1,1,1,1,6,6,6,1,6,1,1,1,1,6,1,6,1,1,6,6,6,0,1,6,1,6,1,1,2,1,5,4,2,0,6,6,0,0,0,1,6,1,6,2,0,0,0,1,0,0,1,6,0,0,1,5,5,0,6,0,7,4,7,6,4,6,1,1,6,4,1,6,6,0,6,0,1,6,6,0,0,6,4,5,2,0,0,0,1,0,6,6,6,1,0,1,6,1,1,1,1,1,1,4,6,1,6,6,1,1,1,1,4,4,1,6,1,1,4,1,1,6,6,1,1,1,1,1,1,1,1,0,6,1,1,6,6,1,1,6,4,6,6,4,6,1,1,1,4,6,1,0,1,1,1,1,1,1,1,1,1,1,1,1,1,1,1,1,1,1,1,6,4,6,6,6,6,6,1,6,4,5,6,6,6,1,1,1,1,1,1,1,4,1,1,1,1,1,1,1,1,1,3,1,6,1,1
EPI_ISL_812860,0,0,0,0,0,0,0,0,0,0,0,0,0,0,0,0,0,0,0,0,1,0,0,0,0,0,0,0,0,0,0,0,0,0,0,3,2,4,4,0,0,4,0,0,2,4,4,4,0,0,0,4,0,0,0,0,0,0,0,0,0,0,0,0,0,0,0,0,0,0,0,0,0,0,0,0,0,0,0,0,0,1,0,0,0,0,0,0,0,0,0,0,1,0,0,0,0,0,0,0,0,0,0,0,0,0,0,0,0,0,0,0,0,0,0,0,0,0,0,0,0,0,0,0,0,0,0,0,0,0,0,0,0,4,0,0,0,0,0,0,0,0,0,0,0,0,0,0,0,0,3,0,3,4,3,0,3,3,3,4,3,4,3,4,4,4,4,3,3,0,4,4,4,0,0,3,3,4,4,2,3,3,2,4,3,3,0,2,3,0,3,0,2,3,4,2,0,0,4,3,4,4,0,3,0,3,3,2,0,0,3,4,3,0,0,4,4,0,4,3,3,3,3,0,4,4,3,4,3,3,4,0,3,2,3,3,3,4,0,4,0,2,0,0,0,0,0,0,0,0,0,0,4,0,0,0,0,0,0,0,0,0,1,4,4,4,4,4,4,4,0,4,4,4,0,4,2,0,0,0,4,4,2,2,4,4,0,0,4,0,4,4,4,0,0,4,0,0,0,0,4,4,4,0,4,0,0,0,0,4,0,4,0,0,4,4,4,0,1,4,0,4,0,0,2,3,1,0,0,0,4,2,0,0,0,1,4,0,4,1,0,0,0,0,0,0,0,4,0,0,0,1,2,0,3,0,4,4,2,4,0,3,0,3,4,1,0,4,3,0,4,0,0,4,4,0,0,3,0,2,4,0,0,1,0,0,4,4,3,0,0,0,4,0,0,0,0,0,0,0,4,0,4,4,0,0,0,1,0,0,0,4,0,0,0,0,0,4,4,0,0,0,0,0,0,0,0,0,4,0,1,4,4,0,0,4,0,4,4,0,4,0,0,0,0,4,0,0,0,0,0,0,0,0,0,0,0,0,0,0,0,0,0,0,0,0,0,4,0,4,4,4,4,4,1,4,0,2,4,2,4,0,0,0,0,0,0,0,0,0,0,0,0,0,0,0,0,0,0,0,3,0,0
EPI_ISL_2232381,6,6,6,6,6,6,6,5,5,5,5,6,6,7,7,8,6,7,8,8,9,3,3,3,3,3,3,3,3,3,3,3,3,3,3,11,10,12,12,3,3,12,3,3,10,12,12,12,3,3,3,12,6,3,3,3,3,3,3,3,3,3,3,3,3,3,3,3,3,3,3,3,3,3,3,3,3,3,3,3,3,4,3,3,3,3,3,3,3,3,3,3,4,3,3,3,3,3,3,3,3,1,3,3,3,2,3,3,3,3,3,3,3,3,3,3,3,3,3,3,3,3,3,3,3,3,3,3,3,3,3,3,3,12,3,3,3,3,3,3,3,3,3,3,3,3,3,3,3,6,11,6,11,12,10,0,11,11,11,12,11,12,11,12,12,12,12,11,11,6,12,12,12,6,6,11,10,12,11,9,11,11,10,12,10,10,0,11,11,3,11,6,10,11,12,10,0,3,12,11,12,12,6,10,0,10,5,8,0,6,11,12,11,6,0,12,12,6,11,11,11,11,11,6,12,11,11,12,10,10,12,6,11,11,11,11,11,12,6,12,3,11,3,3,3,3,3,3,3,3,3,3,12,3,3,3,3,3,3,3,3,3,6,12,12,12,12,12,12,12,6,12,12,12,3,12,11,3,6,1,12,12,11,11,12,12,3,3,12,2,12,12,12,3,3,12,3,3,3,3,12,12,12,3,12,3,3,3,3,12,3,12,4,3,12,12,12,1,3,12,3,12,2,1,3,4,7,6,2,0,12,9,0,0,0,2,12,3,12,4,1,0,0,3,0,0,3,12,0,0,3,7,10,0,10,0,12,9,11,12,6,14,2,4,12,5,2,12,15,0,12,0,3,12,12,6,3,0,6,10,8,0,0,1,1,0,12,12,15,3,1,3,12,3,3,3,3,3,3,6,12,3,12,12,3,3,3,3,6,6,3,12,3,2,6,3,3,12,12,3,3,3,3,3,3,3,3,0,12,2,2,11,12,3,1,12,6,12,12,6,12,3,3,3,6,12,3,0,3,2,3,3,3,3,2,3,3,3,3,3,3,2,3,2,3,3,3,12,6,12,12,12,12,12,3,12,4,10,12,11,12,3,3,2,3,2,1,3,6,3,3,3,2,3,3,3,3,1,3,3,15,3,3
EPI_ISL_812868,6,6,6,6,6,6,6,5,5,5,5,6,6,6,6,6,5,6,6,6,6,3,3,3,3,3,3,3,3,3,3,3,3,3,3,6,6,6,6,3,3,6,3,3,6,6,6,6,3,3,3,6,6,3,3,3,3,3,3,3,3,3,3,3,3,4,3,3,3,3,3,3,4,3,3,3,3,3,3,3,3,3,3,3,3,3,3,3,3,3,3,3,3,3,3,3,3,3,3,3,3,1,3,3,3,2,3,3,3,3,3,3,3,3,3,3,3,3,3,3,3,3,3,3,3,3,3,3,3,3,3,3,3,6,3,3,3,3,3,3,3,3,3,3,3,3,3,3,3,6,7,7,6,6,5,0,6,6,6,6,7,6,6,6,6,6,6,6,6,6,6,6,6,7,6,6,5,6,5,5,6,6,6,6,6,6,0,6,6,3,6,6,6,6,6,6,0,3,6,6,6,6,6,6,0,6,1,6,0,6,6,6,6,6,0,6,6,6,5,6,6,6,6,6,6,5,6,6,5,5,6,6,6,6,6,6,6,6,6,6,4,6,3,3,3,3,3,3,3,3,3,3,6,3,3,3,3,3,3,3,3,3,6,6,6,6,6,6,6,6,6,7,6,6,3,6,6,3,6,1,7,6,6,6,6,6,3,4,6,2,6,6,6,3,3,6,3,3,3,3,6,6,6,3,6,3,3,3,3,6,3,6,3,3,6,6,6,4,3,6,3,6,2,1,1,2,4,6,1,0,6,5,0,0,0,0,6,3,6,2,1,0,0,3,0,0,3,6,0,0,3,5,6,0,5,0,6,5,6,6,4,6,2,1,6,3,2,6,6,0,6,0,3,6,6,4,0,6,0,6,3,0,0,0,0,0,6,6,6,3,1,3,6,3,3,3,3,3,3,6,6,3,6,6,3,3,3,3,8,9,3,6,3,2,8,3,3,7,6,3,3,3,3,3,3,3,3,1,6,2,0,6,6,3,1,6,6,6,6,6,6,3,3,3,6,6,3,0,3,2,3,3,3,3,2,3,3,3,3,3,3,2,3,2,3,3,3,6,6,6,6,6,6,6,4,6,6,6,6,6,6,3,3,2,3,2,1,3,8,3,3,3,2,3,3,3,3,0,3,3,6,3,3
EPI_ISL_812863,6,6,6,6,6,6,6,5,5,5,5,6,6,6,6,7,5,6,7,7,7,3,3,3,3,3,3,3,3,3,3,3,3,3,3,10,9,10,10,3,3,10,3,3,9,10,10,10,3,3,3,10,6,3,3,3,3,3,3,3,3,3,3,3,3,3,3,3,3,3,3,3,3,3,3,3,3,3,3,3,3,3,3,3,3,3,3,3,3,3,3,3,3,3,3,3,3,3,3,3,3,1,3,3,3,2,3,3,3,3,3,3,3,3,3,3,3,4,3,3,3,3,3,3,3,3,3,3,3,3,3,3,3,10,3,3,3,3,3,3,3,3,3,3,3,3,3,3,3,6,10,6,10,10,9,0,10,10,10,10,10,10,10,10,10,10,10,10,10,6,10,10,10,6,6,10,9,10,9,9,10,10,10,10,9,9,0,10,10,3,10,6,11,10,10,9,0,3,10,10,10,10,6,9,0,9,4,7,0,6,10,10,10,6,0,10,10,6,9,10,10,10,10,6,10,9,10,10,9,9,10,6,10,10,10,10,10,10,6,10,3,10,4,3,3,3,3,3,3,3,4,3,10,3,3,3,3,3,3,3,3,3,7,10,10,10,10,10,10,10,6,10,10,10,3,10,10,3,6,1,10,10,10,10,10,10,3,3,10,2,10,10,10,3,3,10,3,3,3,3,10,10,10,3,10,3,3,3,3,10,3,10,4,3,10,10,10,1,3,10,3,11,2,1,2,3,6,7,2,0,10,8,0,0,0,2,10,4,10,3,1,0,0,4,0,0,3,10,0,0,3,6,10,0,9,0,10,8,10,12,6,10,2,3,10,3,2,10,10,0,10,0,3,10,10,5,2,10,6,0,7,0,0,0,0,0,10,10,10,4,1,3,10,3,3,3,3,3,3,6,10,3,10,10,3,3,3,3,6,6,3,10,3,2,6,3,3,10,10,3,3,4,3,3,4,3,3,0,10,2,2,9,10,3,1,10,6,10,10,6,10,3,3,3,6,10,3,0,3,2,3,3,3,3,2,3,3,3,3,3,3,2,3,2,3,3,3,10,6,10,10,10,10,10,3,10,4,10,10,10,10,3,3,2,3,2,1,3,6,3,3,3,2,3,3,4,3,1,3,3,10,3,3
EPI_ISL_812848,3,3,3,3,3,3,3,2,2,2,2,3,3,3,3,4,2,3,4,4,5,3,3,3,3,3,3,3,3,3,3,3,3,3,3,8,6,9,9,3,3,9,3,3,6,9,9,9,3,3,3,9,3,3,4,3,3,3,3,3,3,3,3,3,3,4,3,3,3,3,3,3,3,3,3,3,3,3,3,3,3,4,3,3,3,3,3,3,3,3,3,3,4,3,3,3,3,3,3,3,4,1,3,3,3,2,3,3,3,3,3,3,3,3,3,3,3,3,3,3,3,3,3,3,3,3,3,3,3,3,3,3,3,9,3,3,3,3,3,3,3,3,3,3,3,3,3,3,3,3,8,3,8,9,7,0,8,8,8,9,8,9,8,9,9,9,9,8,8,3,9,9,9,3,3,8,7,9,8,6,8,8,7,9,7,7,0,7,8,3,8,3,7,8,9,6,0,3,9,8,9,9,3,7,0,7,5,6,0,3,10,9,8,3,0,9,9,3,8,8,8,8,8,3,9,8,8,9,7,7,9,3,8,7,8,8,8,9,3,10,3,7,3,3,3,3,3,3,3,3,3,3,9,3,3,3,3,3,3,3,3,3,4,12,10,11,10,10,9,10,3,9,9,10,3,11,7,3,3,1,9,9,7,7,11,9,3,3,9,2,10,9,9,4,3,10,3,3,3,3,10,10,10,3,10,3,3,3,3,10,3,9,3,3,10,9,9,1,4,10,3,9,2,1,4,5,4,3,2,0,9,5,0,0,0,2,10,3,9,4,1,0,0,3,0,0,3,10,0,0,3,4,7,0,7,0,10,8,7,9,3,8,2,5,10,2,2,9,8,0,11,0,3,11,10,2,4,8,3,7,0,0,0,1,0,0,10,9,8,4,1,3,9,3,3,3,3,3,3,3,9,3,9,9,3,3,3,4,3,3,3,9,3,2,3,3,3,10,10,3,3,3,3,3,3,3,3,0,9,2,2,8,9,3,1,10,3,10,10,3,10,3,3,4,3,10,3,0,3,2,3,3,3,3,2,3,3,3,3,3,3,2,3,2,3,3,3,9,3,9,10,10,10,10,3,10,1,7,9,7,9,3,3,2,3,2,1,3,3,3,3,3,2,3,3,3,3,1,0,3,8,3,3
EPI_ISL_812820,0,0,0,0,0,0,0,0,0,0,0,0,0,0,0,0,0,0,0,0,0,0,0,0,0,0,0,0,0,0,0,0,0,0,0,0,0,0,0,0,0,0,0,0,0,0,0,0,0,0,0,0,1,0,0,0,0,0,0,0,0,0,0,0,0,0,0,0,0,0,0,0,0,0,0,0,0,0,0,0,0,0,0,0,0,0,0,0,0,0,0,0,0,0,0,0,0,0,0,0,0,0,0,0,0,0,0,0,0,0,0,0,0,0,0,0,0,0,0,0,0,0,0,0,0,0,0,0,0,0,0,0,0,0,0,0,0,0,0,0,0,0,0,0,0,0,0,0,0,1,0,1,0,0,0,0,0,0,0,0,0,0,0,0,0,0,0,0,0,1,0,0,0,1,1,0,0,0,0,0,0,0,0,0,0,0,0,0,0,1,0,1,0,0,0,0,0,3,0,0,0,0,1,0,0,0,0,0,0,1,0,0,0,1,0,0,0,1,0,0,0,0,1,1,0,0,0,1,0,0,0,1,0,0,0,0,0,0,1,0,1,0,1,1,1,1,1,0,0,0,0,2,0,1,1,1,0,1,0,3,1,0,0,0,0,0,0,0,1,0,0,0,0,0,3,0,0,3,0,1,0,1,0,0,0,0,2,1,0,1,0,0,0,1,1,0,1,1,1,1,0,0,0,1,0,1,1,1,1,0,0,0,1,1,0,1,0,0,1,0,0,0,1,0,0,0,0,0,0,0,0,0,0,1,0,0,0,1,0,0,0,0,0,1,0,0,1,0,0,0,1,1,0,0,0,0,0,0,0,0,0,0,1,0,0,0,0,0,0,0,0,0,1,0,0,0,0,0,0,0,0,0,0,0,0,1,0,0,0,1,1,1,0,1,1,1,3,1,1,0,0,1,0,0,1,0,0,1,0,0,1,0,1,1,0,3,3,0,0,1,3,1,3,1,1,0,1,0,0,0,0,0,0,1,1,0,0,0,0,0,0,1,3,1,0,0,1,0,0,1,1,0,1,1,1,1,0,1,0,1,1,1,1,3,0,3,3,0,0,0,0,0,0,0,0,0,0,0,0,0,0,1,1,0,0,1,0,1,0,1,1,0,1,0,1,1,0,0,0,1,0,1,1
EPI_ISL_812829,1,1,1,1,1,1,1,1,1,1,1,1,1,1,1,1,1,1,1,1,1,0,0,0,0,0,0,0,0,0,0,0,0,0,0,0,0,0,0,0,0,0,0,0,0,0,0,0,0,0,0,0,0,0,0,0,0,0,0,0,0,0,0,0,0,0,0,0,0,0,0,0,0,0,0,0,0,0,0,0,0,0,0,0,0,0,0,0,0,0,0,0,0,0,0,0,0,0,0,0,0,0,0,0,0,0,0,0,0,0,0,0,0,0,0,0,0,0,0,0,0,1,0,0,0,0,0,0,0,0,0,0,0,0,0,0,0,0,0,0,0,0,0,0,0,0,0,0,0,0,0,0,0,0,0,0,0,0,0,0,0,0,0,0,0,0,0,0,0,0,0,0,0,0,0,0,0,0,0,0,0,0,0,0,0,0,8,0,0,1,0,0,0,0,0,0,0,0,0,0,0,0,0,0,8,0,1,1,7,0,0,0,0,0,9,0,0,0,0,0,1,0,0,0,0,0,0,0,0,0,0,0,0,1,0,0,0,0,0,0,0,1,0,0,0,0,0,0,0,0,0,0,0,0,0,0,0,0,0,0,0,0,0,0,0,0,0,0,0,0,0,0,1,0,0,0,1,0,0,0,0,0,1,1,0,0,0,0,0,0,0,0,0,0,0,0,0,0,0,0,0,0,0,0,0,0,0,0,0,0,0,0,0,0,0,0,0,0,0,0,0,0,0,0,0,0,0,0,0,0,0,0,0,0,9,0,0,0,0,0,0,0,0,0,0,5,0,0,0,0,0,0,0,0,0,0,0,0,1,0,0,0,0,0,0,0,0,0,0,0,0,0,0,0,0,0,0,0,0,0,0,0,0,0,0,0,0,0,0,0,0,0,0,0,0,0,0,0,0,0,0,0,0,0,0,0,0,0,0,0,0,0,0,0,0,0,0,0,0,0,0,0,0,0,0,0,0,0,0,0,0,0,0,0,0,0,0,0,0,0,0,0,0,0,0,0,0,5,0,0,0,0,0,0,0,0,0,0,0,0,0,0,0,0,0,0,0,0,0,0,0,0,0,0,0,0,0,1,0,0,0,0,0,0,0,0,0,0,0,0,0,0,0,0,0,0,0,2,0,0,0,0,0
EPI_ISL_812813,0,0,0,0,0,0,0,0,0,0,0,0,0,0,0,0,0,0,0,0,1,0,0,0,0,0,0,0,0,0,0,0,0,0,0,1,1,2,2,0,0,2,0,0,1,2,2,2,0,0,0,2,0,0,0,0,0,0,0,0,0,0,0,0,0,0,0,0,0,0,0,0,0,0,0,0,0,0,0,0,0,1,0,0,0,0,0,0,0,0,0,0,1,0,0,0,0,0,0,0,0,0,0,0,0,0,0,0,0,0,0,0,0,0,0,0,0,0,0,0,0,0,0,0,0,0,0,0,0,0,0,0,0,2,0,0,0,0,0,0,0,0,0,0,0,0,0,0,0,0,1,0,1,2,1,0,1,1,1,2,1,2,1,2,2,2,2,1,1,0,2,2,2,0,0,1,1,2,2,0,1,1,0,2,1,1,0,1,1,0,1,0,0,1,2,1,0,0,2,1,2,2,0,1,0,1,0,0,0,0,0,2,1,0,0,2,2,0,2,1,1,1,1,0,2,2,1,2,1,1,2,0,1,0,1,1,1,2,0,1,0,0,0,0,0,0,0,0,0,0,0,0,2,0,0,0,0,0,0,0,0,0,0,1,1,1,1,1,2,1,0,2,2,1,0,1,0,0,0,0,2,2,0,0,1,2,0,0,2,0,2,1,1,0,0,1,0,0,0,0,1,1,1,0,1,0,0,0,0,1,0,2,0,0,1,1,2,0,0,1,0,2,0,0,1,1,0,0,0,0,2,0,0,0,0,1,1,0,2,0,0,0,0,0,0,0,0,2,0,0,0,0,0,0,1,0,1,1,0,2,0,1,0,1,1,1,0,2,1,0,1,0,0,1,1,0,1,1,0,0,1,0,0,0,0,0,1,2,1,0,0,0,1,0,0,0,0,0,0,0,2,0,2,2,0,0,0,0,0,0,0,2,0,0,0,0,0,1,1,0,0,0,0,0,0,0,0,0,1,0,0,1,2,0,0,1,0,1,1,0,1,0,0,0,0,1,0,0,0,0,0,0,0,0,0,0,0,0,0,0,0,0,0,0,0,0,0,2,0,1,1,1,1,1,0,1,0,0,2,0,2,0,0,0,0,0,0,0,0,0,0,0,0,0,0,0,1,0,0,0,1,0,0
EPI_ISL_812839,0,0,0,0,0,0,0,0,0,0,0,0,0,1,1,1,1,1,1,1,1,0,0,0,0,0,0,0,0,0,0,0,0,0,0,1,1,1,1,0,0,1,0,0,1,1,1,1,0,0,0,1,0,0,0,0,0,0,0,0,0,0,0,0,0,0,0,0,0,0,0,0,0,0,0,0,0,0,0,0,0,0,0,0,0,0,0,0,0,0,0,0,0,0,0,0,0,0,0,0,0,0,0,0,0,0,0,0,0,0,0,0,0,0,0,0,0,0,0,0,0,0,0,0,0,0,0,0,0,0,0,0,0,1,0,0,0,0,0,0,0,0,0,0,0,0,0,0,0,0,1,0,1,1,1,0,1,1,1,1,1,1,1,1,1,1,1,1,1,0,1,1,1,0,0,1,1,1,1,0,1,1,0,1,1,1,0,1,1,0,1,0,0,1,1,1,0,0,1,1,1,1,0,1,0,1,1,1,0,0,1,1,1,0,0,1,1,0,1,1,1,1,1,0,1,1,1,1,1,1,1,0,1,1,1,1,1,1,0,1,0,1,0,0,0,0,0,0,0,0,0,0,1,0,0,0,0,0,0,0,0,0,0,1,1,1,1,1,1,1,0,1,1,1,0,1,1,0,0,0,1,1,1,1,1,1,0,0,1,0,1,1,1,0,0,1,0,0,0,0,1,1,1,0,1,0,0,0,0,1,0,1,0,0,1,1,1,0,0,1,0,1,0,0,0,0,1,0,0,0,1,1,0,0,0,0,1,0,1,1,0,0,0,0,0,0,0,1,0,0,0,1,0,0,1,0,1,0,1,1,0,1,0,0,1,1,0,1,1,0,1,0,0,1,1,1,0,1,0,0,0,0,0,0,0,0,1,1,1,0,0,0,1,0,0,0,0,0,0,0,1,0,1,1,0,0,0,0,0,0,0,1,0,0,0,0,0,1,1,0,0,0,0,0,0,0,0,0,1,0,0,1,1,0,0,1,0,1,1,0,1,0,0,0,0,1,0,0,0,0,0,0,0,0,0,0,0,0,0,0,0,0,0,0,0,0,0,1,0,1,1,1,1,1,0,1,0,0,1,1,1,0,0,0,0,0,0,0,0,0,0,0,0,0,0,0,0,0,0,0,1,0,0
EPI_ISL_812838,0,0,0,0,0,0,0,0,0,0,0,0,0,0,0,0,0,0,0,0,0,0,0,0,0,0,0,0,0,0,0,0,0,0,0,0,0,0,0,0,0,0,0,0,0,0,0,0,0,0,0,0,0,0,0,0,0,0,0,0,0,0,0,0,0,0,0,0,0,0,0,0,0,0,0,0,0,0,0,0,0,0,0,0,0,0,0,0,0,0,0,0,0,0,0,0,0,0,0,0,0,0,0,0,0,0,0,0,0,0,0,0,0,0,0,0,0,0,0,0,0,0,0,0,0,0,0,0,0,0,0,0,0,0,0,0,0,0,0,0,0,0,0,0,0,0,0,0,0,0,0,0,0,0,0,0,0,0,0,0,0,0,0,0,0,0,0,0,0,0,0,0,0,0,0,0,0,0,0,0,0,0,0,0,0,0,0,0,0,1,0,0,0,0,0,0,0,1,0,0,0,0,0,0,0,0,0,0,0,0,0,0,0,0,0,0,0,0,0,0,0,0,0,0,0,0,0,0,0,0,0,0,0,0,0,0,0,0,0,0,1,0,1,1,1,1,1,0,0,0,0,1,0,1,1,0,0,1,0,1,1,0,0,0,0,0,0,0,0,0,0,0,0,0,1,0,0,1,0,1,0,0,0,0,0,0,1,1,0,1,0,0,0,1,1,0,1,1,1,1,0,0,0,1,0,1,1,1,1,0,0,0,1,1,0,1,0,0,1,0,0,0,1,0,0,0,0,0,0,0,0,0,0,1,0,0,0,1,0,0,0,0,0,1,0,0,1,0,0,0,1,0,0,0,0,0,0,0,0,0,0,0,1,0,0,0,0,0,0,0,0,0,1,0,0,0,0,0,0,0,0,1,0,0,0,0,0,0,0,1,1,1,0,1,1,1,1,1,1,0,0,1,0,0,1,0,0,1,0,0,1,0,1,1,0,1,1,0,0,1,1,1,1,0,1,0,1,0,0,0,0,0,0,1,1,0,0,0,0,0,0,1,1,1,0,0,1,0,0,1,1,0,1,1,1,1,0,1,0,1,1,1,1,1,0,1,1,0,0,0,0,0,0,0,0,0,0,0,0,0,0,1,1,0,0,1,0,1,0,1,1,0,1,0,1,1,0,0,0,1,0,1,1
EPI_ISL_1165078,6,6,6,6,6,6,6,5,5,5,5,6,6,7,7,8,6,7,8,8,9,3,3,3,3,3,3,3,3,3,3,3,3,3,3,12,10,13,13,3,3,13,3,3,10,13,13,13,3,3,3,13,6,3,3,3,3,3,3,3,3,3,3,3,3,3,3,3,3,3,3,3,3,3,3,3,3,3,3,3,3,4,3,3,3,3,3,3,3,3,3,3,4,3,3,3,3,3,3,3,3,1,3,3,3,2,3,3,3,3,3,3,3,3,3,3,3,3,3,3,3,3,3,3,3,3,3,3,3,3,3,3,3,13,3,3,3,3,3,3,3,3,3,3,3,3,3,3,3,6,12,6,12,13,11,0,12,12,12,13,12,13,12,13,13,13,13,12,12,6,13,13,13,6,6,12,11,13,12,9,12,12,10,13,11,11,0,11,12,3,12,6,10,12,13,10,0,3,13,12,13,13,6,11,0,11,6,10,0,6,13,13,12,6,0,13,13,6,12,12,12,12,12,6,13,12,12,13,11,11,13,6,12,11,12,12,12,13,6,14,3,11,3,3,3,3,3,3,3,3,3,3,13,3,3,3,3,3,3,3,3,3,7,14,14,14,14,14,13,14,6,13,13,14,3,14,11,3,6,1,13,13,11,11,14,13,3,3,13,2,14,13,13,3,3,14,3,3,3,3,14,14,14,3,14,3,3,3,3,14,3,13,3,3,14,13,13,1,4,14,3,13,2,1,4,5,8,6,2,0,13,9,0,0,0,2,14,3,13,5,1,0,0,3,0,0,3,14,0,0,3,8,10,0,11,0,14,11,11,13,6,12,2,5,14,6,2,13,12,0,14,0,3,14,14,6,4,12,6,10,10,0,0,1,1,0,0,13,12,3,1,3,13,3,3,3,3,3,3,6,13,3,13,13,3,3,3,4,6,6,3,13,3,2,6,3,3,14,14,3,3,3,3,3,4,3,3,0,13,2,2,12,13,3,1,14,6,14,14,6,14,3,3,3,6,14,3,0,3,2,3,3,3,3,2,3,3,3,3,3,3,2,3,2,3,3,3,13,6,13,14,14,14,14,3,14,4,10,13,11,13,3,3,2,3,2,1,3,6,3,3,3,2,3,3,3,3,1,3,3,12,3,3
EPI_ISL_1109626,6,6,6,6,6,6,6,5,5,5,5,6,6,7,7,9,6,7,9,8,10,3,3,3,3,3,3,3,3,3,3,3,3,3,3,14,12,15,15,3,3,15,3,3,12,15,15,15,3,3,3,16,6,3,3,3,3,3,3,3,3,3,3,3,3,3,3,3,3,3,3,3,3,3,3,3,3,3,3,3,3,4,3,3,3,3,3,3,3,3,3,3,4,3,3,3,3,3,3,3,3,1,3,3,3,2,3,3,3,3,3,3,3,3,3,3,3,4,3,3,3,3,3,3,3,3,3,3,3,3,3,3,3,16,3,3,3,3,3,3,3,3,3,3,3,3,3,3,3,6,15,6,15,16,14,0,15,15,15,16,15,16,15,16,16,16,16,15,15,6,16,16,16,7,6,15,14,16,15,9,15,15,10,16,14,13,0,13,14,3,14,6,10,14,15,12,0,3,16,15,16,16,6,14,0,13,8,9,0,6,12,15,13,6,0,16,16,6,15,15,15,15,15,6,16,15,15,16,14,14,16,6,15,11,15,15,15,16,6,13,3,11,3,3,3,3,3,3,3,3,3,3,16,3,3,3,3,3,3,3,3,3,7,13,13,13,13,13,15,13,7,16,16,13,3,13,11,3,6,1,16,15,11,11,13,16,3,3,16,2,13,13,13,3,3,13,3,3,3,3,13,13,13,3,13,3,3,3,3,13,3,15,4,3,13,13,14,1,4,13,3,16,2,1,4,5,8,6,2,0,16,9,0,0,0,4,13,3,15,5,1,0,0,3,0,0,3,13,0,0,3,8,10,0,14,0,13,10,11,16,6,12,2,5,13,5,2,16,12,0,13,0,3,13,13,6,4,12,6,10,9,0,0,2,1,0,13,0,12,3,1,3,13,3,3,3,3,3,3,6,15,3,15,15,3,3,3,4,6,6,3,16,3,2,6,3,3,13,13,3,3,3,3,3,3,3,3,0,13,2,2,12,16,3,1,13,6,13,13,6,13,3,3,3,6,13,3,0,3,2,3,3,3,3,2,3,3,3,3,3,3,2,3,2,3,3,3,16,6,13,13,13,13,13,3,13,4,10,16,11,15,3,3,2,3,2,1,3,6,3,3,3,2,3,3,3,4,1,3,3,12,3,3
EPI_ISL_2232383,6,6,6,6,6,6,6,5,5,5,5,6,6,7,7,8,6,7,8,8,9,3,3,3,3,3,3,3,3,3,3,3,3,3,3,11,10,12,12,3,3,12,3,3,10,12,12,12,3,3,3,12,6,3,3,3,3,3,3,3,3,3,3,3,3,3,3,3,3,3,3,3,3,3,3,3,3,3,3,3,3,4,3,3,3,3,3,3,3,3,3,3,4,3,3,3,3,3,3,3,3,1,3,3,3,2,3,3,3,3,3,3,3,3,3,3,3,3,3,3,3,3,3,3,3,3,3,3,3,3,3,3,3,12,3,3,3,3,3,3,3,3,3,3,3,3,3,3,3,6,11,6,11,12,10,0,11,11,11,12,11,12,11,12,12,12,12,11,11,6,12,12,12,6,6,11,10,12,11,9,11,11,10,12,10,10,0,11,11,3,11,6,10,11,12,10,0,3,12,11,12,12,6,10,0,10,5,8,0,6,11,12,11,6,0,12,12,6,11,11,11,11,11,6,12,11,11,12,10,10,12,6,11,11,11,11,11,12,6,12,3,11,3,3,3,3,3,3,3,3,3,3,12,3,3,3,3,3,3,3,3,3,6,12,12,12,12,12,12,12,6,12,12,12,3,12,11,3,6,1,12,12,11,11,12,12,3,3,12,2,12,12,12,3,6,12,3,6,4,6,12,15,15,3,12,4,3,3,3,12,3,12,4,3,12,15,12,1,3,12,3,12,2,1,3,4,7,6,2,0,12,9,0,0,0,2,12,3,12,4,1,0,0,3,0,0,3,12,0,0,3,7,10,0,10,0,12,9,11,12,6,14,2,4,12,5,2,12,15,0,12,0,3,12,12,6,3,15,6,10,8,0,0,1,1,0,12,12,0,3,1,3,12,3,3,3,3,3,3,6,12,3,12,12,3,4,3,3,6,6,6,12,3,2,6,3,3,12,12,3,3,3,6,6,3,3,3,0,12,2,2,11,12,3,1,12,6,13,12,6,12,3,3,3,6,12,3,0,3,2,3,3,3,3,2,3,3,3,3,3,3,2,3,2,3,3,6,12,6,12,12,12,12,12,3,12,4,10,12,11,12,3,3,2,3,2,1,3,6,3,3,3,2,3,3,3,3,1,3,3,15,3,3
EPI_ISL_2232297,3,3,3,3,3,3,3,2,2,2,2,3,3,3,3,3,2,3,3,3,3,3,3,3,3,3,3,3,3,3,3,3,3,3,3,3,3,3,3,3,3,3,3,3,3,3,3,3,3,3,3,3,3,3,4,3,3,3,3,3,3,3,3,3,3,3,3,3,3,4,3,3,3,3,3,3,4,4,3,4,4,4,3,4,4,4,4,3,3,4,3,3,3,3,3,3,3,4,4,3,3,1,3,3,3,2,3,3,4,3,3,3,3,3,3,3,4,3,3,3,3,4,4,4,3,3,3,3,3,3,3,3,3,3,3,3,3,3,3,3,3,3,3,3,3,3,3,3,3,3,3,3,3,3,3,0,3,3,3,3,3,3,3,3,3,3,3,3,3,3,3,4,3,3,3,3,2,3,2,2,3,3,3,3,3,3,0,3,3,5,3,3,4,3,3,3,0,5,3,3,3,3,4,3,0,3,1,3,0,3,3,3,3,3,0,3,3,3,2,3,3,3,3,3,3,2,3,3,2,2,3,3,3,3,3,3,3,3,3,3,4,3,6,4,5,4,5,3,3,3,3,5,3,5,5,3,4,5,3,5,5,3,4,3,3,3,3,3,3,3,3,3,3,3,5,3,3,5,3,2,3,3,3,3,3,3,5,4,3,3,3,3,3,5,4,3,4,4,4,4,3,3,3,4,3,4,4,4,5,3,3,3,4,5,3,4,3,1,5,3,4,4,4,1,1,2,1,4,1,0,3,2,0,1,0,0,3,6,3,2,1,0,0,6,0,0,5,3,0,0,4,3,3,0,2,0,3,2,3,4,1,3,4,1,3,0,2,3,3,0,3,0,4,3,3,1,0,3,3,4,4,1,0,0,0,1,3,3,3,0,2,4,3,4,5,5,5,5,5,3,3,5,3,3,5,3,3,5,3,3,5,3,5,3,3,5,5,3,3,4,5,6,5,3,6,3,4,0,3,3,0,3,3,5,2,3,3,3,3,3,3,5,5,6,3,3,5,0,3,3,4,3,5,5,3,5,3,5,3,4,4,3,5,4,3,5,5,3,3,3,3,3,3,3,3,3,1,3,3,3,3,5,5,2,3,3,1,4,3,4,5,3,3,3,5,5,3,0,0,5,3,5,5
EPI_ISL_812872,1,1,1,1,1,1,1,1,1,1,1,1,1,1,1,1,0,1,1,1,1,1,1,1,1,1,1,1,1,1,1,1,1,1,1,1,1,1,1,1,1,1,1,1,1,1,1,1,1,1,2,1,1,1,1,1,1,1,1,1,1,1,1,1,1,1,1,1,1,1,1,1,1,1,1,1,1,1,1,1,1,1,1,1,1,1,1,1,1,1,1,1,1,1,1,1,1,1,1,1,1,0,1,1,1,0,1,1,1,1,1,1,1,1,1,1,1,1,1,1,1,1,1,1,1,1,1,1,1,1,1,1,1,1,1,1,1,1,1,1,1,1,1,1,1,1,1,1,1,1,1,1,1,1,1,0,1,1,1,1,1,1,1,1,1,1,1,1,1,1,1,1,1,1,1,1,1,1,1,1,1,1,1,1,1,1,0,1,1,3,1,1,1,1,1,1,0,2,1,1,1,1,1,1,0,1,0,1,0,1,1,1,1,1,0,1,1,1,1,1,1,1,1,1,1,1,1,1,1,1,1,1,1,1,1,1,1,1,1,1,3,1,2,3,2,5,2,1,1,1,1,2,1,2,2,1,1,2,1,2,2,1,1,1,1,1,1,1,1,1,1,1,1,1,2,1,1,2,1,1,1,1,1,1,1,1,2,3,1,2,1,1,1,2,3,1,3,3,3,3,1,1,1,3,1,3,3,3,2,1,1,1,2,2,1,2,1,1,2,1,1,1,2,0,0,1,0,1,0,0,1,1,0,2,0,0,1,2,1,1,0,0,0,2,0,0,2,1,0,0,3,0,1,0,1,0,1,0,1,1,1,1,1,0,1,0,1,1,1,0,1,0,2,1,1,0,0,1,1,1,1,1,0,0,0,1,1,1,1,2,0,7,1,2,2,2,2,2,2,1,1,2,1,1,2,2,1,2,1,1,2,1,2,2,1,2,2,1,1,3,2,2,2,1,2,1,3,0,1,0,0,1,1,2,1,1,1,1,1,1,1,2,2,2,1,1,2,0,2,2,3,1,2,2,2,2,1,2,1,3,3,2,2,2,1,2,2,1,1,1,1,1,1,1,1,1,0,1,1,1,1,2,2,1,1,2,0,3,1,3,2,1,2,1,2,3,1,0,0,2,1,2,2
EPI_ISL_812856,3,3,3,3,3,3,3,2,2,2,2,3,3,3,3,3,2,3,3,3,3,3,3,3,3,3,3,3,3,3,3,3,3,3,3,3,3,3,3,3,3,3,3,3,3,3,3,3,3,3,4,3,3,3,3,3,3,3,3,3,3,3,3,3,3,3,3,3,3,3,3,3,3,3,3,3,3,3,3,3,3,3,3,3,3,3,3,3,3,3,3,3,3,3,3,3,3,3,3,3,3,1,3,3,3,2,3,3,3,3,3,3,3,3,3,3,3,3,3,3,3,3,3,3,3,3,3,3,3,3,3,3,3,3,3,3,3,3,3,3,3,3,3,3,3,3,3,3,3,3,3,3,3,3,2,0,3,3,3,3,3,3,3,3,3,3,3,3,3,3,3,3,3,3,3,3,2,3,2,2,3,3,3,3,3,3,0,3,3,5,3,3,3,3,3,3,0,4,3,3,3,3,3,3,0,3,1,3,0,3,3,3,3,3,0,3,3,3,2,3,3,3,3,3,3,2,3,3,2,2,3,3,3,3,3,3,3,3,3,3,5,3,4,5,4,7,4,3,3,3,3,4,3,4,4,3,3,4,3,4,4,3,3,3,3,3,3,3,3,3,3,3,3,3,4,3,3,4,3,2,3,3,3,3,3,3,4,5,3,3,3,3,3,4,5,3,5,5,5,5,3,3,3,5,3,5,5,5,4,3,3,3,4,4,3,4,3,1,4,3,3,3,3,1,1,2,1,3,1,0,3,2,0,2,0,0,3,4,3,2,1,0,0,4,0,0,4,3,0,0,5,2,3,0,2,0,3,2,3,3,1,3,3,1,3,0,2,3,3,0,3,0,4,3,3,1,0,3,3,3,3,1,0,0,0,1,3,3,3,4,7,0,3,4,4,4,4,4,4,3,3,4,3,3,4,4,3,5,3,3,4,3,4,4,3,4,4,3,3,5,4,4,4,3,4,3,5,0,3,2,0,3,3,4,2,3,3,3,3,3,3,4,4,4,3,3,4,0,4,3,5,3,4,4,3,4,3,4,3,5,5,3,4,3,3,4,4,3,3,3,3,3,3,3,3,3,1,3,3,3,3,4,4,2,3,4,1,5,3,5,4,3,3,3,4,5,3,0,0,4,3,4,4
EPI_ISL_812847,6,6,6,6,6,6,6,5,5,5,5,6,6,7,7,8,6,7,8,8,9,3,3,3,3,3,3,3,3,3,3,3,3,3,3,12,10,13,13,3,3,13,3,3,10,13,13,13,3,3,3,13,6,3,3,3,3,3,3,3,3,3,3,3,3,3,3,3,3,3,3,3,3,3,3,3,3,3,3,3,3,4,3,3,3,3,3,3,3,3,3,3,4,3,3,3,3,3,3,3,3,1,3,3,3,2,3,3,3,3,3,3,3,3,3,3,3,3,3,3,3,3,3,3,3,3,3,3,3,3,3,3,3,13,3,3,3,3,3,3,3,3,3,3,3,3,3,4,3,6,12,6,12,13,11,0,12,12,12,13,12,13,12,13,13,13,13,12,12,6,13,13,13,6,6,12,11,13,12,9,12,12,10,13,11,11,0,11,12,3,12,6,10,12,13,10,0,3,13,12,13,13,6,11,0,11,6,9,0,6,12,13,12,6,0,13,13,6,12,12,12,12,12,6,13,12,12,13,11,11,13,6,12,11,12,12,12,13,6,13,3,11,3,3,3,3,3,3,3,3,3,3,13,3,3,3,3,3,3,3,3,3,7,13,13,13,13,13,13,13,6,13,13,13,3,13,12,3,6,1,13,13,11,11,13,13,3,3,13,2,13,13,13,3,3,13,3,3,3,3,13,13,13,3,13,3,3,3,3,13,3,13,3,3,13,13,13,1,4,13,3,13,2,1,4,9,7,6,2,0,13,9,0,0,0,2,13,3,13,8,1,0,0,3,0,0,3,13,0,0,3,12,10,0,11,0,13,10,11,13,6,12,2,5,13,5,2,13,12,0,13,0,3,13,13,6,4,12,6,10,9,0,0,1,1,0,13,13,12,3,1,3,0,3,3,3,3,3,3,6,13,3,13,13,3,3,3,4,6,6,3,13,3,2,6,3,3,13,13,3,3,3,3,3,3,3,3,0,20,2,2,12,13,3,1,13,6,13,13,6,13,3,3,3,6,13,3,0,3,2,3,3,4,3,2,3,3,3,3,3,3,2,3,2,3,3,3,13,6,13,13,13,13,13,3,13,4,10,13,11,13,3,3,2,3,2,1,3,6,3,3,3,2,3,3,3,3,1,3,3,12,3,3
EPI_ISL_2232272,3,3,3,3,3,3,3,2,2,2,2,3,3,3,3,3,2,3,3,3,3,3,3,3,3,3,3,3,3,3,3,3,3,3,3,3,3,3,3,3,3,3,3,3,3,3,3,3,3,3,3,3,3,3,3,3,3,3,3,3,3,3,3,3,3,3,3,3,3,3,3,3,3,3,3,3,3,3,3,3,3,3,3,3,3,3,3,3,3,3,3,3,3,3,3,3,3,3,3,3,3,1,3,3,3,2,3,3,3,3,3,3,3,3,3,3,3,3,3,3,3,3,3,3,3,3,3,3,3,3,3,3,3,3,3,3,3,3,3,3,3,3,3,3,3,3,3,3,3,3,3,3,3,3,2,0,3,3,3,3,3,3,3,3,3,3,3,3,3,3,3,3,3,3,3,3,2,3,2,2,3,3,3,3,3,3,0,3,3,4,3,3,3,3,3,3,0,4,3,3,3,3,3,3,0,3,1,3,0,4,3,3,3,3,0,3,3,3,2,3,3,3,3,3,3,2,3,3,2,2,3,3,3,3,3,3,3,3,3,3,4,3,4,4,4,4,4,3,3,3,3,4,3,4,4,3,3,4,3,4,4,3,3,3,3,3,3,3,3,3,3,3,3,3,4,3,3,4,3,2,3,3,3,3,3,3,4,4,3,3,3,3,3,4,4,3,4,4,4,8,3,3,3,4,3,4,4,4,4,8,3,3,4,4,3,4,3,1,4,3,3,3,3,1,1,2,1,3,1,0,3,2,0,1,0,0,7,4,3,2,1,0,0,4,0,0,4,3,0,0,4,2,3,0,2,0,3,2,3,3,1,3,3,1,3,0,2,3,3,0,3,0,4,3,3,1,0,3,3,3,3,1,0,0,0,1,3,3,3,4,2,4,3,0,5,9,4,4,4,3,3,5,8,7,6,3,5,4,3,3,4,3,4,3,3,4,4,5,3,6,4,4,6,3,4,3,4,0,3,2,0,3,3,4,2,3,3,3,3,3,3,4,4,4,3,3,4,0,3,3,4,3,4,4,3,4,3,4,3,4,4,3,4,3,3,4,4,3,3,3,5,3,3,3,3,3,1,3,3,3,3,4,4,2,3,3,1,4,3,4,4,3,3,3,4,4,3,0,0,4,3,4,4
EPI_ISL_2232384,3,3,3,3,3,3,3,2,2,2,2,3,3,3,3,3,2,3,3,3,3,3,3,3,3,3,3,3,3,3,3,3,3,3,3,3,3,3,3,3,3,3,3,3,3,3,3,3,3,3,3,3,3,3,3,3,3,3,3,3,3,3,3,3,3,3,3,3,3,4,3,3,3,3,3,3,4,4,3,4,4,4,3,4,4,4,4,3,3,4,3,3,3,3,3,3,3,4,4,3,3,1,3,3,3,2,3,3,4,3,3,3,3,3,3,3,4,3,3,3,3,4,4,4,3,3,3,3,3,3,3,3,3,3,3,3,3,3,3,3,3,3,3,3,3,3,3,3,3,3,3,3,3,3,3,0,3,3,3,3,3,3,3,3,3,3,3,3,3,3,3,4,3,3,3,3,3,3,2,2,3,3,3,3,3,3,1,3,3,6,3,3,3,3,3,3,0,5,3,3,3,3,4,3,1,3,1,4,1,3,4,3,3,3,1,3,3,3,2,3,3,3,3,3,3,2,3,3,2,2,3,3,3,3,3,3,3,3,3,3,4,3,6,4,7,4,7,3,3,3,3,5,3,7,7,3,4,6,3,5,6,3,3,3,3,3,3,3,3,3,3,3,3,3,5,3,3,5,3,2,3,3,3,3,3,3,5,4,3,3,3,3,3,4,4,3,4,4,4,5,3,3,3,4,3,4,4,4,6,4,3,3,4,5,3,4,3,1,6,3,5,3,5,2,1,2,1,3,1,0,3,2,0,1,1,0,4,7,3,2,1,0,0,7,0,0,5,3,0,0,4,3,3,0,2,0,3,2,3,3,1,3,5,1,3,0,2,3,3,0,3,0,4,3,3,1,0,3,3,3,3,1,0,0,0,1,3,3,3,5,2,4,3,5,0,14,5,13,13,3,3,13,4,4,13,3,4,6,3,3,13,3,6,3,3,5,5,3,3,4,5,5,5,3,5,3,4,1,3,4,0,3,3,6,2,3,3,3,3,3,3,7,5,5,3,3,5,0,3,3,4,3,5,6,3,5,3,5,3,4,4,3,5,4,3,5,5,3,3,3,4,3,3,3,3,3,1,3,3,3,3,5,5,3,3,3,1,4,3,4,5,3,3,3,5,4,3,0,0,5,3,5,5
EPI_ISL_2232285,3,3,3,3,3,3,3,2,2,2,2,3,3,3,3,3,2,3,3,3,3,3,3,3,3,3,3,3,3,3,3,3,3,3,3,3,3,3,3,3,3,3,3,3,3,3,3,3,3,3,3,3,3,3,3,3,3,3,3,3,3,3,3,3,3,3,3,3,3,4,3,3,3,3,3,3,4,4,3,4,4,4,3,4,4,4,4,3,3,4,3,3,3,3,3,3,3,4,4,3,3,1,3,3,3,2,3,3,4,3,3,3,3,3,3,3,4,3,3,3,3,4,4,4,3,3,3,3,3,3,3,3,3,3,3,3,3,3,3,3,3,3,3,3,3,3,3,3,3,3,3,3,3,3,3,0,3,3,3,3,3,3,3,3,3,3,3,3,3,3,3,4,3,3,3,3,3,3,2,2,3,3,3,3,3,3,1,3,3,6,3,3,3,3,3,3,0,5,3,3,3,3,4,3,1,3,1,4,1,3,4,3,3,3,1,3,3,3,2,3,3,3,3,3,3,2,3,3,2,2,3,3,3,3,3,3,3,3,3,3,4,3,6,4,7,4,7,3,3,3,3,5,3,7,7,3,4,6,3,5,6,3,3,3,3,3,3,3,3,3,3,3,3,3,5,3,3,5,3,2,3,3,3,3,3,3,5,4,3,3,3,3,3,4,4,3,4,4,4,8,3,3,3,4,3,4,4,4,6,8,3,3,4,5,3,4,3,1,6,3,5,3,5,2,1,2,1,3,1,0,3,2,0,1,1,0,7,7,3,2,1,0,0,7,0,0,5,3,0,0,4,3,3,0,2,0,3,2,3,3,1,3,5,1,3,0,2,3,3,0,3,0,4,3,3,1,0,3,3,3,3,1,0,0,0,1,3,3,3,5,2,4,3,9,14,0,5,15,14,3,3,15,8,7,15,3,5,6,3,3,14,3,6,3,3,5,5,5,3,6,5,5,7,3,5,3,4,1,3,4,0,3,3,6,2,3,3,3,3,3,3,7,5,5,3,3,5,0,3,3,4,3,5,6,3,5,3,5,3,4,4,3,5,4,3,5,5,3,3,3,5,3,3,3,3,3,1,3,3,3,3,5,5,3,3,3,1,4,3,4,5,3,3,3,5,4,3,0,0,5,3,5,5
EPI_ISL_2232387,3,3,3,3,3,3,3,2,2,2,2,3,3,3,3,3,2,3,3,3,3,3,3,3,3,3,3,3,3,3,3,3,3,3,3,3,3,3,3,3,3,3,3,3,3,3,3,3,3,3,3,3,4,3,3,3,3,3,3,3,3,3,3,3,3,3,3,3,3,4,3,3,3,3,3,3,4,4,3,4,4,4,3,4,4,4,4,3,3,4,3,3,3,3,3,3,3,4,4,3,3,1,3,3,3,2,3,3,4,3,3,3,3,3,3,3,4,3,3,3,3,4,4,4,3,3,3,3,3,3,3,3,3,3,3,3,3,3,3,3,3,3,3,3,3,3,3,3,3,4,3,4,3,3,3,0,3,3,3,3,3,3,3,3,3,3,3,3,3,4,3,4,3,4,4,3,2,3,2,2,3,3,3,3,3,3,0,3,3,5,3,4,3,3,3,3,0,7,3,3,3,3,5,3,0,3,1,3,0,4,3,3,3,4,0,3,3,4,2,3,3,3,3,4,3,2,3,3,2,2,3,4,3,3,3,3,3,3,4,3,4,3,5,4,5,4,5,3,3,3,3,6,3,5,5,4,4,5,3,7,5,3,3,3,3,3,3,3,3,3,3,3,3,3,7,3,3,7,3,2,3,3,3,3,3,3,6,4,3,3,3,3,3,4,4,3,4,4,4,4,3,3,3,4,3,4,4,4,5,3,3,3,4,5,3,4,3,1,5,3,4,3,4,1,1,2,1,3,1,0,3,2,0,1,0,0,3,5,3,2,1,0,0,5,0,0,5,3,0,0,4,4,3,0,2,0,3,2,3,3,1,3,4,1,3,0,2,3,3,0,3,0,4,3,3,1,0,3,3,3,3,3,0,0,0,1,3,3,3,5,2,4,3,4,5,5,0,5,5,3,3,5,3,3,5,3,3,5,3,3,5,3,5,3,3,11,10,3,3,4,11,5,11,6,5,3,4,0,3,3,0,3,3,5,2,3,3,3,3,3,3,5,10,5,3,3,5,0,3,3,4,3,5,5,3,5,3,5,3,4,4,3,5,6,3,10,10,3,3,3,3,3,3,3,3,3,1,3,3,3,3,5,5,2,3,3,1,4,3,4,5,3,3,3,5,4,3,0,0,5,3,5,5
EPI_ISL_2232386,3,3,3,3,3,3,3,2,2,2,2,3,3,3,3,3,2,3,3,3,3,3,3,3,3,3,3,3,3,3,3,3,3,3,3,3,3,3,3,3,3,3,3,3,3,3,3,3,3,3,3,3,3,3,3,3,3,3,3,3,3,3,3,3,3,3,3,3,3,4,3,3,3,3,3,3,4,4,3,4,4,4,3,4,4,4,4,3,3,4,3,3,3,3,3,3,3,4,4,3,3,1,3,3,3,2,3,3,4,3,3,3,3,3,3,3,4,3,3,3,3,4,4,4,3,3,3,3,3,3,3,3,3,3,3,3,3,3,3,3,3,3,3,3,3,3,3,3,3,3,3,3,3,3,3,0,3,3,3,3,3,3,3,3,3,3,3,3,3,3,3,4,3,3,3,3,3,3,2,2,3,3,3,3,3,3,1,3,3,6,3,3,3,3,3,3,0,5,3,3,3,3,4,3,1,3,1,4,1,3,4,3,3,3,1,3,3,3,2,3,3,3,3,3,3,2,3,3,2,2,3,3,3,3,3,3,3,3,3,3,4,3,6,4,7,4,7,3,3,3,3,5,3,7,7,3,4,6,3,5,6,3,3,3,3,3,3,3,3,3,3,3,3,3,5,3,3,5,3,2,3,3,3,3,3,3,5,4,3,3,3,3,3,4,4,3,4,4,4,4,3,3,3,4,3,4,4,4,6,3,3,3,4,5,3,4,3,1,6,3,5,3,5,2,1,2,1,3,1,0,3,2,0,1,1,0,3,7,3,2,1,0,0,7,0,0,5,3,0,0,4,3,3,0,2,0,3,2,3,3,1,3,5,1,3,0,2,3,3,0,3,0,4,3,3,1,0,3,3,3,3,1,0,0,0,1,3,3,3,5,2,4,3,4,13,15,5,0,14,3,3,14,3,3,13,3,3,6,3,3,14,3,6,3,3,5,5,3,3,4,5,5,5,3,5,3,4,1,3,4,0,3,3,6,2,3,3,3,3,3,3,7,5,5,3,3,5,0,3,3,4,3,5,6,3,5,3,5,3,4,4,3,5,4,3,5,5,3,3,3,3,3,3,3,3,3,1,3,3,3,3,5,5,3,3,3,1,4,3,4,5,3,3,3,5,4,3,0,0,5,3,5,5
EPI_ISL_2232385,3,3,3,3,3,3,3,2,2,2,2,3,3,3,3,3,2,3,3,3,3,3,3,3,3,3,3,3,3,3,3,3,3,3,3,3,3,3,3,3,3,3,3,3,3,3,3,3,3,3,3,3,3,3,3,3,3,3,3,3,3,3,3,3,3,3,3,3,3,4,3,3,3,3,3,3,4,4,3,4,4,4,3,4,4,4,4,3,3,4,3,3,3,3,3,3,3,4,4,3,3,1,3,3,3,2,3,3,4,3,3,3,3,3,3,3,4,3,3,3,3,4,4,4,3,3,3,3,3,3,3,3,3,3,3,3,3,3,3,3,3,3,3,3,3,3,3,3,3,3,3,3,3,3,3,0,3,3,3,3,3,3,3,3,3,3,3,3,3,3,3,4,3,3,3,3,3,3,2,2,3,3,3,3,3,3,1,3,3,6,3,3,3,3,3,3,0,5,3,3,3,3,4,3,1,3,1,4,1,3,4,3,3,3,1,3,3,3,2,3,3,3,3,3,3,2,3,3,2,2,3,3,3,3,3,3,3,3,3,3,4,3,6,4,7,4,7,3,3,3,3,5,3,7,7,3,4,6,3,5,6,3,3,3,3,3,3,3,3,3,3,3,3,3,5,3,3,5,3,2,3,3,3,3,3,3,5,4,3,3,3,3,3,4,4,3,4,4,4,4,3,3,3,4,3,4,4,4,6,3,3,3,4,5,3,4,3,1,6,3,5,3,5,2,1,2,1,3,1,0,3,2,0,1,1,0,3,7,3,2,1,0,0,7,0,0,5,3,0,0,4,3,3,0,2,0,3,2,3,3,1,3,5,1,3,0,2,3,3,0,3,0,4,3,3,1,0,3,3,3,3,1,0,0,0,1,3,3,3,5,2,4,3,4,13,14,5,14,0,3,3,14,3,3,13,3,3,6,3,3,14,3,6,3,3,5,5,3,3,4,5,5,5,3,5,3,4,1,3,4,0,3,3,6,2,3,3,3,3,3,3,7,5,5,3,3,5,0,3,3,4,3,5,6,3,5,3,5,3,4,4,3,5,4,3,5,5,3,3,3,3,3,3,3,3,3,1,3,3,3,3,5,5,3,3,3,1,4,3,4,5,3,3,3,5,4,3,0,0,5,3,5,5
EPI_ISL_2232318,6,6,6,6,6,6,6,5,5,5,5,6,6,6,6,6,5,6,6,6,6,3,3,3,3,3,3,3,3,3,3,3,3,3,3,6,6,6,6,3,3,6,3,3,6,6,6,6,3,3,4,6,6,3,3,3,3,3,3,3,3,3,3,3,3,3,3,3,3,3,3,3,3,3,3,3,3,3,3,3,3,3,3,3,3,3,3,3,3,3,3,3,3,3,3,3,3,3,3,3,3,1,3,3,3,2,3,3,3,3,3,3,3,3,3,3,3,3,3,3,3,3,3,3,3,3,3,3,3,3,3,3,3,6,3,3,3,3,3,3,3,3,3,3,3,3,3,3,3,6,6,6,6,6,5,0,6,6,6,6,6,6,6,6,6,6,6,6,6,6,6,6,6,6,6,6,5,6,5,5,6,6,6,6,6,6,0,6,6,3,6,6,6,6,6,6,0,3,6,6,6,6,6,6,0,6,1,6,0,6,6,6,6,6,0,6,6,6,5,6,6,6,6,6,6,5,6,6,5,5,6,6,6,6,6,6,6,6,6,6,4,6,3,3,3,3,3,3,3,3,3,3,6,3,3,3,3,3,3,3,3,3,6,6,6,6,6,6,6,6,6,6,6,6,3,6,6,3,7,1,6,6,6,6,6,7,3,4,6,2,6,6,6,3,3,6,3,3,3,3,6,6,6,3,6,3,3,3,3,6,3,6,3,3,6,6,6,1,3,6,3,6,2,1,1,2,4,6,1,0,6,5,0,0,0,0,6,3,6,2,1,0,0,3,0,0,3,6,0,0,3,5,6,0,5,0,6,5,6,6,4,6,2,1,6,3,2,6,6,0,6,0,3,6,6,4,0,6,6,6,3,0,0,0,0,0,6,6,6,3,1,3,6,3,3,3,3,3,3,0,6,3,6,6,3,3,3,3,6,6,3,6,3,2,6,3,4,6,6,3,3,3,3,3,3,3,3,0,6,2,0,6,6,3,1,6,6,6,6,11,6,3,3,3,6,6,3,0,3,2,3,3,3,3,2,3,3,3,3,3,3,2,3,2,3,3,3,6,6,6,6,6,6,6,3,6,4,6,6,6,6,3,3,2,3,2,1,3,6,3,3,3,2,3,3,3,3,0,3,3,6,3,3
EPI_ISL_2232294,6,6,6,6,6,6,6,5,5,5,5,6,6,7,7,8,6,7,8,8,9,3,3,3,3,3,3,3,3,3,3,3,3,3,3,13,11,14,14,3,3,14,3,3,11,14,14,14,3,3,3,15,6,3,3,3,3,3,3,3,3,3,3,3,3,3,3,3,3,3,3,3,3,3,3,3,3,3,3,3,3,4,3,3,3,3,3,3,3,3,3,3,4,3,3,3,3,3,3,3,3,1,3,3,3,2,3,3,3,3,3,3,3,3,3,3,3,3,3,3,3,3,3,3,3,3,3,3,3,3,3,3,3,15,3,3,3,3,3,3,3,3,3,3,3,3,3,3,3,6,14,6,14,15,13,0,14,14,14,15,14,15,14,15,15,15,15,14,14,6,15,15,15,7,6,14,13,15,14,9,14,14,10,15,13,12,0,12,13,3,13,6,10,13,14,11,0,3,15,14,15,15,6,13,0,12,7,9,0,6,12,14,13,6,0,15,15,6,14,14,14,14,14,6,15,14,14,15,13,13,15,6,14,11,14,14,14,15,6,13,3,11,3,3,3,3,3,3,3,3,3,3,15,3,3,3,3,3,3,3,3,3,7,13,13,13,13,13,14,13,6,15,15,13,3,13,11,3,6,1,15,14,11,11,13,15,3,3,15,2,13,13,13,3,3,13,3,3,3,3,13,13,13,3,13,3,3,3,3,13,3,14,3,3,13,13,14,1,4,13,3,15,2,1,4,5,7,6,2,0,15,9,0,0,0,4,13,3,14,5,1,0,0,3,0,0,3,13,0,0,3,8,10,0,13,0,13,10,11,15,6,12,2,5,13,5,2,15,12,0,13,0,3,13,13,6,4,12,6,10,9,0,0,2,1,0,13,15,12,3,1,3,13,3,3,3,3,3,3,6,0,3,16,16,3,3,3,4,6,6,3,15,3,2,6,3,3,13,13,3,3,3,3,3,3,3,3,0,13,2,2,12,15,3,1,13,6,13,13,6,13,3,3,3,6,13,3,0,3,2,3,3,3,3,2,3,3,3,3,3,3,2,3,2,3,3,3,15,6,13,13,13,13,13,3,13,4,10,15,11,14,3,3,2,3,2,1,3,6,3,3,3,2,3,3,3,4,1,3,3,12,3,3
EPI_ISL_2232286,3,3,3,3,3,3,3,2,2,2,2,3,3,3,3,3,2,3,3,3,3,3,3,3,3,3,3,3,3,3,3,3,3,3,3,3,3,3,3,3,3,3,3,3,3,3,3,3,3,3,3,3,3,3,3,3,3,3,3,3,3,3,3,3,3,3,3,3,3,4,3,3,3,3,3,3,4,4,3,4,4,4,3,4,4,4,4,3,3,4,3,3,3,3,3,3,3,4,4,3,3,1,3,3,3,2,3,3,4,3,3,3,3,3,3,3,4,3,3,3,3,4,4,4,3,3,3,3,3,3,3,3,3,3,3,3,3,3,3,3,3,3,3,3,3,3,3,3,3,3,3,3,3,3,3,0,3,3,3,3,3,3,3,3,3,3,3,3,3,3,3,4,3,3,3,3,3,3,2,2,3,3,3,3,3,3,1,3,3,6,3,3,3,3,3,3,0,5,3,3,3,3,4,3,1,3,1,4,1,3,4,3,3,3,1,3,3,3,2,3,3,3,3,3,3,2,3,3,2,2,3,3,3,3,3,3,3,3,3,3,4,3,6,4,7,4,7,3,3,3,3,5,3,7,7,3,4,6,3,5,6,3,3,3,3,3,3,3,3,3,3,3,3,3,5,3,3,5,3,2,3,3,3,3,3,3,5,4,3,3,3,3,3,4,4,3,4,4,4,5,3,3,3,4,3,4,4,4,6,4,3,3,4,5,3,4,3,1,6,3,5,3,5,2,1,2,1,3,1,0,3,2,0,1,1,0,4,7,3,2,1,0,0,7,0,0,5,3,0,0,4,3,3,0,2,0,3,2,3,3,1,3,5,1,3,0,2,3,3,0,3,0,4,3,3,1,0,3,3,3,3,1,0,0,0,1,3,3,3,5,2,4,3,5,13,15,5,14,14,3,3,0,4,4,14,3,3,6,3,3,14,3,6,3,3,5,5,4,3,5,5,5,6,3,5,3,4,1,3,4,0,3,3,6,2,3,3,3,3,3,3,7,5,5,3,3,5,0,3,3,4,3,5,6,3,5,3,5,3,4,4,3,5,4,3,5,5,3,3,3,3,3,3,3,3,3,1,3,3,3,3,5,5,3,3,3,1,4,3,4,5,3,3,3,5,4,3,0,0,5,3,5,5
EPI_ISL_2232266,6,6,6,6,6,6,6,5,5,5,5,6,6,7,7,8,6,7,8,8,9,3,3,3,3,3,3,3,3,3,3,3,3,3,3,13,11,14,14,3,3,14,3,3,11,14,14,14,3,3,3,15,6,3,3,3,3,3,3,3,3,3,3,3,3,3,3,3,3,3,3,3,3,3,3,3,3,3,3,3,3,4,3,3,3,3,3,3,3,3,3,3,4,3,3,3,3,3,3,3,3,1,3,3,3,2,3,3,3,3,3,3,3,3,3,3,3,3,3,3,3,3,3,3,3,3,3,3,3,3,3,3,3,15,3,3,3,3,3,3,3,3,3,3,3,3,3,3,3,6,14,6,14,15,13,0,14,14,14,15,14,15,14,15,15,15,15,14,14,6,15,15,15,7,6,14,13,15,14,9,14,15,10,15,13,12,0,12,13,3,13,6,10,13,14,11,0,3,15,14,15,15,6,13,0,12,7,9,0,6,12,14,13,6,0,15,15,6,14,14,14,14,14,6,15,14,14,15,13,13,15,6,14,11,14,14,14,15,6,13,3,11,3,3,3,3,3,3,3,3,3,3,15,3,3,3,3,3,3,3,3,3,7,13,13,13,13,13,14,13,6,15,15,13,3,13,11,3,6,1,15,14,11,11,13,15,3,3,15,2,13,13,13,3,3,13,3,3,3,7,13,13,13,3,13,3,3,3,3,19,3,14,3,3,13,13,14,1,4,13,3,15,2,1,4,5,7,6,2,0,15,9,0,0,0,4,17,3,14,5,1,0,0,3,0,0,3,13,0,0,3,8,10,0,13,0,13,10,11,15,6,12,2,5,13,5,2,15,12,0,13,0,3,13,13,6,4,12,6,10,9,0,0,2,1,0,13,15,12,3,1,3,13,8,4,8,3,3,3,6,16,4,0,20,5,3,5,4,6,6,3,15,3,2,6,3,3,15,13,5,3,3,5,3,3,3,3,0,13,2,2,12,15,3,1,13,6,13,13,6,13,3,3,3,6,13,3,0,3,2,3,3,3,3,2,3,3,3,3,3,3,2,3,2,3,3,3,15,6,13,15,13,13,13,3,13,4,10,15,11,14,3,3,2,3,2,1,3,6,3,3,3,2,3,3,3,4,1,3,3,12,3,3
EPI_ISL_2232265,6,6,6,6,6,6,6,5,5,5,5,6,6,7,7,8,6,7,8,8,9,3,3,3,3,3,3,3,3,3,3,3,3,3,3,13,11,14,14,3,3,14,3,3,11,14,14,14,3,3,3,15,6,3,3,3,3,3,3,3,3,3,3,3,3,3,3,3,3,3,3,3,3,3,3,3,3,3,3,3,3,4,3,3,3,3,3,3,3,3,3,3,4,3,3,3,3,3,3,3,3,1,3,3,3,2,3,3,3,3,3,3,3,3,3,3,3,3,3,3,3,3,3,3,3,3,3,3,3,3,3,3,3,15,3,3,3,3,3,3,3,3,3,3,3,3,3,3,3,6,14,6,14,15,13,0,14,14,14,15,14,15,14,15,15,15,15,14,14,6,15,15,15,7,6,14,13,15,14,9,14,14,10,15,13,12,0,12,13,3,13,6,10,13,14,11,0,3,15,14,15,15,6,13,0,12,7,9,0,6,12,14,13,6,0,15,15,6,14,14,14,14,14,6,15,14,14,15,13,13,15,6,14,11,14,14,14,15,6,13,3,11,3,3,3,3,3,3,3,3,3,3,15,3,3,3,3,3,3,3,3,3,7,13,13,13,13,13,14,13,6,15,15,13,3,13,11,3,6,1,15,14,11,11,13,15,3,3,15,2,13,13,13,3,3,13,3,3,3,7,13,13,13,3,13,3,3,3,3,18,3,15,3,3,13,13,15,1,4,13,3,15,2,1,4,5,7,6,2,0,15,9,0,0,0,4,17,3,14,5,1,0,0,3,0,0,3,13,0,0,3,8,10,0,13,0,13,10,11,15,6,12,2,5,13,5,2,15,12,0,13,0,3,13,13,6,4,12,6,10,9,0,0,2,1,0,13,15,12,3,1,3,13,7,4,7,3,3,3,6,16,4,20,0,5,3,5,4,6,6,3,15,3,2,6,3,3,15,13,6,3,3,5,4,3,3,3,0,13,2,2,12,15,3,1,13,6,13,13,6,13,3,3,3,6,13,3,0,3,2,3,3,3,3,2,3,3,3,3,3,3,2,3,2,3,3,3,15,6,13,16,13,13,13,3,13,4,10,15,11,14,3,3,2,3,2,1,3,6,3,3,3,2,3,3,3,4,1,3,3,12,3,3
EPI_ISL_2232288,3,3,3,3,3,3,3,2,2,2,2,3,3,3,3,3,2,3,3,3,3,3,3,3,3,3,3,3,3,3,3,3,3,3,3,3,3,3,3,3,3,3,3,3,3,3,3,3,3,3,3,3,3,3,3,3,3,3,3,3,3,3,3,3,3,3,3,3,3,4,3,3,3,3,3,3,4,4,3,4,4,4,3,4,4,4,4,3,3,4,3,3,3,3,3,3,3,4,4,3,3,1,3,3,3,2,3,3,4,3,3,3,3,3,3,3,4,3,3,3,3,4,4,4,3,3,3,3,3,3,3,3,3,3,3,3,3,3,3,3,3,3,3,3,3,3,3,3,3,3,3,3,3,3,3,0,3,3,3,3,3,3,3,3,3,3,3,3,3,3,3,4,3,3,3,3,3,3,2,2,3,3,3,3,3,3,1,3,3,6,3,3,3,3,3,3,0,5,3,3,3,3,4,3,1,3,1,4,1,3,4,3,3,3,1,3,3,3,2,3,3,3,3,3,3,2,3,3,2,2,3,3,3,3,3,3,3,3,3,3,4,3,6,4,7,4,7,3,3,3,3,5,3,7,7,3,4,6,3,5,6,3,3,3,3,3,3,3,3,3,3,3,3,3,5,3,3,5,3,2,3,3,3,3,3,3,5,4,3,3,3,3,3,4,4,3,4,4,4,6,3,3,3,4,3,4,4,4,6,5,3,3,4,5,3,4,3,1,6,3,5,3,5,2,1,2,1,3,1,0,3,2,0,1,1,0,5,7,3,2,1,0,0,7,0,0,5,3,0,0,4,3,3,0,2,0,3,2,3,3,1,3,5,1,3,0,2,3,3,0,3,0,4,3,3,1,0,3,3,3,3,1,0,0,0,1,3,3,3,5,2,4,3,6,13,15,5,13,13,3,3,14,5,5,0,3,3,6,3,3,13,3,6,3,3,5,5,5,3,6,5,5,7,3,5,3,4,1,3,4,0,3,3,6,2,3,3,3,3,3,3,7,5,5,3,3,5,0,3,3,4,3,5,6,3,5,3,5,3,4,4,3,5,4,3,5,5,3,3,3,3,3,3,3,3,3,1,3,3,3,3,5,5,3,3,3,1,4,3,4,5,3,3,3,5,4,3,0,0,5,3,5,5
EPI_ISL_2232339,3,3,3,3,3,3,3,2,2,2,2,3,3,3,3,3,2,3,3,3,3,3,3,3,3,3,3,3,3,3,3,3,3,3,3,3,3,3,3,3,3,3,3,3,3,3,3,3,3,3,3,3,3,3,3,3,3,3,3,3,3,3,3,3,3,3,3,3,3,3,3,3,3,3,3,3,3,3,3,3,3,3,3,3,3,3,3,3,3,3,3,3,3,3,3,3,3,3,3,3,3,1,3,3,3,2,3,3,3,3,3,3,3,3,3,3,3,3,3,3,3,3,3,3,3,3,3,3,3,3,3,3,3,3,3,3,3,3,3,3,3,3,3,3,3,3,3,3,3,3,3,3,3,3,2,0,3,3,3,3,3,3,3,3,3,3,3,3,3,3,3,3,3,3,3,3,2,3,2,2,3,3,3,3,3,3,0,3,3,3,3,3,3,3,3,3,0,3,3,3,3,3,3,3,0,3,1,3,0,3,3,3,3,3,0,3,3,3,2,3,3,3,3,3,3,2,3,3,2,2,3,3,3,3,3,3,3,3,3,3,4,3,3,4,3,4,3,3,3,3,3,3,3,3,3,3,3,3,3,3,3,3,3,3,3,3,3,3,3,3,3,3,3,3,3,3,3,3,3,1,3,3,3,3,3,3,3,4,3,2,3,3,3,3,5,3,4,5,5,5,3,4,4,4,3,4,4,4,3,3,3,3,3,3,3,4,3,1,3,3,3,3,2,1,1,2,1,3,1,0,3,2,0,1,0,0,3,3,3,2,1,0,0,3,0,0,3,3,0,0,4,2,3,0,2,0,3,2,3,3,1,3,2,1,3,0,2,3,3,0,3,0,3,3,3,1,0,3,3,3,3,0,0,0,0,0,3,3,4,3,2,4,3,3,3,3,3,3,3,3,3,3,3,3,3,0,3,3,3,3,4,3,3,3,3,3,3,3,3,4,3,3,4,4,3,3,4,0,3,2,0,3,3,3,1,3,3,3,3,3,3,3,3,3,3,3,3,0,3,2,4,3,3,3,2,3,3,3,3,4,4,2,3,2,3,3,4,3,3,3,3,3,3,3,3,3,1,3,3,3,3,3,3,2,3,5,1,4,3,4,3,3,2,3,3,4,3,0,0,3,3,3,3
EPI_ISL_2232295,4,4,4,4,4,3,4,2,2,2,2,3,3,3,3,3,2,3,3,4,4,3,3,3,3,3,3,3,3,3,3,3,3,3,3,3,3,3,3,3,3,3,3,3,3,3,3,3,3,3,3,3,3,3,3,3,3,3,3,3,3,3,3,3,3,3,3,3,3,3,3,3,3,3,3,3,3,3,3,3,3,3,3,3,3,3,3,3,3,3,3,3,4,3,3,3,3,3,3,3,3,1,3,3,3,2,3,3,3,3,3,3,3,3,3,3,3,3,3,3,3,3,3,3,3,3,3,3,3,3,3,3,3,3,3,3,3,3,3,3,3,3,3,3,3,3,3,3,3,3,3,3,3,3,2,0,3,3,3,3,3,3,3,3,3,3,3,3,3,4,3,3,3,3,3,3,2,3,2,2,3,3,3,3,3,3,0,3,3,3,3,3,3,3,3,3,0,3,3,3,3,3,3,3,0,3,1,3,0,3,3,3,3,3,0,3,3,3,2,3,3,3,3,3,3,2,3,3,2,2,3,3,3,3,3,3,3,3,3,3,3,3,3,3,3,3,3,3,3,3,3,3,3,3,3,3,3,3,3,3,3,3,3,3,3,3,3,3,3,3,3,3,3,3,3,3,3,3,3,1,3,3,3,3,3,3,3,3,3,2,3,3,3,3,3,3,3,3,3,5,3,3,3,3,3,3,3,3,3,5,11,3,3,3,3,3,3,1,3,3,3,3,2,1,1,2,1,3,1,0,3,2,0,0,0,0,5,3,3,2,2,0,0,3,0,0,3,3,0,0,3,2,3,0,2,0,3,2,3,3,1,3,2,1,3,0,2,3,3,0,3,0,3,3,3,1,0,3,3,3,3,0,0,0,0,0,3,3,3,3,1,3,3,5,4,5,3,3,3,3,3,3,5,5,3,3,0,3,3,3,3,3,3,2,3,3,3,3,3,3,3,3,3,6,3,3,3,0,3,2,0,3,3,3,1,3,3,3,3,3,3,3,3,3,3,3,3,0,3,2,3,3,3,3,2,3,3,3,3,3,3,2,3,2,3,3,3,3,3,3,5,3,3,3,3,3,1,3,3,3,3,3,3,2,3,2,1,3,3,3,3,4,2,3,3,3,4,0,0,3,3,3,3
EPI_ISL_812854,3,3,3,3,3,3,3,2,2,2,2,3,3,3,3,3,2,3,3,3,3,3,3,3,3,3,3,3,3,3,3,3,3,3,3,4,3,4,4,3,3,4,3,3,3,4,4,4,3,3,3,4,3,3,3,3,3,3,3,4,3,4,3,3,3,3,3,3,3,4,3,3,3,3,4,3,5,4,3,4,4,5,3,4,5,4,4,4,4,4,3,4,4,3,3,3,3,4,4,3,3,1,4,4,4,2,4,4,4,3,3,3,3,4,3,3,4,3,3,3,3,4,4,4,3,3,3,3,3,3,3,3,3,4,3,3,3,3,3,3,3,4,3,3,3,3,3,3,3,3,4,3,4,4,4,0,4,4,4,4,4,4,4,4,4,4,4,4,4,3,4,5,4,3,3,5,3,4,3,2,4,4,3,4,4,4,0,3,4,6,4,3,3,4,4,3,0,5,4,4,4,4,6,4,0,4,2,4,0,3,4,4,4,3,0,4,4,3,3,5,4,4,4,3,4,3,4,4,3,3,4,4,4,3,4,4,4,4,3,4,4,3,8,4,6,4,6,3,3,3,4,5,4,6,6,3,6,5,3,5,6,4,4,4,4,4,4,4,4,4,3,4,4,4,5,4,3,5,3,2,4,4,3,3,4,4,5,4,4,3,4,4,4,4,4,4,4,4,4,4,4,4,4,4,4,4,4,4,6,4,3,4,4,5,4,5,4,1,12,4,5,4,8,2,2,3,1,3,1,0,4,2,0,1,0,0,4,6,4,3,1,0,0,6,0,0,5,4,0,0,4,4,3,0,3,0,4,3,3,4,1,3,7,2,4,0,2,4,3,0,4,0,4,4,4,1,1,3,3,3,4,1,0,0,0,1,4,4,3,5,2,5,4,4,6,6,5,6,6,3,4,6,4,4,6,3,3,0,3,3,6,4,6,3,3,5,5,4,4,4,5,5,5,3,5,4,4,1,4,4,0,4,4,10,2,4,3,4,4,3,4,6,5,5,3,4,5,0,3,3,4,3,5,5,3,5,3,5,3,4,4,3,5,4,3,5,5,4,3,4,4,4,4,4,3,4,1,3,4,3,4,5,5,6,3,3,1,4,3,4,5,3,3,3,5,4,3,0,0,5,3,5,5
EPI_ISL_812858,6,6,6,6,6,6,6,5,5,5,5,6,6,6,6,6,5,6,6,6,6,3,3,3,3,3,3,3,3,3,3,3,3,3,3,6,6,6,6,3,3,6,3,3,6,6,6,6,3,3,3,6,6,3,3,3,3,3,3,3,3,3,3,3,3,4,3,3,3,3,3,3,4,3,3,3,3,3,3,3,3,3,3,3,3,3,3,3,3,3,3,3,3,3,3,3,3,3,3,3,3,1,3,3,3,2,3,3,3,3,3,3,3,3,3,3,3,3,3,3,3,3,3,3,3,3,3,3,3,3,3,3,3,6,3,3,3,3,3,3,3,3,3,3,3,3,3,3,3,6,7,7,6,6,5,0,6,6,6,6,7,6,6,6,6,6,6,6,6,6,6,6,6,7,6,6,5,6,5,5,6,6,6,6,6,6,0,6,6,3,6,6,6,6,6,6,0,3,6,6,6,6,6,6,0,6,1,6,0,6,6,6,6,6,0,6,6,6,5,6,6,6,6,6,6,5,6,6,5,5,6,6,6,6,6,6,6,6,6,6,3,6,3,3,3,3,3,3,3,3,3,3,6,3,3,3,3,3,3,3,3,3,6,6,6,6,6,6,6,6,6,7,6,6,3,6,6,3,6,1,7,6,6,6,6,6,3,3,6,2,6,6,6,3,3,6,3,3,3,3,6,6,6,3,6,3,3,3,3,6,3,6,3,3,6,6,6,3,3,6,3,6,2,1,1,2,4,6,1,0,6,5,0,0,0,0,6,3,6,2,1,0,0,3,0,0,3,6,0,0,3,5,6,0,5,0,6,5,6,6,4,6,2,1,6,3,2,6,6,0,6,0,3,6,6,4,0,6,8,6,3,0,0,0,0,0,6,6,6,3,1,3,6,3,3,3,3,3,3,6,6,3,6,6,3,3,3,3,0,8,3,6,3,2,8,3,3,7,6,3,3,3,3,3,3,3,3,1,6,2,0,6,6,3,1,6,6,6,6,6,6,3,3,3,6,6,3,0,3,2,3,3,3,3,2,3,3,3,3,3,3,2,3,2,3,3,3,6,6,6,6,6,6,6,4,6,5,6,6,6,6,3,3,2,3,2,1,3,8,3,3,3,2,3,3,3,3,0,3,3,6,3,3
EPI_ISL_812818,6,6,6,6,6,6,6,5,5,5,5,6,6,6,6,6,5,6,6,6,6,3,3,3,3,3,3,3,3,3,3,3,3,3,3,6,6,6,6,3,3,6,3,3,6,6,6,6,3,3,3,6,6,3,3,3,3,3,3,3,3,3,3,3,3,4,3,3,3,3,3,3,4,3,3,3,3,3,3,3,3,3,3,3,3,3,3,3,3,3,3,3,3,3,3,3,3,3,3,3,3,1,3,3,3,2,3,3,3,3,3,3,3,3,3,3,3,3,3,3,3,3,3,3,3,3,3,3,3,3,3,3,3,6,3,3,3,3,3,3,3,3,3,3,3,3,3,3,3,6,7,7,6,6,5,0,6,6,6,6,7,6,6,6,6,6,6,6,6,6,6,6,6,7,6,6,5,6,5,5,6,6,6,6,6,6,0,6,6,3,6,6,6,6,6,6,0,3,6,6,6,6,6,6,0,6,1,6,0,6,6,6,6,6,0,6,6,6,5,6,6,6,6,6,6,5,6,6,5,5,6,6,6,6,6,6,6,6,6,6,4,6,3,3,3,3,3,3,3,3,3,3,6,3,3,3,4,3,3,3,3,3,6,6,6,6,6,6,6,6,6,7,6,6,3,6,6,3,6,1,7,6,6,6,6,6,3,4,6,2,6,6,6,3,3,6,3,3,3,3,6,6,6,3,6,3,3,3,3,6,3,6,3,3,6,6,6,4,3,6,3,6,2,1,1,2,4,6,1,0,6,5,0,0,0,0,6,3,6,2,1,0,0,3,0,0,3,6,0,0,3,5,6,0,5,0,6,5,6,6,4,6,2,1,6,3,2,6,6,0,6,0,3,6,6,4,0,6,9,6,3,0,0,0,0,0,6,6,6,3,1,3,6,3,3,3,3,3,3,6,6,3,6,6,3,3,3,3,8,0,3,6,3,2,8,3,3,7,6,3,3,3,3,3,3,3,3,1,6,2,0,6,6,3,1,6,6,6,6,6,6,3,3,3,6,6,3,0,3,2,3,3,3,3,2,3,3,3,3,3,3,2,3,2,3,3,3,6,6,6,6,6,6,6,4,6,6,6,6,6,6,3,3,2,3,2,1,3,8,3,3,3,2,3,3,3,3,0,3,3,6,3,3
EPI_ISL_2232389,3,3,3,3,3,3,3,2,2,2,2,3,3,3,3,3,2,3,3,3,3,3,3,3,3,3,3,3,3,3,3,3,3,3,3,3,3,3,3,3,3,3,3,3,3,3,3,3,3,3,3,3,3,3,3,3,3,3,3,3,3,3,3,3,3,3,3,3,3,4,3,3,3,3,3,3,4,4,3,4,4,4,3,4,4,4,4,3,3,4,3,3,3,3,3,3,3,4,4,3,3,1,3,3,3,2,3,3,4,3,3,3,3,3,3,3,4,3,3,3,3,4,4,4,3,3,3,3,3,3,3,3,3,3,3,3,3,3,3,3,3,3,3,3,3,3,3,3,3,3,3,3,3,3,3,0,3,3,3,3,3,3,3,3,3,3,3,3,3,3,3,4,3,3,3,3,3,3,2,2,3,3,3,3,3,3,1,3,3,6,3,3,3,3,3,3,0,5,3,3,3,3,4,3,1,3,1,4,1,3,4,3,3,3,1,3,3,3,2,3,3,3,3,3,3,2,3,3,2,2,3,3,3,3,3,3,3,3,3,3,4,3,6,4,7,4,7,3,3,3,3,5,3,7,7,3,4,6,3,5,6,3,3,3,3,3,3,3,3,3,3,3,3,3,5,3,3,5,3,2,3,3,3,3,3,3,5,4,3,3,3,3,3,4,7,3,4,7,5,7,3,6,6,4,3,5,4,4,6,3,3,3,4,5,3,7,3,1,6,3,5,3,5,2,1,2,1,3,1,0,3,2,0,1,1,0,3,7,3,2,1,0,0,7,0,0,5,3,0,0,4,3,3,0,2,0,3,2,3,3,1,3,5,1,3,0,2,3,3,0,3,0,4,3,3,1,0,3,3,3,3,1,0,0,0,1,3,3,6,5,2,4,3,4,13,14,5,14,14,3,3,14,3,3,13,4,3,6,3,3,0,3,6,3,3,5,5,3,3,4,5,5,8,6,5,3,4,1,3,4,0,3,3,6,2,3,3,4,3,3,3,7,5,5,3,3,5,0,3,3,4,3,5,6,3,5,3,5,3,4,4,3,5,4,3,5,8,3,3,3,3,3,3,3,3,3,1,3,3,3,3,5,5,3,3,3,1,4,3,4,5,3,3,3,5,4,3,0,0,5,3,5,5
EPI_ISL_529032,6,6,6,6,6,6,6,5,5,5,5,6,6,7,7,9,6,7,9,8,10,3,3,3,3,3,3,3,3,3,3,3,3,3,3,14,12,15,15,3,3,15,3,3,12,15,15,15,3,3,3,16,6,3,3,3,3,3,3,3,3,3,3,3,3,3,3,3,3,3,3,3,3,3,3,3,3,3,3,3,3,4,3,3,3,3,3,3,3,3,3,3,4,3,3,3,3,3,3,3,3,1,3,3,3,2,3,3,3,3,3,3,3,3,3,3,3,3,3,3,3,3,3,3,3,3,3,3,3,3,3,3,3,16,3,3,3,3,3,3,3,3,3,3,3,3,3,3,3,6,15,6,15,16,14,0,15,15,15,16,15,16,15,16,16,16,16,15,15,6,16,16,16,7,6,15,14,16,15,9,15,15,10,16,14,13,0,13,14,3,14,6,10,14,15,12,0,3,16,15,16,16,6,14,0,13,8,9,0,6,12,15,13,6,0,16,16,6,15,15,15,15,15,6,16,15,15,16,14,14,16,6,15,11,15,15,15,16,6,13,3,11,3,3,3,3,3,3,3,3,3,3,16,3,3,3,3,3,3,3,3,3,7,13,13,13,13,13,15,13,6,16,16,13,3,13,11,3,6,1,16,15,11,11,13,16,3,3,16,2,13,13,13,3,3,13,3,3,3,3,13,13,13,3,13,3,3,3,3,13,3,15,3,3,13,13,14,1,4,13,3,16,2,1,4,5,8,6,2,0,16,9,0,0,0,4,13,3,15,5,1,0,0,3,0,0,3,13,0,0,3,8,10,0,14,0,13,10,11,16,6,12,2,5,13,5,2,16,12,0,13,0,3,13,13,6,4,12,6,10,9,0,0,2,1,0,13,16,12,3,1,3,13,3,3,3,3,3,3,6,15,3,15,15,3,3,3,4,6,6,3,0,3,2,6,3,3,13,13,3,3,3,3,3,3,3,3,0,13,2,2,12,16,3,1,13,6,13,13,6,13,3,3,3,6,13,3,0,3,2,3,3,3,3,2,3,3,3,3,3,3,2,3,2,3,3,3,16,6,13,13,13,13,13,3,13,4,10,16,11,15,3,3,2,3,2,1,3,6,3,3,3,2,3,3,3,4,1,3,3,12,3,3
EPI_ISL_812826,3,3,3,3,3,3,3,2,2,2,2,3,3,3,3,3,2,3,3,3,3,3,3,3,3,3,3,3,3,3,3,3,3,3,3,3,3,3,3,3,3,3,3,3,3,3,3,3,3,3,3,3,3,3,3,3,3,3,3,3,3,3,3,3,3,3,3,3,3,4,3,3,3,3,3,3,4,4,3,4,4,4,3,5,4,4,4,3,3,4,3,3,3,3,3,3,3,4,4,3,3,1,3,3,3,2,3,3,4,3,3,3,3,3,3,3,4,3,3,3,3,5,4,4,3,3,3,3,3,3,3,3,3,3,3,3,3,3,3,3,3,3,3,3,3,3,3,3,3,3,3,3,3,3,3,0,3,3,3,3,3,3,3,3,3,3,3,3,3,3,3,4,3,3,3,3,2,3,2,2,3,3,3,3,3,3,0,3,3,6,3,3,3,3,3,3,0,5,3,3,3,3,4,3,0,3,1,3,0,3,3,3,3,3,0,3,3,3,2,3,3,3,3,3,3,2,3,3,2,2,3,3,3,3,3,3,3,3,3,3,4,3,6,4,6,4,6,3,3,3,3,5,3,6,6,3,4,5,3,5,6,3,3,3,3,3,3,3,3,3,3,3,3,3,5,3,3,5,3,2,3,3,3,3,3,3,5,4,3,3,3,3,3,4,4,3,4,4,4,4,3,3,3,4,3,4,4,4,7,3,3,3,4,5,3,4,3,1,6,3,7,3,5,2,1,2,1,3,1,0,3,2,0,1,0,0,3,6,3,2,1,0,0,6,0,0,5,3,0,0,4,3,3,0,2,0,3,2,3,3,1,3,5,1,3,0,2,3,3,0,3,0,4,3,3,1,0,3,3,3,3,1,0,0,0,1,3,3,3,5,2,4,3,4,6,6,5,6,6,3,3,6,3,3,6,3,3,6,3,3,6,3,0,3,3,5,5,3,3,4,5,5,5,3,5,3,4,0,3,5,0,3,3,6,2,3,3,3,3,3,3,6,5,5,3,3,5,0,3,3,4,3,5,5,3,5,3,5,3,4,4,3,5,4,3,5,5,3,3,3,3,3,3,3,3,3,1,3,3,3,3,5,5,3,3,3,1,4,3,4,5,3,3,3,5,4,3,0,0,5,3,5,5
EPI_ISL_812850,2,2,2,2,2,2,2,1,1,1,1,2,2,2,2,2,2,2,2,2,2,2,2,2,2,2,2,2,2,2,2,2,2,2,2,2,2,2,2,2,2,2,2,2,2,2,2,2,2,2,2,2,2,2,2,2,2,2,2,2,2,2,2,2,2,2,3,2,2,2,2,2,2,2,2,2,2,2,2,2,2,2,2,2,2,2,2,2,2,2,2,2,2,2,2,2,2,2,2,2,2,1,2,2,2,2,2,2,2,2,2,2,2,2,2,2,2,2,2,2,2,2,2,2,2,2,2,2,2,2,2,2,2,2,2,2,2,2,2,2,2,2,2,2,2,2,2,2,2,2,2,2,2,2,1,0,2,2,2,2,2,2,2,2,2,2,2,2,2,2,2,2,2,2,2,2,1,2,1,1,2,2,2,2,2,2,0,2,2,3,2,2,2,2,2,2,0,3,2,2,2,2,2,2,0,2,1,2,0,2,2,2,2,2,0,2,2,2,1,2,2,2,2,2,2,1,2,2,1,1,2,2,2,2,2,2,2,2,2,2,4,2,3,4,3,4,3,2,2,2,2,3,2,3,3,2,2,3,2,3,3,2,2,2,2,2,2,2,2,2,2,2,2,2,3,2,2,3,2,2,2,2,2,2,2,2,3,4,2,2,2,2,2,3,4,2,4,4,4,4,2,2,2,4,2,4,4,4,3,2,2,2,3,3,2,3,2,0,3,2,2,2,2,1,1,1,1,2,1,0,2,1,0,2,0,0,2,3,2,1,1,0,0,3,0,0,3,2,0,0,4,2,2,0,1,0,2,2,2,2,0,2,3,1,2,0,1,2,2,0,2,0,3,2,2,1,0,2,2,2,2,1,0,0,0,1,2,2,2,3,2,4,2,3,3,3,3,3,3,2,2,3,2,2,3,3,2,3,2,2,3,2,3,0,2,3,3,2,2,4,3,3,3,2,3,2,4,0,2,2,0,2,2,3,2,2,2,2,2,2,2,3,3,3,2,2,3,0,2,2,4,2,3,3,2,3,2,3,2,4,4,2,3,2,2,3,3,2,2,2,2,2,2,2,2,2,1,2,2,2,2,3,3,1,2,4,1,4,2,4,3,2,2,2,3,4,2,0,0,3,2,3,3
EPI_ISL_2232301,9,9,9,9,9,6,6,5,5,5,5,6,6,6,6,6,8,6,6,6,6,3,3,3,3,3,3,3,3,3,3,3,3,3,3,6,6,6,6,3,3,6,3,3,6,6,6,6,3,3,3,6,9,3,3,3,3,3,3,3,3,3,3,3,3,4,3,3,3,3,3,3,4,3,3,3,3,3,3,3,3,3,3,3,3,3,3,3,3,3,3,3,3,3,3,3,3,3,3,3,3,1,3,3,3,2,3,3,3,3,3,3,3,3,3,3,3,3,3,3,3,3,3,3,3,3,3,3,3,3,3,3,3,6,3,3,3,3,3,3,3,3,6,3,3,3,3,3,3,9,7,7,6,6,5,0,6,6,6,6,7,6,6,6,6,6,6,6,6,6,6,6,6,7,6,6,5,6,5,5,6,6,6,6,6,6,0,6,6,3,6,6,6,6,6,6,0,3,6,6,6,6,6,6,0,6,1,6,0,9,6,6,6,6,0,6,6,6,5,6,6,6,6,6,6,5,6,6,5,5,6,6,6,6,6,6,6,6,6,6,3,6,3,3,3,3,3,3,3,3,3,3,6,3,3,3,3,3,3,3,3,3,6,6,6,6,6,6,6,6,6,7,6,6,3,6,6,3,6,4,7,6,6,6,6,6,3,3,6,2,6,6,6,3,3,6,3,3,3,3,6,6,6,3,6,3,3,3,3,6,3,6,3,3,6,6,6,3,3,6,3,6,2,1,1,2,4,6,1,0,6,5,0,0,0,0,6,3,6,2,1,0,0,3,0,0,3,6,0,0,3,5,6,0,5,0,6,5,6,6,4,6,2,1,6,3,2,6,6,0,6,0,3,6,6,4,0,6,8,6,3,0,0,0,0,0,6,6,6,3,1,3,6,3,3,3,3,3,3,6,6,3,6,6,3,3,3,3,8,8,3,6,3,2,0,3,3,7,6,3,3,3,3,3,3,3,3,1,6,2,0,6,6,3,1,6,6,6,6,6,6,3,3,3,6,6,3,0,3,2,3,3,3,3,2,3,3,3,3,3,3,2,3,2,3,3,3,6,6,6,6,6,6,6,4,6,5,6,6,6,6,3,3,2,3,2,1,3,8,3,3,3,2,3,3,3,3,0,3,3,6,3,3
EPI_ISL_2232395,3,3,3,3,3,3,3,2,2,2,2,3,3,3,3,3,2,3,3,3,3,3,3,3,3,3,3,3,3,3,3,3,3,3,3,3,3,3,3,3,3,3,3,3,3,3,3,3,3,3,3,3,4,3,3,3,3,3,3,3,3,3,3,3,3,3,3,3,3,4,3,3,3,3,3,3,4,4,3,4,4,4,3,4,4,4,4,3,3,4,3,3,3,3,3,3,3,4,4,3,3,1,3,3,3,2,3,3,4,3,3,3,3,3,3,3,4,3,3,3,3,4,4,4,3,3,3,3,3,3,3,3,3,3,3,3,3,3,3,3,3,3,3,3,3,3,3,3,3,4,3,4,3,3,3,0,3,3,3,3,3,3,3,3,3,3,3,3,3,4,3,4,3,4,4,3,2,3,2,2,3,3,3,3,3,3,0,3,3,5,3,4,3,3,3,3,0,7,3,3,3,3,5,3,0,3,1,3,0,4,3,3,3,4,0,3,3,4,2,3,3,3,3,4,3,2,3,3,2,2,3,4,3,3,3,3,3,3,4,3,4,3,5,4,5,4,5,3,3,3,3,6,3,5,5,4,4,5,3,7,5,3,3,3,3,3,3,3,3,3,3,3,3,3,7,3,3,7,3,2,3,3,3,3,3,3,6,4,3,3,3,3,3,4,4,3,4,4,4,4,3,3,3,4,3,4,4,4,5,3,3,3,4,5,3,4,3,1,5,3,4,3,4,1,1,2,1,3,1,0,3,2,0,1,0,0,3,5,3,2,1,0,0,5,0,0,5,3,0,0,4,4,3,0,2,0,3,2,3,3,1,3,4,1,3,0,2,3,3,0,3,0,4,3,3,1,0,3,3,3,3,3,0,0,0,1,3,3,3,5,2,4,3,4,5,5,11,5,5,3,3,5,3,3,5,3,3,5,3,3,5,3,5,3,3,0,10,3,3,4,11,5,11,6,5,3,4,0,3,3,0,3,3,5,2,3,3,3,3,3,3,5,10,5,3,3,5,0,3,3,4,3,5,5,3,5,3,5,3,4,4,3,5,6,3,10,10,3,3,3,3,3,3,3,3,3,1,3,3,3,3,5,5,2,3,3,1,4,3,4,5,3,3,3,5,4,3,0,0,5,3,5,5
EPI_ISL_2232296,3,3,3,3,3,3,3,2,2,2,2,3,3,3,3,3,2,3,3,3,3,3,3,3,3,3,3,3,3,3,3,3,3,3,3,3,3,3,3,3,3,3,3,3,3,3,3,3,3,3,3,3,4,3,3,3,3,3,3,3,3,3,3,3,3,3,3,3,3,4,3,3,3,3,3,3,4,4,3,4,4,4,3,4,4,4,4,3,3,4,3,3,3,3,3,3,3,4,4,3,3,1,3,3,3,2,3,3,4,3,3,3,3,3,3,3,4,3,3,3,3,4,4,4,3,3,3,3,3,3,3,3,3,3,3,3,3,3,3,3,3,3,3,3,3,3,3,3,3,4,3,4,3,3,3,0,3,3,3,3,3,3,3,3,3,3,3,3,3,4,3,4,3,4,4,3,2,3,2,2,3,3,3,3,3,3,0,3,3,5,3,4,3,3,3,3,0,7,3,3,3,3,5,3,0,3,1,3,0,4,3,3,3,4,0,3,3,4,2,3,3,3,3,4,3,2,3,3,2,2,3,4,3,3,3,3,3,3,4,3,4,3,5,4,5,4,5,3,3,3,3,6,3,5,5,4,4,5,3,7,5,3,3,3,3,3,3,3,3,3,3,3,3,3,7,3,3,7,3,2,3,3,3,3,3,3,6,4,3,3,3,3,3,4,4,3,4,4,4,4,3,3,3,4,3,4,4,4,5,3,3,3,4,5,3,4,3,1,5,3,4,3,4,1,1,2,1,3,1,0,3,2,0,1,0,0,3,5,3,2,1,0,0,5,0,0,5,3,0,0,4,4,3,0,2,0,3,2,3,3,1,3,4,1,3,0,2,3,3,0,3,0,4,3,3,1,0,3,3,3,3,3,0,0,0,1,3,3,3,5,2,4,3,4,5,5,10,5,5,4,3,5,3,3,5,3,3,5,3,3,5,3,5,3,3,10,0,3,3,4,10,5,10,5,5,3,4,0,3,3,0,3,3,5,2,3,3,3,3,4,3,5,9,5,3,3,5,0,3,3,4,3,5,5,3,5,3,5,3,4,4,3,5,6,3,9,9,3,3,3,3,3,3,3,3,3,1,3,3,3,3,5,5,2,3,3,1,4,3,4,5,3,3,3,5,4,3,0,0,5,3,5,5
EPI_ISL_2232267,6,6,6,6,6,6,6,5,5,5,5,6,6,7,7,8,6,7,8,8,9,3,3,3,3,3,3,3,3,3,3,3,3,3,3,12,10,13,13,3,3,13,3,3,10,13,13,13,3,3,3,13,6,3,3,3,3,3,3,3,3,3,3,3,3,4,3,3,3,3,3,3,4,3,3,3,3,3,3,3,3,4,3,3,3,3,3,3,3,3,3,3,4,3,3,3,3,3,3,3,3,1,3,3,3,2,3,3,3,3,3,3,3,3,3,3,3,3,3,3,3,3,3,3,3,3,3,3,3,3,3,3,3,13,3,3,3,3,3,3,3,3,3,3,3,3,3,3,3,6,13,7,12,13,11,0,12,12,12,13,13,13,12,13,13,13,13,12,12,6,13,13,13,7,6,12,11,13,12,9,12,12,10,13,11,11,0,11,12,3,12,6,10,12,13,10,0,3,13,12,13,13,6,11,0,11,6,10,0,6,13,13,12,6,0,13,13,6,12,12,12,12,12,6,13,12,12,13,11,11,13,6,12,11,12,12,12,13,6,14,3,11,3,3,3,3,3,3,3,3,3,3,13,3,3,3,3,3,3,3,3,3,7,14,14,14,14,14,13,14,6,14,13,14,3,14,11,3,6,1,14,13,11,11,14,13,3,3,13,2,14,13,13,3,3,14,3,3,3,5,14,14,14,3,14,3,3,3,3,16,3,13,3,3,14,13,13,2,4,14,3,13,2,1,4,5,8,6,2,0,13,9,0,0,0,2,16,3,13,5,1,0,0,3,0,0,3,14,0,0,3,8,10,0,11,0,14,11,11,13,6,12,2,5,16,6,2,13,12,0,14,0,3,14,14,6,4,12,7,10,10,0,0,1,1,0,14,13,12,3,1,3,13,5,3,5,3,3,3,6,13,4,15,15,5,3,3,4,7,7,3,13,3,2,7,3,3,0,14,5,3,3,5,3,3,3,3,0,13,2,2,12,13,3,1,17,6,16,16,6,14,3,3,3,6,15,3,0,3,2,3,3,3,3,2,3,3,3,3,3,3,2,3,2,3,3,3,13,6,13,16,16,16,16,3,16,5,10,13,11,13,3,3,2,3,2,1,3,7,3,3,3,2,3,3,3,3,1,3,3,12,3,3
EPI_ISL_2232397,6,6,6,6,6,6,6,5,5,5,5,6,6,7,7,8,6,7,8,8,9,3,3,3,3,3,3,3,3,3,3,3,3,3,3,12,10,13,13,3,3,13,3,3,10,13,13,13,3,3,3,13,6,3,3,3,3,3,3,3,3,3,3,3,3,3,3,3,3,3,3,3,3,3,3,3,3,3,3,3,3,4,3,3,3,3,3,3,3,3,3,3,4,3,3,3,3,3,3,3,3,1,3,3,3,2,3,3,3,3,3,3,3,3,3,3,3,3,3,3,3,3,3,3,3,3,3,3,3,3,3,3,3,13,3,3,3,3,3,3,3,3,3,3,3,3,3,3,3,6,12,6,12,13,11,0,12,12,12,13,12,14,12,13,13,13,13,13,12,6,13,13,13,6,6,12,11,13,12,9,12,12,10,13,11,11,0,11,12,3,12,6,10,12,13,10,0,3,13,12,13,13,6,11,0,11,6,10,0,6,13,13,12,6,0,13,13,6,12,12,12,12,12,6,13,12,12,13,11,11,13,6,12,11,12,12,12,13,6,14,3,11,3,3,3,3,3,3,3,3,3,3,13,3,3,3,3,3,3,3,3,3,7,14,14,14,14,14,13,14,6,13,13,14,3,14,11,3,6,1,13,13,11,11,14,13,3,3,13,2,14,13,13,3,3,27,3,3,3,3,14,14,14,3,14,3,3,3,3,14,3,13,3,3,14,13,13,1,4,14,3,13,2,1,4,5,8,6,2,0,13,9,0,0,0,2,14,3,13,5,1,0,0,3,0,0,3,14,0,0,3,8,10,0,11,0,14,11,11,13,6,12,2,5,14,6,2,13,12,0,14,0,3,14,14,6,4,12,6,10,10,0,0,1,1,0,14,13,12,3,1,3,13,3,3,3,3,3,3,6,13,3,13,13,3,3,3,4,6,6,3,13,3,2,6,3,3,14,0,3,3,3,3,3,3,3,3,0,13,2,2,12,13,3,1,14,6,14,14,6,14,3,3,3,6,14,3,0,3,2,3,3,3,3,2,3,3,3,3,3,3,2,3,2,3,3,3,13,6,13,14,14,14,14,3,14,4,10,13,11,13,3,3,2,3,2,1,3,6,3,3,3,2,3,4,3,3,1,3,3,12,3,3
EPI_ISL_2232268,3,3,3,3,3,3,3,2,2,2,2,3,3,3,3,3,2,3,3,3,3,3,3,3,3,3,3,3,3,3,3,3,3,3,3,3,3,3,3,3,3,3,3,3,3,3,3,3,3,3,3,3,3,3,3,3,3,3,3,3,3,3,3,3,3,3,3,3,3,3,3,3,3,3,3,3,3,3,3,3,3,3,3,3,3,3,3,3,3,3,3,3,3,3,3,3,3,3,3,3,3,1,3,3,3,2,3,3,3,3,3,3,3,3,3,3,3,3,3,3,3,3,3,3,3,3,3,3,3,3,3,3,3,3,3,3,3,3,3,3,3,3,3,3,3,3,3,3,3,3,3,3,3,3,2,0,3,3,3,3,3,3,3,3,3,3,3,3,3,3,3,3,3,3,3,3,2,3,2,2,3,3,3,3,3,3,0,3,3,4,3,3,3,3,3,3,0,4,3,3,3,3,3,3,0,3,1,3,0,3,3,3,3,3,0,3,3,3,2,3,3,3,3,3,3,2,3,3,2,2,3,3,3,3,3,3,3,3,3,3,5,3,4,5,4,5,4,3,3,3,3,4,3,4,4,3,3,4,3,4,4,3,3,3,3,3,3,3,3,3,3,3,3,3,4,3,3,4,3,2,3,3,3,3,3,3,4,5,3,3,3,3,3,4,10,3,10,10,10,12,3,3,3,10,3,10,10,10,4,6,3,4,4,4,3,4,4,1,4,3,3,3,3,1,1,2,1,3,1,0,3,2,0,2,0,0,5,4,3,2,1,0,0,4,0,0,4,3,0,0,5,2,3,0,2,0,3,2,3,3,1,3,3,1,3,0,2,3,3,0,3,0,4,3,3,1,0,3,3,3,3,1,0,0,0,1,3,3,3,4,3,5,3,6,4,6,4,4,4,3,3,5,5,6,6,4,3,4,3,3,4,3,4,4,3,4,4,5,3,0,4,4,6,4,4,3,5,0,3,2,0,3,3,4,2,3,3,3,3,3,3,4,4,4,3,3,4,0,3,3,5,3,4,4,3,4,3,4,3,5,5,3,4,3,3,4,4,3,3,3,4,3,3,3,3,3,1,3,3,3,3,4,4,2,3,4,1,5,3,5,4,3,3,3,4,5,3,0,0,4,3,4,4
EPI_ISL_2232400,3,3,3,3,3,3,3,2,2,2,2,3,3,3,3,3,2,3,3,3,3,3,3,3,3,3,3,3,3,3,3,3,3,3,3,3,3,3,3,3,3,3,3,3,3,3,3,3,3,3,3,3,4,3,3,3,3,3,3,3,3,3,3,3,3,3,3,3,3,4,3,3,3,3,3,3,4,4,3,4,4,4,3,4,4,4,4,3,3,4,3,3,3,3,3,3,3,4,4,3,3,1,3,3,3,2,3,3,4,3,3,3,3,3,3,3,4,3,3,3,3,4,4,4,3,3,3,3,3,3,3,3,3,3,3,3,3,3,3,3,3,3,3,3,3,3,3,3,3,4,3,4,3,3,3,0,3,3,3,3,3,3,3,3,3,3,3,3,3,4,3,4,3,4,4,3,2,3,2,2,3,3,3,3,3,3,0,3,3,5,3,4,3,3,3,3,0,7,3,3,3,3,5,3,0,3,1,3,0,4,3,3,3,4,0,3,3,4,2,3,3,3,3,4,3,2,3,3,2,2,3,4,3,3,3,3,3,3,4,3,4,3,5,4,5,4,5,3,3,3,3,6,3,5,5,4,4,5,3,7,5,3,3,3,3,3,3,3,3,3,3,3,3,3,7,3,3,7,3,2,3,3,3,3,3,3,6,4,3,3,3,3,3,4,4,3,4,4,4,4,3,3,3,4,3,4,4,4,5,3,3,3,4,5,3,4,3,1,5,3,4,3,4,1,1,2,1,3,1,0,3,2,0,1,0,0,3,5,3,2,1,0,0,5,0,0,5,3,0,0,4,4,3,0,2,0,3,2,3,3,1,3,4,1,3,0,2,3,3,0,3,0,4,3,3,1,0,3,3,3,3,3,0,0,0,1,3,3,3,5,2,4,3,4,5,5,11,5,5,3,3,5,3,3,5,3,3,5,3,3,5,3,5,3,3,11,10,3,3,4,0,5,11,6,5,3,4,0,3,3,0,3,3,5,2,3,3,3,3,3,3,5,10,5,3,3,5,0,3,3,4,3,5,5,3,5,3,5,3,4,4,3,5,6,3,10,10,3,3,3,3,3,3,3,3,3,1,3,3,3,3,5,5,2,3,3,1,4,3,4,5,3,3,3,5,4,3,0,0,5,3,5,5
EPI_ISL_2232340,3,3,3,3,3,3,3,2,2,2,2,3,3,3,3,3,2,3,3,3,3,3,3,3,3,3,3,3,3,3,3,3,3,3,3,3,3,3,3,3,3,3,3,3,3,3,3,3,3,3,3,3,3,3,3,3,3,3,3,3,3,3,3,3,3,3,3,3,3,4,3,3,3,3,3,3,4,4,3,4,4,4,3,4,4,4,4,3,3,4,3,3,3,3,3,3,3,4,4,3,3,1,3,3,3,2,3,3,4,3,3,3,3,3,3,3,4,3,3,3,3,4,4,4,3,3,3,3,3,3,3,3,3,3,3,3,3,3,3,3,3,3,3,3,3,3,3,3,3,3,3,3,3,3,3,0,3,3,3,3,3,3,3,3,3,3,3,3,3,3,3,4,3,3,3,3,2,3,2,2,3,3,3,3,3,3,0,3,3,5,3,3,4,3,3,3,0,5,3,3,3,3,4,3,0,3,1,3,0,3,4,3,3,3,0,3,3,3,2,3,3,3,3,3,3,2,3,3,2,2,3,3,3,3,3,3,3,3,3,3,4,3,6,4,5,4,5,3,3,3,3,5,3,5,5,3,4,5,3,5,5,3,4,3,3,3,3,3,3,3,3,3,3,3,5,3,3,5,3,2,3,3,3,3,3,3,5,4,3,3,3,3,3,4,4,3,4,4,4,4,3,3,3,4,3,4,4,4,5,3,3,3,4,5,3,4,3,1,5,3,4,4,4,1,1,2,1,4,1,0,3,2,0,1,0,0,3,6,3,2,1,0,0,6,0,0,5,3,0,0,4,3,3,0,2,0,3,2,3,4,1,3,4,1,3,0,2,3,3,0,3,0,4,3,3,1,0,3,3,4,3,1,0,0,0,1,3,3,3,6,2,4,3,4,5,5,5,5,5,3,3,5,3,3,5,3,3,5,3,3,5,3,5,3,3,5,5,3,3,4,5,0,5,3,9,3,4,0,3,3,0,3,3,5,2,3,3,3,3,3,3,5,5,5,3,3,5,0,3,3,4,3,5,5,3,5,3,5,3,4,4,3,5,4,3,5,5,3,3,3,3,3,3,3,3,3,1,3,3,3,3,5,5,2,3,3,1,4,3,4,5,3,3,3,5,5,3,0,0,5,3,5,5
EPI_ISL_2232291,3,3,3,3,3,3,3,2,2,2,2,3,3,3,3,3,2,3,3,3,3,3,3,3,3,3,3,3,3,3,3,3,3,3,3,3,3,3,3,3,3,3,3,3,3,3,3,3,3,3,3,3,4,3,3,3,3,3,3,3,3,3,3,3,3,3,3,3,3,4,3,3,3,3,3,3,4,4,3,4,4,4,3,4,4,4,4,3,3,4,3,3,3,3,3,3,3,4,4,3,3,1,3,3,3,2,3,3,4,3,3,3,3,3,3,3,4,3,3,3,3,4,4,4,3,3,3,3,3,3,3,3,3,3,3,3,3,3,3,3,3,3,3,3,3,3,3,3,3,4,3,4,3,3,3,0,3,3,3,3,3,3,3,3,3,3,3,3,3,4,3,4,3,4,4,3,2,3,2,2,3,3,3,3,3,3,0,3,3,5,3,4,3,3,3,3,0,7,3,3,3,3,5,3,0,3,1,3,0,4,3,3,3,4,0,3,3,4,2,3,3,3,3,4,3,2,3,3,2,2,3,4,3,3,3,3,3,3,4,3,4,3,5,4,5,4,5,3,3,3,3,6,3,5,5,4,4,5,3,7,5,3,3,3,3,3,3,3,3,3,3,3,3,3,7,3,3,7,3,2,3,3,3,3,3,3,6,4,3,3,3,3,3,4,7,3,4,7,5,9,3,6,6,4,3,5,4,4,5,5,3,3,4,5,3,7,3,1,5,3,4,3,4,1,1,2,1,3,1,0,3,2,0,1,0,0,5,5,3,2,1,0,0,5,0,0,5,3,0,0,4,4,3,0,2,0,3,2,3,3,1,3,4,1,3,0,2,3,3,0,3,0,4,3,3,1,0,3,3,3,3,3,0,0,0,1,3,3,6,5,2,4,3,6,5,7,11,5,5,3,3,6,5,5,7,4,3,5,3,3,8,3,5,3,3,11,10,5,3,6,11,5,0,9,5,3,4,0,3,3,0,3,3,5,2,3,3,4,3,3,3,5,10,5,3,3,5,0,3,3,4,3,5,5,3,5,3,5,3,4,4,3,5,6,3,10,13,3,3,3,3,3,3,3,3,3,1,3,3,3,3,5,5,2,3,3,1,4,3,4,5,3,3,3,5,4,3,0,0,5,3,5,5
EPI_ISL_2232398,4,4,4,4,4,3,4,2,2,2,2,3,3,3,3,3,2,3,3,4,4,3,3,3,3,3,3,3,3,3,3,3,3,3,3,3,3,3,3,3,3,3,3,3,3,3,3,3,3,3,3,3,4,3,3,3,3,3,3,3,3,3,3,3,3,3,3,3,3,3,3,3,3,3,3,3,3,3,3,3,3,3,3,3,3,3,3,3,3,3,3,3,4,3,3,3,3,3,3,3,3,1,3,3,3,2,3,3,3,3,3,3,3,3,3,3,3,3,3,3,3,3,3,3,3,3,3,3,3,3,3,3,3,3,3,3,3,3,3,3,3,3,3,3,3,3,3,3,3,4,3,4,3,3,2,0,3,3,3,3,3,3,3,3,3,3,3,3,3,5,3,3,3,4,4,3,2,3,2,2,3,3,3,3,3,3,0,3,3,3,3,4,3,3,3,3,0,4,3,3,3,3,4,3,0,3,1,3,0,4,3,3,3,4,0,3,3,4,2,3,3,3,3,4,3,2,3,3,2,2,3,4,3,3,3,3,3,3,4,3,3,3,3,3,3,3,3,3,3,3,3,3,3,3,3,3,3,3,3,4,3,3,3,3,3,3,3,3,3,3,3,3,3,3,4,3,3,4,3,1,3,3,3,3,3,3,3,3,3,2,3,3,3,3,6,3,3,6,4,6,3,6,6,3,3,4,3,3,3,4,6,4,3,3,3,6,4,1,3,3,3,3,2,1,1,2,1,3,1,0,3,2,0,0,0,0,3,3,3,2,1,0,0,3,0,0,3,3,0,0,3,2,3,0,2,0,3,2,3,3,1,3,2,1,3,0,2,3,3,0,3,0,3,3,3,1,0,3,3,3,3,1,0,0,0,0,3,3,6,3,1,3,3,3,3,3,6,3,3,3,3,3,3,4,3,4,6,3,3,3,6,3,3,2,3,6,5,3,3,4,6,3,9,0,3,3,3,0,3,2,0,3,3,3,1,3,3,4,3,3,3,3,5,3,3,3,3,0,3,2,3,3,3,3,2,3,3,3,3,3,3,2,3,3,3,5,8,3,3,3,4,3,3,3,3,3,1,3,3,3,3,3,3,2,3,2,1,3,3,3,3,3,2,3,3,3,3,0,0,3,3,3,3
EPI_ISL_2232341,3,3,3,3,3,3,3,2,2,2,2,3,3,3,3,3,2,3,3,3,3,3,3,3,3,3,3,3,3,3,3,3,3,3,3,3,3,3,3,3,3,3,3,3,3,3,3,3,3,3,3,3,3,3,3,3,3,3,3,3,3,3,3,3,3,3,3,3,3,4,3,3,3,3,3,3,4,4,3,4,4,4,3,4,4,4,4,3,3,4,3,3,3,3,3,3,3,4,4,3,3,1,3,3,3,2,3,3,4,3,3,3,3,3,3,3,4,3,3,3,3,4,4,4,3,3,3,3,3,3,3,3,3,3,3,3,3,3,3,3,3,3,3,3,3,3,3,3,3,3,3,3,3,3,3,0,3,3,3,3,3,3,3,3,3,3,3,3,3,3,3,4,3,3,3,3,2,3,2,2,3,3,3,3,3,3,0,3,3,5,3,3,4,3,3,3,0,5,3,3,3,3,4,3,0,3,1,3,0,3,4,3,3,3,0,3,3,3,2,3,3,3,3,3,3,2,3,3,2,2,3,3,3,3,3,3,3,3,3,3,4,3,6,4,5,4,5,3,3,3,3,5,3,5,5,3,4,5,3,5,5,3,4,3,3,3,3,3,3,3,3,3,3,3,5,3,3,5,3,2,3,3,3,3,3,3,5,4,3,3,3,3,3,4,4,3,4,4,4,4,3,3,3,4,3,4,4,4,5,3,3,3,4,5,3,4,3,1,5,3,4,4,4,1,1,2,1,4,1,0,3,2,0,1,0,0,3,6,3,2,1,0,0,6,0,0,5,3,0,0,4,3,3,0,2,0,3,2,3,4,1,3,4,1,3,0,2,3,3,0,3,0,4,3,3,1,0,3,3,4,3,1,0,0,0,1,4,3,3,6,2,4,3,4,5,5,5,5,5,3,3,5,3,3,5,3,3,5,3,3,5,3,5,3,3,5,5,3,3,4,5,9,5,3,0,3,4,0,3,3,0,3,3,5,2,3,3,3,3,3,3,5,5,5,3,3,5,0,3,3,4,3,5,5,3,5,3,5,3,4,4,3,5,4,3,5,5,3,3,3,3,3,3,3,3,3,1,3,3,3,3,5,5,2,3,3,1,4,3,4,5,3,3,3,5,5,3,0,0,5,3,5,5
EPI_ISL_8189549,3,3,3,3,3,3,3,2,2,2,2,3,3,3,3,3,2,3,3,3,3,3,4,3,3,4,4,3,3,3,4,3,3,3,3,3,3,3,3,4,4,3,4,4,3,3,3,3,4,4,4,3,3,3,4,4,4,4,4,3,4,3,5,5,4,4,4,5,3,5,5,5,4,4,3,5,5,5,4,4,4,5,5,4,5,4,5,5,5,5,4,5,5,5,5,4,4,5,5,4,4,1,5,5,5,2,5,5,4,4,5,5,5,4,3,5,5,3,4,5,4,5,4,3,3,4,4,5,4,4,4,3,4,4,3,3,3,3,4,4,3,3,4,4,3,4,3,3,3,3,3,3,3,3,3,0,3,3,3,3,3,3,3,3,3,3,3,3,4,3,3,4,3,3,3,5,2,3,2,2,3,3,3,3,3,3,0,3,3,3,3,3,3,3,3,3,0,3,3,3,3,3,4,3,0,3,1,3,0,3,3,3,3,3,0,3,3,3,2,5,3,4,3,3,3,2,3,3,2,3,3,4,3,3,3,3,3,3,3,3,3,3,4,3,3,3,3,3,3,3,9,3,3,3,3,3,4,3,7,3,3,9,3,3,3,3,3,3,3,3,3,3,3,3,3,3,3,3,3,1,3,3,3,3,3,3,3,3,3,2,3,3,3,3,3,3,3,3,3,3,3,3,3,3,3,3,3,3,3,3,3,3,3,3,3,3,3,1,4,3,3,3,3,1,1,2,1,3,1,0,3,2,0,0,0,0,3,3,3,2,1,0,0,3,0,0,3,3,0,0,3,2,3,0,2,0,3,2,3,3,1,3,3,1,3,0,2,3,3,0,3,0,3,3,3,1,0,3,3,3,3,0,0,0,0,0,3,3,3,3,1,3,3,3,3,3,3,3,3,3,3,3,3,3,3,3,3,4,3,3,3,3,3,2,3,3,3,3,3,3,3,3,3,3,3,0,3,0,3,2,0,3,3,4,1,3,4,3,3,3,3,3,3,3,4,3,3,0,3,2,3,3,3,3,2,3,3,3,3,3,3,2,3,2,3,3,3,3,3,3,3,3,3,3,3,3,1,3,3,3,3,3,3,3,3,2,1,3,3,3,3,3,2,3,3,3,3,0,0,3,3,3,3
EPI_ISL_1109627,3,3,3,3,3,3,3,2,2,2,2,3,3,3,3,3,2,3,3,3,3,3,3,3,3,3,3,3,3,3,3,3,3,3,3,3,3,3,3,3,3,3,3,3,3,3,3,3,3,3,3,3,3,3,3,3,3,3,3,3,3,3,3,3,3,3,3,3,3,4,3,4,3,3,3,4,3,4,3,3,3,3,3,3,3,3,3,3,4,3,3,4,3,3,3,3,3,3,3,3,3,1,4,3,3,2,4,3,3,3,3,3,3,3,3,3,3,3,3,3,3,3,3,3,3,3,3,3,3,3,3,3,3,3,3,3,3,3,3,3,3,3,3,3,3,3,3,3,3,3,3,3,3,3,2,0,3,3,3,3,3,3,3,3,3,3,3,3,3,3,3,3,3,3,3,3,2,3,2,2,3,3,3,3,3,3,0,3,3,4,3,3,3,3,3,3,0,4,3,3,3,3,3,3,0,3,1,3,0,3,3,3,3,3,0,3,3,3,2,3,3,3,3,3,3,2,3,3,2,2,3,3,3,3,3,3,3,3,3,3,5,3,4,5,4,5,4,3,3,3,3,4,3,4,4,3,3,4,3,4,4,3,3,3,3,3,3,3,3,3,3,3,3,3,4,3,3,4,3,2,3,3,3,3,3,4,4,5,3,3,3,3,3,4,5,3,5,5,5,5,3,3,3,5,3,5,5,5,4,3,3,3,4,4,3,4,3,1,4,3,3,3,3,1,1,2,1,3,1,0,3,2,0,2,0,0,3,4,3,2,1,0,0,4,0,0,4,3,0,0,5,2,3,0,2,0,3,2,3,3,1,3,3,1,3,0,2,3,3,0,3,0,4,3,3,1,0,3,3,3,3,1,0,0,0,1,3,3,3,4,3,5,3,4,4,4,4,4,4,3,3,4,3,3,4,4,3,4,3,3,4,3,4,4,3,4,4,3,3,5,4,4,4,3,4,3,0,0,3,2,0,3,3,4,2,3,3,3,3,3,3,4,4,4,3,3,4,0,3,3,5,3,4,4,3,4,3,4,3,5,5,3,4,3,3,4,4,3,3,3,3,3,3,3,3,3,1,3,3,3,3,4,4,2,3,4,1,5,3,5,4,3,3,3,4,5,3,0,0,4,3,4,4
EPI_ISL_812833,0,0,0,0,0,0,0,0,0,0,0,0,0,0,0,0,0,0,0,0,0,0,0,0,0,0,0,0,0,0,0,0,0,0,0,0,0,0,0,0,0,0,0,0,0,0,0,0,0,0,0,0,0,0,0,0,0,0,0,0,0,0,0,0,0,0,0,0,0,0,0,0,0,0,0,0,0,0,0,0,0,0,0,0,0,0,0,0,0,0,0,0,0,0,0,0,0,0,0,0,0,0,0,0,0,0,0,0,0,0,0,0,0,0,0,0,0,0,0,0,0,0,0,0,0,0,0,0,0,0,0,0,0,0,0,0,0,0,0,0,0,0,0,0,0,0,0,0,0,0,0,0,0,0,0,0,0,0,0,0,0,0,0,0,0,0,0,0,0,0,0,0,0,0,0,0,1,0,0,0,0,0,0,0,0,0,0,0,0,0,0,0,0,0,0,0,0,0,0,0,0,0,0,0,0,0,0,0,0,0,1,0,0,0,0,0,0,0,0,0,0,0,0,0,0,0,0,0,0,0,0,0,0,0,0,0,0,0,0,0,0,0,1,0,0,0,0,0,0,0,0,0,0,0,0,0,0,0,0,0,0,0,0,0,0,0,0,0,0,0,0,0,0,0,0,0,0,0,0,0,0,0,0,0,0,0,0,0,0,0,0,0,0,0,0,0,0,0,0,0,0,0,0,0,0,0,0,0,0,0,0,0,0,0,0,0,0,1,1,0,0,0,0,0,0,0,0,0,0,0,0,0,0,0,0,0,0,0,0,0,0,0,0,0,0,0,0,0,0,0,0,0,0,0,0,0,0,0,0,0,0,0,0,0,0,0,0,0,0,0,0,0,0,0,0,0,0,0,1,0,0,0,0,0,0,0,0,0,0,0,0,0,0,0,1,1,0,1,1,0,0,1,0,0,1,0,0,1,1,1,1,0,0,0,1,0,0,0,0,0,0,0,0,0,0,0,0,0,0,0,0,0,0,1,0,0,0,0,0,0,0,0,0,0,0,0,0,0,0,0,0,0,0,0,0,0,0,0,0,0,0,0,0,0,0,0,0,0,0,0,0,0,0,0,1,0,0,0,0,0,0,0,0,0,0,0,0,0,1,0,0,0,0,0,0,0,0,0,0,0,0,0,0
EPI_ISL_812817,6,6,6,6,6,6,6,5,5,5,5,6,6,7,7,8,6,7,8,8,9,3,3,3,3,3,3,3,3,3,3,3,3,3,3,12,10,13,13,3,3,13,3,3,10,13,13,13,3,3,3,13,6,3,3,3,3,3,3,3,3,3,3,3,3,3,3,3,3,3,3,3,3,3,3,3,3,3,3,3,3,4,3,3,3,3,3,3,3,3,3,3,4,3,3,3,3,3,3,3,3,1,3,3,3,2,3,3,3,3,3,3,3,3,3,3,3,3,3,3,3,3,3,3,3,3,3,3,3,3,3,3,3,13,3,3,3,3,3,3,3,3,3,3,3,3,3,3,3,6,12,6,12,13,11,0,12,12,12,13,12,13,12,13,13,13,13,12,12,6,13,13,13,6,6,12,11,13,12,9,12,12,10,13,11,11,0,11,12,3,12,6,10,12,13,10,0,3,13,12,13,13,6,11,0,11,6,9,0,6,12,13,12,6,0,13,13,6,12,12,12,12,12,6,13,12,12,13,11,11,13,6,12,11,12,12,12,13,6,13,3,11,3,3,3,3,3,3,3,3,3,3,13,3,3,3,3,3,3,3,3,3,7,13,13,13,13,13,13,13,6,13,13,13,3,13,11,3,6,1,13,13,11,11,13,13,3,3,13,2,13,13,13,3,3,13,3,3,3,3,13,13,13,3,13,3,3,3,3,13,3,13,3,3,13,13,13,1,4,13,3,13,2,1,4,10,7,6,2,0,13,9,0,0,0,2,13,3,13,9,1,0,0,3,0,0,3,13,0,0,3,13,10,0,11,0,13,10,11,13,6,12,2,5,13,5,2,13,12,0,13,0,3,13,13,6,4,12,6,10,9,0,0,1,1,0,13,13,12,3,1,3,20,3,3,3,3,3,3,6,13,3,13,13,3,3,3,4,6,6,3,13,3,2,6,3,3,13,13,3,3,3,3,3,3,3,3,0,0,2,2,12,13,3,1,13,6,13,13,6,13,3,3,3,6,13,3,0,3,2,3,3,4,3,2,3,3,3,3,3,3,2,3,2,3,3,3,13,6,13,13,13,13,13,3,13,4,10,13,11,13,3,3,2,3,2,1,3,6,3,3,3,2,3,3,3,3,1,3,3,12,3,3
EPI_ISL_812853,2,2,2,2,2,2,2,1,1,1,1,2,2,2,2,2,2,2,2,2,2,2,2,2,2,2,2,2,2,2,2,2,2,2,2,2,2,2,2,2,2,2,2,2,2,2,2,2,2,2,2,2,2,2,2,2,2,2,2,2,2,2,2,2,2,2,2,2,2,3,2,2,2,2,2,2,3,3,2,3,3,3,2,3,3,3,3,2,2,3,2,2,2,2,2,2,2,3,3,2,2,1,2,2,2,2,2,2,3,2,2,2,2,2,2,2,3,2,2,2,2,3,3,3,2,2,2,2,2,2,2,2,2,2,2,2,2,2,2,2,2,2,2,2,2,2,2,2,2,2,2,2,2,2,2,0,2,2,2,2,2,2,2,2,2,2,2,2,2,2,2,3,2,2,2,2,1,2,1,1,2,2,2,2,2,2,0,2,2,4,2,2,2,2,2,2,0,3,2,2,2,2,3,2,0,2,1,2,0,2,2,2,2,2,0,2,2,2,1,2,2,2,2,2,2,1,2,2,1,1,2,2,2,2,2,2,2,2,2,2,2,2,4,2,4,2,4,2,2,2,2,3,2,4,4,2,3,3,2,3,4,2,2,2,2,2,2,2,2,2,2,2,2,2,3,2,2,3,2,1,2,2,2,2,2,2,3,2,2,1,2,2,2,2,2,2,2,2,2,2,2,2,2,2,2,2,2,2,5,2,2,2,2,3,2,2,2,0,4,2,4,2,3,2,1,1,1,2,1,0,2,1,0,0,0,0,2,4,2,1,1,0,0,4,0,0,3,2,0,0,2,3,2,0,1,0,2,2,2,2,0,2,4,1,2,0,1,2,2,0,2,0,2,2,2,1,0,2,2,2,2,0,0,0,0,0,2,2,2,3,0,2,2,2,4,4,3,4,4,2,2,4,2,2,4,2,2,4,2,2,4,2,5,2,2,3,3,2,2,2,3,3,3,2,3,2,2,0,2,0,0,2,2,4,1,2,2,2,2,2,2,4,3,3,2,2,3,0,2,1,2,2,3,3,1,3,2,3,2,2,2,1,3,2,2,3,3,2,2,2,2,2,2,2,2,2,1,2,2,2,2,3,3,2,2,2,1,2,2,2,3,2,1,2,3,2,2,0,0,3,2,3,3
EPI_ISL_812836,0,0,0,0,0,0,0,0,0,0,0,0,0,0,0,0,0,0,0,0,0,0,0,0,0,0,0,0,0,0,0,0,0,0,0,2,1,2,2,0,0,2,0,0,1,2,2,2,0,0,0,2,0,0,0,0,0,0,0,0,0,0,0,0,0,0,0,0,0,0,0,0,0,0,0,0,0,0,0,0,0,0,0,0,0,0,0,0,0,0,0,0,0,0,0,0,0,0,0,0,0,0,0,0,0,0,0,0,0,0,0,0,1,0,0,0,0,0,0,0,0,0,0,0,0,0,0,0,0,0,0,0,0,2,0,0,0,0,0,0,0,0,0,0,0,0,0,0,0,0,2,0,2,2,2,0,2,2,2,2,2,2,2,2,2,2,2,2,2,0,2,2,2,0,0,2,2,2,2,2,2,2,2,2,1,1,0,2,2,0,2,0,2,2,2,1,0,0,2,2,2,2,0,1,0,1,1,1,0,0,2,2,2,0,0,2,2,0,2,2,2,2,2,0,2,2,2,2,2,2,2,0,2,2,2,2,2,2,0,2,0,2,1,0,0,0,0,0,0,0,0,0,2,0,0,0,0,0,0,0,0,0,0,2,2,2,2,2,2,2,0,2,2,2,0,2,2,0,0,0,2,2,2,2,2,2,0,0,2,0,2,2,2,0,0,2,0,0,0,0,2,2,2,0,2,0,0,0,0,2,0,2,0,0,2,2,2,0,0,2,0,2,0,0,1,1,1,0,1,0,2,2,0,0,0,1,2,0,2,0,0,0,0,0,0,0,0,2,0,0,0,0,2,0,2,0,2,1,4,2,1,2,0,0,2,0,0,2,2,0,2,0,0,2,2,1,1,2,0,2,2,0,0,0,0,0,2,2,2,0,0,0,2,0,0,0,0,0,0,0,2,0,2,2,0,0,0,0,0,0,0,2,0,0,0,0,0,2,2,0,0,0,0,0,0,0,0,0,2,0,0,2,2,0,0,2,0,2,2,0,2,0,0,0,0,2,0,0,0,0,0,0,0,0,0,0,0,0,0,0,0,0,0,0,0,0,0,2,0,2,2,2,2,2,0,2,0,2,2,2,2,0,0,0,0,0,0,0,0,0,0,0,0,0,0,0,0,1,0,0,2,0,0
EPI_ISL_812795,6,6,6,6,6,6,6,5,5,5,5,6,6,7,7,7,6,7,7,7,8,3,3,3,3,3,3,3,3,3,3,3,3,3,3,11,9,12,12,3,3,12,3,3,9,12,12,12,3,3,3,12,6,3,3,3,3,3,3,3,3,3,3,3,3,3,3,3,3,3,3,3,3,3,3,3,3,3,3,4,3,4,3,3,3,3,3,3,3,3,3,3,4,3,3,3,3,3,3,3,3,1,3,3,3,2,3,3,3,3,3,3,3,3,3,3,3,3,3,3,3,3,3,3,3,3,3,3,3,3,3,3,3,12,3,3,3,3,3,3,3,3,3,3,3,3,3,3,3,7,11,6,11,12,10,0,11,11,11,12,11,12,11,12,12,12,12,11,11,6,12,12,12,6,6,11,10,12,11,8,11,11,9,12,10,10,0,10,11,3,11,6,9,11,12,9,0,3,12,11,12,12,6,10,0,10,5,9,0,6,11,12,11,6,0,12,12,6,11,11,11,11,11,6,12,11,11,12,10,10,12,6,11,10,11,11,11,12,6,12,3,10,3,3,3,3,3,3,3,3,3,3,12,3,3,3,3,3,3,3,3,3,7,12,12,12,12,12,12,12,6,12,12,12,3,12,10,3,6,1,12,12,10,10,12,12,3,4,12,2,12,12,12,3,3,12,3,3,3,3,12,12,12,3,12,3,3,3,3,12,3,12,3,3,12,12,12,1,4,12,3,12,2,1,4,5,6,6,2,0,12,9,0,0,0,2,12,3,12,4,1,0,0,3,0,0,3,12,0,0,3,7,9,0,10,0,12,9,10,12,5,11,2,4,12,5,2,12,11,0,12,0,3,12,12,6,4,11,6,9,8,0,0,1,1,0,12,12,11,3,1,3,12,3,3,3,3,3,3,6,12,3,12,12,3,3,3,4,6,6,3,12,3,2,6,3,3,12,12,3,3,3,3,3,3,3,3,0,12,2,2,0,12,3,1,12,6,12,12,6,12,3,3,3,6,12,3,0,3,2,3,3,3,3,2,3,3,3,3,3,3,2,3,2,3,3,3,12,6,12,12,12,12,12,3,12,4,9,12,10,12,3,3,2,3,2,1,3,6,3,3,3,2,3,3,3,3,1,3,3,11,3,3
EPI_ISL_1141525,6,6,6,6,6,6,6,5,5,5,5,6,6,7,7,9,6,7,9,8,10,3,3,3,3,3,3,3,3,3,3,3,3,3,3,14,12,15,15,3,3,15,3,3,12,15,15,15,3,3,3,16,6,3,3,3,3,3,3,3,3,3,3,3,3,3,3,3,3,3,3,3,3,3,3,3,3,3,3,3,3,4,3,3,3,3,3,3,3,3,3,3,4,3,3,3,3,3,3,3,3,1,3,3,3,2,3,3,3,3,3,3,3,3,3,3,3,3,3,3,3,3,3,3,3,3,3,3,3,3,3,3,3,16,3,3,3,3,3,3,3,3,3,3,3,3,3,3,3,6,15,6,15,16,14,0,15,15,15,16,15,16,15,16,16,16,16,15,15,6,16,16,16,7,6,15,14,16,15,9,15,15,10,16,14,13,0,13,14,3,14,6,10,14,15,12,0,3,16,15,16,16,6,14,0,13,8,9,0,6,12,15,13,6,0,16,16,6,15,15,15,15,15,6,16,15,15,16,14,14,16,6,15,11,15,15,15,16,6,13,3,11,3,3,3,3,3,3,3,3,3,3,16,3,3,3,3,3,3,3,3,3,7,13,13,13,13,13,15,13,6,16,16,13,3,13,11,3,6,1,16,15,11,11,13,16,3,3,16,2,13,13,13,3,3,13,3,3,3,3,13,13,13,3,13,3,3,3,3,13,3,15,3,3,13,13,14,1,4,13,3,16,2,1,4,5,8,6,2,0,16,9,0,0,0,4,13,3,15,5,1,0,0,3,0,0,3,13,0,0,3,8,10,0,14,0,13,10,11,16,6,12,2,5,13,5,2,16,12,0,13,0,3,13,13,6,4,12,6,10,9,0,0,2,1,0,13,16,12,3,1,3,13,3,3,3,3,3,3,6,15,3,15,15,3,3,3,4,6,6,3,16,3,2,6,3,3,13,13,3,3,3,3,3,3,3,3,0,13,2,2,12,0,3,1,13,6,13,13,6,13,3,3,3,6,13,3,0,3,2,3,3,3,3,2,3,3,3,3,3,3,2,3,2,3,3,3,16,6,13,13,13,13,13,3,13,4,10,16,11,15,3,3,2,3,2,1,3,6,3,3,3,2,3,3,3,4,1,3,3,12,3,3
EPI_ISL_1109628,3,3,3,3,3,3,3,2,2,2,2,3,3,3,3,3,2,3,3,3,3,3,3,3,3,3,3,3,3,3,3,3,3,3,3,3,3,3,3,3,3,3,3,3,3,3,3,3,3,3,3,3,3,3,3,3,3,3,3,3,3,3,3,3,3,3,3,3,3,4,3,3,3,3,3,3,4,4,3,4,4,4,3,4,4,4,4,3,3,4,3,3,3,3,3,3,3,4,4,3,3,1,3,3,3,2,3,3,4,3,3,3,3,3,3,3,4,3,3,3,3,4,4,4,3,3,3,3,3,3,3,3,3,3,3,3,3,3,3,3,3,3,3,3,3,3,3,3,3,3,3,3,3,3,3,0,3,3,3,3,3,3,3,3,3,3,3,3,3,3,3,4,3,3,3,4,2,3,2,2,3,3,3,3,3,3,0,3,3,6,3,3,3,3,3,3,0,5,3,3,3,3,5,3,0,3,1,3,0,3,3,3,3,3,0,3,3,3,2,4,3,3,3,3,3,2,3,3,2,2,3,4,3,3,3,3,3,3,3,3,4,3,8,4,6,4,6,3,3,3,4,5,3,6,6,3,5,5,3,5,6,4,3,3,3,3,3,3,3,3,3,3,3,3,5,3,3,5,3,2,3,3,3,3,3,3,5,4,3,3,3,3,3,4,4,3,4,4,4,4,3,3,3,4,3,4,4,4,6,3,3,3,4,5,3,4,3,1,10,3,5,3,8,2,1,2,1,3,1,0,3,2,0,1,0,0,3,6,3,2,1,0,0,6,0,0,5,3,0,0,4,3,3,0,2,0,3,2,3,3,1,3,7,1,3,0,2,3,3,0,3,0,4,3,3,1,0,3,3,3,3,1,0,0,0,1,3,3,3,5,2,4,3,4,6,6,5,6,6,3,3,6,3,3,6,3,3,10,3,3,6,3,6,3,3,5,5,3,3,4,5,5,5,3,5,4,4,1,3,4,0,3,3,0,2,3,3,3,3,3,3,6,5,5,3,3,5,0,3,3,4,3,5,5,3,5,3,5,3,4,4,3,5,4,3,5,5,3,3,3,3,3,3,3,3,3,1,3,3,3,3,5,5,6,3,3,1,4,3,4,5,3,3,3,5,4,3,0,0,5,3,5,5
EPI_ISL_812788,1,1,1,1,1,1,1,0,0,0,0,1,1,1,1,1,1,1,1,1,1,1,1,1,1,1,1,1,1,1,1,1,1,1,1,1,1,1,1,1,1,1,1,1,1,1,1,1,1,1,1,1,1,1,1,1,1,1,1,1,1,1,1,1,1,1,1,1,1,1,1,1,1,1,1,1,1,1,1,1,1,1,1,1,1,1,1,1,1,1,1,1,1,1,1,1,1,1,1,1,1,0,1,1,1,1,1,1,1,1,1,1,1,1,1,1,1,1,1,1,1,1,1,1,1,1,1,1,1,1,1,1,1,1,1,1,1,1,1,1,1,1,1,1,1,1,1,1,1,1,1,1,1,1,0,0,1,1,1,1,1,1,1,1,1,1,1,1,1,1,1,1,1,1,1,1,0,1,0,0,1,1,1,1,1,1,0,1,1,2,1,1,1,1,1,1,0,2,1,1,1,1,2,1,0,1,1,1,0,1,1,1,1,1,0,1,1,1,0,1,1,1,1,1,1,0,1,1,0,0,1,1,1,1,1,1,1,1,1,1,2,1,2,2,2,2,2,1,1,1,1,2,1,2,2,1,1,2,1,2,2,1,1,1,1,1,1,1,1,1,1,1,1,1,2,1,1,2,1,2,1,1,1,1,1,1,2,2,1,2,1,1,1,2,2,1,2,2,2,2,1,1,1,2,1,2,2,2,2,1,1,1,2,2,1,2,1,0,2,1,1,1,2,1,1,1,1,1,1,0,1,1,0,1,0,0,1,2,1,1,0,0,0,2,0,0,2,1,0,0,2,1,1,0,1,0,1,1,1,1,0,1,2,1,1,0,1,1,1,0,1,0,2,1,1,1,0,1,1,1,1,1,0,0,0,1,1,1,1,2,1,2,1,2,2,2,2,2,2,1,1,2,1,1,2,1,1,2,1,1,2,1,2,2,1,2,2,1,1,2,2,2,2,1,2,1,2,0,1,1,0,1,1,2,0,1,1,1,1,1,1,2,2,2,1,1,2,0,1,2,2,1,2,2,2,2,1,2,1,2,2,2,2,2,1,2,2,1,1,1,1,1,1,1,1,1,1,1,1,1,1,2,2,1,1,2,1,2,1,2,2,1,2,1,2,2,1,0,0,2,1,2,2
EPI_ISL_2232313,6,6,6,6,6,6,6,5,5,5,5,6,6,7,7,8,6,7,8,8,9,3,3,3,3,3,3,3,3,3,3,3,3,3,3,12,10,13,13,3,3,13,3,3,10,13,13,13,3,3,3,13,6,3,3,3,3,3,3,3,3,3,3,3,3,3,3,3,3,3,3,3,3,3,3,3,3,3,3,3,3,4,3,3,3,3,3,3,3,3,3,3,4,3,3,3,3,3,3,3,3,1,3,3,3,2,3,3,3,3,3,3,3,3,3,3,3,3,3,3,3,3,3,3,3,3,3,3,3,3,3,3,3,13,3,3,3,3,3,3,3,3,3,3,3,3,3,3,3,6,12,6,12,13,11,0,12,12,12,13,12,13,12,13,13,13,13,12,12,6,13,13,13,6,6,12,11,13,12,9,12,12,10,13,11,11,0,11,12,3,12,6,10,12,13,10,0,3,13,12,13,13,6,11,0,11,6,10,0,6,13,13,12,6,0,13,13,6,12,12,12,12,12,6,13,12,12,13,11,11,13,6,12,11,12,12,12,13,6,14,3,11,3,3,3,3,3,3,3,3,3,3,13,3,3,3,3,3,3,3,3,3,7,14,14,14,14,14,13,14,6,13,13,14,3,14,11,3,6,1,13,13,11,11,14,13,3,3,13,2,14,13,13,3,3,14,3,3,3,3,14,14,14,3,14,3,3,3,3,14,3,13,3,3,14,13,13,1,4,14,3,13,2,1,4,5,8,6,2,0,13,9,0,0,0,2,14,3,13,5,1,0,0,3,0,0,3,14,0,0,3,8,10,0,11,0,14,11,11,13,6,12,2,5,16,6,2,13,12,0,14,0,3,14,14,6,4,12,6,10,10,0,0,1,1,0,14,13,12,3,1,3,13,3,3,3,3,3,3,6,13,3,13,13,3,3,3,4,6,6,3,13,3,2,6,3,3,17,14,3,3,3,3,3,3,3,3,0,13,2,2,12,13,3,1,0,6,16,16,6,14,3,3,3,6,15,3,0,3,2,3,3,3,3,2,3,3,3,3,3,3,2,3,2,3,3,3,13,6,13,16,16,16,16,3,16,4,10,13,11,13,3,3,2,3,2,1,3,6,3,3,3,2,3,3,3,3,1,3,3,12,3,3
EPI_ISL_2232315,6,6,6,6,6,6,6,5,5,5,5,6,6,6,6,6,5,6,6,6,6,3,3,3,3,3,3,3,3,3,3,3,3,3,3,6,6,6,6,3,3,6,3,3,6,6,6,6,3,3,3,6,6,3,3,3,3,3,3,3,3,3,3,3,3,3,3,3,3,3,3,3,3,3,3,3,3,3,3,3,3,3,3,3,3,3,3,3,3,3,3,3,3,3,3,3,3,3,3,3,3,1,3,3,3,2,3,3,3,3,3,3,3,3,3,3,3,3,3,3,3,3,3,3,3,3,3,3,3,3,3,3,3,6,3,3,3,3,3,3,3,3,3,4,3,3,3,3,3,6,6,6,6,6,5,0,6,6,6,6,6,6,6,6,6,6,6,6,6,6,6,6,6,6,6,6,5,6,5,5,6,6,6,6,6,6,0,6,6,3,6,6,6,6,6,6,0,3,6,6,6,6,6,6,0,6,1,6,0,6,6,6,6,6,0,6,6,6,5,6,6,6,6,6,6,5,6,6,5,5,6,6,6,6,6,6,6,6,6,6,3,6,3,3,3,3,3,3,3,3,3,3,6,3,3,3,3,3,3,3,3,3,6,6,6,6,6,6,6,6,6,6,6,6,3,6,6,3,6,1,6,6,6,6,6,6,3,3,6,2,6,6,6,3,3,6,3,3,3,3,6,6,6,3,6,3,3,3,3,6,3,6,3,3,6,6,6,1,3,6,3,6,2,1,1,2,4,6,1,0,6,5,0,0,0,0,6,3,6,2,1,0,0,3,0,0,3,6,0,0,3,5,6,0,5,0,6,5,6,6,4,6,2,1,6,3,2,6,6,0,6,0,3,6,6,4,0,6,6,6,3,0,0,0,0,0,6,6,6,3,1,3,6,3,3,3,3,3,3,6,6,3,6,6,3,3,3,3,6,6,3,6,3,2,6,3,3,6,6,3,3,3,3,3,3,4,3,0,6,2,0,6,6,3,1,6,0,6,6,6,6,3,3,3,12,6,3,0,3,2,3,3,3,3,2,3,3,3,3,3,3,2,3,2,3,3,3,6,6,6,6,6,6,6,3,6,4,6,6,6,6,3,3,2,3,2,1,3,6,3,3,3,2,3,3,3,3,0,3,3,6,3,3
EPI_ISL_2232314,6,6,6,6,6,6,6,5,5,5,5,6,6,7,7,8,6,7,8,8,9,3,3,3,3,3,3,3,3,3,3,3,3,3,3,12,10,13,13,3,3,13,3,3,10,13,13,13,3,3,3,13,6,3,3,3,3,3,3,3,3,3,3,3,3,3,3,3,3,3,3,3,3,3,3,3,3,3,3,3,3,4,3,3,3,3,3,3,3,3,3,3,4,3,3,3,3,3,3,3,3,1,3,3,3,2,3,3,3,3,3,3,3,3,3,3,3,3,3,3,3,3,3,3,3,3,3,3,3,3,3,3,3,13,3,3,3,3,3,3,3,3,3,3,3,3,3,3,3,6,12,6,12,13,11,0,12,12,12,13,12,13,12,13,13,13,13,12,12,6,13,13,13,6,6,12,11,13,12,9,12,12,10,13,11,11,0,11,12,3,12,6,10,12,13,10,0,3,13,12,13,13,6,11,0,11,6,10,0,6,13,13,12,6,0,13,13,6,12,12,12,12,12,6,13,12,12,13,11,11,13,6,12,11,12,12,12,13,6,14,3,11,3,3,3,3,3,3,3,3,3,3,13,3,3,3,3,3,3,3,3,3,7,14,14,14,14,14,13,14,6,13,13,14,3,14,11,3,6,1,13,13,11,11,14,13,3,3,13,2,14,13,13,3,4,14,3,4,3,4,14,15,15,3,14,4,3,3,3,14,3,13,3,3,14,14,13,1,4,14,3,13,2,1,4,5,8,6,2,0,13,9,0,0,0,2,14,3,13,5,1,0,0,3,0,0,3,14,0,0,3,8,10,0,11,0,14,11,11,13,6,12,2,5,16,6,2,13,12,0,14,0,3,14,14,6,4,12,6,10,10,0,0,1,1,0,14,13,13,3,1,3,13,3,3,3,3,3,3,6,13,3,13,13,3,3,3,4,6,6,4,13,3,2,6,3,3,16,14,3,3,3,4,4,3,3,3,0,13,2,2,12,13,3,1,16,6,0,16,6,14,3,3,3,6,15,3,0,3,2,3,3,3,3,2,3,3,3,3,3,3,2,3,2,3,3,4,13,6,13,16,16,16,16,3,16,4,10,13,11,13,3,3,2,3,2,1,3,6,3,3,3,2,3,3,3,3,1,3,3,12,3,3
EPI_ISL_2232292,6,6,6,6,6,6,6,5,5,5,5,6,6,7,7,8,6,7,8,8,9,3,3,3,3,3,3,3,3,3,3,3,3,3,3,12,10,13,13,3,3,13,3,3,10,13,13,13,3,3,3,13,6,3,3,3,3,3,3,3,3,3,3,3,3,3,3,3,3,3,3,3,3,3,3,3,3,3,3,3,3,4,3,3,3,3,3,3,3,3,3,3,4,3,3,3,3,3,3,3,3,1,3,3,3,2,3,3,3,3,3,3,3,3,3,3,3,3,3,3,3,3,3,3,3,3,3,3,3,3,3,3,3,13,3,3,3,3,3,3,3,3,3,3,3,3,3,3,3,6,12,6,12,13,11,0,12,12,12,13,12,13,12,13,13,13,13,12,12,6,13,13,13,6,6,12,11,13,12,9,12,12,10,13,11,11,0,11,12,3,12,6,10,12,13,10,0,3,13,12,13,13,6,11,0,11,6,10,0,6,13,13,12,6,0,13,13,6,12,12,12,12,12,6,13,12,12,13,11,11,13,6,12,11,12,12,12,13,6,14,3,11,3,3,3,3,3,3,3,3,3,3,13,3,3,3,3,3,3,3,3,3,7,14,14,14,14,14,13,14,6,13,13,14,3,14,11,3,6,1,13,13,11,11,14,13,3,3,13,2,14,13,13,3,3,14,3,3,3,3,14,14,14,3,14,3,3,3,3,14,3,13,3,3,14,13,13,1,4,14,3,13,2,1,4,5,8,6,2,0,13,9,0,0,0,2,14,3,13,5,1,0,0,3,0,0,3,14,0,0,3,8,10,0,11,0,14,11,11,13,6,12,2,5,16,6,2,13,12,0,14,0,3,14,14,6,4,12,6,10,10,0,0,1,1,0,14,13,12,3,1,3,13,3,3,3,3,3,3,6,13,3,13,13,3,3,3,4,6,6,3,13,3,2,6,3,3,16,14,3,3,3,3,3,3,3,3,0,13,2,2,12,13,3,1,16,6,16,0,6,14,3,3,3,6,15,3,0,3,2,3,3,3,3,2,3,3,3,3,3,3,2,3,2,3,3,3,13,6,13,16,16,16,16,3,16,4,10,13,11,13,3,3,2,3,2,1,3,6,3,3,3,2,3,3,3,3,1,3,3,12,3,3
EPI_ISL_2232376,6,6,6,6,6,6,6,5,5,5,5,6,6,6,6,6,5,6,6,6,6,3,3,3,3,3,3,3,3,3,3,3,3,3,3,6,6,6,6,3,3,6,3,3,6,6,6,6,3,3,4,6,6,3,3,3,3,3,3,3,3,3,3,3,3,3,3,3,3,3,3,3,3,3,3,3,4,3,3,3,3,3,3,3,3,3,3,3,3,3,3,3,3,3,3,3,3,3,3,3,3,1,3,3,3,2,3,3,3,3,3,3,3,3,3,3,3,3,3,3,3,3,3,3,3,3,3,3,3,3,3,3,3,6,3,3,3,3,3,3,3,3,3,3,3,3,3,3,3,6,6,6,6,6,5,0,6,6,6,6,6,6,6,6,6,6,6,6,6,6,6,6,6,6,6,6,5,6,5,5,6,6,6,6,6,6,0,6,6,3,6,6,6,6,6,6,0,3,6,6,6,6,6,6,0,6,1,6,0,6,6,6,6,6,0,6,6,6,5,6,6,6,6,6,6,5,6,6,5,5,6,6,6,6,6,6,6,6,6,6,4,6,3,3,3,3,3,3,3,3,3,3,6,3,3,3,3,3,3,3,3,3,6,6,6,6,6,6,6,6,6,6,6,6,3,6,6,3,7,1,6,6,6,6,6,7,3,4,6,2,6,6,6,3,3,6,3,3,3,3,6,6,6,3,6,3,3,3,3,6,3,6,3,3,6,6,6,1,3,6,3,6,2,1,1,2,4,6,1,0,6,5,0,0,0,0,6,3,6,2,1,0,0,3,0,0,3,6,0,0,3,5,6,0,5,0,6,5,6,6,4,6,2,1,6,3,2,6,6,0,6,0,3,6,6,4,0,6,6,6,3,0,0,0,0,0,6,6,6,3,1,3,6,3,3,3,3,3,3,11,6,3,6,6,3,3,3,3,6,6,3,6,3,2,6,3,4,6,6,3,3,3,3,3,3,3,3,0,6,2,0,6,6,3,1,6,6,6,6,0,6,3,3,3,6,6,3,0,3,2,3,3,3,3,2,3,3,3,3,3,3,2,3,2,3,3,3,6,6,6,6,6,6,6,3,6,4,6,6,6,6,3,3,2,3,2,1,3,6,3,3,3,2,3,3,3,3,0,3,3,6,3,3
EPI_ISL_1109630,6,6,6,6,6,6,6,5,5,5,5,6,6,7,7,8,6,7,8,8,9,3,3,3,3,3,3,3,3,3,3,3,3,3,3,12,10,13,13,3,3,13,3,3,10,13,13,13,3,3,3,13,6,3,3,3,3,3,3,3,3,3,3,3,3,3,3,3,3,3,3,3,3,3,3,3,3,3,3,3,3,4,3,3,3,3,3,3,3,3,3,3,4,3,3,3,3,3,3,3,3,1,3,3,3,2,3,3,3,3,3,3,3,3,3,3,3,3,3,3,3,3,3,3,3,3,3,3,3,3,3,3,3,13,3,3,3,3,3,3,3,3,3,3,3,3,3,3,3,6,12,6,12,13,11,0,12,12,12,13,12,13,12,13,13,13,13,12,12,6,13,13,13,6,6,12,11,13,12,9,12,12,10,13,11,11,0,11,12,3,12,6,10,12,13,10,0,3,13,12,13,13,6,11,0,11,6,10,0,6,13,13,12,6,0,13,13,6,12,12,12,12,12,6,13,12,12,13,11,11,13,6,12,11,12,12,12,13,6,14,3,11,3,3,3,3,3,3,3,3,3,3,13,3,3,3,3,3,3,3,3,3,7,14,14,14,14,14,13,14,6,13,13,14,3,14,11,3,6,1,13,13,11,11,14,13,3,3,13,2,14,13,13,3,3,14,3,3,3,3,14,14,14,3,14,3,3,3,3,14,3,13,3,3,14,13,13,1,4,14,3,13,2,1,4,5,8,6,2,0,13,9,0,0,0,2,14,3,13,5,1,0,0,3,0,0,3,14,0,0,3,8,10,0,11,0,14,11,11,13,6,12,2,5,14,6,2,13,12,0,14,0,3,14,15,6,4,12,6,10,10,0,0,1,1,0,14,13,12,3,1,3,13,3,3,3,3,3,3,6,13,3,13,13,3,3,3,4,6,6,3,13,3,2,6,3,3,14,14,3,3,3,3,3,3,3,3,0,13,2,2,12,13,3,1,14,6,14,14,6,0,3,3,3,6,14,3,0,3,2,3,3,3,3,2,3,3,3,3,3,3,2,3,2,3,3,3,13,6,13,14,14,14,14,3,14,4,10,13,11,13,3,3,2,3,2,1,3,6,3,3,3,2,3,3,3,3,1,3,3,12,3,3
EPI_ISL_1109629,3,3,3,3,3,3,3,2,2,2,2,3,3,3,3,3,2,3,3,3,3,3,3,3,3,3,3,3,3,3,3,3,3,3,3,3,3,3,3,3,3,3,3,3,3,3,3,3,3,3,3,3,3,3,3,3,3,3,3,3,3,3,3,3,3,3,3,3,3,4,3,3,3,3,3,3,4,4,3,4,4,4,3,4,4,4,4,3,3,4,3,3,3,3,3,3,3,4,4,3,3,1,3,3,3,2,3,3,4,3,3,3,3,3,3,3,4,3,3,3,3,4,4,4,3,3,3,3,3,3,3,3,3,3,3,3,3,3,3,3,3,3,3,3,3,3,3,3,3,3,3,3,3,3,3,0,3,3,3,3,3,3,3,3,3,3,3,3,3,3,3,4,3,3,3,3,2,3,2,2,3,3,3,3,3,3,1,3,3,6,3,3,3,3,3,3,0,5,3,3,3,3,4,3,1,3,1,4,1,3,3,3,3,3,1,3,3,3,2,3,3,3,3,3,3,2,3,3,2,2,3,3,3,3,3,3,3,3,3,3,4,3,6,4,8,4,8,3,3,3,3,5,3,8,8,3,4,7,3,5,6,3,3,3,3,3,3,3,3,3,3,3,3,3,5,3,3,5,3,2,3,3,3,3,3,3,5,4,3,3,3,3,3,4,4,3,4,4,4,4,3,3,3,4,3,4,4,4,6,3,3,3,5,5,3,4,3,1,6,3,5,3,5,3,1,2,1,3,1,0,3,2,0,1,1,0,3,7,3,2,1,0,0,7,0,0,5,3,0,0,4,3,3,0,2,0,3,2,3,3,1,3,5,1,3,0,2,3,3,0,3,0,4,3,3,1,0,3,3,3,3,1,0,0,0,1,3,3,3,5,2,4,3,4,7,7,5,7,7,3,3,7,3,3,7,3,3,6,3,3,7,3,6,3,3,5,5,3,3,4,5,5,5,3,5,3,4,0,3,4,0,3,3,6,2,3,3,3,3,3,3,0,5,5,3,3,5,0,3,3,4,3,5,5,3,5,3,5,3,4,4,3,5,4,3,5,5,3,3,3,3,3,3,3,3,3,1,3,3,3,4,5,5,3,3,3,1,4,3,4,5,3,3,3,5,4,3,0,0,5,3,5,5
EPI_ISL_2232378,3,3,3,3,3,3,3,2,2,2,2,3,3,3,3,3,2,3,3,3,3,3,3,3,3,3,3,3,3,3,3,3,3,3,3,3,3,3,3,3,3,3,3,3,3,3,3,3,3,3,3,3,4,3,3,3,3,3,3,3,3,3,3,3,3,3,3,3,3,4,3,3,3,3,3,3,4,4,3,4,4,4,3,4,4,4,4,3,3,4,3,3,3,3,3,3,3,4,4,3,3,1,3,3,3,2,3,3,4,3,3,3,3,3,3,3,4,3,3,3,3,4,4,4,3,3,3,3,3,3,3,3,3,3,3,3,3,3,3,3,3,3,3,3,3,3,3,3,3,4,3,4,3,3,3,0,3,3,3,3,3,3,3,3,3,3,3,3,3,4,3,4,3,4,4,3,2,3,2,2,3,3,3,3,3,3,0,3,3,5,3,4,3,3,3,3,0,7,3,3,3,3,5,3,0,3,1,3,0,4,3,3,3,4,0,3,3,4,2,3,3,3,3,4,3,2,3,3,2,2,3,4,3,3,3,3,3,3,4,3,4,3,5,4,5,4,5,3,3,3,3,6,3,5,5,4,4,5,3,7,5,3,3,3,3,3,3,3,3,3,3,3,3,3,7,3,3,7,3,2,3,3,3,3,3,3,6,4,3,3,3,3,3,4,4,3,4,4,4,4,3,3,3,4,3,4,4,4,5,3,3,3,4,5,3,4,3,1,5,3,4,3,4,1,1,2,1,3,1,0,3,2,0,1,0,0,3,5,3,2,1,0,0,5,0,0,5,3,0,0,4,4,3,0,2,0,3,2,3,3,1,3,4,1,3,0,2,3,3,0,3,0,4,3,3,1,0,3,3,3,3,3,0,0,0,1,3,3,3,5,2,4,3,4,5,5,10,5,5,3,3,5,3,3,5,3,3,5,3,3,5,3,5,3,3,10,9,3,3,4,10,5,10,5,5,3,4,0,3,3,0,3,3,5,2,3,3,3,3,3,3,5,0,5,3,3,5,0,3,3,4,3,5,5,3,5,3,5,3,4,4,3,5,6,3,10,10,3,3,3,3,3,3,3,3,3,1,3,3,3,3,5,5,2,3,3,1,4,3,4,5,3,3,3,5,4,3,0,0,5,3,5,5
EPI_ISL_2232317,3,3,3,3,3,3,3,2,2,2,2,3,3,3,3,3,2,3,3,3,3,3,3,3,3,3,3,3,3,3,3,3,3,3,3,3,3,3,3,3,3,3,3,3,3,3,3,3,3,3,3,3,3,3,4,3,3,3,3,3,3,3,3,3,3,3,3,3,3,4,3,3,3,3,3,3,4,4,3,4,4,4,3,4,4,4,4,3,3,4,3,3,3,3,3,3,3,4,4,3,3,1,3,3,3,2,3,3,4,3,3,3,3,3,3,3,4,3,3,3,3,4,4,4,3,3,3,3,3,3,3,3,3,3,3,3,3,3,3,3,3,3,3,3,3,3,3,3,3,3,3,3,3,3,3,0,3,3,3,3,3,3,3,3,3,3,3,3,3,3,3,4,3,3,3,3,2,3,2,2,3,3,3,3,3,3,0,3,3,5,3,3,3,3,3,3,0,5,3,3,3,3,4,3,0,3,1,3,0,3,3,3,3,3,0,3,3,3,2,3,3,3,3,3,3,2,3,3,2,2,3,3,3,3,3,3,3,3,3,3,4,3,5,4,5,4,5,3,3,3,3,5,3,5,5,3,4,5,3,5,5,3,3,3,3,3,3,3,3,3,3,3,3,3,5,3,3,5,3,2,3,3,3,3,3,3,5,4,3,3,3,3,3,5,4,3,4,4,4,4,3,3,3,4,3,4,4,4,5,3,3,3,5,5,3,4,3,1,5,3,4,3,4,1,1,2,1,3,1,0,3,2,0,1,0,0,3,5,3,2,1,0,0,5,0,0,5,3,0,0,4,3,3,0,2,0,3,2,3,3,1,3,4,1,3,0,2,3,3,0,3,0,4,3,3,1,0,3,3,3,4,1,0,0,0,1,3,3,3,6,2,4,3,4,5,5,5,5,5,3,3,5,3,3,5,3,3,5,3,3,5,3,5,3,3,5,5,3,3,4,5,5,5,3,5,3,4,0,3,3,0,3,3,5,2,3,3,3,3,3,3,5,5,0,3,3,5,0,3,3,4,3,5,5,3,5,3,5,3,4,4,3,5,4,3,5,5,3,3,3,3,3,3,3,3,3,1,3,3,3,3,5,5,2,3,3,1,4,3,4,5,3,3,3,5,4,3,0,0,5,3,5,5
EPI_ISL_8189546,6,6,6,6,6,6,6,5,5,5,5,6,6,6,6,6,5,6,6,6,6,3,3,3,3,3,3,3,3,3,3,3,3,3,3,6,6,6,6,4,3,6,4,4,6,6,6,6,3,3,3,6,6,3,3,3,3,3,3,3,3,3,3,3,3,4,3,3,3,3,3,3,3,3,3,3,4,3,3,3,3,3,3,3,3,3,3,3,3,3,3,3,3,3,3,3,3,3,3,3,3,1,3,3,3,2,3,3,3,3,3,3,3,3,3,3,3,3,3,3,3,3,3,3,3,3,3,3,3,3,3,3,3,6,3,3,3,3,3,3,3,3,3,4,3,3,3,3,3,6,6,6,6,6,5,0,6,6,6,6,6,6,6,6,6,6,6,6,6,6,6,6,6,6,6,7,5,6,5,5,6,6,6,6,6,6,0,6,6,3,6,6,6,6,6,6,0,3,6,6,6,6,6,6,0,6,1,6,0,6,6,6,6,6,0,6,6,6,5,6,6,6,6,6,6,5,6,6,5,5,6,6,6,6,6,6,6,6,6,6,3,6,3,3,3,3,3,3,3,3,3,3,6,3,3,3,3,3,3,3,3,3,6,6,6,6,6,6,6,6,6,6,6,6,3,6,6,3,6,1,6,6,6,6,6,6,3,3,6,2,6,6,6,3,3,6,3,3,3,3,6,6,6,3,6,3,3,3,3,6,3,6,3,3,6,6,6,1,3,6,3,6,2,1,1,2,4,6,1,0,6,5,0,0,0,0,6,3,6,2,1,0,0,3,0,0,3,6,0,0,3,5,6,0,5,0,6,5,6,6,4,6,2,1,6,3,2,6,6,0,6,0,3,6,6,4,0,6,6,6,3,0,0,0,0,0,6,6,6,3,1,3,6,3,3,3,3,3,3,6,6,3,6,6,3,3,3,3,6,6,3,6,3,2,6,3,3,6,6,3,3,3,3,3,3,4,3,0,6,2,0,6,6,3,1,6,12,6,6,6,6,3,3,3,0,6,3,0,3,2,3,3,3,3,2,3,3,3,3,3,3,2,3,2,3,3,3,6,6,6,6,6,6,6,3,6,4,6,6,6,6,3,3,2,3,2,1,3,6,3,3,3,2,3,3,3,3,0,3,3,6,3,3
EPI_ISL_8189346,6,6,6,6,6,6,6,5,5,5,5,6,6,7,7,8,6,7,8,8,9,3,3,3,3,3,3,3,3,3,3,3,3,3,3,12,10,13,13,3,3,13,3,3,10,13,13,13,3,3,3,13,6,3,3,3,3,3,3,3,3,3,3,3,3,3,3,3,3,3,3,3,3,3,3,3,3,3,3,3,3,4,3,3,3,3,3,3,3,3,3,3,4,3,3,3,3,3,3,3,3,1,3,3,3,2,3,3,3,3,3,3,3,3,3,3,3,3,3,3,3,3,3,3,3,3,3,3,3,3,3,3,3,13,3,3,3,3,3,3,3,3,3,3,3,3,3,3,3,6,12,6,12,13,11,0,12,12,12,13,12,13,12,13,13,13,13,12,12,6,13,13,13,6,6,12,11,13,12,9,12,12,10,13,11,11,0,11,12,3,12,6,10,12,13,10,0,3,13,12,13,13,6,11,0,11,6,10,0,6,13,13,12,6,0,13,13,6,12,12,12,12,12,6,13,12,12,13,11,11,13,6,12,11,12,12,12,13,6,14,3,11,3,3,3,3,3,3,3,3,3,3,13,3,3,3,3,3,3,3,3,3,7,14,14,14,14,14,13,14,6,13,13,14,3,14,11,3,6,1,13,13,11,11,14,13,3,3,13,2,14,13,13,3,3,14,3,3,3,3,14,14,14,3,14,3,3,3,3,14,3,13,3,3,14,13,13,1,4,14,3,13,2,1,4,5,8,6,2,0,13,9,0,0,0,2,14,3,13,5,1,0,0,3,0,0,3,14,0,0,3,8,10,0,11,0,14,11,11,13,6,12,2,5,15,6,2,13,12,0,14,0,3,14,14,6,4,12,6,10,10,0,0,1,1,0,14,13,12,3,1,3,13,3,3,3,3,3,3,6,13,3,13,13,3,3,3,4,6,6,3,13,3,2,6,3,3,15,14,3,3,3,3,3,3,3,3,0,13,2,2,12,13,3,1,15,6,15,15,6,14,3,3,3,6,0,3,0,3,2,3,3,3,3,2,3,3,3,3,3,3,2,3,2,3,3,3,13,6,13,15,15,15,15,3,15,4,10,13,11,13,3,3,2,3,2,1,3,6,3,3,3,2,3,3,3,3,1,3,3,12,3,3
EPI_ISL_477161,3,3,3,3,3,3,3,2,2,2,2,3,3,3,3,3,2,3,3,3,3,3,3,3,3,3,3,3,3,3,3,3,3,3,3,3,3,3,3,3,3,3,3,3,3,3,3,3,3,3,3,3,3,4,3,3,4,3,3,3,3,3,3,3,3,3,3,3,3,4,3,3,3,3,3,3,4,4,3,4,4,4,3,4,4,4,4,3,3,4,3,3,3,3,3,3,3,4,4,3,3,1,3,3,3,2,3,3,4,3,3,3,3,3,3,3,4,3,3,3,3,4,4,4,3,3,3,3,3,3,3,3,3,3,3,3,3,3,3,3,3,3,3,3,3,3,3,3,3,3,3,3,3,3,3,0,3,3,3,3,3,3,3,3,3,3,3,3,3,3,3,4,3,3,3,3,2,3,2,2,3,3,3,3,3,3,0,3,3,5,3,3,3,3,3,3,0,5,3,3,3,3,4,3,0,3,1,3,0,3,3,3,3,3,0,3,3,3,2,3,3,3,3,3,3,2,3,3,2,2,3,3,3,3,3,3,3,3,3,3,4,3,5,4,5,4,5,3,3,3,3,5,3,5,5,3,4,5,3,5,5,4,3,3,3,3,3,3,3,3,3,3,3,3,5,3,3,5,3,2,3,3,3,3,3,3,5,4,3,3,3,3,3,4,4,3,4,4,4,4,3,3,3,4,3,4,4,4,5,3,3,3,4,5,3,4,3,1,5,3,4,3,4,1,1,2,1,3,1,0,3,2,0,1,0,0,3,5,3,2,1,0,0,5,0,0,5,3,0,0,4,3,3,0,2,0,3,2,3,3,1,3,4,1,3,0,2,3,3,0,3,0,4,3,3,1,0,3,3,3,3,1,0,0,0,1,3,3,3,5,2,4,3,4,5,5,5,5,5,3,3,5,3,3,5,3,3,5,3,3,5,3,5,3,3,5,5,3,3,4,5,5,5,3,5,3,4,0,3,3,0,3,3,5,2,3,3,3,3,3,3,5,5,5,3,3,0,0,3,3,4,3,5,6,3,5,3,5,3,4,4,3,5,4,3,5,5,3,3,3,3,3,3,3,3,3,1,3,3,4,3,5,5,2,3,3,1,4,3,4,5,3,3,3,5,4,3,0,0,5,3,5,5
EPI_ISL_479727,0,0,0,0,0,0,0,0,0,0,0,0,0,0,0,0,0,0,0,0,0,0,0,0,0,0,0,0,0,0,0,0,0,0,0,0,0,0,0,0,0,0,0,0,0,0,0,0,0,0,0,0,0,0,0,0,0,0,0,0,0,0,0,0,0,0,0,0,0,0,0,0,0,0,0,0,0,0,0,0,0,0,0,0,0,0,0,0,0,0,0,0,0,0,0,0,0,0,0,0,0,0,0,0,0,0,0,0,0,0,0,0,0,0,0,0,0,0,0,0,0,0,0,0,0,0,0,0,0,0,0,0,0,0,0,0,0,0,0,0,0,0,0,0,0,0,0,0,0,0,0,0,0,0,0,0,0,0,0,0,0,0,0,0,0,0,0,0,0,0,0,0,0,0,0,0,0,0,0,0,0,0,0,0,0,0,6,0,1,1,0,0,0,0,0,0,0,0,0,0,0,0,0,0,6,0,2,2,5,0,0,0,0,0,7,0,0,0,0,0,1,0,0,0,0,0,0,0,0,0,0,0,0,1,0,0,0,0,0,0,1,1,0,0,0,0,0,0,0,0,0,0,0,0,0,0,0,0,0,0,0,0,0,0,0,0,0,0,0,0,0,0,1,0,0,0,1,0,1,2,0,0,1,1,0,0,0,0,0,0,0,0,0,0,0,0,0,0,0,0,0,0,0,0,0,0,0,0,0,0,0,0,0,0,0,0,0,0,0,0,0,0,0,0,0,0,0,0,0,0,0,0,0,0,7,0,0,0,0,0,0,0,0,0,0,7,0,0,0,0,0,0,0,0,0,0,0,0,1,0,0,0,0,0,0,0,0,0,0,0,0,0,0,0,0,0,0,0,0,0,0,0,5,0,0,0,0,0,0,0,0,0,0,0,0,0,0,0,0,0,0,0,0,0,0,0,0,0,0,0,0,0,0,0,0,0,0,0,0,0,0,0,0,0,0,0,0,0,0,0,0,0,0,0,0,0,0,0,0,0,0,0,0,0,0,0,0,0,0,0,0,0,0,0,0,0,0,0,0,0,0,0,0,0,0,0,0,0,0,0,0,0,0,0,0,0,0,0,0,0,0,0,0,0,0,0,0,0,0,0,0,0,0,0,0,0,0,4,0,0,0,0,0
EPI_ISL_479694,3,3,3,3,3,3,3,2,2,2,2,3,3,3,3,3,2,3,3,3,3,3,3,3,3,3,3,3,3,3,3,3,3,3,3,3,3,3,3,3,3,3,3,3,3,3,3,3,3,3,3,3,3,3,3,3,3,3,3,3,3,3,3,3,3,3,3,3,3,3,3,3,3,3,3,3,3,3,3,3,3,3,3,3,3,3,3,3,3,3,3,3,3,3,3,3,3,3,3,3,3,1,3,3,3,2,3,3,3,3,3,3,3,3,3,3,3,3,3,3,3,3,3,3,3,3,3,3,3,3,3,3,3,3,3,3,3,3,3,3,3,3,3,3,3,3,3,3,3,3,3,3,3,3,2,0,3,3,3,3,3,3,3,3,3,3,3,3,3,3,3,3,3,3,3,3,2,3,2,2,3,3,3,3,3,3,0,3,3,3,3,3,3,3,3,3,0,3,3,3,3,3,3,3,0,3,1,3,0,3,3,3,3,3,0,3,3,3,2,3,3,3,3,3,3,2,3,3,2,2,3,3,3,3,3,3,3,3,3,3,3,3,3,3,3,3,3,3,3,3,3,3,3,3,3,3,3,3,3,3,3,3,3,3,3,3,3,3,3,3,3,3,3,3,3,3,3,3,3,1,3,3,3,3,3,3,3,3,3,2,3,3,3,3,3,3,3,3,3,3,3,3,3,3,3,3,3,3,3,3,3,3,3,3,3,3,3,1,3,3,3,3,2,1,1,2,1,3,1,0,3,2,0,0,0,0,3,3,3,2,1,0,0,3,0,0,3,3,0,0,3,2,3,0,2,0,3,2,3,3,1,3,2,1,3,0,2,3,3,0,3,0,3,3,3,1,0,3,3,3,3,0,0,0,0,0,3,3,3,3,2,4,3,3,3,3,3,3,3,3,3,3,3,3,3,3,3,3,3,3,3,3,3,2,3,3,3,3,3,3,3,3,3,3,3,3,3,0,3,2,0,3,3,3,1,3,3,3,3,3,3,3,3,3,3,3,3,0,0,2,3,3,3,3,2,3,3,3,3,3,3,2,3,2,3,3,3,3,3,3,3,3,3,3,3,3,1,3,3,3,3,3,3,2,3,2,1,3,3,3,3,3,2,3,3,3,3,0,0,3,3,3,3
EPI_ISL_479692,2,2,2,2,2,2,2,1,1,1,1,2,2,2,2,2,1,2,2,2,2,2,2,2,2,2,2,2,2,2,2,2,2,2,2,2,2,2,2,2,2,2,2,2,2,2,2,2,2,2,2,2,2,2,2,2,2,2,2,2,2,2,2,2,2,2,2,2,2,2,2,2,2,2,2,2,2,2,2,2,2,2,2,2,2,2,2,2,2,2,2,2,2,2,2,2,2,2,2,2,2,0,2,2,2,1,2,2,2,2,2,2,2,2,2,2,2,2,2,2,2,2,2,2,2,2,2,2,2,2,2,2,2,2,2,2,2,2,2,2,2,2,2,2,2,2,2,2,2,2,2,2,2,2,1,0,2,2,2,2,2,2,2,2,2,2,2,2,2,2,2,2,2,2,2,2,1,2,1,1,2,2,2,2,2,2,0,2,2,3,2,2,2,2,2,2,0,3,2,2,2,2,2,2,0,2,1,2,0,2,2,2,2,2,0,2,2,2,1,2,2,2,2,2,2,1,2,2,1,1,2,2,2,2,2,2,2,2,2,2,3,2,3,3,3,3,3,3,3,3,2,3,2,3,3,3,2,3,2,3,3,2,2,2,2,2,2,2,2,2,2,2,2,2,3,2,2,3,2,2,2,2,2,2,2,2,3,3,2,3,2,2,2,3,3,2,3,3,3,3,2,2,2,3,2,3,3,3,3,2,2,2,3,3,2,3,2,1,3,2,2,2,3,1,1,2,1,2,1,0,2,2,0,1,0,0,2,3,2,2,0,0,0,3,0,0,3,2,0,0,3,1,2,0,2,0,2,1,2,2,1,2,2,1,2,0,2,2,2,0,2,0,3,2,2,1,0,2,2,2,2,1,0,0,0,1,2,2,2,3,2,3,2,3,3,3,3,3,3,2,2,3,2,2,3,2,2,3,2,2,3,2,3,2,2,3,3,2,2,3,3,3,3,2,3,2,3,0,2,1,0,2,2,3,2,2,2,2,2,2,2,3,3,3,2,2,3,0,2,0,4,5,3,3,4,3,3,3,2,3,3,7,3,3,2,3,3,2,2,2,2,2,2,2,2,2,1,2,2,2,2,3,3,2,2,2,1,3,2,3,3,2,8,3,3,3,2,0,0,3,2,3,3
EPI_ISL_479698,3,3,3,3,3,3,3,2,2,2,2,3,3,3,3,3,2,3,3,3,3,3,3,3,3,3,3,3,3,3,3,3,3,3,3,3,3,3,3,3,3,3,3,3,3,3,3,3,3,3,3,3,3,3,3,3,3,3,3,3,3,3,3,3,3,3,3,3,3,3,3,3,3,3,3,3,3,3,3,3,3,3,3,3,3,3,3,3,3,3,3,3,3,3,3,3,3,3,3,3,3,1,3,3,3,2,3,3,3,3,3,3,3,3,3,3,3,3,3,3,3,3,3,3,3,3,3,3,3,3,3,3,3,3,3,3,3,3,3,3,3,3,3,3,3,3,3,3,3,3,3,3,3,3,2,0,3,3,3,3,3,3,3,3,3,3,3,3,3,3,3,4,3,3,3,3,2,3,2,2,3,3,3,3,3,3,0,3,3,4,3,3,3,3,3,3,0,4,3,3,3,3,3,3,0,3,1,3,0,3,3,3,3,3,0,3,3,3,2,3,3,3,3,3,3,2,3,3,2,2,3,3,3,3,3,3,3,3,3,3,5,3,4,5,4,5,4,4,4,4,3,4,3,4,4,4,3,4,3,4,4,3,3,3,3,3,3,3,3,3,3,3,3,3,4,3,3,4,3,2,3,3,4,3,3,3,4,5,3,3,3,3,3,4,5,3,5,5,5,5,3,3,3,5,3,5,5,5,4,3,3,3,4,4,3,4,3,1,4,3,3,3,3,1,1,2,1,3,1,0,3,2,0,2,0,0,3,4,3,2,1,0,0,4,0,0,4,3,0,0,5,2,3,0,2,0,3,2,3,3,1,3,3,1,3,0,2,3,3,0,3,0,4,3,3,1,0,3,3,3,3,1,0,0,0,1,3,3,3,4,3,5,3,4,4,4,4,4,4,3,3,4,3,3,4,4,3,4,3,3,4,3,4,4,3,4,4,3,3,5,4,4,4,3,4,3,5,0,3,2,0,3,3,4,2,3,3,3,3,3,3,4,4,4,3,3,4,0,3,4,0,3,4,4,4,4,4,4,3,6,6,3,4,3,3,4,4,3,3,3,3,3,3,3,3,3,1,3,3,3,3,4,4,2,3,4,1,5,3,5,4,3,3,4,4,5,3,0,0,4,3,4,4
EPI_ISL_479695,3,3,3,3,3,3,3,2,2,2,2,3,3,3,3,3,2,3,3,3,3,3,3,3,3,3,3,3,3,3,3,3,3,3,3,3,3,3,3,3,3,3,3,3,3,3,3,3,3,3,3,3,3,3,3,3,3,3,3,3,3,3,3,3,3,3,3,3,3,3,3,3,3,3,3,3,3,3,3,3,3,3,3,3,3,3,3,3,3,3,3,3,3,3,3,3,3,3,3,3,3,1,3,3,3,2,3,3,3,3,3,3,3,3,3,3,3,3,3,3,3,3,3,3,3,3,3,3,3,3,3,3,3,3,3,3,3,3,3,3,3,3,3,3,3,3,3,3,3,3,3,3,3,3,2,0,3,3,3,3,3,3,3,3,3,3,3,3,3,3,3,3,3,3,3,3,2,3,2,2,3,3,3,3,3,3,0,3,3,3,3,3,3,3,3,3,0,3,3,3,3,3,3,3,0,3,1,3,0,3,3,3,3,3,0,3,3,3,2,3,3,3,3,3,3,2,3,3,2,2,3,3,3,3,3,3,3,3,3,3,3,3,3,3,3,3,3,4,4,4,3,3,3,3,3,4,4,3,3,3,3,3,3,3,3,3,3,3,3,3,3,3,3,3,3,3,3,3,3,1,3,3,3,3,3,3,3,3,3,2,3,3,3,3,3,3,3,3,3,3,3,3,3,3,3,3,3,3,3,3,3,3,3,3,3,3,3,1,3,3,3,3,2,1,1,2,1,3,1,0,3,2,0,0,0,0,3,3,3,2,1,0,0,3,0,0,3,3,0,0,3,2,3,0,2,0,3,2,3,3,1,3,2,1,3,0,2,3,3,0,3,0,3,3,3,1,0,3,3,3,3,0,0,0,0,0,3,3,3,3,1,3,3,3,3,3,3,3,3,3,3,3,3,3,3,3,3,3,3,3,3,3,3,2,3,3,3,3,3,3,3,3,3,3,3,3,3,0,3,2,0,3,3,3,1,3,3,3,3,3,3,3,3,3,3,3,3,0,3,5,3,0,3,3,2,3,4,3,3,3,3,6,3,2,4,3,3,3,3,3,3,3,3,3,3,3,1,3,3,3,3,3,3,2,3,2,1,3,3,3,3,3,7,4,3,3,3,0,0,3,3,3,3
EPI_ISL_479714,3,3,3,3,3,3,3,2,2,2,2,3,3,3,3,3,2,3,3,3,3,3,3,3,3,3,3,3,3,3,3,3,3,3,3,3,3,3,3,3,3,3,3,3,3,3,3,3,3,3,3,3,3,3,3,3,3,3,3,3,3,3,3,3,3,3,3,3,3,4,3,3,3,3,3,3,4,4,3,4,4,4,3,4,4,4,4,3,3,4,3,3,3,3,3,3,3,4,4,3,3,1,3,3,3,2,3,3,4,3,3,3,3,3,3,3,4,3,3,3,3,4,4,4,3,3,3,3,3,3,3,3,3,3,3,3,3,3,3,3,3,3,3,3,3,3,3,3,3,3,3,3,3,3,3,0,3,3,3,3,3,3,3,3,3,3,3,3,3,3,3,4,3,3,3,3,2,3,2,2,3,3,3,3,3,3,0,3,3,5,3,3,3,3,3,3,0,5,3,3,3,3,4,3,0,3,1,3,0,3,3,3,3,3,0,3,3,3,2,3,3,3,3,3,3,2,3,3,2,2,3,3,3,3,3,3,3,3,3,3,4,3,5,4,5,4,5,3,3,3,3,5,3,5,5,3,4,5,3,5,5,3,3,3,3,3,3,3,3,3,3,3,3,3,5,3,3,5,3,2,3,3,3,3,3,3,5,4,3,3,3,3,3,4,4,3,4,4,4,4,3,3,3,4,3,4,4,4,5,3,3,3,4,5,3,4,3,1,5,3,4,3,4,1,1,2,1,3,1,0,3,2,0,1,0,0,3,5,3,2,1,0,0,5,0,0,5,3,0,0,4,3,3,0,2,0,3,2,3,3,1,3,4,1,3,0,2,3,3,0,3,0,4,3,3,1,0,3,3,3,3,1,0,0,0,1,3,3,3,5,2,4,4,4,5,5,5,5,5,3,3,5,3,3,5,3,3,5,3,3,5,3,5,3,3,5,5,3,3,4,5,5,5,3,5,3,4,0,4,3,0,3,3,5,2,3,3,3,3,3,3,5,5,5,3,3,5,0,3,3,4,3,0,5,3,5,3,5,3,4,4,3,5,4,3,5,5,3,3,3,3,3,3,3,3,3,1,3,3,3,3,5,6,2,3,3,1,4,3,4,5,3,3,3,5,4,3,0,0,5,3,5,5
EPI_ISL_479706,3,3,3,3,3,3,3,2,2,2,2,3,3,3,3,3,2,3,3,3,3,3,3,3,3,3,3,3,3,3,3,3,3,3,3,3,3,3,3,3,3,3,3,3,3,3,3,3,3,3,3,3,3,3,3,3,3,3,3,3,3,3,3,3,3,3,3,3,3,4,3,3,3,3,3,3,4,4,3,4,4,4,3,4,4,4,4,3,3,4,3,3,3,3,3,3,3,4,4,3,3,1,3,3,3,2,3,3,4,3,3,3,3,3,3,3,4,3,3,3,3,4,4,4,3,3,3,3,3,3,3,3,3,3,3,3,3,3,3,3,3,3,3,3,3,3,3,3,3,3,3,3,3,3,3,0,3,3,3,3,3,3,3,3,3,3,3,3,3,3,3,4,3,3,3,3,2,3,2,2,3,3,3,3,3,3,0,3,3,5,3,3,3,3,3,3,0,5,3,3,3,3,4,3,0,3,1,3,0,3,3,3,3,3,0,3,3,3,2,3,3,3,3,3,3,2,3,3,2,2,3,3,3,3,3,3,3,3,3,3,4,3,5,4,5,4,5,3,3,3,3,5,3,5,5,3,4,5,3,5,5,3,3,3,3,3,3,3,3,3,3,3,3,3,5,3,3,5,3,2,3,3,3,3,3,3,5,4,3,3,3,3,3,4,4,3,4,4,4,4,3,3,3,4,3,4,4,4,5,3,3,3,4,5,3,4,3,1,5,3,4,3,4,1,1,2,1,3,1,0,3,2,0,1,0,0,3,5,3,2,1,0,0,5,0,0,5,3,0,0,4,3,3,0,2,0,3,2,3,3,1,3,4,1,3,0,2,3,3,0,3,0,4,3,3,1,0,3,3,3,3,1,0,0,0,1,3,3,3,5,2,4,3,4,6,6,5,6,6,3,3,6,3,3,6,3,3,5,3,3,6,3,5,3,3,5,5,3,3,4,5,5,5,3,5,3,4,0,3,3,0,3,3,5,2,3,3,3,3,3,3,5,5,5,3,3,6,0,3,3,4,3,5,0,3,5,3,5,3,4,4,3,5,4,3,5,5,3,3,3,3,3,3,3,3,3,1,3,3,4,3,5,5,2,3,3,1,4,3,4,5,3,3,3,5,4,3,0,0,5,3,5,5
EPI_ISL_479704,2,2,2,2,2,2,2,1,1,1,1,2,2,2,2,2,1,2,2,2,2,2,2,2,2,2,2,2,2,2,2,2,2,2,2,2,2,2,2,2,2,2,2,2,2,2,2,2,2,2,2,2,2,2,2,2,2,2,2,2,2,2,2,2,2,2,2,2,2,2,2,2,2,2,2,2,2,2,2,2,2,2,2,2,2,2,2,2,2,2,2,2,2,2,2,2,2,2,2,2,2,0,2,2,2,1,2,2,2,2,2,2,2,2,2,2,2,2,2,2,2,2,2,2,2,2,2,2,2,2,2,2,2,2,2,2,2,2,2,2,2,2,2,2,2,2,2,2,2,2,2,2,2,2,1,0,2,2,2,2,2,2,2,2,2,2,2,2,2,2,2,2,2,2,2,2,1,2,1,1,2,2,2,2,2,2,0,2,2,3,2,2,2,2,2,2,0,3,2,2,2,2,2,2,0,2,1,2,0,2,2,2,2,2,0,2,2,2,1,2,2,2,2,2,2,1,2,2,1,1,2,2,2,2,2,2,2,2,2,2,3,2,3,3,3,3,3,3,3,3,2,3,2,3,3,3,2,3,2,3,3,2,2,2,2,2,2,2,2,2,2,2,2,2,3,2,2,3,2,2,2,2,2,2,2,2,3,3,2,3,2,2,2,3,3,2,3,3,3,3,2,2,2,3,2,3,3,3,3,2,2,2,3,3,2,3,2,1,3,2,2,2,3,1,1,2,1,2,1,0,2,2,0,1,0,0,2,3,2,2,0,0,0,3,0,0,3,2,0,0,3,1,2,0,2,0,2,1,2,2,1,2,2,1,2,0,2,2,2,0,2,0,3,2,2,1,0,2,2,2,2,1,0,0,0,1,2,2,2,3,2,3,2,3,3,3,3,3,3,2,2,3,2,2,3,2,2,3,2,2,3,2,3,2,2,3,3,2,2,3,3,3,3,2,3,2,3,0,2,1,0,2,2,3,2,2,2,2,2,2,2,3,3,3,2,2,3,0,2,4,4,2,3,3,0,3,3,3,2,3,3,3,3,3,2,3,3,2,2,2,2,2,2,2,2,2,1,2,2,2,2,3,3,2,2,2,1,3,2,3,3,2,3,3,3,3,2,0,0,3,2,3,3
EPI_ISL_479697,3,3,3,3,3,3,3,2,2,2,2,3,3,3,3,3,2,3,3,3,3,3,3,3,3,3,3,3,3,3,3,3,3,3,3,3,3,3,3,3,3,3,3,3,3,3,3,3,3,3,3,3,3,3,3,3,3,3,3,3,3,3,3,3,3,3,3,3,3,4,3,3,3,3,3,3,4,4,3,4,4,4,3,4,4,4,4,3,3,4,3,3,3,3,3,3,3,4,4,3,3,1,3,3,3,2,3,3,4,3,3,3,3,3,3,3,4,3,3,3,3,4,4,4,3,3,3,3,3,3,3,3,3,3,3,3,3,3,3,3,3,3,3,3,3,3,3,3,3,3,3,3,3,3,3,0,3,3,3,3,3,3,3,3,3,3,3,3,3,3,3,4,3,3,3,3,2,3,2,2,3,3,3,3,3,3,0,3,3,5,3,3,3,3,3,3,0,5,3,3,3,3,4,3,0,3,1,3,0,3,3,3,3,3,0,3,3,3,2,3,3,3,3,3,3,2,3,3,2,2,3,3,3,3,3,3,3,3,3,3,4,3,5,4,5,4,5,3,3,3,3,5,3,5,5,3,4,5,3,5,5,3,3,3,3,3,3,3,3,3,3,3,3,3,5,3,3,5,3,2,3,3,3,3,3,3,5,4,3,3,3,3,3,4,4,3,4,4,4,4,3,3,3,4,3,4,4,4,5,3,3,3,4,5,3,4,3,1,5,3,4,3,4,1,1,2,1,3,1,0,3,2,0,1,0,0,3,5,3,2,1,0,0,5,0,0,5,3,0,0,4,3,3,0,2,0,3,2,3,3,1,3,4,1,3,0,2,3,3,0,3,0,4,3,3,1,0,3,3,3,3,1,0,0,0,1,3,3,3,5,2,4,3,4,5,5,5,5,5,3,3,5,3,3,5,3,3,5,3,3,5,3,5,3,3,5,5,3,3,4,5,5,5,3,5,3,4,0,3,3,0,3,3,5,2,3,3,3,3,3,3,5,5,5,3,3,5,0,3,3,4,3,5,5,3,0,3,5,3,4,4,3,5,4,3,5,5,3,3,3,3,3,3,3,3,3,1,3,3,3,3,5,5,2,3,3,1,4,3,4,5,3,3,3,5,4,3,0,0,5,3,5,5
EPI_ISL_479696,3,3,3,3,3,3,3,2,2,2,2,3,3,3,3,3,2,3,3,3,3,3,3,3,3,3,3,3,3,3,3,3,3,3,3,3,3,3,3,3,3,3,3,3,3,3,3,3,3,3,3,3,3,3,3,3,3,3,3,3,3,3,3,3,3,3,3,3,3,3,3,3,3,3,3,3,3,3,3,3,3,3,3,3,3,3,3,3,3,3,3,3,3,3,3,3,3,3,3,3,3,1,3,3,3,2,3,3,3,3,3,3,3,3,3,3,3,3,3,3,3,3,3,3,3,3,3,3,3,3,3,3,3,3,3,3,3,3,3,3,3,3,3,3,3,3,3,3,3,3,3,3,3,3,2,0,3,3,3,3,3,3,3,3,3,3,3,3,3,3,3,3,3,3,3,3,2,3,2,2,3,3,3,3,3,3,0,3,3,3,3,3,3,3,3,3,0,3,3,3,3,3,3,3,0,3,1,3,0,3,3,3,3,3,0,3,3,3,2,3,3,3,3,3,3,2,3,3,2,2,3,3,3,3,3,3,3,3,3,3,3,3,3,3,3,3,3,5,5,5,3,3,3,3,3,5,4,3,3,3,3,3,3,3,3,3,3,3,3,3,3,3,3,3,3,3,3,3,3,1,3,3,3,3,3,3,3,3,3,2,3,3,3,3,3,3,3,3,3,3,3,3,3,3,3,3,3,3,3,3,3,3,3,3,3,3,3,1,3,3,3,3,2,1,1,2,1,3,1,0,3,2,0,0,0,0,3,3,3,2,1,0,0,3,0,0,3,3,0,0,3,2,3,0,2,0,3,2,3,3,1,3,2,1,3,0,2,3,3,0,3,0,3,3,3,1,0,3,3,3,3,0,0,0,0,0,3,3,3,3,1,3,3,3,3,3,3,3,3,3,3,3,3,3,3,3,3,3,3,3,3,3,3,2,3,3,3,3,3,3,3,3,3,3,3,3,3,0,3,2,0,3,3,3,1,3,3,3,3,3,3,3,3,3,3,3,3,0,3,3,4,4,3,3,3,3,0,3,3,3,3,2,3,2,4,3,3,3,3,3,3,3,3,3,3,3,1,3,3,3,3,3,3,2,3,2,1,3,3,3,3,3,2,8,3,3,3,0,0,3,3,3,3
EPI_ISL_479693,3,3,3,3,3,3,3,2,2,2,2,3,3,3,3,3,2,3,3,3,3,3,3,3,3,3,3,3,3,3,3,3,3,3,3,3,3,3,3,3,3,3,3,3,3,3,3,3,3,3,3,3,3,3,3,3,3,3,3,3,3,3,3,3,3,3,3,3,3,4,3,3,3,3,3,3,4,4,3,4,4,4,3,4,4,4,4,3,3,4,3,3,3,3,3,3,3,4,4,3,3,1,3,3,3,2,3,3,4,3,3,3,3,3,3,3,4,3,3,3,3,4,4,4,3,3,3,3,3,3,3,3,3,3,3,3,3,3,3,3,3,3,3,3,3,3,3,3,3,3,3,3,3,3,3,0,3,3,3,3,3,3,3,3,3,3,3,3,3,3,3,4,3,3,3,3,2,3,2,2,3,3,3,3,3,3,0,3,3,5,3,3,3,3,3,3,0,5,3,3,3,3,4,3,0,3,1,3,0,3,3,3,3,3,0,3,3,3,2,3,3,3,3,3,3,2,3,3,2,2,3,3,3,3,3,3,3,3,3,3,4,3,5,4,5,4,5,3,3,3,3,5,3,5,5,3,4,5,3,5,5,3,3,3,3,3,3,3,3,3,3,3,3,3,5,3,3,5,3,2,3,3,3,3,3,3,5,4,3,3,3,3,3,4,4,3,4,4,4,4,3,3,3,4,3,4,4,4,5,3,3,3,4,5,3,4,3,1,5,3,4,3,4,1,1,2,1,4,1,0,3,2,0,1,0,0,3,5,3,2,1,0,0,5,0,0,5,3,0,0,4,3,3,0,2,0,3,2,3,3,1,3,4,1,3,0,2,3,3,0,3,0,4,3,3,1,0,3,3,3,3,1,0,0,0,1,3,3,3,5,2,4,3,4,5,5,5,5,5,3,3,5,3,3,5,3,3,5,3,3,5,3,5,3,3,5,5,3,3,4,5,5,5,3,5,3,4,0,3,3,0,3,3,5,2,3,3,3,3,3,3,5,5,5,3,3,5,0,3,3,4,3,5,5,3,5,3,0,3,4,4,3,5,4,3,5,5,3,3,3,3,3,3,3,3,3,1,3,3,3,3,5,5,2,3,3,1,4,3,4,5,3,3,3,5,4,3,0,0,5,3,5,5
EPI_ISL_479690,3,3,3,3,3,3,3,2,2,2,2,3,3,3,3,3,2,3,3,3,3,3,3,3,3,3,3,3,3,3,3,3,3,3,3,3,3,3,3,3,3,3,3,3,3,3,3,3,3,3,3,3,3,3,3,3,3,3,3,3,3,3,3,3,3,3,3,3,3,3,3,3,3,3,3,3,3,3,3,3,3,3,3,3,3,3,3,3,3,3,3,3,3,3,3,3,3,3,3,3,3,1,3,3,3,2,3,3,3,3,3,3,3,3,3,3,3,3,3,3,3,3,3,3,3,3,3,3,3,3,3,3,3,3,3,3,3,3,3,3,3,3,3,3,3,3,3,3,3,3,3,3,3,3,2,0,3,3,3,3,3,3,3,3,3,3,3,3,3,3,3,3,3,3,3,3,2,3,2,2,3,3,3,3,3,3,0,3,3,3,3,3,3,3,3,3,0,3,3,3,3,3,3,3,0,3,1,3,0,3,3,3,3,3,0,3,3,3,2,3,3,3,3,3,3,2,3,3,2,2,3,3,3,3,3,3,3,3,3,3,3,3,3,3,3,3,3,3,3,3,3,3,3,3,3,3,3,3,3,3,3,3,3,3,3,3,3,3,3,3,3,3,3,3,3,3,3,3,3,1,3,3,3,3,3,3,3,3,3,2,3,3,3,3,3,3,3,3,3,3,3,3,3,3,3,3,3,3,3,3,3,3,3,3,3,3,3,1,3,3,3,3,2,1,1,2,1,3,1,0,3,2,0,0,0,0,3,3,3,2,1,0,0,3,0,0,3,3,0,0,3,2,3,0,2,0,3,2,3,3,1,3,2,1,3,0,2,3,3,0,3,0,3,3,3,1,0,3,3,3,3,0,0,0,0,0,3,3,3,3,1,3,3,3,3,3,3,3,3,3,3,3,3,3,3,3,3,3,3,3,3,3,3,2,3,3,3,3,3,3,3,3,3,3,3,3,3,0,3,2,0,3,3,3,1,3,3,3,3,3,3,3,3,3,3,3,3,0,3,2,3,3,3,3,2,3,3,3,0,3,3,2,3,2,3,3,3,3,3,3,3,3,3,3,3,3,1,3,3,3,3,3,3,2,7,2,1,3,3,3,3,3,2,3,3,3,3,0,0,3,3,3,3
EPI_ISL_479689,3,3,3,3,3,3,3,2,2,2,2,3,3,3,3,3,2,3,3,3,3,3,3,3,3,3,3,3,3,3,3,3,3,3,3,3,3,3,3,3,3,3,3,3,3,3,3,3,3,3,3,3,3,3,3,3,3,3,3,3,3,3,3,3,3,3,3,3,3,3,3,3,3,3,3,3,3,3,3,3,3,3,3,3,3,3,3,3,3,3,3,3,3,3,3,3,3,3,3,3,3,1,3,3,3,2,3,3,3,3,3,3,3,3,3,3,3,3,3,3,3,3,3,3,3,3,3,3,3,3,3,3,3,3,3,3,3,3,3,3,3,3,3,3,3,3,3,3,3,3,3,3,3,3,2,0,3,3,3,3,3,3,3,3,3,3,3,3,3,3,3,4,3,3,3,3,2,3,2,2,3,3,3,3,3,3,0,3,3,4,3,3,3,3,3,3,0,4,3,3,3,3,3,3,0,3,1,3,0,3,3,3,3,3,0,3,3,3,2,3,3,3,3,3,3,2,3,3,2,2,3,3,3,3,3,3,3,3,3,3,5,3,4,5,4,5,4,3,3,3,3,4,3,4,4,3,3,4,3,4,4,3,3,3,3,3,3,3,3,3,3,3,3,3,4,3,3,4,3,2,3,3,4,3,3,3,4,5,3,3,3,3,3,4,5,3,5,5,5,5,3,3,3,5,3,5,5,5,4,3,3,3,4,4,3,4,3,1,4,3,3,3,3,1,1,2,1,3,1,0,3,2,0,2,0,0,3,4,3,2,1,0,0,4,0,0,4,3,0,0,5,2,3,0,2,0,3,2,3,3,1,3,3,1,3,0,2,3,3,0,3,0,4,3,3,1,0,3,3,3,3,1,0,0,0,1,3,3,3,4,3,5,3,4,4,4,4,4,4,3,3,4,3,3,4,4,3,4,3,3,4,3,4,4,3,4,4,3,3,5,4,4,4,3,4,3,5,0,3,2,0,3,3,4,2,3,3,3,3,3,3,4,4,4,3,3,4,0,3,3,6,3,4,4,3,4,3,4,3,0,6,3,4,3,3,4,4,3,3,3,3,3,3,3,3,3,1,3,3,3,3,4,4,2,3,4,1,5,3,5,4,3,3,3,4,5,3,0,0,4,3,4,4
EPI_ISL_479688,3,3,3,3,3,3,3,2,2,2,2,3,3,3,3,3,2,3,3,3,3,3,3,3,3,3,3,3,3,3,3,3,3,3,3,3,3,3,3,3,3,3,3,3,3,3,3,3,3,3,3,3,3,3,3,3,3,3,3,3,3,3,3,3,3,3,3,3,3,3,3,3,3,3,3,3,3,3,3,3,3,3,3,3,3,3,3,3,3,3,3,3,3,3,3,3,3,3,3,3,3,1,3,3,3,2,3,3,3,3,3,3,3,3,3,3,3,3,3,3,3,3,3,3,3,3,3,3,3,3,3,3,3,3,3,3,3,3,3,3,3,3,3,3,3,3,3,3,3,3,3,3,3,3,2,0,3,3,3,3,3,3,3,3,3,3,3,3,3,3,3,4,3,3,3,3,2,3,2,2,3,3,3,3,3,3,0,3,3,4,3,3,3,3,3,3,0,4,3,3,3,3,3,3,0,3,1,3,0,3,3,3,3,3,0,3,3,3,2,3,3,3,3,3,3,2,3,3,2,2,3,3,3,3,3,3,3,3,3,3,5,3,4,5,4,5,4,3,3,3,3,4,3,4,4,3,3,4,3,4,4,3,3,3,3,3,3,3,3,3,3,3,3,3,4,3,3,4,3,2,3,3,4,3,3,3,4,5,3,3,3,3,3,4,5,3,5,5,5,5,3,3,3,5,3,5,5,5,4,3,3,3,4,4,3,4,3,1,4,3,3,3,3,1,1,2,1,3,1,0,3,2,0,2,0,0,3,4,3,2,1,0,0,4,0,0,4,3,0,0,5,2,3,0,2,0,3,2,3,3,1,3,3,1,3,0,2,3,3,0,3,0,4,3,3,1,0,3,3,3,3,1,0,0,0,1,3,3,3,4,3,5,3,4,4,4,4,4,4,3,3,4,3,3,4,4,3,4,3,3,4,3,4,4,3,4,4,3,3,5,4,4,4,3,4,3,5,0,3,2,0,3,3,4,2,3,3,3,3,3,3,4,4,4,3,3,4,0,3,3,6,3,4,4,3,4,3,4,3,6,0,3,4,3,3,4,4,3,3,3,3,3,3,3,3,3,1,3,3,3,3,4,4,2,3,4,1,5,3,5,4,3,3,3,4,5,3,0,0,4,3,4,4
EPI_ISL_479686,2,2,2,2,2,2,2,1,1,1,1,2,2,2,2,2,1,2,2,2,2,2,2,2,2,2,2,2,2,2,2,2,2,2,2,2,2,2,2,2,2,2,2,2,2,2,2,2,2,2,2,2,2,2,2,2,2,2,2,2,2,2,2,2,2,2,2,2,2,2,2,2,2,2,2,2,2,2,2,2,2,2,2,2,2,2,2,2,2,2,2,2,2,2,2,2,2,2,2,2,2,0,2,2,2,1,2,2,2,2,2,2,2,2,2,2,2,2,2,2,2,2,2,2,2,2,2,2,2,2,2,2,2,2,2,2,2,2,2,2,2,2,2,2,2,2,2,2,2,2,2,2,2,2,1,0,2,2,2,2,2,2,2,2,2,2,2,2,2,2,2,2,2,2,2,2,1,2,1,1,2,2,2,2,2,2,0,2,2,3,2,2,2,2,2,2,0,3,2,2,2,2,2,2,0,2,1,2,0,2,2,2,2,2,0,2,2,2,1,2,2,2,2,2,2,1,2,2,1,1,2,2,2,2,2,2,2,2,2,2,3,2,3,3,3,3,3,2,2,2,2,3,2,3,3,2,2,3,2,3,3,2,2,2,2,2,2,2,2,2,2,2,2,2,3,2,2,3,2,2,2,2,2,2,2,2,3,3,2,3,2,2,2,3,3,2,3,3,3,3,2,2,2,3,2,3,3,3,3,2,2,2,3,3,2,3,2,1,3,2,2,2,3,1,1,2,1,2,1,0,2,2,0,1,0,0,2,3,2,2,0,0,0,3,0,0,3,2,0,0,3,1,2,0,2,0,2,1,2,2,1,2,2,1,2,0,2,2,2,0,2,0,3,2,2,1,0,2,2,2,2,1,0,0,0,1,2,2,2,3,2,3,2,3,3,3,3,3,3,2,2,3,2,2,3,2,2,3,2,2,3,2,3,2,2,3,3,2,2,3,3,3,3,2,3,2,3,0,2,1,0,2,2,3,2,2,2,2,2,2,2,3,3,3,2,2,3,0,2,7,3,6,3,3,3,3,2,3,2,3,3,0,3,3,2,3,3,2,2,2,2,2,2,2,2,2,1,2,2,2,2,3,3,2,2,2,1,3,2,3,3,2,8,2,3,3,2,0,0,3,2,3,3
EPI_ISL_479703,3,3,3,3,3,3,3,2,2,2,2,3,3,3,3,3,2,3,3,3,3,3,3,3,3,3,3,3,3,3,3,3,3,3,3,3,3,3,3,3,3,3,3,3,3,3,3,3,3,3,3,3,3,3,3,3,3,3,3,3,3,3,3,3,3,3,3,3,3,4,3,3,3,3,3,3,4,4,3,4,4,4,3,4,4,4,4,3,3,4,3,3,3,3,3,3,3,4,4,3,3,1,3,3,3,2,3,3,4,3,3,3,3,3,3,3,4,3,3,3,3,4,4,4,3,3,3,3,3,3,3,3,3,3,3,3,3,3,3,3,3,3,3,3,3,3,3,3,3,3,3,3,3,3,3,0,3,3,3,3,3,3,3,3,3,3,3,3,3,3,3,4,3,3,3,3,2,3,2,2,3,3,3,3,3,3,0,3,3,5,3,3,3,3,3,3,0,5,3,3,3,3,4,3,0,3,1,3,0,3,4,3,3,3,0,3,3,3,2,3,3,3,3,3,3,2,3,3,2,2,3,3,3,3,3,3,3,3,3,3,4,3,5,4,5,4,5,3,3,3,3,5,3,5,5,3,4,5,3,5,5,3,3,3,3,3,3,3,3,3,3,3,3,3,5,3,3,5,3,2,3,3,3,3,3,3,5,4,3,3,3,3,3,4,4,3,4,4,4,4,3,3,3,4,3,4,4,4,5,3,3,3,4,5,3,4,3,1,5,3,4,3,4,1,1,2,1,3,1,0,3,2,0,1,0,0,3,5,3,2,1,0,0,5,0,0,5,3,0,0,4,3,3,0,2,0,3,2,3,3,1,3,4,1,3,0,2,3,3,0,3,0,4,3,3,1,0,3,3,3,3,1,0,0,0,1,3,3,3,5,2,4,3,4,5,5,5,5,5,3,3,5,3,3,5,3,3,5,3,3,5,3,5,3,3,5,5,3,3,4,5,5,5,3,5,3,4,0,3,3,0,3,3,5,2,3,3,3,3,3,3,5,5,5,3,3,5,0,3,3,4,3,5,5,3,5,3,5,3,4,4,3,0,4,3,5,5,3,3,3,3,3,3,3,3,3,1,3,3,3,3,5,5,2,3,3,1,4,3,4,5,3,3,3,5,4,3,0,0,5,3,5,5
EPI_ISL_478672,2,2,2,2,2,2,2,1,1,1,1,2,2,2,2,2,1,2,2,2,2,2,2,2,2,2,2,2,2,2,2,2,2,2,2,2,2,2,2,2,2,2,2,2,2,2,2,2,2,2,2,2,3,2,2,2,2,2,2,2,2,2,2,2,2,2,2,2,2,3,2,2,2,2,2,2,3,3,2,3,3,3,2,3,3,3,3,2,2,3,2,2,2,2,2,2,2,3,3,2,2,0,2,2,2,1,2,2,3,2,2,2,2,2,2,2,3,2,2,2,2,3,3,3,2,2,2,2,2,2,2,2,2,2,2,2,2,2,2,2,2,2,2,2,2,2,2,2,2,3,2,3,2,2,2,0,2,2,2,2,2,2,2,2,2,2,2,2,2,3,2,3,2,3,3,2,1,2,1,1,2,2,2,2,2,2,0,2,2,4,2,3,2,2,2,2,0,6,2,2,2,2,4,2,0,2,1,2,0,3,2,2,2,3,0,2,2,3,1,2,2,2,2,3,2,1,2,2,1,1,2,3,2,2,2,2,2,2,3,2,3,2,4,3,4,3,4,2,2,2,2,5,2,4,4,3,3,4,2,6,4,2,2,2,2,2,2,2,2,2,2,2,2,2,6,2,2,6,2,2,2,2,2,2,2,2,5,3,2,3,2,2,2,3,3,2,3,3,3,3,2,2,2,3,2,3,3,3,4,2,2,2,3,4,2,3,2,1,4,2,3,2,4,1,1,2,1,2,1,0,2,2,0,1,0,0,2,4,2,2,0,0,0,4,0,0,4,2,0,0,3,3,2,0,2,0,2,1,2,2,1,2,3,1,2,0,2,2,2,0,2,0,3,2,2,1,0,2,2,2,2,3,0,0,0,1,2,2,2,4,2,3,2,3,4,4,6,4,4,2,2,4,2,2,4,2,2,4,2,2,4,2,4,2,2,6,6,2,2,3,6,4,6,3,4,2,3,0,2,2,0,2,2,4,2,2,2,2,2,2,2,4,6,4,2,2,4,0,2,3,3,2,4,4,3,4,2,4,2,3,3,3,4,0,2,6,6,2,2,2,2,2,2,2,2,2,1,2,2,2,2,4,4,2,2,2,1,3,2,3,4,2,3,2,4,3,2,0,0,4,2,4,4
EPI_ISL_479721,3,3,3,3,3,3,3,2,2,2,2,3,3,3,3,3,2,3,3,3,3,3,3,3,3,3,3,3,3,3,3,3,3,3,3,3,3,3,3,3,3,3,3,3,3,3,3,3,3,3,3,3,3,3,3,3,3,3,3,3,3,3,3,3,3,3,3,3,3,3,3,3,3,3,3,3,3,3,3,3,3,3,3,3,3,3,3,3,3,3,3,3,3,3,3,3,3,3,3,3,3,1,3,3,3,2,3,3,3,3,3,3,3,3,3,3,3,3,3,3,3,3,3,3,3,3,3,3,3,3,3,3,3,3,3,3,3,3,3,3,3,3,3,3,3,3,3,3,3,3,3,3,3,3,2,0,3,3,3,3,3,3,3,3,3,3,3,3,3,3,3,3,3,3,3,3,2,3,2,2,3,3,3,3,3,3,0,3,3,3,3,3,3,3,3,3,0,3,3,3,3,3,3,3,0,3,1,3,0,3,3,3,3,3,0,3,3,3,2,3,3,3,3,3,3,2,3,3,2,2,3,3,3,3,3,3,3,3,3,3,3,3,3,3,3,3,3,4,4,4,3,3,3,3,3,4,4,3,3,3,3,3,3,3,3,3,3,3,3,3,3,3,3,3,3,3,3,3,3,1,3,3,3,3,3,3,3,3,3,2,3,3,3,3,3,3,3,3,3,3,3,3,3,3,3,3,3,3,3,3,3,3,3,3,3,3,3,1,3,3,3,3,2,1,1,2,1,3,1,0,3,2,0,0,0,0,3,3,3,2,1,0,0,3,0,0,3,3,0,0,3,2,3,0,2,0,3,2,3,3,1,3,2,1,3,0,2,3,3,0,3,0,3,3,3,1,0,3,3,3,3,0,0,0,0,0,3,3,3,3,1,3,3,3,3,3,3,3,3,3,3,3,3,3,3,3,3,3,3,3,3,3,3,2,3,3,3,3,3,3,3,3,3,3,3,3,3,0,3,2,0,3,3,3,1,3,3,3,3,3,3,3,3,3,3,3,3,0,3,2,3,4,3,3,2,3,4,3,3,3,3,2,3,2,0,3,3,3,3,3,3,3,3,3,3,3,1,3,3,3,3,3,3,2,3,2,1,3,3,3,3,3,2,4,3,3,3,0,0,3,3,3,3
EPI_ISL_8189544,3,3,3,3,3,3,3,2,2,2,2,3,3,3,3,3,2,3,3,3,3,3,3,3,3,3,3,3,3,3,3,3,3,3,3,3,3,3,3,3,3,3,3,3,3,3,3,3,3,3,3,3,4,3,3,3,3,3,3,3,3,3,3,3,3,3,3,3,3,4,3,3,3,3,3,3,4,4,3,4,4,4,3,4,4,4,4,3,3,4,3,3,3,3,3,3,3,4,4,3,3,1,3,3,3,2,3,3,4,3,3,3,3,3,3,3,4,3,3,3,3,4,4,4,3,3,3,3,3,3,3,3,3,3,3,3,3,3,3,3,3,3,3,3,3,3,3,3,3,4,3,4,3,3,3,0,3,3,3,3,3,3,3,3,3,3,3,3,3,4,3,4,3,4,4,3,2,3,2,2,3,3,3,3,3,3,0,3,3,5,3,4,3,3,3,3,0,7,3,3,3,3,5,3,0,3,1,3,0,4,3,3,3,4,0,3,3,4,2,3,3,3,3,4,3,2,3,3,2,2,3,4,3,3,3,3,3,3,4,3,4,3,5,4,5,4,5,3,3,3,3,6,3,5,5,4,4,5,3,7,5,3,3,3,3,3,3,3,3,3,3,3,3,3,7,3,3,7,3,2,3,3,3,3,3,3,6,4,3,3,3,3,3,4,4,3,4,4,4,4,3,3,3,4,3,4,4,4,5,3,3,3,4,5,3,4,3,1,5,3,4,3,4,1,1,2,1,3,1,0,3,2,0,1,0,0,3,5,3,2,1,0,0,5,0,0,5,3,0,0,4,4,3,0,2,0,3,2,3,3,1,3,4,1,3,0,2,3,3,0,3,0,4,3,3,1,0,3,3,3,3,3,0,0,0,1,3,3,3,5,2,4,3,4,5,5,10,5,5,3,3,5,3,3,5,3,3,5,3,3,5,3,5,3,3,10,9,3,3,4,10,5,10,5,5,3,4,0,3,3,0,3,3,5,2,3,3,3,3,3,3,5,10,5,3,3,5,0,3,3,4,3,5,5,3,5,3,5,3,4,4,3,5,6,3,0,10,3,3,3,3,3,3,3,3,4,1,3,3,3,3,5,5,2,3,3,1,4,3,4,5,3,3,3,5,4,3,0,0,5,3,5,5
EPI_ISL_2232406,3,3,3,3,3,3,3,2,2,2,2,3,3,3,3,3,2,3,3,3,3,3,3,3,3,3,3,3,3,3,3,3,3,3,3,3,3,3,3,3,3,3,3,3,3,3,3,3,3,3,3,3,4,3,3,3,3,3,3,3,3,3,3,3,3,3,3,3,3,4,3,3,3,3,3,3,4,4,3,4,4,4,3,4,4,4,4,3,3,4,3,3,3,3,3,3,3,4,4,3,3,1,3,3,3,2,3,3,4,3,3,3,3,3,3,3,4,3,3,3,3,4,4,4,3,3,3,3,3,3,3,3,3,3,3,3,3,3,3,3,3,3,3,3,3,3,3,3,3,4,3,4,3,3,3,0,3,3,3,3,3,3,3,3,3,3,3,3,3,4,3,4,3,4,4,3,2,3,2,2,3,3,3,3,3,3,0,3,3,5,3,4,3,3,3,3,0,7,3,3,3,3,5,3,0,3,1,3,0,4,3,3,3,4,0,3,3,4,2,3,3,3,3,4,3,2,3,3,2,2,3,4,3,3,3,3,3,3,4,3,4,3,5,4,5,4,5,3,3,3,3,6,3,5,5,4,4,5,3,7,5,3,3,3,3,3,3,3,3,3,3,3,3,3,7,3,3,7,3,2,3,3,3,3,3,3,6,4,3,3,3,3,3,4,7,3,4,7,5,7,3,6,6,4,3,5,4,4,5,3,3,3,4,5,3,7,3,1,5,3,4,3,4,1,1,2,1,3,1,0,3,2,0,1,0,0,3,5,3,2,1,0,0,5,0,0,5,3,0,0,4,4,3,0,2,0,3,2,3,3,1,3,4,1,3,0,2,3,3,0,3,0,4,3,3,1,0,3,3,3,3,3,0,0,0,1,3,3,6,5,2,4,3,4,5,5,10,5,5,3,3,5,3,3,5,4,3,5,3,3,8,3,5,3,3,10,9,3,3,4,10,5,13,8,5,3,4,0,3,3,0,3,3,5,2,3,3,4,3,3,3,5,10,5,3,3,5,0,3,3,4,3,5,5,3,5,3,5,3,4,4,3,5,6,3,10,0,3,3,3,3,3,3,3,3,3,1,3,3,3,3,5,5,2,3,3,1,4,3,4,5,3,3,3,5,4,3,0,0,5,3,5,5
EPI_ISL_2232325,6,6,6,6,6,6,6,5,5,5,5,6,6,7,7,9,6,7,9,8,10,3,3,3,3,3,3,3,3,3,3,3,3,3,3,14,12,15,15,3,3,15,3,3,12,15,15,15,3,3,3,16,6,3,3,3,3,3,3,3,3,3,3,3,3,3,3,3,3,3,3,3,3,3,3,3,3,3,3,3,3,4,3,3,3,3,3,3,3,3,3,3,4,3,3,3,3,3,3,3,3,1,3,3,3,2,3,3,3,3,3,3,3,3,3,3,3,3,3,3,3,3,3,3,3,3,3,3,3,3,3,3,3,16,3,3,3,3,3,3,3,3,3,3,3,3,3,3,3,6,15,6,15,16,14,0,15,15,15,16,15,16,15,16,16,16,16,15,15,6,16,16,16,7,6,15,14,16,15,9,15,15,10,16,14,13,0,13,14,3,14,6,10,14,15,12,0,3,16,15,16,16,6,14,0,13,8,9,0,6,12,15,13,6,0,16,16,6,15,15,15,15,15,6,16,15,15,16,14,14,16,6,15,11,15,15,15,16,6,13,3,11,3,3,3,3,3,3,3,3,3,3,16,3,3,3,3,3,3,3,3,3,7,13,13,13,13,13,15,13,6,16,16,13,3,13,11,3,6,1,16,15,11,11,13,16,3,3,16,2,13,13,13,3,3,13,3,3,3,3,13,13,13,3,13,3,3,3,3,13,3,15,3,3,13,13,14,1,4,13,3,16,2,1,4,5,8,6,2,0,16,9,0,0,0,4,13,3,15,5,1,0,0,3,0,0,3,13,0,0,3,8,10,0,14,0,13,10,11,16,6,12,2,5,13,5,2,16,12,0,13,0,3,13,13,6,4,12,6,10,9,0,0,2,1,0,13,16,12,3,1,3,13,3,3,3,3,3,3,6,15,3,15,15,3,3,3,4,6,6,3,16,3,2,6,3,3,13,13,3,3,3,3,3,3,3,3,0,13,2,2,12,16,3,1,13,6,13,13,6,13,3,3,3,6,13,3,0,3,2,3,3,3,3,2,3,3,3,3,3,3,2,3,2,3,3,3,0,6,13,13,13,13,13,3,13,4,10,16,11,15,3,3,2,3,2,1,3,6,3,3,3,2,3,3,3,4,1,3,3,12,3,3
EPI_ISL_2232302,6,6,7,6,6,6,6,5,5,5,5,6,15,6,6,6,5,6,6,6,6,3,3,3,3,3,3,3,3,3,3,3,3,3,3,6,6,6,6,3,3,6,3,3,6,6,6,6,3,3,3,6,6,3,3,3,3,3,3,3,3,3,3,3,3,3,3,3,3,3,3,3,3,3,3,3,3,3,3,3,3,3,3,3,3,3,3,3,3,3,4,3,3,3,3,3,3,3,3,3,3,1,3,3,3,2,3,3,3,3,3,3,3,3,3,3,3,3,3,3,3,3,3,3,3,3,3,3,3,3,3,3,3,6,3,3,3,3,3,3,3,3,3,3,3,3,3,3,3,6,6,6,6,6,5,0,6,6,6,6,6,6,6,6,6,6,6,6,6,6,6,6,6,6,6,6,5,6,5,5,6,6,6,6,6,6,0,6,6,3,6,6,6,6,6,6,0,3,6,6,6,6,6,6,0,6,1,6,0,6,6,6,6,6,1,6,6,6,5,6,6,6,6,6,6,5,7,6,5,5,6,6,6,6,6,6,6,7,6,6,3,6,3,3,3,3,3,3,3,3,3,3,6,3,3,3,3,3,3,3,3,3,6,6,6,6,6,6,6,6,6,6,6,6,3,6,6,3,6,1,6,6,7,6,6,6,3,3,6,2,6,6,6,3,3,6,3,3,3,3,6,6,6,3,6,3,3,3,3,6,3,6,3,3,6,6,6,1,3,6,3,6,2,1,1,2,4,6,1,0,6,5,0,0,0,1,6,3,6,2,1,0,0,3,0,0,4,6,0,0,3,5,6,0,5,0,6,5,6,6,4,6,2,1,6,3,2,6,6,0,6,0,3,6,6,4,0,6,6,6,3,0,0,0,0,0,6,6,6,3,1,3,6,3,3,3,3,3,3,6,6,3,6,6,3,3,3,3,6,6,3,6,3,2,6,3,3,6,6,3,3,3,3,3,3,3,3,0,6,2,0,6,6,3,1,6,6,6,6,6,6,3,3,3,6,6,3,0,3,2,3,3,3,3,2,3,3,3,3,3,3,2,3,2,3,3,3,6,0,6,6,6,6,6,3,6,4,6,6,6,6,3,3,2,3,2,1,3,6,3,3,3,2,3,3,3,3,0,3,3,6,3,3
EPI_ISL_812787,6,6,6,6,6,6,6,5,5,5,5,6,6,8,7,8,7,7,8,8,9,3,3,3,3,3,3,3,3,3,3,3,3,3,3,12,10,13,13,3,3,13,3,3,10,13,13,13,3,3,3,13,6,3,3,3,3,3,3,3,3,3,3,3,3,3,3,3,3,3,3,3,3,3,3,3,3,3,3,3,3,4,3,3,3,3,3,3,3,3,3,3,4,3,3,3,3,3,3,3,3,1,3,3,3,2,3,3,3,3,3,3,3,3,3,3,3,3,3,3,3,3,3,3,3,3,3,3,3,3,3,3,3,13,3,3,3,3,3,3,3,3,3,3,3,3,3,3,3,6,12,6,12,13,11,0,12,12,12,13,12,13,12,13,13,13,13,12,12,6,14,13,13,6,6,12,11,13,12,9,12,12,10,13,11,11,0,11,12,3,12,6,10,13,13,10,0,4,13,12,13,13,6,11,0,11,6,9,0,6,12,13,12,6,0,13,13,6,12,12,12,12,12,6,13,12,12,13,11,11,13,6,12,11,12,12,12,13,6,13,3,11,3,3,3,3,3,3,3,3,3,4,13,3,3,4,3,3,3,3,3,3,7,13,13,13,13,13,13,13,6,13,13,13,3,13,11,3,6,2,13,13,11,11,13,13,3,3,13,2,13,13,13,3,3,13,3,3,3,3,13,13,13,3,13,3,3,3,3,13,3,13,3,3,13,13,13,1,4,13,3,13,2,1,5,5,7,6,2,0,13,9,0,0,0,2,13,3,13,5,1,0,0,3,0,0,3,13,0,0,3,8,10,0,11,0,13,10,11,13,6,12,2,5,13,5,2,13,12,0,13,0,3,13,13,6,4,12,6,10,9,0,0,1,1,0,13,13,12,3,1,3,13,3,3,3,3,3,3,6,13,3,13,13,3,3,3,4,6,6,3,13,3,2,6,3,3,13,13,3,3,3,3,3,3,3,3,0,13,2,2,12,13,3,1,13,6,13,13,6,13,3,3,3,6,13,3,0,3,2,3,3,3,3,2,3,3,3,3,3,3,2,3,2,3,3,3,13,6,0,13,13,13,13,3,13,4,10,13,11,13,3,3,2,3,2,1,3,6,3,3,3,2,3,3,3,3,1,3,3,12,3,3
EPI_ISL_2232349,6,6,6,6,6,6,6,5,5,5,5,6,6,7,7,8,6,7,8,8,9,3,3,3,3,3,3,3,3,3,3,3,3,3,3,12,10,13,13,3,3,13,3,3,10,13,13,13,3,3,3,13,6,3,3,3,3,3,3,3,3,3,3,3,3,3,3,3,3,3,3,3,3,3,3,3,3,3,3,3,3,4,3,3,3,3,3,3,3,3,3,3,4,3,3,3,3,3,3,3,3,1,3,3,3,2,3,3,3,3,3,3,3,3,3,3,3,3,3,3,3,3,3,3,3,3,3,3,3,3,3,3,3,13,3,3,3,3,3,3,3,3,3,3,3,3,3,3,3,7,12,6,12,13,11,0,12,12,12,13,12,13,12,13,13,13,13,12,12,6,13,13,13,6,6,12,11,13,12,9,12,12,10,13,11,11,0,11,12,3,12,6,10,12,13,10,0,3,13,12,13,13,6,11,0,11,6,10,0,6,13,13,12,6,0,13,13,6,12,12,12,12,12,6,13,12,12,13,11,11,13,6,12,11,12,12,12,13,6,14,3,11,3,3,3,3,3,3,3,3,3,3,13,3,3,3,3,3,3,3,3,3,7,14,14,14,14,14,13,14,6,13,13,14,3,14,11,3,6,1,13,13,11,11,14,13,3,3,13,2,14,13,13,3,3,14,3,3,3,5,14,14,14,3,14,3,3,3,3,17,3,14,3,3,14,13,14,1,4,14,3,13,2,1,4,5,8,6,2,0,13,9,0,0,0,2,16,3,13,5,1,0,0,3,0,0,3,14,0,0,3,8,10,0,11,0,14,11,11,13,6,12,2,5,16,6,2,13,12,0,14,0,3,14,14,6,4,12,6,10,10,0,0,1,1,0,14,13,12,3,1,3,13,5,4,5,3,3,3,6,13,3,15,16,3,3,5,4,6,6,3,13,3,2,6,3,3,16,14,4,3,3,3,4,3,3,3,0,13,2,2,12,13,3,1,16,6,16,16,6,14,3,3,3,6,15,3,0,3,2,3,3,3,3,2,3,3,3,3,3,3,2,3,2,3,3,3,13,6,13,0,16,16,16,3,16,4,10,13,11,13,3,3,2,3,2,1,3,6,3,3,3,2,3,3,3,3,1,3,3,13,3,3
EPI_ISL_2232348,6,6,6,6,6,6,6,5,5,5,5,6,6,7,7,8,6,7,8,8,9,3,3,3,3,3,3,3,3,3,3,3,3,3,3,12,10,13,13,3,3,13,3,3,10,13,13,13,3,3,3,13,6,3,3,3,3,3,3,3,3,3,3,3,3,3,3,3,3,3,3,3,3,3,3,3,3,3,3,3,3,4,3,3,3,3,3,3,3,3,3,3,4,3,3,3,3,3,3,3,3,1,3,3,3,2,3,3,3,3,3,3,3,3,3,3,3,3,3,3,3,3,3,3,3,3,3,3,3,3,3,3,3,13,3,3,3,3,3,3,3,3,3,3,3,3,3,3,3,6,12,6,12,13,11,0,12,12,12,13,12,13,12,13,13,13,13,12,12,6,13,13,13,6,6,12,11,13,12,9,12,12,10,13,11,11,0,11,12,3,12,6,10,12,13,10,0,3,13,12,13,13,6,11,0,11,6,10,0,6,13,13,12,6,0,13,13,6,12,12,12,12,12,6,13,12,12,13,11,11,13,6,12,11,12,12,12,13,6,14,3,11,3,3,3,3,3,3,3,3,3,3,13,3,3,3,3,3,3,3,3,3,7,14,14,14,14,14,13,14,6,13,13,14,3,14,11,3,6,1,13,13,11,11,14,13,3,3,13,2,14,13,13,4,3,14,3,3,3,3,14,14,14,3,14,3,3,3,3,14,3,13,3,3,14,13,13,1,4,14,3,13,2,1,4,5,8,6,2,0,13,9,0,0,0,2,14,3,13,5,1,0,0,3,0,0,3,14,0,0,3,8,10,0,11,0,14,11,11,13,6,12,2,5,16,6,2,13,12,0,14,0,3,14,14,6,4,12,6,10,10,0,0,1,1,0,14,13,12,3,1,3,13,3,3,3,3,3,3,6,13,3,13,13,3,3,3,4,6,6,3,13,3,2,6,3,3,16,14,3,3,3,3,3,3,3,3,0,13,2,2,12,13,3,1,16,6,16,16,6,14,3,3,3,6,15,3,0,3,2,3,3,3,3,2,3,3,3,3,3,3,2,3,2,3,3,3,13,6,13,16,0,16,16,3,16,4,10,13,11,13,3,3,2,3,2,1,3,6,3,3,3,2,3,3,3,3,1,3,3,12,3,3
EPI_ISL_2232346,6,6,6,6,6,6,6,5,5,5,5,6,6,7,7,8,6,7,8,8,9,3,3,3,3,3,3,3,3,3,3,3,3,3,3,12,10,13,13,3,3,13,3,3,10,13,13,13,3,3,3,13,6,3,3,3,3,3,3,3,3,3,3,3,3,3,3,3,3,3,3,3,3,3,3,3,3,3,3,3,3,4,3,3,3,3,3,3,3,3,3,3,4,3,3,3,3,3,3,3,3,1,3,3,3,2,3,3,3,3,3,3,3,3,3,3,3,3,3,3,3,3,3,3,3,3,3,3,3,3,3,3,3,13,3,3,3,3,3,3,3,3,3,3,3,3,3,3,3,6,12,6,12,13,11,0,12,12,12,13,12,13,12,13,13,13,13,12,12,6,13,13,13,6,6,12,11,13,12,9,12,12,10,13,11,11,0,11,12,3,12,6,10,12,13,10,0,3,13,12,13,13,6,11,0,11,6,10,0,6,13,13,12,6,0,13,13,6,12,12,12,12,12,6,13,12,12,13,11,11,13,6,12,11,12,12,12,13,6,14,3,11,3,3,3,3,3,3,3,3,3,3,13,3,3,3,3,3,3,3,3,3,7,14,14,14,14,14,13,14,6,13,13,14,3,14,11,3,6,1,13,13,11,11,14,13,3,3,13,2,14,13,13,3,3,14,3,3,3,3,14,14,14,3,14,3,3,3,3,14,3,13,3,3,14,13,13,1,4,14,3,13,2,1,4,5,8,6,2,0,13,9,0,0,0,2,14,3,13,5,1,0,0,3,0,0,3,14,0,0,3,8,10,0,11,0,14,11,11,13,6,12,2,5,16,6,2,13,12,0,14,0,3,14,14,6,4,12,6,10,10,0,0,1,1,0,14,13,12,3,1,3,13,3,3,3,3,3,3,6,13,3,13,13,3,3,3,4,6,6,3,13,3,2,6,3,3,16,14,3,3,3,3,3,3,3,3,0,13,2,2,12,13,3,1,16,6,16,16,6,14,3,3,3,6,15,3,0,3,2,3,3,3,3,2,3,3,3,3,3,3,2,3,2,3,3,3,13,6,13,16,16,0,16,3,16,4,10,13,11,13,3,3,2,3,2,1,3,6,3,3,3,2,3,3,3,3,1,3,3,12,3,3
EPI_ISL_2232328,6,6,6,6,6,6,6,5,5,5,5,6,6,7,7,8,6,7,8,8,9,3,3,3,3,3,3,3,3,3,3,3,3,3,3,12,10,13,13,3,3,13,3,3,10,13,13,13,3,3,3,13,6,3,3,3,3,3,3,3,3,3,3,3,3,3,3,3,3,3,3,3,3,3,3,3,3,3,3,3,3,4,3,3,3,3,3,3,3,3,3,3,4,3,3,3,3,3,3,3,3,1,3,3,3,2,3,3,3,3,3,3,3,3,3,3,3,3,3,3,3,3,3,3,3,3,3,3,3,3,3,3,3,13,3,3,3,3,3,3,3,3,3,3,3,3,3,3,3,6,12,6,12,13,11,0,12,12,12,13,12,13,12,13,13,13,13,12,12,6,13,13,13,6,6,12,11,13,12,9,12,12,10,13,11,11,0,11,12,3,12,6,10,12,13,10,0,3,13,12,13,13,6,11,0,11,6,10,0,6,13,13,12,6,0,13,13,6,12,12,12,12,12,6,13,12,12,13,11,11,13,6,12,11,12,12,12,13,6,14,3,11,3,3,3,3,3,3,3,3,3,3,13,3,3,3,3,3,3,3,3,3,7,14,14,14,14,14,13,14,6,13,13,14,3,14,11,3,6,1,13,13,11,11,14,13,3,3,13,2,14,13,13,3,3,14,3,3,3,3,14,14,14,3,14,3,3,3,3,14,3,13,3,3,14,13,13,1,4,14,3,13,2,1,4,5,8,6,2,0,13,9,0,0,0,2,14,3,13,5,1,0,0,3,0,0,3,14,0,0,3,8,10,0,11,0,14,11,11,13,6,12,2,5,16,6,2,13,12,0,14,0,3,14,14,6,4,12,6,10,10,0,0,1,1,0,14,13,12,3,1,3,13,3,3,3,3,3,3,6,13,3,13,13,3,3,3,4,6,6,3,13,3,2,6,3,3,16,14,3,3,3,3,3,3,3,3,0,13,2,2,12,13,3,1,16,6,16,16,6,14,3,3,3,6,15,3,0,3,2,3,3,3,3,2,3,3,3,3,3,3,2,3,2,3,3,3,13,6,13,16,16,16,0,3,16,4,10,13,11,13,3,3,2,3,2,1,3,6,3,3,3,2,3,3,3,3,1,3,3,12,3,3
EPI_ISL_812801,3,3,3,3,3,3,3,2,2,2,2,3,3,3,3,3,2,3,3,3,3,3,3,3,3,3,3,3,3,3,3,3,3,3,3,3,3,3,3,3,3,3,3,3,3,3,3,3,3,3,3,3,3,3,3,3,3,3,3,3,3,3,3,3,3,3,3,3,3,3,3,3,3,3,3,3,3,3,3,3,3,3,3,3,3,3,3,3,3,3,3,3,3,3,3,3,3,3,3,3,3,1,3,3,3,2,3,3,3,3,3,3,3,3,3,3,3,3,3,3,3,3,3,3,3,3,3,3,3,3,3,3,3,3,3,3,3,3,3,3,3,3,3,3,3,3,3,3,3,3,3,3,3,3,2,0,3,3,3,3,3,3,3,3,3,3,3,3,3,3,3,3,3,3,3,3,2,3,2,2,3,3,3,3,3,3,0,3,3,3,3,3,3,3,3,3,0,3,3,3,3,3,3,3,0,3,1,3,0,3,3,3,3,3,0,3,3,3,2,3,3,3,3,3,3,2,3,3,2,2,3,3,3,3,3,3,3,3,3,3,3,3,3,3,3,3,3,3,3,3,3,3,3,3,3,3,3,3,3,3,3,3,3,3,3,3,3,3,3,3,3,3,3,3,3,3,3,3,3,1,3,3,3,3,3,3,3,3,3,2,3,3,3,3,3,3,3,3,3,3,3,3,3,3,3,3,3,3,3,3,3,3,3,3,3,3,3,2,3,3,3,3,2,1,1,2,1,3,1,0,3,2,0,0,0,0,3,3,3,2,1,0,0,3,0,0,3,3,0,0,3,2,3,0,2,0,3,2,3,3,1,3,2,1,3,0,2,3,3,0,3,0,3,3,3,1,1,3,4,3,3,0,0,0,0,0,3,3,3,3,1,3,3,3,3,3,3,3,3,3,3,3,3,3,3,3,3,3,4,4,3,3,3,2,4,3,3,3,3,3,3,3,3,3,3,3,3,1,3,2,0,3,3,3,1,3,3,3,3,3,3,3,3,3,3,3,3,0,3,2,3,3,3,3,2,3,3,3,3,3,3,2,3,2,3,3,3,3,3,3,3,3,3,3,0,3,1,3,3,3,3,3,3,2,3,2,1,3,4,3,3,3,2,3,3,3,3,0,0,3,3,3,3
EPI_ISL_8189550,6,6,6,6,6,6,6,5,5,5,5,6,6,7,7,8,6,7,8,8,9,4,4,4,4,4,4,4,4,4,4,4,4,4,4,12,10,13,13,4,4,13,4,4,10,13,13,13,4,4,4,13,6,4,4,4,4,4,4,4,4,4,4,4,4,4,4,4,4,4,4,4,4,4,4,4,4,4,4,4,4,5,4,4,4,4,4,4,4,4,4,4,5,4,4,4,4,4,4,4,4,2,4,4,4,3,4,4,4,4,4,4,4,4,4,4,4,4,4,4,4,4,4,4,4,4,4,4,4,4,4,4,4,13,4,4,4,4,4,4,4,4,4,4,4,4,4,4,4,6,12,6,12,13,11,0,12,12,12,13,12,13,12,13,13,13,13,12,12,6,13,13,13,6,6,12,11,13,12,9,12,12,10,13,11,11,0,11,12,3,12,6,10,12,13,10,0,3,13,12,13,13,6,11,0,11,6,10,0,6,13,13,12,6,0,13,13,6,12,12,12,12,12,6,13,12,12,13,11,11,13,6,12,11,12,12,12,13,6,14,3,11,3,3,3,3,3,3,3,3,3,3,13,3,3,3,3,3,3,3,3,3,7,14,14,14,14,14,13,14,6,13,13,14,3,14,11,3,6,1,13,13,11,11,14,13,3,3,13,2,14,13,13,4,3,14,3,3,3,3,14,14,14,3,14,3,3,3,3,14,3,13,3,3,14,13,13,1,4,14,3,13,2,1,4,5,8,6,2,0,13,9,0,0,0,2,14,3,13,5,1,0,0,3,0,0,3,14,0,0,3,8,10,0,11,0,14,11,11,13,6,12,2,5,16,6,2,13,12,0,14,0,3,14,14,6,4,12,6,10,10,0,0,1,1,0,14,13,12,3,1,3,13,3,3,3,3,3,3,6,13,3,13,13,3,3,3,4,6,6,3,13,3,2,6,3,3,16,14,3,3,3,3,3,3,3,3,0,13,2,2,12,13,3,1,16,6,16,16,6,14,3,3,3,6,15,3,0,3,2,3,3,3,3,2,3,3,3,3,3,3,2,3,2,3,4,3,13,6,13,16,16,16,16,3,0,4,10,13,11,13,3,3,2,3,2,1,3,6,3,3,3,2,3,3,3,3,1,3,3,12,3,3
EPI_ISL_812800,4,4,4,4,4,4,4,3,3,3,3,4,4,4,4,4,4,4,4,4,4,1,1,1,1,1,1,1,1,1,1,1,1,1,1,4,4,4,4,1,1,4,1,1,4,4,4,4,1,1,1,4,4,1,1,1,1,1,1,1,1,1,1,1,1,2,1,1,1,1,1,1,2,1,1,1,1,1,1,1,1,1,1,1,1,1,1,1,1,1,1,1,1,1,1,1,1,1,1,1,1,0,1,1,1,1,1,1,1,1,1,1,1,1,1,1,1,1,1,1,1,1,1,1,1,1,1,1,1,1,1,1,1,4,1,1,1,1,1,1,1,1,1,1,1,1,1,1,1,4,5,5,4,4,3,0,4,4,4,4,5,4,4,4,4,4,4,4,4,4,4,4,4,5,4,4,3,4,3,3,4,4,4,4,4,4,0,4,4,1,4,4,4,4,4,4,0,1,4,4,4,4,4,4,0,4,1,4,0,4,4,4,4,4,0,4,4,4,3,4,4,4,4,4,4,3,4,4,3,3,4,4,4,4,4,4,4,4,4,4,2,4,1,1,1,1,1,1,1,1,1,1,4,1,1,1,1,1,1,1,1,1,4,4,4,4,4,4,4,4,4,5,4,4,1,4,4,1,4,1,5,4,4,4,4,4,1,2,4,1,4,4,4,1,1,4,1,1,1,1,4,4,4,1,4,1,1,1,1,4,1,4,1,1,4,4,4,2,1,4,1,4,1,1,1,1,4,4,1,0,4,4,0,0,0,0,4,1,4,1,0,0,0,1,0,0,1,4,0,0,1,4,4,0,4,0,4,4,4,4,3,4,1,1,4,3,1,4,4,0,4,0,1,4,4,4,0,4,6,4,1,0,0,0,0,0,4,4,4,1,0,1,4,1,1,1,1,1,1,4,4,1,4,4,1,1,1,1,5,6,1,4,1,1,5,1,1,5,4,1,1,1,1,1,1,1,1,0,4,1,0,4,4,1,1,4,4,4,4,4,4,1,1,1,4,4,1,0,1,1,1,1,1,1,1,1,1,1,1,1,1,1,1,1,1,1,1,4,4,4,4,4,4,4,1,4,0,4,4,4,4,1,1,1,1,1,1,1,5,1,1,1,1,1,1,1,1,0,3,1,4,1,1
EPI_ISL_812786,6,6,6,6,6,6,6,5,5,5,5,6,6,6,6,7,5,6,7,7,7,3,3,3,3,3,3,3,3,3,3,3,3,3,3,10,9,10,10,4,3,10,4,4,9,10,10,10,3,3,3,10,6,3,3,3,3,3,3,3,3,3,3,3,3,3,3,3,3,3,3,3,3,3,3,3,3,3,3,3,3,3,3,3,3,3,3,3,3,3,3,3,3,3,3,3,3,3,3,3,3,1,3,3,3,2,3,3,3,3,3,3,3,3,3,3,3,3,3,3,3,4,3,3,3,3,3,3,3,3,3,3,3,10,3,3,3,3,3,3,3,3,3,3,3,3,3,3,3,6,10,6,10,10,9,0,10,10,10,10,10,10,10,10,10,10,10,10,10,6,10,10,10,6,6,10,9,10,9,9,10,10,10,10,9,9,0,10,10,3,10,6,10,10,10,9,0,3,10,10,10,10,6,9,0,9,4,7,0,6,10,10,10,6,0,10,10,6,9,10,10,10,10,6,10,9,10,10,9,9,10,6,10,10,10,10,10,10,6,10,3,10,3,3,3,3,3,3,3,3,3,3,10,3,3,3,3,3,3,3,3,3,6,10,10,10,10,10,10,10,6,10,10,10,3,10,10,3,6,1,10,10,10,10,10,10,3,3,10,2,10,10,10,3,3,10,3,3,3,3,10,10,10,3,10,3,3,3,3,10,3,10,3,3,10,10,10,1,3,10,3,10,2,1,2,3,6,6,2,0,10,8,0,0,0,2,10,3,10,3,1,0,0,3,0,0,3,10,0,0,3,6,10,0,9,0,10,8,10,10,6,10,2,3,10,3,2,10,10,0,10,0,3,10,10,5,2,10,6,10,7,0,1,0,0,0,10,10,10,3,1,3,10,3,3,3,3,3,3,6,10,3,10,10,3,3,3,3,6,6,3,10,3,2,6,3,3,10,10,3,3,3,3,3,3,3,3,0,10,2,2,9,10,3,1,10,6,10,10,6,10,3,3,3,6,10,3,0,3,2,3,3,3,3,2,3,3,3,3,3,3,2,3,2,3,3,3,10,6,10,10,10,10,10,3,10,4,0,10,10,10,3,3,2,3,2,1,3,6,3,3,3,2,3,3,3,3,1,3,3,10,3,3
EPI_ISL_812783,6,6,6,6,6,6,6,5,5,5,5,6,6,7,7,9,6,7,9,8,10,3,3,3,3,3,3,3,3,3,3,3,3,3,3,14,12,15,15,3,3,15,3,3,12,15,15,15,3,3,3,16,6,3,3,3,3,3,3,3,3,3,3,3,3,3,3,3,3,3,3,3,3,3,3,3,3,3,3,3,3,4,3,3,3,3,3,3,3,3,3,3,4,3,3,3,3,3,3,3,3,1,3,3,3,2,3,3,3,3,3,3,3,3,3,3,3,3,3,3,3,3,3,3,3,3,3,3,3,3,3,3,3,16,3,3,3,3,3,3,3,3,3,3,3,3,3,3,3,6,15,6,15,16,14,0,15,15,15,16,15,16,15,16,16,16,16,15,15,6,16,16,16,7,6,15,14,16,15,9,15,15,10,16,14,13,0,13,14,3,14,6,10,14,15,12,0,3,16,15,16,16,6,14,0,13,8,9,0,6,12,15,13,6,0,16,16,6,15,15,15,15,15,6,16,15,15,16,14,14,16,6,15,11,15,15,15,16,6,13,3,11,3,3,3,3,3,3,3,3,3,3,16,3,3,3,3,3,3,3,3,3,7,13,13,13,13,13,15,13,6,16,16,13,3,13,11,3,6,1,16,15,11,11,13,16,3,3,16,2,13,13,13,3,3,13,3,3,3,3,13,13,13,3,13,3,3,3,3,13,3,15,3,3,13,13,14,1,4,13,3,16,2,1,4,5,8,6,2,0,16,9,0,0,0,4,13,3,15,5,1,0,0,3,0,0,3,13,0,0,3,8,10,0,14,0,13,10,11,16,6,12,2,5,13,5,2,16,12,0,13,0,3,13,13,6,4,12,6,10,9,0,0,2,1,0,13,16,12,3,1,3,13,3,3,3,3,3,3,6,15,3,15,15,3,3,3,4,6,6,3,16,3,2,6,3,3,13,13,3,3,3,3,3,3,3,3,0,13,2,2,12,16,3,1,13,6,13,13,6,13,3,3,3,6,13,3,0,3,2,3,3,3,3,2,3,3,3,3,3,3,2,3,2,3,3,3,16,6,13,13,13,13,13,3,13,4,10,0,11,15,3,3,2,3,2,1,3,6,3,3,3,2,3,3,3,4,1,3,3,12,3,3
EPI_ISL_1109486,6,6,6,6,6,6,6,5,5,5,5,6,6,7,7,8,6,7,8,8,8,3,3,3,3,3,3,3,3,3,3,3,3,3,3,11,10,11,11,3,3,11,3,3,10,11,11,11,3,3,3,11,6,3,3,3,3,3,3,3,3,3,3,3,3,3,3,3,3,3,3,3,3,3,3,3,3,3,3,3,3,3,3,3,3,3,3,3,3,3,3,3,3,3,3,3,3,3,3,3,4,1,3,3,3,2,3,3,3,3,3,3,3,3,3,3,3,3,3,3,3,3,3,3,3,3,3,3,3,3,3,3,3,11,3,3,3,3,3,3,3,3,3,3,3,3,4,3,3,6,11,6,11,11,10,0,11,11,11,11,11,11,11,11,11,11,11,11,11,6,11,11,11,6,6,11,10,11,10,9,11,11,10,11,10,10,0,11,11,3,11,6,10,11,11,10,0,3,11,11,11,11,6,10,0,10,5,8,0,6,11,11,11,6,0,11,11,6,10,11,11,11,11,6,11,10,11,11,10,10,11,6,11,11,11,11,11,11,7,11,3,11,3,3,3,3,3,3,3,3,3,3,11,3,3,3,3,3,3,3,3,3,6,11,11,11,11,11,11,11,6,11,11,11,3,11,11,3,6,1,11,11,11,11,11,11,3,3,11,2,11,11,11,3,3,11,3,3,3,3,11,11,11,3,11,3,3,3,3,11,3,11,3,3,11,11,11,1,3,11,3,11,2,1,2,3,7,6,2,0,11,9,0,0,0,2,11,3,11,4,1,0,0,3,0,0,3,11,0,0,3,7,10,0,10,0,11,8,11,11,6,11,2,3,11,4,2,11,11,0,11,0,3,11,11,6,2,11,6,10,7,0,0,0,1,0,11,11,11,3,1,3,11,3,3,3,3,3,3,6,11,3,11,11,3,3,3,3,6,6,3,11,3,2,6,3,3,11,11,3,3,3,3,3,3,3,3,0,11,2,2,10,11,3,1,11,6,11,11,6,11,3,3,3,6,11,4,0,3,2,3,3,3,4,2,3,3,3,3,3,3,2,3,2,3,3,3,11,6,11,11,11,11,11,3,11,4,10,11,0,11,3,3,2,3,2,1,3,6,3,3,3,2,3,3,3,3,1,3,3,11,3,3
EPI_ISL_812799,6,6,6,6,6,6,6,5,5,5,5,6,6,7,7,9,6,7,9,8,10,3,3,3,3,3,3,3,3,3,3,3,3,3,3,14,12,15,15,3,3,15,3,3,12,15,15,15,3,3,3,15,6,3,3,3,3,3,3,3,3,3,3,3,3,3,3,3,3,3,3,3,3,3,3,3,3,3,3,3,3,4,3,3,3,3,3,3,3,3,3,3,4,3,3,3,3,3,3,3,3,1,3,3,3,2,3,3,3,3,3,3,3,3,3,3,3,3,3,3,3,3,3,3,3,3,3,3,3,3,3,3,3,15,3,3,3,3,3,3,3,3,3,3,3,3,3,3,3,6,14,6,14,15,13,0,14,14,14,15,14,15,14,15,15,15,15,14,14,6,15,15,15,6,6,14,13,15,14,9,14,14,10,15,13,13,0,13,14,3,14,6,10,14,15,12,0,3,15,14,15,15,6,13,0,13,7,9,0,6,12,15,13,6,0,15,15,6,14,14,14,14,14,6,15,14,14,15,13,13,15,6,14,11,14,14,14,15,6,13,3,11,3,3,3,3,3,3,3,3,3,3,15,3,3,3,3,3,3,3,3,3,7,13,13,13,13,13,15,13,6,15,15,13,3,13,11,3,6,1,15,15,11,11,13,15,3,3,15,2,13,13,13,3,3,13,3,3,3,3,13,13,13,3,13,3,3,3,3,13,3,15,4,3,13,13,14,1,4,13,3,15,2,1,4,5,8,6,2,0,15,9,0,0,0,3,13,3,15,5,1,0,0,3,0,0,3,13,0,0,3,8,10,0,13,0,13,10,11,15,6,12,2,5,13,5,2,15,12,0,13,0,3,13,13,6,4,12,6,10,9,0,0,2,1,0,13,15,12,3,1,3,13,3,3,3,3,3,3,6,14,3,14,14,3,3,3,4,6,6,3,15,3,2,6,3,3,13,13,3,3,3,3,3,3,3,3,0,13,2,2,12,15,3,1,13,6,13,13,6,13,4,3,3,6,13,3,0,3,2,3,3,3,3,2,3,3,3,3,3,3,2,3,2,3,3,3,15,6,13,13,13,13,13,3,13,4,10,15,11,0,3,3,2,3,2,1,3,6,3,3,3,2,3,3,3,4,1,3,3,12,3,3
EPI_ISL_812794,3,3,3,3,3,3,3,2,2,2,2,3,3,3,3,3,2,3,3,3,3,3,3,3,3,3,3,3,3,3,3,3,3,3,3,3,3,3,3,3,3,3,3,3,3,3,3,3,3,3,3,3,3,3,3,3,3,3,3,3,3,3,3,3,3,3,3,3,3,4,3,3,3,3,3,3,4,4,3,4,4,4,3,4,4,4,4,3,3,4,3,3,3,3,3,3,3,4,4,3,3,1,3,3,3,2,3,3,4,3,3,3,3,3,3,3,4,3,3,3,3,4,4,4,3,3,3,3,3,3,3,3,3,3,3,3,3,3,3,3,3,3,3,3,3,3,3,3,3,3,3,3,3,3,3,0,3,3,3,3,3,3,3,3,3,3,3,3,3,3,3,4,3,3,3,3,2,3,2,2,3,3,3,3,3,3,0,3,3,5,3,3,3,3,3,3,0,5,3,3,3,3,4,3,0,3,1,3,0,3,3,3,3,3,0,3,3,3,2,3,3,3,3,3,3,2,3,3,2,2,3,3,3,3,3,3,3,3,3,3,4,3,5,4,5,4,5,3,3,3,3,5,3,5,5,3,4,5,3,5,5,3,3,3,3,3,3,3,3,3,3,3,3,3,5,3,3,5,3,2,3,3,3,3,3,3,5,4,3,3,3,3,3,4,4,3,4,4,4,4,3,3,3,4,3,4,4,4,5,3,3,3,4,5,3,4,3,1,5,3,4,3,4,1,1,2,1,3,1,0,3,2,0,1,0,0,3,5,3,2,1,0,0,5,0,0,5,3,0,0,4,3,3,0,2,0,3,2,3,3,1,3,4,1,3,0,2,3,3,0,3,0,4,3,3,1,0,3,3,3,3,1,0,0,0,1,3,3,3,5,2,4,3,4,5,5,5,5,5,3,3,5,3,3,5,3,3,5,3,3,5,3,5,3,3,5,5,3,3,4,5,5,5,3,5,3,4,0,3,3,0,3,3,5,2,3,3,3,3,3,3,5,5,5,3,3,5,0,3,3,4,3,5,5,3,5,3,5,3,4,4,3,5,4,3,5,5,3,3,3,3,3,3,3,3,3,1,3,3,3,3,0,5,2,3,3,1,4,3,4,5,3,3,3,5,4,3,0,0,5,3,5,5
EPI_ISL_529031,3,3,3,3,3,3,3,2,2,2,2,3,3,3,3,3,2,3,3,3,3,3,3,3,3,3,3,3,3,3,3,3,3,3,3,3,3,3,3,3,3,3,3,3,3,3,3,3,3,3,3,3,3,3,3,3,3,3,3,3,3,3,3,3,3,3,3,3,3,4,3,3,3,3,3,3,4,4,3,4,4,4,3,4,4,4,4,3,3,4,3,3,3,3,3,3,3,4,4,3,3,1,3,3,3,2,3,3,4,3,3,3,3,3,3,3,4,3,3,3,3,4,4,4,3,3,3,3,3,3,3,3,3,3,3,3,3,3,3,3,3,3,3,3,3,3,3,3,3,3,3,3,3,3,3,0,3,3,3,3,3,3,3,3,3,3,3,3,3,3,3,4,3,3,3,3,2,3,2,2,3,3,3,3,3,3,0,3,3,5,3,3,3,3,3,3,0,5,3,3,3,3,4,3,0,3,1,3,0,3,3,3,3,3,0,3,3,3,2,3,3,3,3,3,3,2,3,3,2,2,3,3,3,3,3,3,3,3,3,3,4,3,5,4,5,4,5,3,3,3,3,5,3,5,5,3,4,5,3,5,5,3,3,3,3,3,3,3,3,3,3,3,3,3,5,3,3,5,3,2,3,3,3,3,3,3,5,4,3,3,3,3,3,4,4,3,4,4,4,4,3,3,3,4,3,4,4,4,5,3,3,3,4,5,3,4,3,1,5,3,4,3,4,1,1,2,1,3,1,0,3,2,0,1,0,0,3,5,3,2,1,0,0,5,0,0,5,3,0,0,4,3,3,0,2,0,3,2,3,3,1,3,4,1,3,0,2,3,3,0,3,0,4,3,3,1,0,3,3,3,3,1,0,0,0,1,3,3,3,5,2,4,3,4,5,5,5,5,5,3,3,5,3,3,5,3,3,5,3,3,5,3,5,3,3,5,5,3,3,4,5,5,5,3,5,3,4,0,3,3,0,3,3,5,2,3,3,3,3,3,3,5,5,5,3,3,5,0,3,3,4,3,6,5,3,5,3,5,3,4,4,3,5,4,3,5,5,3,3,3,3,3,3,3,3,3,1,3,3,3,3,5,0,2,3,3,1,4,3,4,5,3,3,3,5,4,3,0,0,5,3,5,5
EPI_ISL_812784,2,2,2,2,2,2,2,1,1,1,1,2,2,2,2,2,1,2,2,2,2,2,2,2,2,2,2,2,2,2,2,2,2,2,2,2,2,2,2,2,2,2,2,2,2,2,2,2,2,2,2,2,2,2,2,2,2,2,2,2,2,2,2,2,2,2,2,2,2,2,2,2,2,2,2,2,2,2,2,2,2,2,2,2,2,2,2,2,2,2,2,2,2,2,2,2,2,2,2,2,2,0,2,2,2,1,2,2,2,2,2,2,2,2,2,2,2,2,2,2,2,2,2,2,2,2,2,2,2,2,2,2,2,2,2,2,2,2,2,2,2,2,2,2,2,2,2,2,2,2,2,2,2,2,1,0,2,2,2,2,2,2,2,2,2,2,2,2,2,2,2,2,2,2,2,3,1,2,1,1,2,2,2,2,2,2,0,2,2,3,2,2,2,2,2,2,0,2,2,2,2,2,3,2,0,2,1,2,0,2,2,2,2,2,0,2,2,2,1,3,2,2,2,2,2,1,2,2,1,1,2,3,2,2,2,2,2,2,2,2,2,2,4,2,3,2,3,2,2,2,3,2,2,3,3,2,3,2,2,2,3,3,2,2,2,2,2,2,2,2,2,2,2,2,2,2,2,2,2,1,2,2,2,2,2,2,2,2,2,2,2,2,2,2,2,2,2,2,2,2,2,2,2,2,2,2,2,2,3,2,2,2,2,2,2,2,2,1,6,2,3,2,6,2,1,2,1,2,1,0,2,2,0,0,0,0,2,3,2,2,0,0,0,3,0,0,2,2,0,0,2,1,2,0,2,0,2,1,2,2,1,2,4,1,2,0,2,2,2,0,2,0,2,2,2,1,0,2,2,2,2,0,0,0,0,0,2,2,2,2,1,2,2,2,3,3,2,3,3,2,2,3,2,2,3,2,2,6,2,2,3,2,3,1,2,2,2,2,2,2,2,2,2,2,2,3,2,0,2,2,0,2,2,6,1,2,2,2,2,2,2,3,2,2,2,2,2,0,2,2,2,2,2,2,2,2,2,2,2,2,2,2,2,2,2,2,2,2,2,2,2,2,2,2,2,2,1,2,2,2,2,2,2,0,2,1,1,2,2,2,2,2,2,2,2,2,2,0,0,2,2,2,2
EPI_ISL_812791,3,3,3,3,3,3,3,2,2,2,2,3,3,3,3,3,2,3,3,3,3,3,3,3,3,3,3,3,3,3,3,3,3,3,3,3,3,3,3,3,3,3,3,3,3,3,3,3,3,3,3,3,3,3,3,3,3,3,3,3,3,3,3,3,3,3,3,3,3,3,3,3,3,3,3,3,3,3,3,3,3,3,3,3,3,3,3,3,3,3,3,3,3,3,3,3,3,3,3,3,3,1,3,3,3,2,3,3,3,3,3,3,3,3,3,3,3,3,3,3,3,3,3,3,3,3,3,3,3,3,3,3,3,3,3,3,3,3,3,3,3,3,3,3,3,3,3,3,3,3,3,3,3,3,2,0,3,3,3,3,3,3,3,3,3,3,3,3,3,3,3,3,3,3,3,3,2,3,2,2,3,3,3,3,3,3,0,3,3,3,3,3,3,3,3,3,0,3,3,3,3,3,3,3,0,3,1,3,0,3,3,3,3,3,0,3,3,3,2,3,3,3,3,3,3,2,3,3,2,2,3,3,3,3,3,3,3,3,3,3,3,3,3,3,3,3,3,3,3,3,3,3,3,3,3,3,3,3,3,3,3,3,3,3,3,3,3,3,3,3,3,3,3,3,3,3,3,3,3,1,3,3,3,3,3,3,3,3,3,2,3,3,3,3,3,3,3,3,3,3,3,3,3,3,3,3,3,3,3,3,3,3,3,3,3,3,3,1,3,3,3,3,2,1,1,2,1,3,1,0,3,2,0,0,0,0,3,3,3,2,1,0,0,3,0,0,3,3,0,0,3,2,3,0,2,0,3,2,3,3,1,3,2,1,3,0,2,3,3,0,3,0,3,3,3,1,0,3,3,3,3,0,0,0,0,0,3,3,3,3,1,3,3,3,3,3,3,3,3,3,3,3,3,3,3,3,3,3,3,3,3,3,3,2,3,3,3,3,3,3,3,3,3,3,3,3,3,0,3,2,0,3,3,3,1,3,3,3,3,3,3,3,3,3,3,3,3,0,3,2,3,3,3,3,2,3,3,3,7,3,3,2,3,2,3,3,3,3,3,3,3,3,3,3,3,3,1,3,3,3,3,3,3,2,0,2,1,3,3,3,3,3,2,3,3,3,3,0,0,3,3,3,3
EPI_ISL_812790,2,2,2,2,2,2,2,1,1,1,1,2,2,2,2,2,2,2,2,2,2,2,2,2,2,2,2,2,2,2,2,2,2,2,2,2,2,2,2,2,2,2,2,2,2,2,2,2,2,2,2,2,2,2,2,2,2,2,2,2,2,2,2,2,2,2,2,2,2,2,2,2,2,2,2,2,2,2,2,2,2,2,2,2,2,2,2,2,2,2,2,2,2,2,2,2,2,2,2,2,2,1,2,2,2,2,2,2,2,2,2,2,2,2,2,2,2,2,2,2,2,2,2,2,2,2,2,2,2,2,2,2,2,2,2,2,2,2,2,2,2,2,2,2,2,2,2,2,2,2,2,2,2,2,1,0,2,2,2,2,2,2,2,2,2,2,2,2,2,2,2,2,2,2,2,2,1,2,1,1,2,2,2,2,2,2,0,2,2,3,2,2,2,2,2,2,0,3,2,2,2,2,2,2,0,2,1,2,0,2,2,2,2,2,0,2,2,2,1,2,2,2,2,2,2,1,2,2,1,1,2,2,2,2,2,2,2,2,2,2,4,2,3,4,3,4,3,2,2,2,2,3,2,3,3,2,2,3,2,3,3,2,2,2,2,2,2,2,2,2,2,2,2,2,3,2,2,3,2,2,2,2,2,2,2,2,3,4,2,2,2,2,2,3,4,2,4,4,4,4,2,2,2,4,2,4,4,4,3,2,2,2,3,3,2,3,2,0,3,2,2,2,2,1,1,1,1,2,1,0,2,1,0,2,0,0,2,3,2,1,1,0,0,3,0,0,3,2,0,0,4,2,2,0,1,0,2,2,2,2,0,2,3,1,2,0,1,2,2,0,2,0,3,2,2,1,0,2,2,2,2,1,0,0,0,1,2,2,2,3,2,4,2,3,3,3,3,3,3,2,2,3,2,2,3,5,2,3,2,2,3,2,3,4,2,3,3,2,2,4,3,3,3,2,3,2,4,0,2,2,0,2,2,3,2,2,2,2,2,2,2,3,3,3,2,2,3,0,2,2,4,2,3,3,2,3,2,3,2,4,4,2,3,2,2,3,3,2,2,2,2,2,2,2,2,2,1,2,2,2,2,3,3,1,2,0,1,4,2,4,3,2,2,2,3,4,2,0,0,3,2,3,3
EPI_ISL_812785,1,1,1,1,1,1,1,0,0,0,0,1,1,1,1,1,1,1,1,1,1,1,1,1,1,1,1,1,1,1,1,1,1,1,1,1,1,1,1,1,1,1,1,1,1,1,1,1,1,1,1,1,1,1,1,1,1,1,1,1,1,1,1,1,1,1,1,1,1,1,1,1,1,1,1,1,1,1,1,1,1,1,1,1,1,1,1,1,1,1,1,1,1,1,1,1,1,1,1,1,1,0,1,1,1,1,1,1,1,1,1,1,1,1,1,1,1,1,1,1,1,1,1,1,1,1,1,1,1,1,1,1,1,1,1,1,1,1,1,1,1,1,1,1,1,1,1,1,1,1,1,1,1,1,0,0,1,1,1,1,1,1,1,1,1,1,1,1,1,1,1,1,1,1,1,1,0,1,0,0,1,1,1,1,1,1,0,1,1,1,1,1,1,1,1,1,0,1,1,1,1,1,1,1,0,1,1,1,0,1,1,1,1,1,0,1,1,1,0,1,1,1,1,1,1,0,1,1,0,0,1,1,1,1,1,1,1,1,1,1,1,1,1,1,1,1,1,1,1,1,1,1,1,1,1,1,1,1,1,1,1,1,1,1,1,1,1,1,1,1,1,1,1,1,1,1,1,1,1,1,1,1,1,1,1,1,1,1,1,1,1,1,1,1,1,1,1,1,1,1,1,1,1,1,1,1,1,1,1,1,1,1,1,1,1,1,1,0,1,1,1,1,1,1,1,1,1,1,1,0,1,1,0,0,0,0,1,1,1,1,0,0,0,1,0,0,1,1,0,0,1,1,1,0,1,0,1,1,1,1,0,1,1,1,1,0,1,1,1,0,1,0,1,1,1,1,0,1,1,1,1,0,0,0,0,0,1,1,1,1,0,1,1,1,1,1,1,1,1,1,1,1,1,1,1,1,1,1,1,1,1,1,1,1,1,1,1,1,1,1,1,1,1,1,1,1,1,0,1,1,0,1,1,1,1,1,1,1,1,1,1,1,1,1,1,1,1,0,1,1,1,1,1,1,1,1,1,1,1,1,1,1,1,1,1,1,1,1,1,1,1,1,1,1,1,1,1,1,1,1,1,1,1,1,1,1,0,1,1,1,1,1,1,1,1,1,1,0,0,1,1,1,1
EPI_ISL_482774,3,3,3,3,3,3,3,2,2,2,2,3,3,3,3,3,2,3,3,3,3,3,3,3,3,3,3,3,3,3,3,3,3,3,3,3,3,3,3,3,3,3,3,3,3,3,3,3,3,3,3,3,3,3,3,3,3,3,3,3,3,3,3,3,3,3,3,3,3,3,3,3,3,3,3,3,3,3,3,3,3,3,3,3,3,3,3,3,3,3,3,3,3,3,3,3,3,3,3,3,3,1,3,3,3,2,3,3,3,3,3,3,3,3,3,3,3,3,3,3,3,3,3,3,3,3,3,3,3,3,3,3,3,3,3,3,3,3,3,3,3,3,3,3,3,3,3,3,3,3,3,3,3,3,2,0,3,3,3,3,3,3,3,3,3,3,3,3,3,3,3,3,3,3,3,3,2,3,2,2,3,3,3,3,3,3,0,3,3,4,3,3,3,3,3,3,0,4,3,3,3,3,3,3,0,3,1,3,0,3,3,3,3,3,0,3,3,3,2,3,3,3,3,3,3,2,3,3,2,2,3,3,3,3,3,3,3,3,3,3,5,3,4,5,4,5,4,3,3,3,3,4,3,4,4,3,3,4,3,4,4,3,3,3,3,3,3,3,3,3,3,3,3,3,4,3,3,4,3,2,3,3,3,3,3,3,4,5,3,3,3,3,3,4,5,3,5,5,5,5,3,3,3,5,3,5,5,5,4,3,3,3,4,4,3,4,3,1,4,3,3,3,3,1,1,2,1,3,1,0,3,2,0,2,0,0,3,4,3,2,1,0,0,4,0,0,4,3,0,0,5,2,3,0,2,0,3,2,3,3,1,3,3,1,3,0,2,3,3,0,3,0,4,3,3,1,0,3,3,3,3,1,0,0,0,1,3,3,3,4,3,5,3,4,4,4,4,4,4,3,3,4,3,3,4,4,3,4,3,3,4,3,4,4,3,4,4,3,3,5,4,4,4,3,4,3,5,0,3,2,0,3,3,4,2,3,3,3,3,3,3,4,4,4,3,3,4,0,3,3,5,3,4,4,3,4,3,4,3,5,5,3,4,3,3,4,4,3,3,3,3,3,3,3,3,3,1,3,3,3,3,4,4,2,3,4,1,0,3,5,4,3,3,3,4,5,3,0,0,4,3,4,4
EPI_ISL_482773,6,6,6,6,6,6,6,5,5,5,5,6,6,6,6,6,5,6,6,6,6,3,3,3,3,3,3,3,3,3,3,3,3,3,3,6,6,6,6,3,3,6,3,3,6,6,6,6,3,3,3,6,6,3,3,3,3,3,3,3,3,3,3,3,3,4,3,3,3,3,3,3,4,3,3,3,3,3,3,3,3,3,3,3,3,3,3,3,3,3,3,3,3,3,3,3,3,3,3,3,3,1,3,3,3,2,3,3,3,3,3,3,3,3,3,3,3,3,3,3,3,3,3,3,3,3,3,3,3,3,3,3,3,6,3,3,3,3,3,3,3,3,3,3,3,3,3,3,3,6,7,7,6,6,5,0,6,6,6,6,7,6,6,6,6,6,6,6,6,6,6,6,6,7,6,6,5,6,5,5,6,6,6,6,6,6,0,6,6,3,6,6,6,6,6,6,0,3,6,6,6,6,6,6,0,6,1,6,0,6,6,6,6,6,0,6,6,6,5,6,6,6,6,6,6,5,6,6,5,5,6,6,6,6,6,6,6,6,6,6,3,6,3,3,3,3,3,3,3,3,3,3,6,3,3,3,3,3,3,3,3,3,6,6,6,6,6,6,6,6,6,7,6,6,3,6,6,3,6,1,7,6,6,6,6,6,3,3,6,2,6,6,6,3,3,6,3,3,3,3,6,6,6,3,6,3,3,3,3,6,3,6,3,3,6,6,6,3,3,6,3,6,2,1,1,2,4,6,1,0,6,5,0,0,0,0,6,3,6,2,1,0,0,3,0,0,3,6,0,0,3,5,6,0,5,0,6,5,6,6,4,6,2,1,6,3,2,6,6,0,6,0,3,6,6,4,0,6,8,6,3,0,0,0,0,0,6,6,6,3,1,3,6,3,3,3,3,3,3,6,6,3,6,6,3,3,3,3,8,8,3,6,3,2,8,3,3,7,6,3,3,3,3,3,3,3,3,1,6,2,0,6,6,3,1,6,6,6,6,6,6,3,3,3,6,6,3,0,3,2,3,3,3,3,2,3,3,3,3,3,3,2,3,2,3,3,3,6,6,6,6,6,6,6,4,6,5,6,6,6,6,3,3,2,3,2,1,3,0,3,3,3,2,3,3,3,3,0,3,3,6,3,3
EPI_ISL_812789,3,3,3,3,3,3,3,2,2,2,2,3,3,3,3,3,2,3,3,3,3,3,3,3,3,3,3,3,3,3,3,3,3,3,3,3,3,3,3,3,3,3,3,3,3,3,3,3,3,3,3,3,3,3,3,3,3,3,3,3,3,3,3,3,3,3,3,3,3,3,3,3,3,3,3,3,3,3,3,3,3,3,3,3,3,3,3,3,3,3,3,3,3,3,3,3,3,3,3,3,3,1,3,3,3,2,3,3,3,3,3,3,3,3,3,3,3,3,3,3,3,3,3,3,3,3,3,3,3,3,3,3,3,3,3,3,3,3,3,3,3,3,3,3,3,3,3,3,3,3,3,3,3,3,2,0,3,3,3,3,3,3,3,3,3,3,3,3,3,3,3,3,3,3,3,3,2,3,2,2,3,3,3,3,3,3,0,3,3,4,3,3,3,3,3,3,0,4,3,3,3,3,3,3,0,3,1,3,0,4,3,3,3,3,0,3,3,3,2,3,3,3,3,3,3,2,3,3,2,2,3,3,3,3,3,3,3,3,3,3,5,3,4,5,4,5,4,3,3,3,3,4,3,4,4,3,3,4,3,4,4,3,3,3,3,3,3,3,3,3,3,3,3,3,4,3,3,4,3,2,3,3,3,3,3,3,4,5,3,3,3,3,3,4,5,4,5,5,5,5,3,3,3,5,3,5,5,5,4,3,3,3,4,4,3,4,3,1,4,3,3,3,3,1,1,2,1,3,1,0,3,2,0,2,0,0,3,4,3,2,1,0,0,4,0,0,4,3,0,0,5,2,3,0,2,0,3,2,3,3,1,3,3,1,3,0,2,3,3,0,3,0,4,3,3,1,0,3,3,3,3,1,0,0,0,1,3,3,3,4,3,5,3,4,4,4,4,4,4,3,3,4,3,3,4,4,3,4,3,3,4,3,4,4,3,4,4,3,3,5,4,4,4,3,4,3,5,0,3,2,0,3,3,4,2,3,3,3,3,3,3,4,4,4,3,3,4,0,3,3,5,3,4,4,3,4,3,4,3,5,5,3,4,3,3,4,4,3,3,3,3,3,3,3,3,3,1,3,3,3,3,4,4,2,3,4,1,5,3,0,4,3,3,3,4,5,3,0,0,4,3,4,4
EPI_ISL_1165083,3,3,3,3,3,3,3,2,2,2,2,3,3,3,3,3,2,3,3,3,3,3,3,3,3,3,3,3,3,3,3,3,3,3,3,3,3,3,3,3,3,3,3,3,3,3,3,3,3,3,3,3,3,3,3,3,3,3,3,3,3,3,3,3,3,3,3,3,3,4,3,3,3,3,3,3,4,4,3,4,4,4,3,4,4,4,4,3,3,4,3,3,3,3,3,3,3,4,4,3,3,1,3,3,3,2,3,3,4,3,3,3,3,3,3,3,4,3,3,3,3,4,4,4,3,3,3,3,3,3,3,3,3,3,3,3,3,3,3,3,3,3,3,3,3,3,3,3,3,3,3,3,3,3,3,0,3,3,3,3,3,3,3,3,3,3,3,3,3,3,3,4,3,3,3,3,2,3,2,2,3,3,3,3,3,3,0,3,3,5,3,3,3,3,3,3,0,5,3,3,3,3,4,3,0,3,1,3,0,3,3,3,3,3,0,3,3,3,2,3,3,3,3,3,3,2,3,3,2,2,3,3,3,3,3,3,3,3,3,3,4,3,5,4,5,4,5,3,3,3,3,5,3,5,5,3,4,5,3,5,5,3,3,4,3,3,3,3,3,3,3,3,3,3,5,3,3,5,3,2,3,3,3,3,3,3,5,4,3,3,3,3,3,4,4,3,4,4,4,4,3,3,3,4,3,4,4,4,5,3,3,3,4,5,3,4,3,1,5,3,4,3,4,1,1,2,1,3,1,0,3,2,0,1,0,0,3,5,3,2,1,0,0,5,0,0,5,3,0,0,4,3,3,0,2,0,3,2,3,3,1,3,4,1,3,0,2,3,3,0,3,0,10,3,3,1,0,3,3,3,3,1,0,0,0,1,3,3,3,5,2,4,3,4,5,5,5,5,5,3,3,5,3,3,5,3,3,5,3,3,5,3,5,3,3,5,5,3,3,4,5,5,5,3,5,3,4,0,3,3,0,3,3,5,2,3,3,3,3,3,3,5,5,5,3,3,5,0,3,3,4,3,5,5,3,5,3,5,3,4,4,3,5,4,3,5,5,3,3,3,3,3,3,3,3,3,1,3,3,3,3,5,5,2,3,3,1,4,3,4,0,3,3,3,5,10,3,0,0,5,3,5,5
EPI_ISL_482764,3,3,3,3,3,3,3,2,2,2,2,3,3,3,3,3,2,3,3,3,3,3,3,3,3,3,3,3,3,3,3,3,3,3,3,3,3,3,3,3,3,3,3,3,3,3,3,3,3,3,3,3,3,3,3,3,3,3,3,3,3,3,3,3,3,3,3,3,3,3,3,3,3,3,3,3,3,3,3,3,3,3,3,3,3,3,3,3,3,3,3,3,3,3,3,3,3,3,3,3,3,1,3,3,3,2,3,3,3,3,3,3,3,3,3,3,3,3,3,3,3,3,3,3,3,3,3,3,3,3,3,3,3,3,3,3,3,3,3,3,3,3,3,3,3,3,3,3,3,3,3,3,3,3,2,0,3,3,3,3,3,3,3,3,3,3,3,3,3,3,3,3,3,3,3,3,2,3,2,2,3,3,3,3,3,3,0,3,3,3,3,3,3,3,3,3,0,3,3,3,3,3,3,3,0,3,1,3,0,3,3,3,3,3,0,3,3,3,2,3,3,3,3,3,3,2,3,3,2,2,3,3,3,3,3,3,3,3,3,3,3,3,3,3,3,3,3,3,3,3,3,3,3,3,3,3,3,3,3,3,3,3,3,3,3,3,3,3,3,3,3,3,3,3,3,3,3,3,3,1,3,3,3,3,3,3,3,3,3,2,3,3,3,3,3,3,3,3,3,3,3,3,3,3,3,3,3,3,3,3,4,3,3,3,3,3,3,1,3,3,3,3,2,1,1,2,1,3,1,0,3,2,0,0,0,0,3,3,3,2,1,0,0,3,0,0,3,3,0,0,3,2,3,0,2,0,3,2,3,3,1,3,2,1,3,0,2,3,3,0,3,0,3,3,3,1,0,3,3,3,3,0,0,0,0,0,3,3,3,3,1,3,3,3,3,3,3,3,3,3,3,3,3,3,3,3,4,3,3,3,3,3,3,2,3,3,3,3,3,3,3,3,3,3,3,3,3,0,3,2,0,3,3,3,1,3,3,3,3,3,3,3,3,3,3,3,3,0,3,2,3,3,3,3,2,3,3,3,3,3,3,2,3,2,3,3,3,3,3,3,3,3,3,3,3,3,1,3,3,3,3,3,3,2,3,2,1,3,3,3,3,0,2,3,3,3,4,0,0,3,3,3,3
EPI_ISL_469275,2,2,2,2,2,2,2,1,1,1,1,2,2,2,2,2,1,2,2,2,2,2,2,2,2,2,2,2,2,2,2,2,2,2,2,2,2,2,2,2,2,2,2,2,2,2,2,2,2,2,2,2,2,2,2,2,2,2,2,2,2,2,2,2,2,2,2,2,2,2,2,2,2,2,2,2,2,2,2,2,2,2,2,2,2,2,2,2,2,2,2,2,2,2,2,2,2,2,2,2,2,0,2,2,2,1,2,2,2,2,2,2,2,2,2,2,2,2,2,2,2,2,2,2,2,2,2,2,2,2,2,2,2,2,2,2,2,2,2,2,2,2,2,2,2,2,2,2,2,2,2,2,2,2,1,0,2,2,2,2,2,2,2,2,2,2,2,2,2,2,2,2,2,2,2,2,1,2,1,1,2,2,2,2,2,2,0,2,2,3,2,2,2,2,2,2,0,3,2,2,2,2,2,2,0,2,1,2,0,2,2,2,2,2,0,2,2,2,1,2,2,2,2,2,2,1,2,2,1,1,2,2,2,2,2,2,2,2,2,2,3,2,3,3,3,3,3,2,2,2,2,3,2,3,3,2,2,3,2,3,3,2,2,2,2,2,2,2,2,2,2,2,2,2,3,2,2,3,2,2,2,2,2,2,2,2,3,3,2,3,2,2,2,3,3,2,3,3,3,3,2,2,2,3,2,3,3,3,3,2,2,2,3,3,2,3,2,1,3,2,2,2,3,1,1,2,1,2,1,0,2,2,0,1,0,0,2,3,2,2,0,0,0,3,0,0,3,2,0,0,3,1,2,0,2,0,2,1,2,2,1,2,2,1,2,0,2,2,2,0,2,0,3,2,2,1,0,2,2,2,2,1,0,0,0,1,2,2,2,3,2,3,2,3,3,3,3,3,3,2,2,3,2,2,3,2,2,3,2,2,3,2,3,2,2,3,3,2,2,3,3,3,3,2,3,2,3,0,2,1,0,2,2,3,2,2,2,2,2,2,2,3,3,3,2,2,3,0,2,8,3,7,3,3,3,3,2,3,2,3,3,8,3,3,2,3,3,2,2,2,2,2,2,2,2,2,1,2,2,2,2,3,3,2,2,2,1,3,2,3,3,2,0,2,3,3,2,0,0,3,2,3,3
EPI_ISL_468060,3,3,3,3,3,3,3,2,2,2,2,3,3,3,3,3,2,3,3,3,3,3,3,3,3,3,3,3,3,3,3,3,3,3,3,3,3,3,3,3,3,3,3,3,3,3,3,3,3,3,3,3,3,3,3,3,3,3,3,3,3,3,3,3,3,3,3,3,3,3,3,3,3,3,3,3,3,3,3,3,3,3,3,3,3,3,3,3,3,3,3,3,3,3,3,3,3,3,3,3,3,1,3,3,3,2,3,3,3,3,3,3,3,3,3,3,3,3,3,3,3,3,3,3,3,3,3,3,3,3,3,3,3,3,3,3,3,3,3,3,3,3,3,3,3,3,3,3,3,3,3,3,3,3,2,0,3,3,3,3,3,3,3,3,3,3,3,3,3,3,3,3,3,3,3,3,2,3,2,2,3,3,3,3,3,3,0,3,3,3,3,3,3,3,3,3,0,3,3,3,3,3,3,3,0,3,1,3,0,3,3,3,3,3,0,3,3,3,2,3,3,3,3,3,3,2,3,3,2,2,3,3,3,3,3,3,3,3,3,3,3,3,3,3,3,3,3,5,5,5,3,3,3,3,3,5,4,3,3,3,3,3,3,3,3,3,3,3,3,3,3,3,3,3,3,3,3,3,3,1,3,3,3,3,3,3,3,3,3,2,3,3,3,3,3,3,3,3,3,3,3,3,3,3,3,3,3,3,3,3,3,3,3,3,3,3,3,1,3,3,3,3,2,1,1,2,1,3,1,0,3,2,0,0,0,0,3,3,3,2,1,0,0,3,0,0,3,3,0,0,3,2,3,0,2,0,3,2,3,3,1,3,2,1,3,0,2,3,3,0,3,0,3,3,3,1,0,3,3,3,3,0,0,0,0,0,3,3,3,3,1,3,3,3,3,3,3,3,3,3,3,3,3,3,3,3,3,3,3,3,3,3,3,2,3,3,3,3,3,3,3,3,3,3,3,3,3,0,3,2,0,3,3,3,1,3,3,3,3,3,3,3,3,3,3,3,3,0,3,3,4,4,3,3,3,3,8,3,3,3,3,2,3,2,4,3,3,3,3,3,3,3,3,3,3,3,1,3,3,3,3,3,3,2,3,2,1,3,3,3,3,3,2,0,3,3,3,0,0,3,3,3,3
EPI_ISL_1273103,3,3,3,3,3,3,3,2,2,2,2,4,3,3,3,3,2,3,3,3,3,3,3,3,3,3,3,3,3,3,3,3,3,3,3,3,3,3,3,3,3,3,3,3,3,3,3,3,3,3,3,3,3,3,3,3,3,3,3,3,3,3,3,3,3,3,3,3,3,4,3,3,3,3,3,3,4,4,3,4,4,4,3,4,4,4,4,3,3,4,3,3,3,3,3,3,3,4,4,3,3,1,3,3,3,2,3,3,4,3,3,3,3,3,4,3,4,3,4,3,3,4,4,4,3,3,3,3,3,3,3,3,3,3,3,3,3,3,3,3,3,3,3,3,3,3,3,3,3,3,3,3,3,3,3,0,3,3,3,3,3,3,3,3,3,3,3,3,3,3,3,4,3,3,3,3,2,3,2,2,3,3,3,3,3,3,0,3,3,5,3,3,3,3,3,3,0,5,3,3,3,3,4,3,0,3,1,3,0,3,3,3,3,3,0,3,3,3,2,3,3,3,3,3,3,2,3,3,2,2,3,3,3,3,3,3,3,3,3,3,4,3,5,4,5,4,5,3,3,3,3,5,3,5,5,3,4,5,3,5,5,3,3,3,3,3,3,3,3,3,3,3,3,3,5,3,3,5,3,2,3,3,3,3,3,3,5,4,3,3,3,3,3,4,4,4,4,4,4,4,3,3,3,4,4,4,4,4,5,4,3,3,4,5,4,4,3,1,5,3,4,3,4,1,1,2,1,3,1,0,3,2,0,1,0,0,3,5,3,2,1,0,0,5,0,0,5,3,0,0,4,3,3,0,2,0,3,2,3,3,1,3,4,1,3,0,2,3,3,0,3,0,4,3,3,1,0,3,3,3,3,1,0,0,0,1,3,3,3,5,2,4,3,4,5,5,5,5,5,3,3,5,3,3,5,3,3,5,3,3,5,3,5,3,3,5,5,3,4,4,5,5,5,3,5,3,4,0,3,3,0,3,3,5,2,3,3,3,3,3,3,5,5,5,3,3,5,0,3,3,4,3,5,5,3,5,3,5,3,4,4,3,5,4,3,5,5,3,3,3,3,3,3,3,3,3,1,3,3,3,3,5,5,2,3,3,1,4,3,4,5,3,3,3,0,4,3,0,0,6,3,5,5
EPI_ISL_1165082,3,3,3,3,3,3,3,2,2,2,2,3,3,3,3,3,2,3,3,3,3,3,3,3,3,3,3,3,3,3,3,3,3,3,3,3,3,3,3,3,3,3,3,3,3,3,3,3,3,3,3,3,3,3,3,3,3,3,3,3,3,3,3,3,3,3,3,3,3,3,3,3,3,3,3,3,3,3,3,3,3,3,3,3,3,3,3,3,3,3,3,3,3,3,3,3,3,3,3,3,3,1,3,3,3,2,3,3,3,3,3,3,3,3,3,3,3,3,3,3,3,3,3,3,3,3,3,3,3,3,3,3,3,3,3,3,3,3,3,3,3,3,3,3,3,3,3,3,3,3,3,3,3,3,2,0,3,3,3,3,3,3,3,3,3,3,3,3,3,3,3,3,3,3,3,3,2,3,2,2,3,3,3,3,3,3,0,3,3,4,3,3,4,3,3,3,0,4,3,3,3,3,3,3,0,3,1,3,0,3,3,3,3,3,0,3,3,3,2,3,3,3,3,3,3,2,3,3,2,2,3,3,3,3,3,3,3,3,3,3,5,3,5,5,4,5,4,3,3,3,3,4,3,4,4,3,3,4,3,4,4,3,4,3,3,3,3,3,3,3,3,3,3,3,4,3,3,4,3,2,3,3,3,3,3,3,4,5,3,3,28,3,19,4,5,3,5,5,5,5,3,3,3,5,3,5,5,5,4,3,3,3,4,4,3,4,3,1,4,3,3,4,3,1,1,2,1,4,1,0,3,2,0,2,0,0,3,5,3,2,1,0,0,5,0,0,4,3,0,0,5,2,3,0,2,0,3,2,3,4,1,3,3,1,3,0,2,3,3,0,3,0,41,3,3,1,0,3,3,4,3,1,0,0,0,1,3,3,3,5,3,5,3,4,4,4,4,4,4,3,3,4,3,3,4,4,3,4,3,3,4,3,4,4,3,4,4,3,3,5,4,5,4,3,5,3,5,0,3,2,0,3,3,4,2,3,3,3,3,3,3,4,4,4,3,3,4,0,3,3,5,3,4,4,3,4,3,4,3,5,5,3,4,3,3,4,4,3,3,3,3,3,3,3,3,3,1,3,3,3,3,4,4,2,3,4,1,5,3,5,10,3,3,3,4,0,3,0,0,4,3,4,4
EPI_ISL_482759,3,3,3,3,3,3,3,2,2,2,2,3,3,3,3,3,2,3,3,3,3,3,3,3,3,3,3,3,3,3,3,3,3,3,3,4,4,4,4,3,3,4,3,3,4,4,4,4,3,3,3,4,3,3,3,3,3,3,3,3,3,3,3,3,3,3,3,3,3,3,3,3,3,3,3,3,3,3,3,3,3,3,3,3,3,3,3,3,3,3,3,3,3,3,3,3,3,3,3,3,3,1,3,3,3,2,3,3,3,3,3,3,3,3,3,3,3,3,3,3,3,3,3,3,3,3,3,3,3,3,3,3,3,4,3,3,3,3,3,3,3,3,3,3,3,3,3,3,3,3,4,3,4,4,3,0,4,4,4,4,4,4,4,4,4,4,4,4,4,3,4,4,4,3,3,4,3,4,3,2,4,4,3,4,4,4,0,4,4,3,4,3,3,4,4,4,0,3,4,4,4,4,3,4,0,4,1,3,0,3,3,4,4,3,0,4,4,3,3,4,4,4,4,3,4,3,4,4,3,3,4,3,4,3,4,4,4,4,3,3,3,3,3,3,3,3,3,3,3,3,3,3,4,3,3,3,3,3,3,3,3,3,3,3,3,3,3,3,4,3,3,4,4,3,3,3,3,3,3,1,4,4,3,3,3,4,3,3,4,2,3,3,3,3,3,3,3,3,3,3,3,3,3,3,3,3,3,3,3,3,4,4,3,3,3,3,4,1,3,3,3,4,2,1,1,2,1,3,1,0,4,2,0,0,0,1,3,3,4,2,1,0,0,3,0,0,3,3,0,0,3,2,3,0,3,0,3,2,3,4,1,3,2,1,3,0,2,4,3,0,3,0,3,3,3,1,0,3,3,3,3,0,0,1,0,0,3,4,3,3,1,3,3,3,3,3,3,3,3,3,4,3,4,4,3,3,4,3,3,3,3,4,3,2,3,3,3,3,3,3,3,3,3,3,3,3,3,0,3,2,0,3,4,3,1,3,3,3,3,3,3,3,3,3,3,3,3,0,3,2,3,3,3,3,2,3,3,3,3,3,3,2,3,2,3,3,3,4,3,3,3,3,3,3,3,3,1,3,4,3,4,3,3,2,3,2,1,3,3,3,3,4,2,3,3,3,0,0,0,3,3,3,3
EPI_ISL_483035,0,0,0,0,0,0,0,0,0,0,0,0,0,0,0,0,0,0,0,0,0,0,0,0,0,0,0,0,0,0,0,0,0,0,0,1,0,1,1,0,0,1,0,0,0,1,1,1,0,0,0,1,0,0,0,0,0,0,0,0,0,0,0,0,0,0,0,0,0,0,0,0,0,0,0,0,0,0,0,0,0,0,0,0,0,0,0,0,0,0,0,0,0,0,0,0,0,0,0,0,0,0,0,0,0,0,0,0,0,0,0,0,0,0,0,0,0,0,0,0,0,0,0,0,0,0,0,0,0,0,0,0,0,1,0,0,0,0,0,0,0,0,0,0,0,0,0,0,0,0,1,0,1,1,1,0,1,1,1,1,1,1,1,1,1,1,1,1,1,0,1,1,1,0,0,1,1,1,1,1,1,1,1,1,0,0,4,1,1,0,1,0,1,1,1,0,0,0,1,1,1,1,0,0,4,0,1,2,4,0,1,1,1,0,4,1,1,0,1,1,1,1,1,0,1,1,1,1,1,1,1,0,1,1,1,1,1,1,0,1,0,1,0,0,0,0,0,0,0,0,0,0,1,0,0,0,0,0,0,0,0,0,0,1,1,1,1,1,1,1,0,1,1,1,0,1,1,0,0,2,1,1,1,1,1,1,0,0,1,0,1,1,1,0,0,1,0,0,0,0,1,1,1,0,1,0,0,0,0,1,0,1,0,0,1,1,1,0,0,1,0,1,0,0,1,0,0,0,1,0,1,1,0,0,4,1,1,0,1,0,0,0,0,0,0,4,0,1,0,0,0,0,1,0,1,0,1,0,1,1,1,1,0,0,1,0,0,1,1,0,1,0,0,1,1,1,0,1,0,1,1,0,2,0,0,0,1,1,1,0,0,0,1,0,0,0,0,0,0,0,1,0,1,1,0,0,0,0,0,0,0,1,0,0,0,0,0,1,1,0,0,0,0,0,0,0,0,0,1,0,1,1,1,0,0,1,0,1,1,0,1,0,0,0,0,1,0,4,0,0,0,0,0,0,0,0,0,0,0,0,0,0,0,0,0,0,0,1,0,1,1,1,1,1,0,1,0,1,1,1,1,0,0,0,0,0,0,0,0,0,0,0,0,0,0,0,0,0,0,0,1,0,0
EPI_ISL_812793,3,3,3,3,3,3,3,3,3,3,3,3,3,3,3,3,3,3,3,3,3,0,0,0,0,0,0,0,0,0,0,0,0,0,0,3,3,3,3,0,0,3,0,0,3,3,3,3,0,0,0,3,3,0,0,0,0,0,0,0,0,0,0,0,0,0,0,0,0,0,0,0,0,0,0,0,0,0,0,0,0,0,0,0,0,0,0,0,0,0,0,0,0,0,0,0,0,0,0,0,0,0,0,0,0,0,0,0,0,0,0,0,0,0,0,0,0,0,0,0,0,0,0,0,0,0,0,0,0,0,0,0,0,3,0,0,0,0,0,0,0,0,0,0,0,0,0,0,0,3,3,3,3,3,3,0,3,3,3,3,3,3,3,3,3,3,3,3,3,3,3,3,3,3,3,3,3,3,3,3,3,3,3,3,3,3,0,3,3,0,3,3,3,3,3,3,0,0,3,3,3,3,3,3,0,3,0,3,0,3,3,3,3,3,0,3,3,3,3,3,3,3,3,3,3,3,3,3,3,3,3,3,3,3,3,3,3,3,3,3,0,3,0,0,0,0,0,0,0,0,0,0,3,0,0,0,0,0,0,0,0,0,3,3,3,3,3,3,3,3,3,3,3,3,0,3,3,0,3,0,3,3,3,3,3,3,0,0,3,0,3,3,3,0,0,3,0,0,0,0,3,3,3,0,3,0,0,0,0,3,0,3,0,0,3,3,3,0,0,3,0,3,0,0,0,0,3,3,0,0,3,3,0,0,0,0,3,0,3,0,0,0,0,0,0,0,0,3,0,0,0,3,3,0,3,0,3,3,3,3,3,3,0,0,3,3,0,3,3,0,3,0,0,3,3,3,0,3,3,3,0,0,0,0,0,0,3,3,3,0,0,0,3,0,0,0,0,0,0,3,3,0,3,3,0,0,0,0,3,3,0,3,0,0,3,0,0,3,3,0,0,0,0,0,0,0,0,0,3,0,0,3,3,0,0,3,3,3,3,3,3,0,0,0,3,3,0,0,0,0,0,0,0,0,0,0,0,0,0,0,0,0,0,0,0,0,0,3,3,3,3,3,3,3,0,3,3,3,3,3,3,0,0,0,0,0,0,0,3,0,0,0,0,0,0,0,0,0,0,0,3,0,0
EPI_ISL_1315065,3,3,3,3,3,3,3,2,2,2,2,4,3,3,3,3,2,3,3,3,3,3,3,3,3,3,3,3,3,3,3,3,3,3,3,3,3,3,3,3,3,3,3,3,3,3,3,3,3,3,3,3,3,3,3,3,3,3,3,3,3,3,3,3,3,3,3,3,3,4,3,3,3,3,3,3,4,4,3,4,4,4,3,4,4,4,4,3,3,4,3,3,3,3,3,3,3,4,4,3,3,1,3,3,3,2,3,3,4,3,3,3,3,3,4,3,4,3,4,3,3,4,4,4,3,3,3,3,3,3,3,3,3,3,3,3,3,3,3,3,3,3,3,3,3,3,3,3,3,3,3,3,3,3,3,0,3,3,3,3,3,3,3,3,3,3,3,3,3,3,3,4,3,3,3,3,2,3,2,2,3,3,3,3,3,3,0,3,3,5,3,3,3,3,3,3,0,5,3,3,3,3,4,3,0,3,1,3,0,3,3,3,3,3,0,3,3,3,2,3,3,3,3,3,3,2,3,3,2,2,3,3,3,3,3,3,3,3,3,3,4,3,5,4,5,4,5,3,3,3,3,5,3,5,5,3,4,5,3,5,5,3,3,3,3,3,3,3,3,3,3,3,3,3,5,3,3,5,3,2,3,3,3,3,3,3,5,4,3,3,3,3,3,4,4,3,4,4,4,4,3,3,3,4,4,4,4,4,5,4,3,3,4,5,4,4,3,1,5,3,4,3,4,1,1,2,1,3,1,0,3,2,0,1,0,0,3,5,3,2,1,0,0,5,0,0,5,3,0,0,4,3,3,0,2,0,3,2,3,3,1,3,4,1,3,0,2,3,3,0,3,0,4,3,3,1,0,3,3,3,3,1,0,0,0,1,3,3,3,5,2,4,3,4,5,5,5,5,5,3,3,5,3,3,5,3,3,5,3,3,5,3,5,3,3,5,5,3,3,4,5,5,5,3,5,3,4,0,3,3,0,3,3,5,2,3,3,3,3,3,3,5,5,5,3,3,5,0,3,3,4,3,5,5,3,5,3,5,3,4,4,3,5,4,3,5,5,3,3,3,3,3,3,3,3,3,1,3,3,3,3,5,5,2,3,3,1,4,3,4,5,3,3,3,6,4,3,0,0,0,3,5,5
EPI_ISL_2232407,6,6,6,6,6,6,6,5,5,5,5,6,6,7,7,8,6,7,8,8,9,3,3,3,3,3,3,3,3,3,3,3,3,3,3,11,10,12,12,3,3,12,3,3,10,12,12,12,3,3,3,12,6,3,3,3,3,3,3,3,3,3,3,3,3,3,3,3,3,3,3,3,3,3,3,3,3,3,3,3,3,4,3,3,3,3,3,3,3,3,3,3,4,3,3,3,3,3,3,3,3,1,3,3,3,2,3,3,3,3,3,3,3,3,3,3,3,3,3,3,3,3,3,3,3,3,3,3,3,3,3,3,3,12,3,3,3,3,3,3,3,3,3,3,3,3,3,3,3,6,11,6,11,12,10,0,11,11,11,12,11,12,11,12,12,12,12,11,11,6,12,12,12,6,6,11,10,12,11,9,11,11,10,12,10,10,0,11,11,3,11,6,10,11,12,10,0,3,12,11,12,12,6,10,0,10,5,8,0,6,11,12,11,6,0,12,12,6,11,11,11,11,11,6,12,11,11,12,10,10,12,6,11,11,11,11,11,12,6,12,3,11,3,3,3,3,3,3,3,3,3,3,12,3,3,3,3,3,3,3,3,3,6,12,12,12,12,12,12,12,6,12,12,12,3,12,11,3,6,1,12,12,11,11,12,12,3,3,12,2,12,12,12,3,3,12,3,3,3,3,12,12,12,3,12,3,3,3,3,12,3,12,4,3,12,12,12,1,3,12,3,12,2,1,3,4,7,6,2,0,12,9,0,0,0,2,12,3,12,4,1,0,0,3,0,0,3,12,0,0,3,7,10,0,10,0,12,9,11,12,6,14,2,4,12,5,2,12,15,0,12,0,3,12,12,6,3,15,6,10,8,0,0,1,1,0,12,12,15,3,1,3,12,3,3,3,3,3,3,6,12,3,12,12,3,3,3,3,6,6,3,12,3,2,6,3,3,12,12,3,3,3,3,3,3,3,3,0,12,2,2,11,12,3,1,12,6,12,12,6,12,3,3,3,6,12,3,0,3,2,3,3,3,3,2,3,3,3,3,3,3,2,3,2,3,3,3,12,6,12,13,12,12,12,3,12,4,10,12,11,12,3,3,2,3,2,1,3,6,3,3,3,2,3,3,3,3,1,3,3,0,3,3
EPI_ISL_794604,3,3,3,3,3,3,3,2,2,2,2,3,3,3,3,3,2,3,3,3,3,3,3,3,3,3,3,3,3,3,3,3,3,3,3,3,3,3,3,3,3,3,3,3,3,3,3,3,3,3,3,3,3,3,3,3,3,3,3,3,3,3,3,3,3,3,3,3,3,4,3,3,3,3,3,3,4,4,3,4,4,4,3,4,4,4,4,3,3,4,3,3,3,3,3,3,3,4,4,3,3,1,3,3,3,2,3,3,4,3,3,3,3,3,3,3,4,3,3,3,3,4,4,4,3,3,3,3,3,3,3,3,3,3,3,3,3,3,3,3,3,3,3,3,3,3,3,3,3,3,3,3,3,3,3,0,3,3,3,3,3,3,3,3,3,3,3,3,3,3,3,4,3,3,3,3,2,3,2,2,3,3,3,3,3,3,0,3,3,5,3,3,3,3,3,3,0,5,3,3,3,3,4,3,0,3,1,3,0,3,3,3,3,3,0,3,3,3,2,3,3,3,3,3,3,2,3,3,2,2,3,4,3,3,3,3,3,3,3,3,4,3,5,4,5,4,5,3,3,3,3,5,3,5,5,3,4,5,3,5,5,3,4,3,3,3,3,3,3,3,3,3,3,3,5,3,3,5,3,2,3,3,3,3,3,3,5,4,3,3,3,3,3,4,4,3,4,4,4,4,3,3,3,4,3,4,4,4,5,3,3,3,4,5,3,4,3,1,5,3,4,3,4,1,1,2,1,3,1,0,3,2,0,1,0,0,3,5,3,2,1,0,0,5,0,0,5,3,0,0,4,3,3,0,2,0,3,2,3,3,1,3,4,1,3,0,2,3,3,0,3,0,4,3,3,1,0,3,3,3,3,1,0,0,0,1,3,3,3,5,2,4,3,4,5,5,5,5,5,3,3,5,3,3,5,3,3,5,3,3,5,3,5,3,3,5,5,3,3,4,5,5,5,3,5,3,4,0,3,3,0,3,3,5,2,3,3,3,3,3,3,5,5,5,3,3,5,0,3,3,4,3,5,5,3,5,3,5,3,4,4,3,5,4,3,5,5,3,3,3,3,3,3,3,3,3,1,3,3,3,3,5,5,2,3,3,1,4,3,4,5,3,3,3,5,4,3,0,0,5,3,0,5
EPI_ISL_605780,3,3,3,3,3,3,3,2,2,2,2,3,3,3,3,3,2,3,3,3,3,3,3,3,3,3,3,3,3,3,3,3,3,3,3,3,3,3,3,3,3,3,3,3,3,3,3,3,3,3,3,3,3,3,3,3,3,3,3,3,3,3,3,3,3,3,3,3,3,4,3,3,3,3,3,3,4,4,3,4,4,4,3,4,4,4,4,3,3,4,3,3,3,3,3,3,3,4,4,3,3,1,3,3,3,2,3,3,4,3,3,3,3,3,3,3,4,3,3,3,3,4,4,4,3,3,3,3,3,3,3,3,3,3,3,3,3,3,3,3,3,3,3,3,3,3,3,3,3,3,3,3,3,3,3,0,3,3,3,3,3,3,3,3,3,3,3,3,3,3,3,4,3,3,3,3,2,3,2,2,3,3,3,3,3,3,0,3,3,5,3,3,3,3,3,3,0,5,3,3,3,3,4,3,0,3,1,3,0,3,3,3,3,3,0,3,3,3,2,3,3,3,3,3,3,2,3,3,2,2,3,3,3,3,3,3,3,3,3,3,4,3,5,4,5,4,5,3,3,3,3,5,3,5,5,3,4,5,3,5,5,3,3,3,3,3,3,3,3,3,3,3,3,3,5,3,3,5,3,2,3,3,3,3,3,3,5,4,3,3,3,3,3,4,4,3,4,4,4,4,3,3,3,4,3,4,4,4,5,3,3,3,4,5,3,4,3,1,5,3,4,3,4,1,1,2,1,3,1,0,3,2,0,1,0,0,3,5,3,2,1,0,0,5,0,0,5,3,0,0,4,3,3,0,2,0,3,2,3,3,1,3,4,1,3,0,2,3,3,0,3,0,4,3,3,1,0,3,3,3,3,1,0,0,0,1,3,3,3,5,2,4,3,4,5,5,5,5,5,3,3,5,3,3,5,3,3,5,3,3,5,3,5,3,3,5,5,3,3,4,5,5,5,3,5,3,4,0,3,3,0,3,3,5,2,3,3,3,3,3,3,5,5,5,3,3,5,0,3,3,4,3,5,5,3,5,3,5,3,4,4,3,5,4,3,5,5,3,3,3,3,3,3,3,3,3,1,3,3,3,3,5,5,2,3,3,1,4,3,4,5,3,3,3,5,4,3,0,0,5,3,5,0
